# strings this corpus segments more than one way, worst first.
# minority = token instances that would change if the majority form were made canonical.
# forms lists every observed segmentation as form:count, majority first.
surface	total	minority	majority	forms	splits
のに	1261	625	の|に	の|に:636 のに:625	test=5,train=1254,val=2
ので	1234	534	の|で	の|で:700 ので:534	test=8,train=1217,val=9
なん	1663	308	な|ん	な|ん:1355 なん:308	test=16,train=1635,val=12
何か	1309	261	何|か	何|か:1048 何か:261	test=15,train=1282,val=12
自由の女神	502	229	自由の女神	自由の女神:273 自由|の|女神:229	train=502
万里の長城	507	222	万里の長城	万里の長城:285 万里|の|長城:222	train=507
私達	1043	187	私|達	私|達:856 私達:187	test=9,train=1029,val=5
だって	403	169	だ|って	だ|って:234 だって:169	test=2,train=401
とも	522	167	と|も	と|も:355 とも:167	train=515,val=7
誰か	582	150	誰|か	誰|か:432 誰か:150	test=1,train=574,val=7
本当に	832	139	本当|に	本当|に:693 本当に:139	test=3,train=827,val=2
かも	669	116	か|も	か|も:553 かも:116	test=7,train=657,val=5
でしょう	469	104	でしょう	でしょう:365 で|しょう:104	test=4,train=459,val=6
どうか	372	103	どう|か	どう|か:269 どうか:103	test=2,train=367,val=3
大きな	532	97	大きな	大きな:435 大き|な:97	test=2,train=527,val=3
しなければ	463	95	しなければ	しなければ:368 しなけれ|ば:95	test=8,train=450,val=5
何て	215	94	何|て	何|て:121 何て:94	test=3,train=210,val=2
だい	182	79	だい	だい:103 だ|い:79	test=1,train=181
なんだ	993	78	な|ん|だ	な|ん|だ:915 なん|だ:65 なんだ:13	test=11,train=974,val=8
かしら	330	78	かしら	かしら:252 か|しら:78	test=4,train=321,val=5
ところで	164	74	ところ|で	ところ|で:90 ところで:74	train=161,val=3
非常に	344	71	非常|に	非常|に:273 非常に:71	test=3,train=340,val=1
でも	2017	70	で|も	で|も:1947 でも:70	test=15,train=1994,val=8
であった	247	70	であった	であった:177 で|あった:70	test=1,train=245,val=1
なんと	147	69	なんと	なんと:78 なん|と:69	test=1,train=146
すれば	383	64	すれば	すれば:319 すれ|ば:64	test=5,train=375,val=3
どうやって	356	64	どう|やって	どう|やって:292 どうやって:64	test=5,train=348,val=3
違いない	153	60	違いない	違いない:93 違い|ない:60	test=1,train=149,val=3
どこか	194	59	どこ|か	どこ|か:135 どこか:59	test=1,train=191,val=2
今まで	170	59	今まで	今まで:111 今|まで:59	test=2,train=167,val=1
お願いします	207	58	お願い|します	お願い|します:149 お願いします:58	test=2,train=205
そんなに	309	57	そんな|に	そんな|に:252 そんなに:57	test=4,train=302,val=3
もの	2426	55	もの	もの:2371 も|の:55	test=24,train=2380,val=22
なんで	507	55	なんで	なんで:452 なん|で:55	test=1,train=502,val=4
それで	361	52	それ|で	それ|で:309 それで:52	test=1,train=355,val=5
はなかった	246	52	は|なかった	は|なかった:194 はなかった:52	test=2,train=243,val=1
どのくらい	234	45	どの|くらい	どの|くらい:189 どのくらい:45	test=2,train=230,val=2
高橋教授	173	44	高橋|教授	高橋|教授:129 高橋教授:44	train=173
いつでも	136	43	いつ|で|も	いつ|で|も:93 いつでも:41 いつ|でも:2	test=1,train=135
そういう	117	43	そう|いう	そう|いう:74 そういう:43	test=2,train=110,val=5
どれくらい	223	42	どれ|くらい	どれ|くらい:181 どれくらい:42	train=221,val=2
だけど	206	42	だ|けど	だ|けど:164 だけど:42	train=205,val=1
とか	134	42	と|か	と|か:92 とか:42	train=132,val=2
どうして	772	41	どうして	どうして:731 どう|して:41	test=9,train=757,val=6
それとも	181	39	それ|と|も	それ|と|も:142 それとも:31 それ|とも:8	train=178,val=3
そのような	96	39	そのような	そのような:57 その|よう|な:39	train=94,val=2
なんです	341	38	な|ん|です	な|ん|です:303 なん|です:29 なんです:9	test=2,train=335,val=4
小さな	258	37	小さな	小さな:221 小さ|な:37	test=2,train=252,val=4
でなく	143	37	でなく	でなく:106 で|なく:37	test=2,train=140,val=1
どうしても	81	34	どうしても	どうしても:47 どう|して|も:25 どうして|も:9	train=80,val=1
そこで	193	33	そこ|で	そこ|で:160 そこで:33	test=2,train=191
対する	131	32	対する	対する:99 対|する:32	train=131
だから	343	31	だ|から	だ|から:312 だから:31	test=5,train=338
それに	232	31	それ|に	それ|に:201 それに:31	test=1,train=228,val=3
対して	186	31	対して	対して:155 対|して:31	test=4,train=182
あれば	169	31	あれば	あれば:138 あれ|ば:31	test=1,train=167,val=1
してた	220	30	してた	してた:190 して|た:30	test=2,train=217,val=1
いくつか	170	30	いくつ|か	いくつ|か:140 いくつか:30	test=2,train=166,val=2
本当の	240	29	本当|の	本当|の:211 本当の:29	test=3,train=235,val=2
どういう	193	29	どういう	どういう:164 どう|いう:29	train=191,val=2
いかがです	143	28	いかがです	いかがです:115 いかが|です:28	train=143
にちがいない	55	28	に|ちがいない	に|ちがいない:27 にちがいない:15 に|ちがい|ない:8 にち|が|いない:5	train=54,val=1
おいて	225	27	おいて	おいて:198 おい|て:27	test=5,train=218,val=2
一日中	153	27	一日|中	一日|中:126 一日中:27	test=1,train=152
確かに	164	26	確か|に	確か|に:138 確かに:26	test=1,train=163
愛して	161	26	愛して	愛して:135 愛|して:26	test=2,train=158,val=1
くれて	143	26	くれて	くれて:117 くれ|て:26	test=3,train=138,val=2
こんなに	140	26	こんな|に	こんな|に:114 こんなに:26	train=139,val=1
なければ	103	26	なければ	なければ:77 なけれ|ば:26	train=102,val=1
言えば	131	25	言えば	言えば:106 言え|ば:25	test=1,train=129,val=1
でない	64	25	でない	でない:39 で|ない:25	train=63,val=1
その後	57	25	その後	その後:32 その|後:25	train=57
したら	302	24	したら	したら:278 した|ら:14 し|たら:10	test=1,train=300,val=1
はならない	199	24	は|ならない	は|ならない:175 はならない:24	test=2,train=196,val=1
めったに	109	23	めった|に	めった|に:86 めったに:23	test=2,train=107
世界中	69	23	世界|中	世界|中:46 世界中:23	train=69
この前	69	22	この|前	この|前:47 この前:22	train=68,val=1
自分自身	55	22	自分|自身	自分|自身:33 自分自身:22	test=1,train=52,val=2
別の	228	21	別|の	別|の:207 別の:21	test=1,train=226,val=1
二度と	148	21	二度|と	二度|と:127 二度と:21	test=1,train=145,val=2
そうだ	146	21	そう|だ	そう|だ:125 そうだ:21	test=3,train=142,val=1
僕ら	145	21	僕ら	僕ら:124 僕|ら:21	train=144,val=1
いいね	90	21	いい|ね	いい|ね:69 いいね:21	train=90
本当だ	83	21	本当|だ	本当|だ:62 本当だ:21	train=81,val=2
してます	66	20	してます	してます:46 して|ます:20	train=65,val=1
きちんと	48	20	きちんと	きちんと:28 きちん|と:20	test=1,train=47
とたんに	34	20	と|たんに	と|たんに:14 とたんに:10 とたん|に:6 と|たん|に:4	train=33,val=1
きて	415	19	きて	きて:396 き|て:19	test=4,train=408,val=3
はいけない	217	19	は|いけない	は|いけない:198 はいけない:19	train=215,val=2
ちゃんと	121	19	ちゃんと	ちゃんと:102 ちゃん|と:19	test=1,train=119,val=1
これから	78	19	これ|から	これ|から:59 これから:19	train=77,val=1
今や	40	19	今|や	今|や:21 今や:19	test=2,train=38
いっぱいだ	39	19	いっぱい|だ	いっぱい|だ:20 いっぱいだ:19	train=39
できるだけ	131	18	できる|だけ	できる|だけ:113 できるだけ:18	train=127,val=4
言ってた	103	18	言ってた	言ってた:85 言って|た:18	train=102,val=1
はいかがです	94	18	は|いかがです	は|いかがです:76 は|いかが|です:13 はいかがです:5	train=94
思ってた	94	18	思ってた	思ってた:76 思って|た:18	test=1,train=92,val=1
実に	71	18	実に	実に:53 実|に:18	test=1,train=70
のようだ	69	18	の|よう|だ	の|よう|だ:51 の|ようだ:17 のようだ:1	test=1,train=68
値する	56	18	値する	値する:38 値|する:18	train=56
共に	49	18	共に	共に:31 共|に:18	test=1,train=47,val=1
時間通り	49	18	時間|通り	時間|通り:31 時間通り:18	test=1,train=48
本当です	46	18	本当|です	本当|です:28 本当です:18	train=46
あっても	40	18	あって|も	あって|も:22 あっても:17 あっ|て|も:1	train=40
わたしたち	37	18	わたしたち	わたしたち:19 わたし|たち:18	test=1,train=36
なって	1084	17	なって	なって:1067 な|って:17	test=8,train=1067,val=9
みて	174	17	みて	みて:157 み|て:17	test=3,train=169,val=2
ようだ	130	17	よう|だ	よう|だ:113 ようだ:17	test=1,train=126,val=3
絶対に	123	17	絶対|に	絶対|に:106 絶対に:17	train=120,val=3
だっけ	68	17	だ|っけ	だ|っけ:51 だっけ:17	train=68
そのまま	60	17	そのまま	そのまま:43 その|まま:17	train=59,val=1
とっても	60	17	とっても	とっても:43 とって|も:17	train=59,val=1
たまに	56	17	たまに	たまに:39 たま|に:17	test=1,train=53,val=2
なんだって	26	17	な|ん|だ|って	な|ん|だ|って:9 なんだって:7 な|ん|だって:6 なん|だ|って:3 なん|だって:1	train=26
私たち	3131	16	私|たち	私|たち:3115 私たち:16	test=31,train=3081,val=19
どのように	116	16	どの|よう|に	どの|よう|に:100 どのように:16	test=1,train=114,val=1
だったら	114	16	だったら	だったら:98 だっ|たら:16	train=114
してない	68	16	してない	してない:52 して|ない:16	test=1,train=67
いくらか	65	16	いくらか	いくらか:49 いくら|か:16	test=1,train=64
知ってた	63	16	知ってた	知ってた:47 知って|た:16	train=63
だれか	47	16	だれ|か	だれ|か:31 だれか:16	train=47
海外旅行	43	16	海外旅行	海外旅行:27 海外|旅行:16	test=1,train=42
いっぱいだった	39	16	いっぱい|だった	いっぱい|だった:23 いっぱいだった:16	test=1,train=38
どの	662	15	どの	どの:647 ど|の:15	test=5,train=653,val=4
じゃない	514	15	じゃない	じゃない:499 じゃ|ない:15	test=4,train=506,val=4
いれば	106	15	いれば	いれば:91 いれ|ば:15	train=104,val=2
何度も	102	15	何度|も	何度|も:87 何度も:15	train=101,val=1
どんなに	82	15	どんな|に	どんな|に:67 どんなに:15	train=81,val=1
実は	75	15	実|は	実|は:60 実は:15	train=75
どれぐらい	70	15	どれ|ぐらい	どれ|ぐらい:55 どれぐらい:15	train=70
し始めた	39	15	し始めた	し始めた:24 し|始めた:15	train=39
かい	431	14	かい	かい:417 か|い:14	test=3,train=426,val=2
いるようだ	110	14	いるようだ	いるようだ:96 いる|よう|だ:14	train=110
ほんの	95	14	ほんの	ほんの:81 ほん|の:14	train=95
をつかんだ	59	14	を|つかんだ	を|つかんだ:45 をつかんだ:14	train=59
朝早く	53	14	朝|早く	朝|早く:39 朝早く:14	train=53
ともに	50	14	ともに	ともに:36 とも|に:14	train=48,val=2
何もかも	35	14	何|も|か|も	何|も|か|も:21 何もかも:8 何|も|かも:6	train=35
では	2742	13	で|は	で|は:2729 では:13	test=19,train=2711,val=12
いたら	93	13	いたら	いたら:80 い|たら:9 いた|ら:4	test=1,train=90,val=2
行けば	90	13	行けば	行けば:77 行け|ば:13	train=87,val=3
泣き出した	61	13	泣き出した	泣き出した:48 泣き|出した:13	test=1,train=60
大っ嫌い	46	13	大っ嫌い	大っ嫌い:33 大っ|嫌い:13	train=46
なるほど	45	13	なる|ほど	なる|ほど:32 なるほど:13	train=45
ほんとに	41	13	ほんと|に	ほんと|に:28 ほんとに:13	train=41
少なくとも	33	13	少なく|とも	少なく|とも:20 少なくとも:13	train=33
約17人	28	13	約17人	約17人:15 約|17人:13	train=28
殺人事件	26	13	殺人事件	殺人事件:13 殺人|事件:13	train=26
はなくて	24	13	は|なくて	は|なくて:11 は|なく|て:8 はなくて:5	train=24
なんか	202	12	なんか	なんか:190 なん|か:11 な|ん|か:1	test=2,train=200
お名前	76	12	お名前	お名前:64 お|名前:12	train=75,val=1
ありがとうございました	59	12	ありがとう|ございました	ありがとう|ございました:47 ありがとうございました:12	train=59
にわか雨	42	12	にわか雨	にわか雨:30 にわか|雨:9 に|わか雨:3	test=1,train=40,val=1
と言えば	36	12	と|言えば	と|言えば:24 と|言え|ば:9 と言えば:3	train=36
間違いない	31	12	間違いない	間違いない:19 間違い|ない:12	train=31
よくなった	25	12	よくなった	よくなった:13 よく|なった:12	train=25
約40人	24	12	約40人	約40人:12 約|40人:12	train=24
一晩中	79	11	一晩|中	一晩|中:68 一晩中:11	train=78,val=1
奴ら	70	11	奴ら	奴ら:59 奴|ら:11	test=2,train=66,val=2
からだ	66	11	から|だ	から|だ:55 からだ:11	test=1,train=65
はいる	66	11	は|いる	は|いる:55 はいる:11	train=65,val=1
行かなければ	59	11	行かなければ	行かなければ:48 行かなけれ|ば:11	train=58,val=1
愛する	56	11	愛する	愛する:45 愛|する:11	test=1,train=55
賛成です	55	11	賛成|です	賛成|です:44 賛成です:11	train=55
忘れてた	50	11	忘れてた	忘れてた:39 忘れて|た:11	train=50
なくなって	49	11	なくなって	なくなって:38 なく|なって:11	train=49
あ～	45	11	あ|～	あ|～:34 あ～:11	train=45
行ってた	44	11	行ってた	行ってた:33 行って|た:11	train=43,val=1
しながら	41	11	しながら	しながら:30 し|ながら:11	train=41
木の葉	38	11	木の葉	木の葉:27 木|の|葉:11	train=37,val=1
いなければ	37	11	いなければ	いなければ:26 いなけれ|ば:11	train=36,val=1
といえば	36	11	と|いえば	と|いえば:25 といえば:9 と|いえ|ば:2	test=1,train=35
町中	32	11	町中	町中:21 町|中:11	train=31,val=1
反対だ	29	11	反対|だ	反対|だ:18 反対だ:11	train=29
死に	29	11	死|に	死|に:18 死に:11	train=28,val=1
約37人	24	11	約|37人	約|37人:13 約37人:11	train=24
約54人	23	11	約|54人	約|54人:12 約54人:11	train=23
窓ガラス	22	11	窓ガラス	窓ガラス:11 窓|ガラス:11	train=22
約43人	22	11	約|43人	約|43人:11 約43人:11	train=22
こういう	105	10	こういう	こういう:95 こう|いう:10	test=2,train=102,val=1
夜遅く	56	10	夜|遅く	夜|遅く:46 夜遅く:10	train=56
この世	52	10	この|世	この|世:42 この世:10	train=52
やいなや	43	10	やいなや	やいなや:33 や|いなや:10	train=43
見れば	43	10	見れば	見れば:33 見れ|ば:10	train=43
なんでしょう	42	10	な|ん|でしょう	な|ん|でしょう:32 なん|でしょう:6 なんでしょう:4	train=42
徐々に	38	10	徐々|に	徐々|に:28 徐々に:10	train=38
お電話	32	10	お電話	お電話:22 お|電話:10	train=32
仕事中	31	10	仕事|中	仕事|中:21 仕事中:10	train=31
やる気	30	10	やる気	やる気:20 やる|気:10	train=30
はいられない	29	10	は|いられない	は|いられない:19 はいられない:7 は|い|られない:3	train=28,val=1
近いうち	28	10	近い|うち	近い|うち:18 近いうち:10	train=28
見えなくなった	26	10	見えなく|なった	見えなく|なった:16 見えなくなった:10	train=26
約11人	25	10	約11人	約11人:15 約|11人:10	train=25
約27人	25	10	約27人	約27人:15 約|27人:10	train=25
いるようです	24	10	いるようです	いるようです:14 いる|よう|です:10	train=24
さもないと	24	10	さも|ない|と	さも|ない|と:14 さもないと:9 さ|も|ない|と:1	train=24
だそうだ	24	10	だそうだ	だそうだ:14 だ|そう|だ:10	test=1,train=23
約36人	23	10	約36人	約36人:13 約|36人:10	train=23
約45人	22	10	約45人	約45人:12 約|45人:10	train=22
です	10845	9	です	です:10836 で|す:9	test=63,train=10710,val=72
して	9592	9	して	して:9583 し|て:9	test=63,train=9448,val=81
何で	473	9	何|で	何|で:464 何で:9	test=2,train=467,val=4
大好きな	163	9	大好き|な	大好き|な:154 大好きな:9	test=3,train=159,val=1
急に	155	9	急|に	急|に:146 急に:9	test=1,train=154
関して	98	9	関して	関して:89 関|して:8 関|し|て:1	train=98
それから	67	9	それ|から	それ|から:58 それから:9	test=2,train=65
間に合った	62	9	間に合った	間に合った:53 間|に|合った:6 間に|合った:2 間|に合った:1	train=62
～っ	53	9	～|っ	～|っ:44 ～っ:9	test=1,train=52
なんとか	46	9	なんとか	なんとか:37 なんと|か:9	train=46
ちがいない	36	9	ちがいない	ちがいない:27 ちがい|ない:9	train=35,val=1
持ってない	36	9	持ってない	持ってない:27 持って|ない:9	test=1,train=35
本当で	34	9	本当|で	本当|で:25 本当で:9	train=34
・・・	33	9	・・・	・・・:24 ・|・|・:9	train=33
約3.5km	27	9	約|3.5|km	約|3.5|km:18 約|3.5km:7 約3.5km:2	train=27
約12人	23	9	約|12人	約|12人:14 約12人:9	train=23
約10人	22	9	約|10人	約|10人:13 約10人:9	train=22
約87人	21	9	約87人	約87人:12 約|87人:9	train=21
馬鹿で	21	9	馬鹿|で	馬鹿|で:12 馬鹿で:9	test=1,train=19,val=1
主に	19	9	主に	主に:10 主|に:9	train=19
約23人	19	9	約|23人	約|23人:10 約23人:9	train=19
約24人	19	9	約24人	約24人:10 約|24人:9	train=19
何かしら	17	9	何|か|しら	何|か|しら:8 何|かしら:7 何かしら:2	train=17
あるがまま	16	9	ある|が|まま	ある|が|まま:7 ある|がまま:5 あるがまま:4	train=16
だが	353	8	だ|が	だ|が:345 だが:8	test=2,train=351
別に	119	8	別|に	別|に:111 別に:8	train=118,val=1
お会い	84	8	お会い	お会い:76 お|会い:8	train=84
すでに	84	8	すでに	すでに:76 すで|に:8	train=84
もらって	84	8	もらって	もらって:76 もらっ|て:8	train=83,val=1
何とか	78	8	何とか	何とか:70 何|とか:6 何|と|か:2	train=78
それでも	77	8	それ|で|も	それ|で|も:69 それでも:8	train=77
立てた	71	8	立てた	立てた:63 立て|た:8	test=1,train=70
最高の	70	8	最高|の	最高|の:62 最高の:8	train=70
お前ら	50	8	お前ら	お前ら:42 お前|ら:8	train=50
これまで	50	8	これ|まで	これ|まで:42 これまで:8	train=49,val=1
なくて	45	8	なくて	なくて:37 なく|て:8	train=45
病気だった	45	8	病気|だった	病気|だった:37 病気だった:8	train=44,val=1
最悪の	36	8	最悪|の	最悪|の:28 最悪の:8	test=2,train=33,val=1
逃げ出した	36	8	逃げ出した	逃げ出した:28 逃げ|出した:8	train=35,val=1
降り始めた	36	8	降り始めた	降り始めた:28 降り|始めた:8	train=36
話してた	35	8	話してた	話してた:27 話して|た:8	test=1,train=34
なれば	34	8	なれば	なれば:26 なれ|ば:8	train=34
直ちに	34	8	直ちに	直ちに:26 直ち|に:8	train=34
もっとも	32	8	もっとも	もっとも:24 もっと|も:8	train=32
学生時代	32	8	学生|時代	学生|時代:24 学生時代:8	train=32
自動車事故	31	8	自動車|事故	自動車|事故:23 自動車事故:8	train=31
この間	29	8	この間	この間:21 この|間:8	train=29
約66人	25	8	約|66人	約|66人:17 約66人:8	train=25
はいかない	23	8	は|いかない	は|いかない:15 はいかない:8	train=23
しな	21	8	しな	しな:13 し|な:8	train=20,val=1
ってば	21	8	って|ば	って|ば:13 ってば:8	train=20,val=1
約34人	21	8	約|34人	約|34人:13 約34人:8	train=21
あるなら	19	8	あるなら	あるなら:11 ある|なら:8	train=19
約26人	19	8	約26人	約26人:11 約|26人:8	train=19
約41人	19	8	約|41人	約|41人:11 約41人:8	train=19
約4人	19	8	約|4人	約|4人:11 約4人:8	train=19
約58人	19	8	約58人	約58人:11 約|58人:8	train=19
約33人	18	8	約|33人	約|33人:10 約33人:8	train=18
第85章	17	8	第85章	第85章:9 第|85|章:8	train=17
約38人	17	8	約38人	約38人:9 約|38人:8	train=17
約42人	17	8	約|42人	約|42人:9 約42人:8	train=17
約48人	17	8	約48人	約48人:9 約|48人:8	train=17
してる	880	7	してる	してる:873 して|る:7	test=6,train=871,val=3
かな	702	7	か|な	か|な:695 かな:7	test=6,train=688,val=8
来て	549	7	来て	来て:542 来|て:7	test=7,train=538,val=4
もない	365	7	も|ない	も|ない:358 もない:7	train=360,val=5
もし	310	7	もし	もし:303 も|し:7	test=4,train=304,val=2
何と	249	7	何|と	何|と:242 何と:7	test=1,train=247,val=1
間に	234	7	間|に	間|に:227 間に:7	test=3,train=231
なに	110	7	なに	なに:103 な|に:7	test=1,train=107,val=2
となった	109	7	と|なった	と|なった:102 となった:7	test=2,train=106,val=1
はいけません	98	7	は|いけません	は|いけません:91 はいけません:7	train=95,val=3
せいで	89	7	せい|で	せい|で:82 せいで:7	test=2,train=87
みたら	79	7	みたら	みたら:72 み|たら:7	test=1,train=77,val=1
必ずしも	67	7	必ず|しも	必ず|しも:60 必ずしも:7	train=66,val=1
！！	64	7	！|！	！|！:57 ！！:7	test=3,train=61
あげて	59	7	あげて	あげて:52 あげ|て:7	train=59
普通の	55	7	普通|の	普通|の:48 普通の:7	test=1,train=54
はやって	43	7	は|やって	は|やって:36 はやって:7	train=43
ごめんなさい	39	7	ごめんなさい	ごめんなさい:32 ごめん|なさい:7	test=2,train=37
どれだけ	36	7	どれ|だけ	どれ|だけ:29 どれだけ:7	train=36
世の中	36	7	世|の|中	世|の|中:29 世の中:7	train=36
賛成だ	34	7	賛成|だ	賛成|だ:27 賛成だ:7	train=34
留守中	31	7	留守|中	留守|中:24 留守中:7	train=31
かいた	29	7	かいた	かいた:22 か|いた:7	train=28,val=1
午前9時	28	7	午前9時	午前9時:21 午前|9時:7	train=28
飲めば	28	7	飲めば	飲めば:21 飲め|ば:7	test=1,train=26,val=1
叔母さん	27	7	叔母さん	叔母さん:20 叔母|さん:7	train=27
叔父さん	26	7	叔父さん	叔父さん:19 叔父|さん:7	train=26
3.5km	25	7	3.5|km	3.5|km:18 3.5km:7	train=25
あっと	25	7	あっ|と	あっ|と:18 あっと:7	train=25
それほど	25	7	それ|ほど	それ|ほど:18 それほど:7	test=1,train=24
約8人	25	7	約8人	約8人:18 約|8人:7	train=25
はいられなかった	24	7	は|いられなかった	は|いられなかった:17 はいられなかった:4 は|い|られなかった:3	test=1,train=23
存在する	23	7	存在|する	存在|する:16 存在する:7	test=1,train=22
約6人	21	7	約|6人	約|6人:14 約6人:7	train=21
としてる	20	7	と|してる	と|してる:13 としてる:4 と|して|る:3	train=20
約46人	20	7	約46人	約46人:13 約|46人:7	train=20
約56人	20	7	約|56人	約|56人:13 約56人:7	train=20
馬鹿だ	20	7	馬鹿|だ	馬鹿|だ:13 馬鹿だ:7	train=20
魅力的	20	7	魅力的	魅力的:13 魅力|的:7	train=20
約3人	19	7	約|3人	約|3人:12 約3人:7	train=19
約81人	19	7	約81人	約81人:12 約|81人:7	train=19
入学試験	18	7	入学|試験	入学|試験:11 入学試験:7	train=18
第20章	18	7	第|20|章	第|20|章:11 第20章:7	train=18
泣き続けた	16	7	泣き続けた	泣き続けた:9 泣き|続けた:7	test=1,train=15
約15人	16	7	約15人	約15人:9 約|15人:7	train=16
テレビ番組	15	7	テレビ番組	テレビ番組:8 テレビ|番組:7	train=15
体中	15	7	体|中	体|中:8 体中:7	train=15
約22人	15	7	約|22人	約|22人:8 約22人:7	train=15
かない	14	7	か|ない	か|ない:7 かない:7	train=14
第二次世界大戦	14	7	第二次|世界大戦	第二次|世界大戦:7 第二次|世界|大戦:4 第二次世界大戦:3	train=13,val=1
話し中	14	7	話し|中	話し|中:7 話し中:7	train=14
お知らせ下さい	12	7	お知らせ下さい	お知らせ下さい:5 お知らせ|下さい:5 お|知らせ下さい:2	train=12
お立ち寄りください	12	7	お立ち寄りください	お立ち寄りください:5 お|立ち寄りください:4 お立ち寄り|ください:3	train=12
なんだい	12	7	な|ん|だい	な|ん|だい:5 なん|だ|い:3 なんだい:2 なん|だい:1 な|ん|だ|い:1	train=12
はい	155	6	はい	はい:149 は|い:6	test=1,train=153,val=1
といけない	151	6	と|いけない	と|いけない:145 といけない:6	test=3,train=148
皆さん	93	6	皆さん	皆さん:87 皆|さん:6	test=2,train=89,val=2
まさに	89	6	まさに	まさに:83 まさ|に:6	test=1,train=88
は限らない	87	6	は|限らない	は|限らない:81 は限らない:6	train=87
愛してる	73	6	愛|してる	愛|してる:67 愛してる:6	train=73
のって	68	6	の|って	の|って:62 のって:6	train=67,val=1
捨てた	59	6	捨てた	捨てた:53 捨て|た:6	test=1,train=58
なんでも	53	6	なん|で|も	なん|で|も:47 なんでも:6	train=53
ようです	49	6	よう|です	よう|です:43 ようです:6	test=1,train=48
あんなに	47	6	あんな|に	あんな|に:41 あんなに:6	test=1,train=45,val=1
くれれば	46	6	くれれば	くれれば:40 くれれ|ば:6	test=1,train=44,val=1
気になる	43	6	気|に|なる	気|に|なる:37 気になる:6	train=43
病気だ	43	6	病気|だ	病気|だ:37 病気だ:6	train=43
話し合った	42	6	話し合った	話し合った:36 話し|合った:6	train=40,val=2
をしてた	40	6	を|してた	を|してた:34 を|して|た:5 をしてた:1	train=40
たん	39	6	た|ん	た|ん:33 たん:6	test=1,train=36,val=2
カナダ人	39	6	カナダ人	カナダ人:33 カナダ|人:6	test=1,train=38
降り出した	39	6	降り出した	降り出した:33 降り|出した:6	test=1,train=38
なかったら	35	6	なかったら	なかったら:29 なかっ|たら:6	train=34,val=1
知ってます	30	6	知ってます	知ってます:24 知って|ます:6	train=30
礼儀正しい	29	6	礼儀|正しい	礼儀|正しい:23 礼儀正しい:6	train=29
時間どおり	28	6	時間|どおり	時間|どおり:22 時間どおり:6	train=28
約69人	26	6	約|69人	約|69人:20 約69人:6	train=26
いつまでも	25	6	いつ|まで|も	いつ|まで|も:19 いつまでも:5 いつ|までも:1	train=25
かって	25	6	か|って	か|って:19 かって:6	train=25
・・	25	6	・|・	・|・:19 ・・:6	train=25
飛び出した	25	6	飛び出した	飛び出した:19 飛び|出した:6	train=25
なっても	24	6	なって|も	なって|も:18 なっても:6	train=24
乗れば	24	6	乗れば	乗れば:18 乗れ|ば:6	train=24
反対です	24	6	反対|です	反対|です:18 反対です:6	train=24
降れば	24	6	降れば	降れば:18 降れ|ば:6	train=24
よくなって	23	6	よく|なって	よく|なって:17 よくなって:6	train=23
住んでます	23	6	住んでます	住んでます:17 住んで|ます:6	train=23
約75人	23	6	約|75人	約|75人:17 約75人:6	train=23
しっかりと	22	6	しっかり|と	しっかり|と:16 しっかりと:6	train=22
はあっ	21	6	は|あっ	は|あっ:15 はあっ:6	train=21
がまま	20	6	が|まま	が|まま:14 がまま:6	train=20
次々と	20	6	次々|と	次々|と:14 次々と:6	train=20
約2人	20	6	約|2人	約|2人:14 約2人:6	train=20
約30人	20	6	約|30人	約|30人:14 約30人:6	train=20
約76人	20	6	約|76人	約|76人:14 約76人:6	train=20
食事中	20	6	食事|中	食事|中:14 食事中:6	train=20
おまけに	19	6	おまけ|に	おまけ|に:13 おまけに:6	train=19
バカ野郎	19	6	バカ|野郎	バカ|野郎:13 バカ野郎:6	train=18,val=1
拾い上げた	19	6	拾い上げた	拾い上げた:13 拾い|上げた:6	train=19
良くなった	19	6	良く|なった	良く|なった:13 良くなった:6	train=19
クリスマスプレゼント	18	6	クリスマス|プレゼント	クリスマス|プレゼント:12 クリスマスプレゼント:6	train=18
約20人	18	6	約20人	約20人:12 約|20人:6	train=18
約99人	18	6	約|99人	約|99人:12 約99人:6	train=18
あ～っ	17	6	あ|～|っ	あ|～|っ:11 あ～っ:5 あ|～っ:1	train=17
かっと	17	6	かっ|と	かっ|と:11 かっと:6	train=16,val=1
第82章	17	6	第|82|章	第|82|章:11 第82章:6	train=17
約67人	17	6	約|67人	約|67人:11 約67人:6	train=17
約9人	17	6	約9人	約9人:11 約|9人:6	train=17
野生動物	17	6	野生|動物	野生|動物:11 野生動物:6	train=17
オレンジジュース	16	6	オレンジジュース	オレンジジュース:10 オレンジ|ジュース:6	train=16
約49人	16	6	約49人	約49人:10 約|49人:6	train=16
約68人	16	6	約|68人	約|68人:10 約68人:6	train=16
約80人	16	6	約80人	約80人:10 約|80人:6	train=16
約88人	16	6	約88人	約88人:10 約|88人:6	train=16
三年前	15	6	三年|前	三年|前:9 三年前:3 三|年前:3	train=15
休暇中	15	6	休暇|中	休暇|中:9 休暇中:6	train=14,val=1
幾つか	15	6	幾つ|か	幾つ|か:9 幾つか:6	train=15
我が社	15	6	我が|社	我が|社:9 我が社:6	train=15
約29人	15	6	約29人	約29人:9 約|29人:6	train=15
約32人	15	6	約32人	約32人:9 約|32人:6	train=15
約51人	15	6	約|51人	約|51人:9 約51人:6	train=15
かして	14	6	かして	かして:8 か|して:6	train=14
やむなく	14	6	やむ|なく	やむ|なく:8 やむなく:6	train=13,val=1
一人息子	14	6	一人|息子	一人|息子:8 一人息子:6	test=1,train=13
生まれ育った	14	6	生まれ育った	生まれ育った:8 生まれ|育った:6	test=1,train=13
第75章	14	6	第75章	第75章:8 第|75|章:6	train=14
第88章	14	6	第88章	第88章:8 第|88|章:6	train=14
かした	13	6	かした	かした:7 か|した:6	train=12,val=1
してると	13	6	してる|と	してる|と:7 してると:6	train=13
学生さん	13	6	学生|さん	学生|さん:7 学生さん:6	train=13
約5人	13	6	約5人	約5人:7 約|5人:6	train=13
カッと	12	6	カッと	カッと:6 カッ|と:6	train=12
愛し	12	6	愛|し	愛|し:6 愛し:6	train=12
第15章	12	6	第15章	第15章:6 第|15|章:6	train=12
なんとも	10	6	なんとも	なんとも:4 なん|と|も:4 なんと|も:1 なん|とも:1	train=10
お話しください	9	6	お|話しください	お|話しください:3 お話し|ください:3 お話しください:3	train=9
もっと	803	5	もっと	もっと:798 も|っと:5	test=1,train=796,val=6
なんて	722	5	なんて	なんて:717 な|ん|て:2 なん|て:2 な|んて:1	test=3,train=710,val=9
よって	336	5	よって	よって:331 よ|って:5	test=1,train=332,val=3
を買った	310	5	を|買った	を|買った:305 を買った:5	test=2,train=305,val=3
かどうか	206	5	か|どう|か	か|どう|か:201 か|どうか:4 かどうか:1	test=1,train=205
かね	191	5	か|ね	か|ね:186 かね:5	train=190,val=1
いるよう	142	5	いる|よう	いる|よう:137 いるよう:5	train=142
いつか	121	5	いつか	いつか:116 いつ|か:5	test=2,train=119
しないで	117	5	しないで	しないで:112 しない|で:5	test=2,train=114,val=1
行っても	85	5	行って|も	行って|も:80 行っても:4 行っ|て|も:1	test=2,train=83
がついた	74	5	が|ついた	が|ついた:69 がついた:5	test=2,train=72
はね	68	5	は|ね	は|ね:63 はね:5	test=1,train=67
お話	65	5	お話	お話:60 お|話:5	train=65
無駄だ	53	5	無駄だ	無駄だ:48 無駄|だ:5	test=1,train=52
授業中	47	5	授業|中	授業|中:42 授業中:5	train=47
無駄だった	44	5	無駄だった	無駄だった:39 無駄|だった:5	train=44
夕食後	42	5	夕食|後	夕食|後:37 夕食後:5	train=42
思いついた	40	5	思いついた	思いついた:35 思い|ついた:5	test=1,train=39
金持ちで	38	5	金持ち|で	金持ち|で:33 金持ちで:5	train=38
息子さん	37	5	息子さん	息子さん:32 息子|さん:5	train=37
お目	35	5	お目	お目:30 お|目:5	train=34,val=1
金持ちだ	35	5	金持ち|だ	金持ち|だ:30 金持ちだ:5	train=35
守らなければ	34	5	守らなければ	守らなければ:29 守らなけれ|ば:5	train=33,val=1
うまくいった	33	5	うまく|いった	うまく|いった:28 うまくいった:5	train=33
できれば	31	5	できれば	できれば:26 できれ|ば:5	train=31
よれば	31	5	よれば	よれば:26 よれ|ば:5	train=31
したがって	30	5	したがって	したがって:25 し|たがって:5	test=3,train=27
そのもの	30	5	その|もの	その|もの:25 そのもの:5	train=30
いるらしい	29	5	いるらしい	いるらしい:24 いる|らしい:5	train=29
おけば	29	5	おけば	おけば:24 おけ|ば:5	train=29
次々に	28	5	次々|に	次々|に:23 次々に:5	test=1,train=27
お好き	27	5	お好き	お好き:22 お|好き:5	train=27
とたん	27	5	とたん	とたん:22 と|たん:5	train=26,val=1
天然資源	26	5	天然|資源	天然|資源:21 天然資源:5	train=26
思い通り	26	5	思い|通り	思い|通り:21 思い通り:5	train=26
ご存知です	25	5	ご存知|です	ご存知|です:20 ご存知です:5	train=25
建てた	25	5	建てた	建てた:20 建て|た:5	train=25
やれば	24	5	やれば	やれば:19 やれ|ば:5	train=24
接して	24	5	接して	接して:19 接|して:5	train=24
あるようだ	23	5	あるようだ	あるようだ:18 ある|よう|だ:5	train=23
お時間	23	5	お時間	お時間:18 お|時間:5	train=23
亡くなりました	23	5	亡くなりました	亡くなりました:18 亡く|なりました:5	train=23
交通渋滞	23	5	交通|渋滞	交通|渋滞:18 交通渋滞:5	train=23
してん	22	5	してん	してん:17 して|ん:5	train=22
してました	21	5	してました	してました:16 して|ました:5	train=21
入院中	21	5	入院|中	入院|中:16 入院中:5	train=21
反対で	20	5	反対|で	反対|で:15 反対で:5	train=20
行儀よく	20	5	行儀|よく	行儀|よく:15 行儀よく:5	train=20
第27章	18	5	第27章	第27章:13 第|27|章:5	train=18
あとは	17	5	あと|は	あと|は:12 あとは:5	train=16,val=1
約57人	17	5	約|57人	約|57人:12 約57人:5	train=17
約59人	17	5	約|59人	約|59人:12 約59人:5	train=17
育てた	17	5	育てた	育てた:12 育て|た:5	train=17
なりの	16	5	なり|の	なり|の:11 な|り|の:4 なりの:1	train=16
世界一	16	5	世界一	世界一:11 世界|一:5	train=16
時代遅れだ	16	5	時代遅れ|だ	時代遅れ|だ:11 時代遅れだ:4 時代|遅れ|だ:1	train=16
約25人	16	5	約25人	約25人:11 約|25人:5	train=16
第94章	15	5	第94章	第94章:10 第|94|章:5	train=15
約84人	15	5	約84人	約84人:10 約|84人:5	train=15
ありのまま	14	5	あり|の|まま	あり|の|まま:9 ありのまま:3 ありの|まま:2	train=14
一年中	14	5	一年|中	一年|中:9 一年中:5	train=14
睡眠不足	14	5	睡眠不足	睡眠不足:9 睡眠|不足:5	train=14
科学技術	14	5	科学|技術	科学|技術:9 科学技術:5	train=14
第74章	14	5	第|74|章	第|74|章:9 第74章:5	train=14
約19人	14	5	約19人	約19人:9 約|19人:5	train=14
約21人	14	5	約|21人	約|21人:9 約21人:5	train=14
約53人	14	5	約|53人	約|53人:9 約53人:5	train=14
約82人	14	5	約82人	約82人:9 約|82人:5	train=14
良くなる	14	5	良く|なる	良く|なる:9 良くなる:5	test=1,train=13
かわりに	13	5	かわり|に	かわり|に:8 かわりに:5	train=13
そのうえ	13	5	そのうえ	そのうえ:8 その|うえ:5	train=13
属して	13	5	属して	属して:8 属|して:5	train=13
話し続けた	13	5	話し続けた	話し続けた:8 話し|続けた:5	train=13
いいや	12	5	いいや	いいや:7 いい|や:5	train=12
それなり	12	5	それなり	それなり:7 それ|な|り:4 それ|なり:1	train=12
ばかげている	12	5	ばかげている	ばかげている:7 ばかげて|いる:5	train=12
やってんだ	12	5	やって|ん|だ	やって|ん|だ:7 やってんだ:5	train=12
多かれ少なかれ	12	5	多かれ少なかれ	多かれ少なかれ:7 多かれ|少なかれ:5	train=12
微笑みかけた	12	5	微笑み|かけた	微笑み|かけた:7 微笑みかけた:5	train=12
生の	12	5	生|の	生|の:7 生の:5	train=12
試験勉強	12	5	試験勉強	試験勉強:7 試験|勉強:5	test=1,train=10,val=1
お済みです	11	5	お済みです	お済みです:6 お済み|です:5	train=10,val=1
そうそう	11	5	そう|そう	そう|そう:6 そうそう:5	train=11
何キロ	11	5	何|キロ	何|キロ:6 何キロ:5	train=11
時間厳守	11	5	時間|厳守	時間|厳守:6 時間厳守:5	train=11
第87章	11	5	第87章	第87章:6 第|87|章:5	train=11
約14人	11	5	約14人	約14人:6 約|14人:5	train=11
開いてます	11	5	開いてます	開いてます:6 開いて|ます:5	test=1,train=10
ろくでなし	10	5	ろくでなし	ろくでなし:5 ろく|で|なし:5	test=1,train=8,val=1
第60章	10	5	第|60|章	第|60|章:5 第60章:5	train=10
第90章	10	5	第|90|章	第|90|章:5 第90章:5	train=10
お会いしましょう	9	5	お会いしましょう	お会いしましょう:4 お会い|しましょう:4 お|会いしましょう:1	train=9
なんじゃない	9	5	な|ん|じゃない	な|ん|じゃない:4 なん|じゃない:3 なんじゃない:2	test=1,train=8
もう	2399	4	もう	もう:2395 も|う:4	test=23,train=2364,val=12
いつも	1257	4	いつも	いつも:1253 いつ|も:4	test=12,train=1237,val=8
と思って	402	4	と|思って	と|思って:398 と思って:4	test=4,train=394,val=4
いて	333	4	いて	いて:329 い|て:4	train=331,val=2
なあ	249	4	なあ	なあ:245 な|あ:4	test=1,train=247,val=1
必要な	181	4	必要|な	必要|な:177 必要な:4	test=1,train=179,val=1
がなかった	163	4	が|なかった	が|なかった:159 がなかった:4	test=1,train=162
してるん	144	4	してる|ん	してる|ん:140 して|る|ん:3 してるん:1	test=2,train=141,val=1
奥さん	137	4	奥さん	奥さん:133 奥|さん:4	train=135,val=2
んじゃない	114	4	ん|じゃない	ん|じゃない:110 ん|じゃ|ない:3 んじゃない:1	test=1,train=112,val=1
なり	109	4	なり	なり:105 な|り:4	test=1,train=108
完全に	104	4	完全|に	完全|に:100 完全に:4	train=104
じっと	98	4	じっと	じっと:94 じっ|と:4	train=97,val=1
なのに	87	4	な|のに	な|のに:83 なのに:3 な|の|に:1	test=1,train=86
何時間	85	4	何時間	何時間:81 何|時間:4	train=84,val=1
関する	85	4	関する	関する:81 関|する:4	train=85
さらに	80	4	さらに	さらに:76 さら|に:4	train=79,val=1
だか	68	4	だ|か	だ|か:64 だか:4	train=68
さっさと	60	4	さっさと	さっさと:56 さっさ|と:4	train=59,val=1
なくして	50	4	なくして	なくして:46 なく|して:4	train=50
変だ	44	4	変だ	変だ:40 変|だ:4	train=44
いえば	40	4	いえば	いえば:36 いえ|ば:4	test=1,train=39
いられない	39	4	いられない	いられない:35 い|られない:4	train=38,val=1
いるようだった	38	4	いるようだった	いるようだった:34 いる|よう|だった:4	train=38
お借り	37	4	お借り	お借り:33 お|借り:4	train=37
お医者さん	36	4	お医者さん	お医者さん:32 お医者|さん:4	train=36
ご自由	35	4	ご自由	ご自由:31 ご|自由:4	train=35
ばかな	35	4	ばか|な	ばか|な:31 ばかな:4	train=34,val=1
取り出した	35	4	取り出した	取り出した:31 取り|出した:4	train=35
娘さん	34	4	娘さん	娘さん:30 娘|さん:4	test=1,train=32,val=1
滅多に	33	4	滅多|に	滅多|に:29 滅多に:4	train=33
行方不明	33	4	行方不明	行方不明:29 行方|不明:4	train=32,val=1
世界平和	31	4	世界|平和	世界|平和:27 世界平和:4	train=31
同然だ	31	4	同然|だ	同然|だ:27 同然だ:4	train=31
立ち上がった	31	4	立ち上がった	立ち上がった:27 立ち|上がった:4	train=31
うわ～	30	4	うわ|～	うわ|～:26 うわ～:4	train=30
数年	30	4	数年	数年:26 数|年:4	train=30
行きたがって	28	4	行きたがって	行きたがって:24 行き|たがって:4	train=28
何個	27	4	何個	何個:23 何|個:4	test=1,train=26
いったん	26	4	いったん	いったん:22 いった|ん:4	train=26
言ったろ	26	4	言ったろ	言ったろ:22 言った|ろ:4	train=26
をえなかった	25	4	を|えなかった	を|えなかった:21 をえなかった:4	test=1,train=24
様々な	25	4	様々|な	様々|な:21 様々な:4	train=25
ちっとも	24	4	ちっと|も	ちっと|も:20 ちっとも:4	train=24
約44人	24	4	約|44人	約|44人:20 約44人:4	train=24
いまだに	23	4	いまだ|に	いまだ|に:19 いまだに:4	train=22,val=1
主な	23	4	主な	主な:19 主|な:4	train=23
お気	22	4	お気	お気:18 お|気:4	train=21,val=1
ご連絡	22	4	ご連絡	ご連絡:18 ご|連絡:4	train=22
なおさら	22	4	なおさら	なおさら:18 なお|さら:4	train=22
やらなければ	21	4	やらなければ	やらなければ:17 やらなけれ|ば:4	train=21
動くな	21	4	動くな	動くな:17 動く|な:4	train=21
宇宙飛行士	21	4	宇宙|飛行士	宇宙|飛行士:17 宇宙飛行士:4	test=1,train=20
我ら	21	4	我ら	我ら:17 我|ら:4	train=21
戦争中	21	4	戦争|中	戦争|中:17 戦争中:4	train=21
待てない	20	4	待てない	待てない:16 待て|ない:4	train=19,val=1
約96人	20	4	約|96人	約|96人:16 約96人:4	train=20
つけなければ	19	4	つけなければ	つけなければ:15 つけなけれ|ば:4	train=19
約92人	19	4	約|92人	約|92人:15 約92人:4	train=19
おかなければ	18	4	おかなければ	おかなければ:14 おかなけれ|ば:4	train=18
たんに	18	4	たんに	たんに:14 たん|に:4	train=17,val=1
楽しみだ	18	4	楽しみ|だ	楽しみ|だ:14 楽しみだ:4	train=18
約52人	18	4	約|52人	約|52人:14 約52人:4	train=18
約62人	18	4	約|62人	約|62人:14 約62人:4	train=18
約89人	18	4	約89人	約89人:14 約|89人:4	train=18
見ながら	18	4	見ながら	見ながら:14 見|ながら:4	train=18
なにも	17	4	なに|も	なに|も:13 なにも:3 な|に|も:1	train=16,val=1
子供時代	17	4	子供|時代	子供|時代:13 子供時代:4	train=17
寒くなった	17	4	寒く|なった	寒く|なった:13 寒くなった:4	train=17
気の毒	17	4	気の毒	気の毒:13 気|の|毒:3 気|の毒:1	train=17
生まれながら	17	4	生まれながら	生まれながら:13 生まれ|ながら:4	train=17
約55人	17	4	約|55人	約|55人:13 約55人:4	train=17
約83人	17	4	約83人	約83人:13 約|83人:4	train=17
約98人	17	4	約|98人	約|98人:13 約98人:4	train=17
いやだ	16	4	いやだ	いやだ:12 いや|だ:4	test=1,train=15
しつつある	16	4	しつつある	しつつある:12 し|つつ|ある:4	train=16
たてた	16	4	たてた	たてた:12 たて|た:4	train=16
みれば	16	4	みれば	みれば:12 みれ|ば:4	train=16
一週間前	16	4	一週間|前	一週間|前:12 一週間前:4	train=16
何とかして	16	4	何とか|して	何とか|して:12 何とかして:4	train=16
約28人	16	4	約28人	約28人:12 約|28人:4	train=16
約60人	16	4	約|60人	約|60人:12 約60人:4	train=16
でなければ	15	4	でなければ	でなければ:11 で|なけれ|ば:2 で|なければ:2	train=15
水中	15	4	水中	水中:11 水|中:4	train=15
飲みながら	15	4	飲みながら	飲みながら:11 飲み|ながら:4	train=15
うんざりだ	14	4	うんざりだ	うんざりだ:10 うんざり|だ:4	train=13,val=1
お知らせください	14	4	お知らせ|ください	お知らせ|ください:10 お|知らせください:2 お知らせください:2	train=14
がな	14	4	が|な	が|な:10 がな:4	train=14
はいらない	14	4	は|いらない	は|いらない:10 はいらない:4	train=13,val=1
はな	14	4	は|な	は|な:10 はな:4	train=14
ばかだ	14	4	ばか|だ	ばか|だ:10 ばかだ:4	train=14
ばかに	14	4	ばか|に	ばか|に:10 ばかに:4	train=14
まだまだ	14	4	まだまだ	まだまだ:10 まだ|まだ:4	test=1,train=13
切り倒した	14	4	切り倒した	切り倒した:10 切り|倒した:4	train=14
妹さん	14	4	妹さん	妹さん:10 妹|さん:4	train=14
我が国	14	4	我が|国	我が|国:10 我が国:4	train=14
緊急事態	14	4	緊急事態	緊急事態:10 緊急|事態:4	train=14
話せば	14	4	話せば	話せば:10 話せ|ば:4	train=14
身分証明書	14	4	身分|証明書	身分|証明書:10 身分証明書:4	train=14
野球チーム	14	4	野球|チーム	野球|チーム:10 野球チーム:4	train=14
こいつら	13	4	こいつら	こいつら:9 こいつ|ら:4	train=13
はいた	13	4	は|いた	は|いた:9 はいた:4	train=13
やってん	13	4	やって|ん	やって|ん:9 やってん:4	train=13
三日前	13	4	三日|前	三日|前:9 三日前:4	train=13
世界大戦	13	4	世界大戦	世界大戦:9 世界|大戦:4	train=12,val=1
夢見て	13	4	夢見て	夢見て:9 夢|見て:4	train=13
大気汚染	13	4	大気|汚染	大気|汚染:9 大気汚染:4	train=13
楽しんできて	13	4	楽しんで|きて	楽しんで|きて:9 楽しんで|き|て:3 楽しんできて:1	train=13
結婚生活	13	4	結婚生活	結婚生活:9 結婚|生活:4	train=13
いっぱいです	12	4	いっぱい|です	いっぱい|です:8 いっぱいです:4	train=12
いわれている	12	4	いわれて|いる	いわれて|いる:8 いわ|れて|いる:2 いわれている:2	train=12
おおいに	12	4	おおいに	おおいに:8 おおい|に:4	train=12
やめなければ	12	4	やめなければ	やめなければ:8 やめなけれ|ば:4	train=12
ハウルの	12	4	ハウル|の	ハウル|の:8 ハウルの:4	train=12
バカだ	12	4	バカ|だ	バカ|だ:8 バカだ:4	train=12
仕方ない	12	4	仕方ない	仕方ない:8 仕方|ない:4	train=12
何だか	12	4	何|だ|か	何|だ|か:8 何|だか:3 何だか:1	train=12
入ってない	12	4	入ってない	入ってない:8 入って|ない:4	train=12
入れなければ	12	4	入れなければ	入れなければ:8 入れなけれ|ば:4	train=12
書かなければ	12	4	書かなければ	書かなければ:8 書かなけれ|ば:4	test=1,train=11
第24章	12	4	第24章	第24章:8 第|24|章:4	train=12
第31章	12	4	第31章	第31章:8 第|31|章:4	train=12
約31人	12	4	約|31人	約|31人:8 約31人:4	train=12
う～	11	4	う|～	う|～:7 う～:4	train=11
ご案内	11	4	ご案内	ご案内:7 ご|案内:4	train=11
たどり着いた	11	4	たどり|着いた	たどり|着いた:7 たどり着いた:4	train=11
世界一周旅行	11	4	世界|一周|旅行	世界|一周|旅行:7 世界一周旅行:4	train=11
勤務中	11	4	勤務|中	勤務|中:7 勤務中:4	train=11
夢中で	11	4	夢中|で	夢中|で:7 夢中で:4	train=11
成田空港	11	4	成田空港	成田空港:7 成田|空港:4	train=11
泣き始めた	11	4	泣き始めた	泣き始めた:7 泣き|始めた:4	train=11
男らしく	11	4	男|らしく	男|らしく:7 男らしく:4	train=11
約18人	11	4	約|18人	約|18人:7 約18人:4	train=11
見てない	11	4	見てない	見てない:7 見て|ない:4	train=11
連れ出した	11	4	連れ出した	連れ出した:7 連れ|出した:4	train=11
～～	11	4	～|～	～|～:7 ～～:4	train=11
こういった	10	4	こう|いった	こう|いった:6 こういった:4	train=10
はならなかった	10	4	は|ならなかった	は|ならなかった:6 はならなかった:4	train=10
はなれない	10	4	はなれない	はなれない:6 は|なれない:4	train=10
ホッと	10	4	ホッ|と	ホッ|と:6 ホッと:4	train=9,val=1
二日酔い	10	4	二日酔い	二日酔い:6 二日|酔い:4	train=10
余儀なく	10	4	余儀|なく	余儀|なく:6 余儀なく:4	train=10
働き続けた	10	4	働き続けた	働き続けた:6 働き|続けた:4	train=10
君ら	10	4	君ら	君ら:6 君|ら:4	train=10
空だ	10	4	空|だ	空|だ:6 空だ:4	train=10
飲酒運転	10	4	飲酒|運転	飲酒|運転:6 飲酒運転:4	train=10
うってつけ	9	4	うってつけ	うってつけ:5 うって|つけ:4	train=9
お許し下さい	9	4	お許し|下さい	お許し|下さい:5 お許し下さい:3 お|許し下さい:1	train=9
し続けた	9	4	し|続けた	し|続けた:5 し続けた:4	test=1,train=8
となり	9	4	となり	となり:5 と|なり:4	train=9
はいえない	9	4	は|いえない	は|いえない:5 はいえない:4	train=9
はいった	9	4	はいった	はいった:5 は|いった:4	test=2,train=7
よくなるだろう	9	4	よく|なるだろう	よく|なるだろう:5 よくなるだろう:4	train=9
一番列車	9	4	一番|列車	一番|列車:5 一番列車:4	test=1,train=8
何マイル	9	4	何マイル	何マイル:5 何|マイル:4	train=9
子供扱い	9	4	子供|扱い	子供|扱い:5 子供扱い:4	train=9
年前	9	4	年前	年前:5 年|前:4	train=9
村中	9	4	村|中	村|中:5 村中:4	train=9
瓜二つ	9	4	瓜二つ	瓜二つ:5 瓜|二つ:4	train=9
看護婦さん	9	4	看護婦さん	看護婦さん:5 看護婦|さん:4	train=9
第16章	9	4	第16章	第16章:5 第|16|章:4	train=9
運動不足	9	4	運動|不足	運動|不足:5 運動不足:4	train=9
いなくなる	8	4	いなく|なる	いなく|なる:4 いなくなる:4	train=8
いやいや	8	4	いやいや	いやいや:4 いや|いや:4	train=8
からだった	8	4	から|だった	から|だった:4 からだった:4	train=8
されなければ	8	4	されなけれ|ば	されなけれ|ば:4 されなければ:4	train=8
オレンジ色	8	4	オレンジ色	オレンジ色:4 オレンジ|色:4	train=8
全精力	8	4	全精力	全精力:4 全|精力:4	train=7,val=1
好き嫌い	8	4	好き嫌い	好き嫌い:4 好き|嫌い:4	train=8
害した	8	4	害|した	害|した:4 害した:4	train=8
比べれば	8	4	比べれ|ば	比べれ|ば:4 比べれば:4	train=7,val=1
私的	8	4	私的	私的:4 私|的:4	train=8
第一印象	8	4	第一|印象	第一|印象:4 第一印象:4	train=8
聞いてた	8	4	聞いて|た	聞いて|た:4 聞いてた:4	train=8
言ってん	8	4	言って|ん	言って|ん:4 言ってん:4	train=8
くれている	7	4	くれて|いる	くれて|いる:3 くれている:3 くれ|て|いる:1	test=1,train=6
お許しください	6	4	お|許しください	お|許しください:2 お許しください:2 お許し|ください:2	train=6
そっとして	6	4	そっと|して	そっと|して:2 そっとして:2 そっ|と|して:2	train=6
ものともせず	6	4	もの|と|も|せず	もの|と|も|せず:2 ものともせず:2 ものとも|せず:2	train=6
あの	2223	3	あの	あの:2220 あ|の:3	test=17,train=2188,val=18
はない	1732	3	は|ない	は|ない:1729 はない:3	test=16,train=1705,val=11
があります	964	3	が|あります	が|あります:961 があります:3	test=3,train=950,val=11
でした	567	3	でした	でした:564 で|した:3	test=5,train=557,val=5
とした	460	3	と|した	と|した:457 とした:3	test=2,train=453,val=5
話して	273	3	話して	話して:270 話|して:3	test=2,train=268,val=3
見つけた	267	3	見つけた	見つけた:264 見|つけた:3	train=263,val=4
かの	259	3	か|の	か|の:256 かの:3	test=2,train=256,val=1
ついに	228	3	ついに	ついに:225 つい|に:3	test=2,train=225,val=1
させた	219	3	させた	させた:216 さ|せた:3	train=218,val=1
上手に	215	3	上手|に	上手|に:212 上手に:3	test=1,train=213,val=1
必要だ	210	3	必要だ	必要だ:207 必要|だ:3	test=1,train=209
なぁ	199	3	なぁ	なぁ:196 な|ぁ:3	test=2,train=195,val=2
みな	192	3	みな	みな:189 み|な:3	test=2,train=189,val=1
するか	167	3	する|か	する|か:164 するか:3	test=2,train=164,val=1
大いに	120	3	大いに	大いに:117 大い|に:3	train=120
はずっと	110	3	は|ずっと	は|ずっと:107 はずっと:3	train=109,val=1
までも	103	3	まで|も	まで|も:100 までも:3	train=102,val=1
どうも	91	3	どうも	どうも:88 どう|も:3	train=90,val=1
悪いの	89	3	悪い|の	悪い|の:86 悪いの:3	test=1,train=87,val=1
ダメだ	86	3	ダメだ	ダメだ:83 ダメ|だ:3	train=86
行くん	84	3	行く|ん	行く|ん:81 行くん:3	train=84
みたいな	82	3	みたい|な	みたい|な:79 みたいな:3	train=82
人達	77	3	人|達	人|達:74 人達:3	test=1,train=76
といって	76	3	と|いって	と|いって:73 といって:3	train=75,val=1
何者	70	3	何者	何者:67 何|者:3	train=70
十分に	69	3	十分|に	十分|に:66 十分に:3	train=68,val=1
をつく	67	3	を|つく	を|つく:64 をつく:3	train=67
一回	64	3	一回	一回:61 一|回:3	train=64
しなくては	62	3	しなくて|は	しなくて|は:59 しなくては:3	train=61,val=1
っていう	56	3	って|いう	って|いう:53 っていう:3	train=56
が悪かった	54	3	が|悪かった	が|悪かった:51 が悪かった:3	train=53,val=1
あいつら	52	3	あいつら	あいつら:49 あいつ|ら:3	test=1,train=51
わざと	51	3	わざと	わざと:48 わざ|と:3	train=50,val=1
お話し	49	3	お話し	お話し:46 お|話し:3	train=49
そうです	48	3	そう|です	そう|です:45 そうです:3	train=47,val=1
次第に	47	3	次第|に	次第|に:44 次第に:3	test=2,train=45
最大の	46	3	最大|の	最大|の:43 最大の:3	train=46
生まれつき	43	3	生まれつき	生まれつき:40 生まれ|つき:3	train=42,val=1
大嫌い	38	3	大嫌い	大嫌い:35 大|嫌い:3	train=38
達した	38	3	達した	達した:35 達|した:3	train=38
うちは	35	3	うち|は	うち|は:32 うちは:3	test=1,train=34
したって	35	3	した|って	した|って:32 し|たって:2 したって:1	train=35
なんの	34	3	なん|の	なん|の:31 なんの:3	test=1,train=33
役立つ	34	3	役立つ	役立つ:31 役|立つ:3	train=34
いっぱいに	33	3	いっぱい|に	いっぱい|に:30 いっぱいに:3	train=33
何枚	33	3	何枚	何枚:30 何|枚:3	train=33
なくなった	32	3	なくなった	なくなった:29 なく|なった:3	test=1,train=31
当然の	32	3	当然|の	当然|の:29 当然の:3	train=31,val=1
名づけた	31	3	名づけた	名づけた:28 名|づけた:3	train=31
朝食前	31	3	朝食|前	朝食|前:28 朝食前:3	train=30,val=1
お子さん	30	3	お子さん	お子さん:27 お子|さん:3	train=30
残念ながら	30	3	残念ながら	残念ながら:27 残念|ながら:3	train=30
幸福で	29	3	幸福で	幸福で:26 幸福|で:3	train=29
時代遅れ	29	3	時代遅れ	時代遅れ:26 時代|遅れ:3	train=29
育てられた	29	3	育てられた	育てられた:26 育て|られた:3	train=29
そのうち	28	3	その|うち	その|うち:25 そのうち:3	train=28
お祈り	27	3	お祈り	お祈り:24 お|祈り:3	test=1,train=26
あるよう	26	3	ある|よう	ある|よう:23 あるよう:3	train=25,val=1
いられなかった	26	3	いられなかった	いられなかった:23 い|られなかった:3	test=1,train=25
ご遠慮	26	3	ご遠慮	ご遠慮:23 ご|遠慮:3	train=26
うまくいって	25	3	うまく|いって	うまく|いって:22 うまくいって:3	train=25
最新の	25	3	最新|の	最新|の:22 最新の:3	train=25
約93人	25	3	約|93人	約|93人:22 約93人:3	train=25
お元気です	24	3	お元気です	お元気です:21 お元気|です:2 お|元気です:1	train=23,val=1
くれたら	23	3	くれたら	くれたら:20 くれ|たら:3	train=23
約70人	23	3	約|70人	約|70人:20 約70人:3	train=23
いつ頃	22	3	いつ頃	いつ頃:19 いつ|頃:3	train=22
ここまで	22	3	ここ|まで	ここ|まで:19 ここまで:3	train=22
健康で	22	3	健康で	健康で:19 健康|で:3	train=22
興味深い	22	3	興味深い	興味深い:19 興味|深い:3	train=22
訳して	22	3	訳して	訳して:19 訳|して:3	train=22
あっという間	21	3	あっ|と|いう|間	あっ|と|いう|間:18 あっという間:3	train=21
ですって	21	3	です|って	です|って:18 ですって:3	train=20,val=1
傷つける	21	3	傷つける	傷つける:18 傷|つける:3	train=21
大成功	21	3	大成功	大成功:18 大|成功:3	train=21
高校時代	21	3	高校|時代	高校|時代:18 高校時代:3	train=21
話し相手	20	3	話し相手	話し相手:17 話し|相手:3	train=20
そうだった	19	3	そう|だった	そう|だった:16 そうだった:3	train=18,val=1
使えば	19	3	使えば	使えば:16 使え|ば:3	train=19
適して	19	3	適して	適して:16 適|して:3	train=19
をえない	18	3	を|えない	を|えない:15 をえない:3	train=16,val=2
世界一周	18	3	世界|一周	世界|一周:15 世界一周:3	test=1,train=17
地球上	18	3	地球|上	地球|上:15 地球上:3	test=1,train=17
笑い出した	18	3	笑い出した	笑い出した:15 笑い|出した:3	train=18
約50人	18	3	約|50人	約|50人:15 約50人:3	train=18
約86人	18	3	約86人	約86人:15 約|86人:3	train=18
聞いてない	18	3	聞いてない	聞いてない:15 聞いて|ない:3	train=18
遊んでた	18	3	遊んでた	遊んでた:15 遊んで|た:3	test=1,train=17
開けっ放し	18	3	開けっ放し	開けっ放し:15 開け|っ放し:3	train=18
高橋博士	18	3	高橋|博士	高橋|博士:15 高橋博士:3	train=18
プロフィール写真	17	3	プロフィール|写真	プロフィール|写真:14 プロフィール写真:3	test=1,train=16
働いてた	17	3	働いてた	働いてた:14 働いて|た:3	train=17
当てた	17	3	当てた	当てた:14 当て|た:3	train=17
約35人	17	3	約35人	約35人:14 約|35人:3	train=17
約85人	17	3	約85人	約85人:14 約|85人:3	train=17
約91人	17	3	約|91人	約|91人:14 約91人:3	train=17
連れてって	17	3	連れてって	連れてって:14 連れて|って:3	train=17
着てた	16	3	着てた	着てた:13 着て|た:3	train=15,val=1
第50章	16	3	第50章	第50章:13 第|50|章:3	train=16
野球選手	16	3	野球|選手	野球|選手:13 野球選手:3	train=16
ああいう	15	3	ああ|いう	ああ|いう:12 ああいう:3	test=1,train=14
これほど	15	3	これ|ほど	これ|ほど:12 これほど:3	train=15
よかったら	15	3	よかったら	よかったら:12 よかっ|たら:3	train=15
働かなければ	15	3	働かなければ	働かなければ:12 働かなけれ|ば:3	train=15
従わなければ	15	3	従わなければ	従わなければ:12 従わなけれ|ば:3	test=1,train=14
数年前	15	3	数年|前	数年|前:12 数年前:3	train=15
日本料理	15	3	日本料理	日本料理:12 日本|料理:3	train=15
立ち上がって	15	3	立ち上がって	立ち上がって:12 立ち|上がって:3	train=14,val=1
第54章	15	3	第54章	第54章:12 第|54|章:3	train=15
第73章	15	3	第|73|章	第|73|章:12 第73章:3	train=15
約47人	15	3	約47人	約47人:12 約|47人:3	train=15
約64人	15	3	約|64人	約|64人:12 約64人:3	train=15
覚えてない	15	3	覚えてない	覚えてない:12 覚えて|ない:3	train=14,val=1
買わなければ	15	3	買わなければ	買わなければ:12 買わなけれ|ば:3	train=15
お二人	14	3	お二人	お二人:11 お|二人:3	train=14
もしかしたら	14	3	もしか|したら	もしか|したら:11 もしかしたら:2 もしか|し|たら:1	train=14
もしも	14	3	もしも	もしも:11 もし|も:3	test=1,train=13
入ってます	14	3	入ってます	入ってます:11 入って|ます:3	train=14
混んでいた	14	3	混んで|いた	混んで|いた:11 混んでいた:3	train=14
どれほど	13	3	どれ|ほど	どれ|ほど:10 どれほど:3	train=13
なようだ	13	3	な|よう|だ	な|よう|だ:10 なようだ:3	train=13
ほんとうに	13	3	ほんとう|に	ほんとう|に:10 ほんとうに:3	train=13
エスペラント語	13	3	エスペラント|語	エスペラント|語:10 エスペラント語:3	train=13
世界的	13	3	世界的	世界的:10 世界|的:3	train=13
帰らなければ	13	3	帰らなければ	帰らなければ:10 帰らなけれ|ば:3	train=13
気持ちいい	13	3	気持ち|いい	気持ち|いい:10 気持ちいい:3	train=13
泳ぎ方	13	3	泳ぎ|方	泳ぎ|方:10 泳ぎ方:3	train=13
第18章	13	3	第|18|章	第|18|章:10 第18章:3	train=13
約13人	13	3	約|13人	約|13人:10 約13人:3	train=13
約16人	13	3	約|16人	約|16人:10 約16人:3	train=13
約39人	13	3	約|39人	約|39人:10 約39人:3	train=13
良ければ	13	3	良ければ	良ければ:10 良けれ|ば:3	train=13
見つけたら	13	3	見つけたら	見つけたら:10 見つけ|たら:3	train=13
お体	12	3	お体	お体:9 お|体:3	train=12
お楽しみ	12	3	お楽しみ	お楽しみ:9 お|楽しみ:3	train=12
したようだ	12	3	したようだ	したようだ:9 した|よう|だ:3	train=12
でます	12	3	でます	でます:9 で|ます:3	train=12
はいって	12	3	はいって	はいって:9 は|いって:3	train=12
別だ	12	3	別だ	別だ:9 別|だ:3	train=12
心配ない	12	3	心配|ない	心配|ない:9 心配ない:3	train=12
患者さん	12	3	患者さん	患者さん:9 患者|さん:3	train=12
流行遅れ	12	3	流行遅れ	流行遅れ:9 流行|遅れ:3	train=12
第19章	12	3	第|19|章	第|19|章:9 第19章:3	train=12
第52章	12	3	第52章	第52章:9 第|52|章:3	train=12
考えなければ	12	3	考えなければ	考えなければ:9 考えなけれ|ば:3	train=12
この記事	11	3	この|記事	この|記事:8 この記事:3	train=11
しだいに	11	3	しだいに	しだいに:8 しだい|に:3	train=11
ってんだ	11	3	って|ん|だ	って|ん|だ:8 ってん|だ:2 ってんだ:1	train=11
ていう	11	3	て|いう	て|いう:8 ていう:3	test=1,train=10
なかったので	11	3	なかった|ので	なかった|ので:8 なかったので:2 なかった|の|で:1	train=11
を表した	11	3	を|表した	を|表した:8 を表した:2 を|表|した:1	train=11
子供向け	11	3	子供|向け	子供|向け:8 子供向け:3	train=11
旦那さん	11	3	旦那さん	旦那さん:8 旦那|さん:3	train=11
第17章	11	3	第|17|章	第|17|章:8 第17章:3	train=11
第89章	11	3	第|89|章	第|89|章:8 第89章:3	train=11
話さなければ	11	3	話さなければ	話さなければ:8 話さなけれ|ば:3	train=11
誕生日プレゼント	11	3	誕生日|プレゼント	誕生日|プレゼント:8 誕生日プレゼント:3	train=11
いかなければ	10	3	いかなければ	いかなければ:7 いかなけれ|ば:3	train=10
お上手です	10	3	お上手です	お上手です:7 お|上手です:2 お上手|です:1	train=10
くれぐれも	10	3	くれぐれ|も	くれぐれ|も:7 くれぐれも:3	train=10
したいなら	10	3	したいなら	したいなら:7 したい|なら:3	train=10
だけれど	10	3	だ|けれど	だ|けれど:7 だけれど:2 だけれ|ど:1	train=10
どのぐらい	10	3	どの|ぐらい	どの|ぐらい:7 どのぐらい:3	train=10
やすやすと	10	3	やすやす|と	やすやす|と:7 やすやすと:3	train=10
フランス語版	10	3	フランス語版	フランス語版:7 フランス語|版:3	train=10
丸一日	10	3	丸|一日	丸|一日:7 丸一日:3	train=10
何種類	10	3	何種類	何種類:7 何|種類:3	train=10
受けなければ	10	3	受けなければ	受けなければ:7 受けなけれ|ば:3	train=10
大切さ	10	3	大切さ	大切さ:7 大切|さ:3	train=10
左側通行	10	3	左側|通行	左側|通行:7 左側通行:3	train=10
成り立って	10	3	成り立って	成り立って:7 成り|立って:3	train=10
書き始めた	10	3	書き始めた	書き始めた:7 書き|始めた:3	train=10
王子様	10	3	王子様	王子様:7 王子|様:3	train=10
留守だった	10	3	留守|だった	留守|だった:7 留守だった:3	train=10
第22章	10	3	第22章	第22章:7 第|22|章:3	train=10
第51章	10	3	第51章	第51章:7 第|51|章:3	train=10
第70章	10	3	第|70|章	第|70|章:7 第70章:3	train=10
第78章	10	3	第|78|章	第|78|章:7 第78章:3	train=10
第91章	10	3	第91章	第91章:7 第|91|章:3	train=10
罰せられた	10	3	罰せられた	罰せられた:7 罰|せられた:3	train=10
裸で	10	3	裸|で	裸|で:7 裸で:3	train=9,val=1
賞金稼ぎ	10	3	賞金稼ぎ	賞金稼ぎ:7 賞金|稼ぎ:3	train=10
間中	10	3	間中	間中:7 間|中:3	test=1,train=9
養わなければ	10	3	養わなければ	養わなければ:7 養わなけれ|ば:3	train=10
いただけると	9	3	いただけると	いただけると:6 いただける|と:2 いただけ|る|と:1	train=9
お召し上がりください	9	3	お召し上がりください	お召し上がりください:6 お召し上がり|ください:3	train=9
ないで	9	3	ないで	ないで:6 ない|で:3	train=9
よ～し	9	3	よ～し	よ～し:6 よ|～|し:3	train=9
シヴァ神	9	3	シヴァ神	シヴァ神:6 シヴァ|神:3	train=9
勝てない	9	3	勝てない	勝てない:6 勝て|ない:3	train=9
気分転換	9	3	気分転換	気分転換:6 気分|転換:3	train=9
泣きながら	9	3	泣きながら	泣きながら:6 泣き|ながら:3	train=9
無くなった	9	3	無くなった	無くなった:6 無く|なった:3	train=9
発展途上国	9	3	発展途上国	発展途上国:6 発展|途上国:3	train=9
笑い始めた	9	3	笑い始めた	笑い始めた:6 笑い|始めた:3	train=9
第11章	9	3	第11章	第11章:6 第|11|章:3	train=9
第98章	9	3	第98章	第98章:6 第|98|章:3	train=9
話し始めた	9	3	話し始めた	話し始めた:6 話し|始めた:3	train=9
読みながら	9	3	読みながら	読みながら:6 読み|ながら:3	train=9
ご近所さん	8	3	ご近所さん	ご近所さん:5 ご近所|さん:3	train=8
してんだ	8	3	してんだ	してんだ:5 して|ん|だ:3	train=8
なくなりました	8	3	なくなりました	なくなりました:5 なく|なりました:3	train=8
のり	8	3	の|り	の|り:5 のり:3	train=8
わずかに	8	3	わずか|に	わずか|に:5 わずかに:3	train=8
何日間	8	3	何日間	何日間:5 何日|間:3	train=8
備えなければ	8	3	備えなければ	備えなければ:5 備えなけれ|ば:3	train=8
働いてます	8	3	働いてます	働いてます:5 働いて|ます:3	train=7,val=1
十年前	8	3	十年|前	十年|前:5 十|年|前:2 十年前:1	train=8
女子生徒	8	3	女子生徒	女子生徒:5 女子|生徒:3	train=8
弁論大会	8	3	弁論|大会	弁論|大会:5 弁論大会:3	train=8
思えば	8	3	思えば	思えば:5 思え|ば:3	train=8
思ってます	8	3	思ってます	思ってます:5 思って|ます:3	train=8
悪化した	8	3	悪化した	悪化した:5 悪化|した:3	train=8
我が子	8	3	我が|子	我が|子:5 我が子:3	train=8
扱い方	8	3	扱い方	扱い方:5 扱い|方:3	train=8
映画スター	8	3	映画|スター	映画|スター:5 映画スター:3	train=8
盛んに	8	3	盛ん|に	盛ん|に:5 盛んに:3	train=8
第23章	8	3	第23章	第23章:5 第|23|章:3	train=8
第79章	8	3	第|79|章	第|79|章:5 第79章:3	train=8
置けば	8	3	置けば	置けば:5 置け|ば:3	test=1,train=7
考えれば	8	3	考えれば	考えれば:5 考えれ|ば:3	train=8
言ってんだ	8	3	言ってんだ	言ってんだ:5 言って|ん|だ:3	train=8
運良く	8	3	運|良く	運|良く:5 運良く:3	train=8
飢え死に	8	3	飢え死に	飢え死に:5 飢え死|に:3	train=8
いくつもり	7	3	いくつもり	いくつもり:4 いく|つもり:3	train=7
お亡くなり	7	3	お|亡くなり	お|亡くなり:4 お亡くなり:3	train=7
お使いください	7	3	お使いください	お使いください:4 お使い|ください:2 お|使いください:1	train=7
けがした	7	3	けが|した	けが|した:4 けがした:3	train=7
しなくても	7	3	しなくて|も	しなくて|も:4 しなくても:3	train=7
し合う	7	3	し合う	し合う:4 し|合う:3	train=7
できてない	7	3	できてない	できてない:4 できて|ない:3	train=7
ですら	7	3	で|すら	で|すら:4 ですら:2 です|ら:1	train=7
はいはい	7	3	はい|はい	はい|はい:4 はいはい:3	train=7
ものとも	7	3	もの|と|も	もの|と|も:4 ものとも:3	train=7
ヨーロッパ旅行	7	3	ヨーロッパ旅行	ヨーロッパ旅行:4 ヨーロッパ|旅行:3	train=7
一緒です	7	3	一緒|です	一緒|です:4 一緒です:3	train=7
不正行為	7	3	不正|行為	不正|行為:4 不正行為:3	train=7
不注意で	7	3	不注意で	不注意で:4 不注意|で:3	train=7
二年前	7	3	二年前	二年前:4 二年|前:3	train=7
化した	7	3	化した	化した:4 化|した:3	train=7
外国旅行	7	3	外国|旅行	外国|旅行:4 外国旅行:3	train=7
好きでない	7	3	好きで|ない	好きで|ない:4 好きでない:3	train=7
害する	7	3	害する	害する:4 害|する:3	train=7
待たなければ	7	3	待たなければ	待たなければ:4 待たなけれ|ば:3	train=7
放っておいて	7	3	放って|おいて	放って|おいて:4 放っておいて:2 放って|おい|て:1	train=7
数年間	7	3	数年間	数年間:4 数年|間:3	train=7
暖かくなった	7	3	暖かく|なった	暖かく|なった:4 暖かくなった:3	train=7
有罪だ	7	3	有罪|だ	有罪|だ:4 有罪だ:3	train=7
正午前	7	3	正午|前	正午|前:4 正午前:3	train=7
独身です	7	3	独身|です	独身|です:4 独身です:3	train=7
環境問題	7	3	環境|問題	環境|問題:4 環境問題:3	train=7
登場人物	7	3	登場人物	登場人物:4 登場|人物:3	train=7
第83章	7	3	第|83|章	第|83|章:4 第83章:3	train=7
自動車産業	7	3	自動車産業	自動車産業:4 自動車|産業:3	train=7
行くな	7	3	行くな	行くな:4 行く|な:3	train=7
話しつづけた	7	3	話しつづけた	話しつづけた:4 話し|つづけた:3	train=7
読めば	7	3	読めば	読めば:4 読め|ば:3	train=7
し合って	6	3	し|合って	し|合って:3 し合って:3	train=6
とある	6	3	とある	とある:3 と|ある:3	train=6
とやら	6	3	と|やら	と|やら:3 とやら:3	train=6
タイ料理	6	3	タイ料理	タイ料理:3 タイ|料理:3	train=6
一人っきり	6	3	一人っきり	一人っきり:3 一人|っきり:3	train=6
上の空	6	3	上|の|空	上|の|空:3 上の空:3	train=6
中華料理店	6	3	中華料理店	中華料理店:3 中華|料理店:3	train=6
事故現場	6	3	事故現場	事故現場:3 事故|現場:3	train=6
制限速度	6	3	制限速度	制限速度:3 制限|速度:3	train=6
四奥様	6	3	四|奥様	四|奥様:3 四奥様:2 四奥|様:1	train=5,val=1
屋根裏部屋	6	3	屋根裏部屋	屋根裏部屋:3 屋根裏|部屋:3	train=6
心がけて	6	3	心|がけて	心|がけて:3 心がけて:3	train=6
持ちつ	6	3	持ち|つ	持ち|つ:3 持ちつ:3	train=6
教え方	6	3	教え方	教え方:3 教え|方:3	train=6
案の定	6	3	案の定	案の定:3 案|の|定:3	train=6
母なる	6	3	母|なる	母|なる:3 母なる:3	train=6
流しながら	6	3	流し|ながら	流し|ながら:3 流しながら:3	train=6
目覚まし時計	6	3	目覚まし時計	目覚まし時計:3 目覚まし|時計:3	train=6
直行便	6	3	直行便	直行便:3 直行|便:3	test=1,train=4,val=1
相互理解	6	3	相互理解	相互理解:3 相互|理解:3	train=6
言い換えれば	6	3	言い換えれ|ば	言い換えれ|ば:3 言い換えれば:3	train=6
誠に	6	3	誠|に	誠|に:3 誠に:3	train=6
運転手さん	6	3	運転手|さん	運転手|さん:3 運転手さん:3	train=6
お疲れさま	5	3	お疲れ|さま	お疲れ|さま:2 お疲れさま:2 お|疲れ|さま:1	train=5
世間知らずだ	5	3	世間知らずだ	世間知らずだ:2 世間知らず|だ:2 世間|知らずだ:1	train=5
借りして	5	3	借りして	借りして:2 借り|し|て:2 借り|して:1	train=5
観光案内所	5	3	観光案内所	観光案内所:2 観光|案内所:2 観光|案内|所:1	train=5
がある	2683	2	が|ある	が|ある:2681 がある:2	test=15,train=2655,val=13
なの	2119	2	な|の	な|の:2117 なの:2	test=9,train=2094,val=16
いない	1026	2	いない	いない:1024 い|ない:2	test=7,train=1011,val=8
という	949	2	と|いう	と|いう:947 という:2	test=11,train=936,val=2
好きだ	642	2	好きだ	好きだ:640 好き|だ:2	test=6,train=631,val=5
僕は	611	2	僕|は	僕|は:609 僕は:2	test=4,train=602,val=5
しよう	488	2	しよう	しよう:486 し|よう:2	test=2,train=479,val=7
すると	391	2	する|と	する|と:389 すると:2	test=10,train=376,val=5
するよう	282	2	する|よう	する|よう:280 するよう:2	test=3,train=278,val=1
に来る	197	2	に|来る	に|来る:195 に来る:2	test=1,train=194,val=2
持っています	193	2	持って|います	持って|います:191 持っています:2	train=193
を着て	187	2	を|着て	を|着て:185 を着て:2	test=1,train=185,val=1
に着いた	186	2	に|着いた	に|着いた:184 に着いた:2	train=185,val=1
に入った	184	2	に|入った	に|入った:182 に入った:2	test=2,train=182
お茶	179	2	お茶	お茶:177 お|茶:2	test=1,train=177,val=1
ありがとうございます	129	2	ありがとう|ございます	ありがとう|ございます:127 ありがとうございます:2	test=1,train=128
させて	129	2	させて	させて:127 させ|て:2	train=128,val=1
言ってる	128	2	言ってる	言ってる:126 言って|る:2	test=1,train=127
やり方	114	2	やり方	やり方:112 やり|方:2	test=1,train=113
簡単に	106	2	簡単|に	簡単|に:104 簡単に:2	train=106
しまって	92	2	しまって	しまって:90 しまっ|て:2	test=1,train=90,val=1
父さん	91	2	父さん	父さん:89 父|さん:2	test=1,train=90
に着く	84	2	に|着く	に|着く:82 に着く:2	test=1,train=83
しかない	78	2	しか|ない	しか|ない:76 しかない:2	test=1,train=76,val=1
お酒	74	2	お酒	お酒:72 お|酒:2	train=73,val=1
我が	74	2	我が	我が:72 我|が:2	test=1,train=73
ところが	72	2	ところ|が	ところ|が:70 ところが:2	test=1,train=70,val=1
きれいに	70	2	きれい|に	きれい|に:68 きれいに:2	test=1,train=67,val=2
についた	69	2	に|ついた	に|ついた:67 についた:2	train=69
しも	66	2	しも	しも:64 し|も:2	test=1,train=64,val=1
ついている	66	2	ついて|いる	ついて|いる:64 ついている:2	test=1,train=63,val=2
やっている	66	2	やって|いる	やって|いる:64 やっている:2	train=64,val=2
なっています	65	2	なって|います	なって|います:63 なっています:2	train=63,val=2
を持ってる	61	2	を|持ってる	を|持ってる:59 を持ってる:2	train=61
見ること	58	2	見る|こと	見る|こと:56 見ること:2	train=57,val=1
できました	57	2	できました	できました:55 で|きました:2	train=57
金曜日	56	2	金曜日	金曜日:54 金曜|日:2	train=56
だわ	55	2	だ|わ	だ|わ:53 だわ:2	train=55
立てる	53	2	立てる	立てる:51 立て|る:2	train=53
になろう	52	2	に|なろう	に|なろう:50 になろう:2	train=52
を着た	51	2	を|着た	を|着た:49 を着た:2	test=1,train=49,val=1
お持ちです	49	2	お持ちです	お持ちです:47 お|持ちです:1 お持ち|です:1	train=49
と思ってる	49	2	と|思ってる	と|思ってる:47 と思ってる:2	train=49
どうにか	49	2	どうにか	どうにか:47 どうに|か:1 どう|に|か:1	train=48,val=1
やること	49	2	やる|こと	やる|こと:47 やること:2	train=49
思い出した	49	2	思い出した	思い出した:47 思い|出した:2	train=49
にない	46	2	に|ない	に|ない:44 にない:2	test=1,train=45
そうか	44	2	そう|か	そう|か:42 そうか:2	train=44
勝手に	44	2	勝手|に	勝手|に:42 勝手に:2	train=44
はるかに	43	2	はるか|に	はるか|に:41 は|るかに:1 はるかに:1	test=1,train=41,val=1
をもたらした	43	2	を|もたらした	を|もたらした:41 をもたらした:2	train=42,val=1
クソ野郎	41	2	クソ|野郎	クソ|野郎:39 クソ野郎:2	test=1,train=40
出来るだけ	41	2	出来る|だけ	出来る|だけ:39 出来るだけ:2	test=1,train=39,val=1
我が家	41	2	我が家	我が家:39 我が|家:2	test=1,train=40
お待ち	39	2	お待ち	お待ち:37 お|待ち:2	train=39
みなさん	37	2	みなさん	みなさん:35 みな|さん:2	train=37
乗り遅れた	37	2	乗り遅れた	乗り遅れた:35 乗り|遅れた:2	train=37
話してる	37	2	話してる	話してる:35 話|してる:2	train=37
もしかして	35	2	もしかして	もしかして:33 もしか|して:1 も|しかして:1	train=35
作り方	34	2	作り方	作り方:32 作り|方:2	train=33,val=1
がつかない	33	2	が|つかない	が|つかない:31 がつかない:2	train=31,val=2
目の前	33	2	目|の|前	目|の|前:31 目の前:2	train=33
お待ちください	32	2	お待ちください	お待ちください:30 お|待ちください:2	train=32
した後	31	2	した|後	した|後:29 し|た|後:1 した後:1	train=31
すんだ	31	2	すんだ	すんだ:29 す|ん|だ:2	test=1,train=30
わずかな	31	2	わずか|な	わずか|な:29 わずかな:2	train=31
怖いの	31	2	怖い|の	怖い|の:29 怖いの:2	train=31
旅行中	31	2	旅行|中	旅行|中:29 旅行中:2	train=31
ならば	30	2	ならば	ならば:28 なら|ば:2	train=29,val=1
を示した	30	2	を|示した	を|示した:28 を示した:2	train=30
そうだろ	29	2	そう|だろ	そう|だろ:27 そうだろ:2	train=29
そっと	29	2	そっと	そっと:27 そっ|と:2	train=29
はっきりと	29	2	はっきり|と	はっきり|と:27 はっきりと:2	train=28,val=1
大嫌いだ	29	2	大嫌いだ	大嫌いだ:27 大|嫌いだ:2	train=29
見たら	29	2	見たら	見たら:27 見|たら:2	test=1,train=28
引き起こした	28	2	引き起こした	引き起こした:26 引き|起こした:2	train=28
見てた	28	2	見てた	見てた:26 見て|た:2	test=1,train=27
ご一緒	27	2	ご一緒	ご一緒:25 ご|一緒:2	train=27
はいて	27	2	はいて	はいて:25 は|いて:2	train=27
はなりません	27	2	は|なりません	は|なりません:25 はなりません:2	train=27
わが国	27	2	わが|国	わが|国:25 わが国:2	train=26,val=1
約65人	27	2	約|65人	約|65人:25 約65人:2	train=27
？！	27	2	？|！	？|！:25 ？！:2	test=1,train=26
あの日	26	2	あの|日	あの|日:24 あの日:2	train=26
はあ	26	2	はあ	はあ:24 は|あ:2	train=26
を着る	26	2	を|着る	を|着る:24 を着る:2	train=25,val=1
表して	26	2	表して	表して:24 表|して:2	train=25,val=1
間もなく	26	2	間もなく	間もなく:24 間|も|なく:2	test=1,train=25
しかも	25	2	しかも	しかも:23 しか|も:2	train=24,val=1
しきりに	25	2	しきり|に	しきり|に:23 しきりに:2	train=25
ほっと	25	2	ほっと	ほっと:23 ほっ|と:2	train=25
ごらんなさい	24	2	ごらんなさい	ごらんなさい:22 ごらん|なさい:2	train=24
でた	24	2	でた	でた:22 で|た:2	train=23,val=1
言わないで	24	2	言わないで	言わないで:22 言わない|で:2	train=24
かいて	23	2	かいて	かいて:21 か|いて:2	test=1,train=22
十年	23	2	十年	十年:21 十|年:2	train=23
悪くなった	23	2	悪く|なった	悪く|なった:21 悪くなった:2	train=23
お聞き	22	2	お聞き	お聞き:20 お|聞き:2	train=22
年上です	22	2	年上|です	年上|です:20 年上です:2	train=22
必要なら	22	2	必要なら	必要なら:20 必要|なら:2	train=22
来るよう	22	2	来る|よう	来る|よう:20 来るよう:2	train=22
買ってきた	22	2	買って|きた	買って|きた:20 買ってきた:2	train=22
鈴木博士	22	2	鈴木|博士	鈴木|博士:20 鈴木博士:2	train=22
えッ	21	2	えッ	えッ:19 え|ッ:2	train=20,val=1
しすぎる	21	2	しすぎる	しすぎる:19 し|すぎる:2	test=1,train=20
ても	21	2	て|も	て|も:19 ても:2	train=21
であれ	21	2	で|あれ	で|あれ:19 であれ:2	train=21
建てられた	21	2	建てられた	建てられた:19 建て|られた:2	test=1,train=20
押し入った	21	2	押し入った	押し入った:19 押し|入った:2	train=21
約74人	21	2	約|74人	約|74人:19 約74人:2	train=21
がた	20	2	がた	がた:18 が|た:2	train=19,val=1
一緒だった	20	2	一緒|だった	一緒|だった:18 一緒だった:2	test=1,train=19
住んでた	20	2	住んでた	住んでた:18 住んで|た:2	test=1,train=19
推理小説	20	2	推理|小説	推理|小説:18 推理小説:2	train=20
木曜日	20	2	木曜日	木曜日:18 木曜|日:2	train=20
約90人	20	2	約|90人	約|90人:18 約90人:2	train=20
訳した	20	2	訳した	訳した:18 訳|した:2	train=20
おかけ	19	2	おかけ	おかけ:17 お|かけ:2	train=19
お伝えください	19	2	お伝えください	お伝えください:17 お|伝えください:2	train=19
お役	19	2	お役	お役:17 お|役:2	train=19
かかっていた	19	2	かかって|いた	かかって|いた:17 かかっていた:2	train=19
ちらりと	19	2	ちらり|と	ちらり|と:17 ちらりと:2	train=19
一体全体	19	2	一体|全体	一体|全体:17 一体全体:2	train=19
夕食前	19	2	夕食|前	夕食|前:17 夕食前:2	train=18,val=1
夜通し	19	2	夜通し	夜通し:17 夜|通し:2	train=18,val=1
対し	19	2	対し	対し:17 対|し:2	train=19
独特の	19	2	独特|の	独特|の:17 独特の:2	train=18,val=1
約94人	19	2	約|94人	約|94人:17 約94人:2	train=19
豊かな	19	2	豊か|な	豊か|な:17 豊かな:2	train=19
おいては	18	2	おいて|は	おいて|は:16 おい|て|は:1 おいては:1	test=3,train=15
つくと	18	2	つく|と	つく|と:16 つくと:2	train=18
クラシック音楽	18	2	クラシック|音楽	クラシック|音楽:16 クラシック音楽:2	train=18
ヤツら	18	2	ヤツら	ヤツら:16 ヤツ|ら:2	train=18
不注意だった	18	2	不注意だった	不注意だった:16 不注意|だった:2	train=18
伊藤博士	18	2	伊藤|博士	伊藤|博士:16 伊藤博士:2	train=18
心配で	18	2	心配で	心配で:16 心配|で:2	train=18
本当だろう	18	2	本当|だろう	本当|だろう:16 本当だろう:2	train=18
田中博士	18	2	田中|博士	田中|博士:16 田中博士:2	train=18
追いかけて	18	2	追いかけて	追いかけて:16 追い|かけて:2	train=18
いわれて	17	2	いわれて	いわれて:15 いわ|れて:2	train=17
ご注意	17	2	ご注意	ご注意:15 ご|注意:2	train=17
どころか	17	2	どころ|か	どころ|か:15 どころか:2	train=17
はがっかり	17	2	は|がっかり	は|がっかり:15 はがっかり:2	train=17
二年	17	2	二年	二年:15 二|年:2	train=17
来れば	17	2	来れば	来れば:15 来れ|ば:2	train=17
約61人	17	2	約|61人	約|61人:15 約61人:2	train=17
約97人	17	2	約|97人	約|97人:15 約97人:2	train=17
お支払い	16	2	お支払い	お支払い:14 お|支払い:2	train=16
お飲み物	16	2	お飲み物	お飲み物:14 お|飲み物:2	train=16
出てけ	16	2	出てけ	出てけ:14 出て|け:2	train=15,val=1
反して	16	2	反して	反して:14 反|して:2	train=16
山田博士	16	2	山田|博士	山田|博士:14 山田博士:2	train=16
独自の	16	2	独自|の	独自|の:14 独自の:2	train=16
第55章	16	2	第55章	第55章:14 第|55|章:2	train=16
遠慮なく	16	2	遠慮|なく	遠慮|なく:14 遠慮なく:2	train=16
面して	16	2	面して	面して:14 面|して:2	train=16
ご記入	15	2	ご記入	ご記入:13 ご|記入:2	train=15
そのため	15	2	その|ため	その|ため:13 そのため:2	train=15
であって	15	2	で|あって	で|あって:13 で|あっ|て:1 であって:1	train=15
なくなる	15	2	なくなる	なくなる:13 なく|なる:2	train=15
はさみ	15	2	はさみ	はさみ:13 は|さみ:2	train=14,val=1
ひょっとして	15	2	ひょっと|して	ひょっと|して:13 ひょっとして:2	test=1,train=13,val=1
宗ちゃん	15	2	宗|ちゃん	宗|ちゃん:13 宗ちゃん:2	test=2,train=13
持ってた	15	2	持ってた	持ってた:13 持って|た:2	train=15
無料で	15	2	無料|で	無料|で:13 無料で:2	train=14,val=1
間に合わない	15	2	間に合わない	間に合わない:13 間|に合わない:1 間に|合わない:1	train=15
いかがでした	14	2	いかがでした	いかがでした:12 いかが|でした:2	train=14
しさえ	14	2	しさえ	しさえ:12 し|さえ:2	train=14
すん	14	2	すん	すん:12 す|ん:2	test=1,train=13
だし	14	2	だ|し	だ|し:12 だし:2	train=14
愛し合って	14	2	愛し合って	愛し合って:12 愛|し|合って:2	train=13,val=1
投げつけた	14	2	投げつけた	投げつけた:12 投げ|つけた:2	train=14
暖かくなって	14	2	暖かく|なって	暖かく|なって:12 暖かくなって:2	train=14
第29章	14	2	第29章	第29章:12 第|29|章:2	train=14
約63人	14	2	約|63人	約|63人:12 約63人:2	train=14
約73人	14	2	約|73人	約|73人:12 約73人:2	train=14
言い張った	14	2	言い張った	言い張った:12 言い|張った:2	train=14
輸入品	14	2	輸入品	輸入品:12 輸入|品:2	train=14
飛行機事故	14	2	飛行機|事故	飛行機|事故:12 飛行機事故:2	train=14
お疲れ	13	2	お疲れ	お疲れ:11 お|疲れ:2	train=13
お静か	13	2	お静か	お静か:11 お|静か:2	train=13
ただちに	13	2	ただちに	ただちに:11 ただち|に:2	test=1,train=12
であろう	13	2	で|あろう	で|あろう:11 であろう:2	train=13
をつかまえた	13	2	を|つかまえた	を|つかまえた:11 をつかまえた:2	train=13
交通規則	13	2	交通|規則	交通|規則:11 交通規則:2	train=13
外出中	13	2	外出|中	外出|中:11 外出中:2	train=13
得意で	13	2	得意で	得意で:11 得意|で:2	train=13
暗くなった	13	2	暗く|なった	暗く|なった:11 暗くなった:2	train=13
第28章	13	2	第28章	第28章:11 第|28|章:2	train=13
第86章	13	2	第86章	第86章:11 第|86|章:2	train=13
資金不足	13	2	資金|不足	資金|不足:11 資金不足:2	train=13
走り去った	13	2	走り去った	走り去った:11 走り|去った:2	train=13
あげたら	12	2	あげたら	あげたら:10 あげ|たら:2	train=12
ありの	12	2	あり|の	あり|の:10 ありの:2	train=12
いなくなった	12	2	いなくなった	いなくなった:10 いなく|なった:2	train=12
お会いした	12	2	お会い|した	お会い|した:10 お会いした:2	train=12
お取り下さい	12	2	お取り下さい	お取り下さい:10 お|取り下さい:2	train=12
お部屋	12	2	お部屋	お部屋:10 お|部屋:2	train=12
かなって	12	2	かなって	かなって:10 か|な|って:2	train=12
ぎょっと	12	2	ぎょっと	ぎょっと:10 ぎょっ|と:2	train=12
ご存じです	12	2	ご存じ|です	ご存じ|です:10 ご存じです:2	train=12
ご覧ください	12	2	ご覧|ください	ご覧|ください:10 ご|覧|ください:1 ご覧ください:1	train=12
ベルベル語	12	2	ベルベル語	ベルベル語:10 ベルベル|語:2	train=12
何分	12	2	何分	何分:10 何|分:2	test=1,train=11
健康状態	12	2	健康状態	健康状態:10 健康|状態:2	train=12
右足	12	2	右足	右足:10 右|足:2	train=12
土砂降り	12	2	土砂降り	土砂降り:10 土砂|降り:2	train=12
必要ない	12	2	必要|ない	必要|ない:10 必要ない:2	train=12
思い付いた	12	2	思い付いた	思い付いた:10 思い|付いた:2	train=12
生活様式	12	2	生活様式	生活様式:10 生活|様式:2	train=11,val=1
知りたがって	12	2	知りたがって	知りたがって:10 知り|たがって:2	train=12
短編小説	12	2	短編|小説	短編|小説:10 短編小説:2	train=12
聞けば	12	2	聞けば	聞けば:10 聞け|ば:2	train=12
食べてた	12	2	食べてた	食べてた:10 食べて|た:2	train=12
あり得ない	11	2	あり得ない	あり得ない:9 あり|得ない:2	train=11
お年	11	2	お年	お年:9 お|年:2	train=11
お待たせ	11	2	お待たせ	お待たせ:9 お|待たせ:1 お|待た|せ:1	train=11
ご在宅	11	2	ご在宅	ご在宅:9 ご|在宅:2	train=10,val=1
したらしい	11	2	したらしい	したらしい:9 した|らしい:2	train=10,val=1
ってん	11	2	って|ん	って|ん:9 ってん:2	train=11
やってます	11	2	やってます	やってます:9 やって|ます:2	train=11
三年間	11	2	三年間	三年間:9 三年|間:1 三|年間:1	train=11
夜明け前	11	2	夜明け|前	夜明け|前:9 夜明け前:2	train=11
屋さん	11	2	屋さん	屋さん:9 屋|さん:2	train=11
急げば	11	2	急げば	急げば:9 急げ|ば:2	train=11
愛される	11	2	愛される	愛される:9 愛|される:2	train=11
数日間	11	2	数日間	数日間:9 数日|間:2	train=11
第92章	11	2	第92章	第92章:9 第|92|章:2	train=11
第95章	11	2	第95章	第95章:9 第|95|章:2	train=11
語って	11	2	語って	語って:9 語|って:2	train=11
起きなければ	11	2	起きなければ	起きなければ:9 起きなけれ|ば:2	train=11
お迎え	10	2	お迎え	お迎え:8 お|迎え:2	train=10
かんで	10	2	かんで	かんで:8 かん|で:2	train=10
そうかい	10	2	そう|かい	そう|かい:8 そう|か|い:1 そうかい:1	train=10
とっくに	10	2	とっくに	とっくに:8 とっ|くに:1 とっく|に:1	train=10
なしだ	10	2	なし|だ	なし|だ:8 なしだ:2	train=10
なりたがって	10	2	なりたがって	なりたがって:8 なり|たがって:2	train=10
をしかった	10	2	を|しかった	を|しかった:8 をしかった:2	train=10
メールアドレス	10	2	メールアドレス	メールアドレス:8 メール|アドレス:2	train=10
一緒だ	10	2	一緒|だ	一緒|だ:8 一緒だ:2	test=1,train=9
取り扱って	10	2	取り扱って	取り扱って:8 取り|扱って:2	train=10
始発電車	10	2	始発電車	始発電車:8 始発|電車:2	train=10
屈した	10	2	屈した	屈した:8 屈|した:2	train=10
引き裂いた	10	2	引き裂いた	引き裂いた:8 引き|裂いた:2	train=9,val=1
扱いにくい	10	2	扱いにくい	扱いにくい:8 扱い|に|くい:1 扱い|にくい:1	train=10
持ち上げた	10	2	持ち上げた	持ち上げた:8 持ち|上げた:2	train=10
文法的に	10	2	文法的|に	文法的|に:8 文法的に:1 文法|的|に:1	train=9,val=1
最終列車	10	2	最終|列車	最終|列車:8 最終列車:2	train=10
本当だった	10	2	本当|だった	本当|だった:8 本当だった:2	train=10
物理学者	10	2	物理学者	物理学者:8 物理|学者:2	train=10
生きてた	10	2	生きてた	生きてた:8 生きて|た:2	train=10
第12章	10	2	第|12|章	第|12|章:8 第12章:2	train=10
第30章	10	2	第30章	第30章:8 第|30|章:2	train=10
第40章	10	2	第40章	第40章:8 第|40|章:2	train=10
第80章	10	2	第|80|章	第|80|章:8 第80章:2	train=10
第84章	10	2	第|84|章	第|84|章:8 第84章:2	train=10
表します	10	2	表します	表します:8 表|します:2	train=10
読んでも	10	2	読んで|も	読んで|も:8 読んでも:2	train=10
運動選手	10	2	運動|選手	運動|選手:8 運動選手:2	train=10
あらあら	9	2	あらあら	あらあら:7 あら|あら:2	train=9
いるなら	9	2	いるなら	いるなら:7 いる|なら:2	train=9
お探しです	9	2	お探しです	お探しです:7 お|探しです:1 お探し|です:1	train=9
ご自分	9	2	ご自分	ご自分:7 ご|自分:2	train=9
し過ぎる	9	2	し過ぎる	し過ぎる:7 し|過ぎる:2	train=9
でなくて	9	2	でなくて	でなくて:7 で|なくて:2	test=1,train=7,val=1
ハーバード大学	9	2	ハーバード大学	ハーバード大学:7 ハーバード|大学:2	train=9
強くなった	9	2	強く|なった	強く|なった:7 強くなった:2	train=9
待ち望んで	9	2	待ち望んで	待ち望んで:7 待ち|望んで:2	train=9
愛した	9	2	愛した	愛した:7 愛|した:2	test=1,train=8
愛してない	9	2	愛してない	愛してない:7 愛|して|ない:2	train=9
死に方	9	2	死に方	死に方:7 死に|方:2	train=9
生き字引	9	2	生き|字引	生き|字引:7 生き字引:2	train=9
空いてます	9	2	空いてます	空いてます:7 空いて|ます:2	test=1,train=8
第26章	9	2	第26章	第26章:7 第|26|章:2	train=9
良くなって	9	2	良く|なって	良く|なって:7 良くなって:2	train=9
行くなら	9	2	行くなら	行くなら:7 行く|なら:2	train=8,val=1
言ってなかった	9	2	言ってなかった	言ってなかった:7 言って|なかった:2	train=9
過小評価	9	2	過小|評価	過小|評価:7 過小評価:2	train=9
除けば	9	2	除けば	除けば:7 除け|ば:2	train=8,val=1
いけば	8	2	いけば	いけば:6 いけ|ば:2	train=8
いっぱいでした	8	2	いっぱい|でした	いっぱい|でした:6 いっぱいでした:2	test=1,train=7
じゃありません	8	2	じゃ|ありません	じゃ|ありません:6 じゃありません:2	train=8
たしかに	8	2	たしか|に	たしか|に:6 たしかに:2	train=8
つけてた	8	2	つけてた	つけてた:6 つけて|た:2	test=1,train=7
はやった	8	2	は|やった	は|やった:6 はやった:2	train=8
びしょ濡れ	8	2	びしょ濡れ	びしょ濡れ:6 びしょ|濡れ:2	train=8
をとらない	8	2	を|とらない	を|とらない:6 をとらない:2	train=8
アルファベット順	8	2	アルファベット|順	アルファベット|順:6 アルファベット順:2	train=8
ショックだった	8	2	ショック|だった	ショック|だった:6 ショックだった:2	train=8
一杯だった	8	2	一杯|だった	一杯|だった:6 一杯だった:2	train=8
失業中	8	2	失業|中	失業|中:6 失業中:2	train=8
役立った	8	2	役立った	役立った:6 役|立った:2	train=8
待てば	8	2	待てば	待てば:6 待て|ば:2	train=8
必要事項	8	2	必要|事項	必要|事項:6 必要事項:2	train=8
投げかけた	8	2	投げかけた	投げかけた:6 投げ|かけた:2	train=8
日本経済	8	2	日本|経済	日本|経済:6 日本経済:2	train=8
来てた	8	2	来てた	来てた:6 来て|た:2	train=8
社会福祉	8	2	社会福祉	社会福祉:6 社会|福祉:2	train=8
罰せられる	8	2	罰せられる	罰せられる:6 罰|せられる:2	train=8
語り合った	8	2	語り合った	語り合った:6 語り|合った:2	train=8
近づくな	8	2	近づくな	近づくな:6 近づく|な:2	train=8
返さなければ	8	2	返さなければ	返さなければ:6 返さなけれ|ば:2	train=8
金時計	8	2	金|時計	金|時計:6 金時計:2	train=8
雨降り	8	2	雨降り	雨降り:6 雨|降り:2	train=8
食べれば	8	2	食べれば	食べれば:6 食べれ|ば:2	train=8
いっぱいの	7	2	いっぱい|の	いっぱい|の:5 いっぱいの:2	train=6,val=1
かけないで	7	2	かけないで	かけないで:5 かけない|で:2	train=6,val=1
こうにか	7	2	こうにか	こうにか:5 こうに|か:2	train=6,val=1
させることが	7	2	させる|こと|が	させる|こと|が:5 させることが:2	train=7
されてた	7	2	されてた	されてた:5 されて|た:2	train=7
しろです	7	2	しろです	しろです:5 しろ|です:2	train=7
そういえば	7	2	そういえば	そういえば:5 そう|いえば:2	train=7
ないようだ	7	2	ないようだ	ないようだ:5 ない|よう|だ:2	train=7
なんぞ	7	2	なんぞ	なんぞ:5 なん|ぞ:2	train=7
はいろんな	7	2	は|いろんな	は|いろんな:5 はいろんな:1 は|いろん|な:1	train=7
はらはら	7	2	はらはら	はらはら:5 はら|はら:2	train=7
ひとりひとり	7	2	ひとりひとり	ひとりひとり:5 ひとり|ひとり:2	train=7
まことに	7	2	まこと|に	まこと|に:5 まことに:2	train=7
わが社	7	2	わが|社	わが|社:5 わが社:2	train=6,val=1
トキさん	7	2	トキ|さん	トキ|さん:5 トキさん:2	train=7
不在です	7	2	不在|です	不在|です:5 不在です:2	train=6,val=1
不注意でした	7	2	不注意でした	不注意でした:5 不注意|でした:2	train=7
予想通り	7	2	予想|通り	予想|通り:5 予想通り:2	train=7
否か	7	2	否か	否か:5 否|か:2	train=7
学校生活	7	2	学校|生活	学校|生活:5 学校生活:2	train=7
定期的に	7	2	定期的|に	定期的|に:5 定期的に:2	train=7
家中	7	2	家中	家中:5 家|中:2	train=7
寝なければ	7	2	寝なければ	寝なければ:5 寝なけれ|ば:2	train=7
差し込んだ	7	2	差し込んだ	差し込んだ:5 差し|込んだ:2	train=7
幸運だった	7	2	幸運だった	幸運だった:5 幸運|だった:2	train=7
文字どおり	7	2	文字|どおり	文字|どおり:5 文字どおり:2	train=7
来なければ	7	2	来なければ	来なければ:5 来なけれ|ば:2	train=7
満席です	7	2	満席|です	満席|です:5 満席です:2	train=6,val=1
相当の	7	2	相当|の	相当|の:5 相当の:2	train=6,val=1
第81章	7	2	第81章	第81章:5 第|81|章:2	train=7
評すれば	7	2	評すれば	評すれば:5 評|すれ|ば:2	train=7
謝らなければ	7	2	謝らなければ	謝らなければ:5 謝らなけれ|ば:2	train=7
返せよ	7	2	返せ|よ	返せ|よ:5 返せよ:2	train=7
運転中	7	2	運転|中	運転|中:5 運転中:2	train=7
静まり返って	7	2	静まり返って	静まり返って:5 静まり|返って:2	train=7
うまくいかなかった	6	2	うまく|いかなかった	うまく|いかなかった:4 うまくいかなかった:2	train=6
うまくいくだろう	6	2	うまく|いくだろう	うまく|いくだろう:4 うまくいくだろう:2	train=6
おかげさま	6	2	おかげ|さま	おかげ|さま:4 おかげさま:2	train=6
お乗り	6	2	お乗り	お乗り:4 お|乗り:2	train=6
お先に	6	2	お先|に	お先|に:4 お先に:2	train=6
お座りください	6	2	お座りください	お座りください:4 お|座りください:1 お座り|ください:1	train=6
かんでも	6	2	かんでも	かんでも:4 かん|で|も:2	train=6
きき方	6	2	きき方	きき方:4 きき|方:2	train=6
こうした	6	2	こう|した	こう|した:4 こうした:2	train=6
ごちそうさま	6	2	ごちそうさま	ごちそうさま:4 ごちそう|さま:2	train=6
すか	6	2	す|か	す|か:4 すか:2	train=6
だったようだ	6	2	だったようだ	だったようだ:4 だった|よう|だ:2	train=6
といた	6	2	と|いた	と|いた:4 といた:2	train=6
なってない	6	2	なってない	なってない:4 なって|ない:2	train=6
なりがちだ	6	2	なりがちだ	なりがちだ:4 なり|がちだ:2	train=6
はかなわない	6	2	は|かなわない	は|かなわない:4 はかなわない:2	train=6
は合わない	6	2	は合わない	は合わない:4 は|合わない:2	train=6
みたくなった	6	2	みたくなった	みたくなった:4 みたく|なった:2	train=6
もとの	6	2	もと|の	もと|の:4 もとの:2	test=1,train=5
やってのけた	6	2	やって|のけた	やって|のけた:4 やってのけた:2	train=6
らしくない	6	2	らしく|ない	らしく|ない:4 らしくない:2	train=6
ろくに	6	2	ろく|に	ろく|に:4 ろくに:2	train=6
わが家	6	2	わが|家	わが|家:4 わが家:2	train=6
わきへ	6	2	わきへ	わきへ:4 わき|へ:2	train=6
アメリカ史	6	2	アメリカ|史	アメリカ|史:4 アメリカ史:2	train=6
バカだった	6	2	バカ|だった	バカ|だった:4 バカだった:2	train=6
バースデーケーキ	6	2	バースデーケーキ	バースデーケーキ:4 バースデー|ケーキ:2	train=6
ボランティア活動	6	2	ボランティア活動	ボランティア活動:4 ボランティア|活動:2	train=6
世界記録	6	2	世界|記録	世界|記録:4 世界記録:2	train=6
人工知能	6	2	人工知能	人工知能:4 人工|知能:2	train=6
人里離れた	6	2	人里離れた	人里離れた:4 人里|離れた:2	train=6
今さら	6	2	今さら	今さら:4 今|さら:2	train=6
付き合い始めた	6	2	付き合い始めた	付き合い始めた:4 付き合い|始めた:2	train=6
何年間	6	2	何年|間	何年|間:4 何|年間:1 何年間:1	train=6
処せられた	6	2	処せられた	処せられた:4 処|せられた:2	train=6
同時通訳	6	2	同時|通訳	同時|通訳:4 同時通訳:2	train=6
固有の	6	2	固有|の	固有|の:4 固有の:2	train=6
地の	6	2	地|の	地|の:4 地の:2	train=6
多ければ	6	2	多けれ|ば	多けれ|ば:4 多ければ:2	train=6
大ファン	6	2	大ファン	大ファン:4 大|ファン:2	train=6
大流行	6	2	大流行	大流行:4 大|流行:2	test=1,train=5
強制的に	6	2	強制的|に	強制的|に:4 強制的に:2	train=6
忙しくても	6	2	忙しくて|も	忙しくて|も:4 忙しくても:2	train=6
来るなら	6	2	来るなら	来るなら:4 来る|なら:2	train=6
歌い始めた	6	2	歌い始めた	歌い始めた:4 歌い|始めた:2	test=1,train=5
歩き始めた	6	2	歩き始めた	歩き始めた:4 歩き|始めた:2	test=1,train=5
歴史上	6	2	歴史|上	歴史|上:4 歴史上:2	train=6
殺さないで	6	2	殺さないで	殺さないで:4 殺さない|で:2	train=6
無くなる	6	2	無くなる	無くなる:4 無く|なる:2	train=6
生まれ故郷	6	2	生まれ故郷	生まれ故郷:4 生まれ|故郷:2	train=6
生活水準	6	2	生活水準	生活水準:4 生活|水準:2	train=6
目立ちたがり屋	6	2	目立ちたがり屋	目立ちたがり屋:4 目立ち|たがり|屋:2	train=6
競争相手	6	2	競争|相手	競争|相手:4 競争相手:2	train=6
第41章	6	2	第41章	第41章:4 第|41|章:2	train=6
結婚相手	6	2	結婚|相手	結婚|相手:4 結婚相手:2	train=6
絶対だ	6	2	絶対だ	絶対だ:4 絶対|だ:2	train=6
見せびらかした	6	2	見せびらかした	見せびらかした:4 見せ|びらか|した:1 見せ|びらかした:1	train=6
見なければ	6	2	見なければ	見なければ:4 見なけれ|ば:2	train=6
規則正しく	6	2	規則|正しく	規則|正しく:4 規則正しく:2	train=6
言わんと	6	2	言わん|と	言わん|と:4 言わんと:2	train=6
遠距離恋愛	6	2	遠距離|恋愛	遠距離|恋愛:4 遠距離恋愛:2	train=6
都会生活	6	2	都会|生活	都会|生活:4 都会生活:2	train=6
降りだした	6	2	降りだした	降りだした:4 降り|だした:2	train=6
電気自動車	6	2	電気自動車	電気自動車:4 電気|自動車:2	train=6
食事制限	6	2	食事|制限	食事|制限:4 食事制限:2	train=6
いうまでもなく	5	2	いう|まで|も|なく	いう|まで|も|なく:3 いうまでもなく:2	train=5
ご理解	5	2	ご|理解	ご|理解:3 ご理解:2	train=5
ご苦労さま	5	2	ご苦労さま	ご苦労さま:3 ご苦労|さま:2	train=5
しすぎだ	5	2	しすぎだ	しすぎだ:3 しすぎ|だ:2	train=5
だに	5	2	だに	だに:3 だ|に:2	train=5
みなが	5	2	みな|が	みな|が:3 み|な|が:1 みなが:1	train=5
もうまい	5	2	も|うまい	も|うまい:3 もうまい:2	train=5
もののけ姬	5	2	もの|の|け姬	もの|の|け姬:3 もののけ姬:2	train=5
よくありません	5	2	よくありません	よくありません:3 よく|ありません:2	train=5
わけない	5	2	わけ|ない	わけ|ない:3 わけない:2	train=5
イタリア製	5	2	イタリア|製	イタリア|製:3 イタリア製:2	train=5
インスタントラーメン	5	2	インスタントラーメン	インスタントラーメン:3 インスタント|ラーメン:2	train=5
テニスコート	5	2	テニス|コート	テニス|コート:3 テニスコート:2	train=5
一万円	5	2	一万円	一万円:3 一万|円:2	train=5
上流階級	5	2	上流階級	上流階級:3 上流|階級:2	train=5
不作だった	5	2	不作だった	不作だった:3 不作|だった:2	train=5
両国間	5	2	両国|間	両国|間:3 両国間:2	train=5
主たる	5	2	主たる	主たる:3 主|たる:2	train=5
伯父さん	5	2	伯父さん	伯父さん:3 伯父|さん:2	train=5
何組	5	2	何|組	何|組:3 何組:2	train=5
健康でなければ	5	2	健康でなければ	健康でなければ:3 健康で|なけれ|ば:2	train=5
健康上	5	2	健康上	健康上:3 健康|上:2	train=5
出だ	5	2	出だ	出だ:3 出|だ:2	train=5
出張中	5	2	出張|中	出張|中:3 出張中:2	train=5
刻々と	5	2	刻々と	刻々と:3 刻々|と:2	train=5
右側通行	5	2	右側|通行	右側|通行:3 右側通行:2	train=5
合法的	5	2	合法|的	合法|的:3 合法的:2	train=5
営業時間	5	2	営業時間	営業時間:3 営業|時間:2	train=5
外交関係	5	2	外交|関係	外交|関係:3 外交関係:2	train=5
大伴大納言	5	2	大伴|大納言	大伴|大納言:3 大伴大納言:2	train=5
大問題	5	2	大|問題	大|問題:3 大問題:2	train=5
妊娠中絶	5	2	妊娠|中絶	妊娠|中絶:3 妊娠中絶:2	train=5
学生生活	5	2	学生|生活	学生|生活:3 学生生活:2	train=5
客室乗務員	5	2	客室|乗務員	客室|乗務員:3 客室乗務員:2	train=5
工事中	5	2	工事|中	工事|中:3 工事中:2	train=5
延々と	5	2	延々|と	延々|と:3 延々と:2	train=5
往復切符	5	2	往復|切符	往復|切符:3 往復切符:2	train=5
意気消沈	5	2	意気消沈	意気消沈:3 意気|消沈:2	train=5
愛してます	5	2	愛してます	愛してます:3 愛|して|ます:1 愛|してます:1	train=5
手伝わなければ	5	2	手伝わなければ	手伝わなければ:3 手伝わなけれ|ば:2	train=4,val=1
扱わなければ	5	2	扱わなければ	扱わなければ:3 扱わなけれ|ば:2	train=5
押しさえ	5	2	押しさえ	押しさえ:3 押し|さえ:2	train=5
拍手喝采	5	2	拍手|喝采	拍手|喝采:3 拍手喝采:2	train=4,val=1
損害賠償	5	2	損害|賠償	損害|賠償:3 損害賠償:2	train=5
新作映画	5	2	新作|映画	新作|映画:3 新作映画:2	train=5
新刊書	5	2	新刊|書	新刊|書:3 新刊書:2	train=5
新計画	5	2	新|計画	新|計画:3 新計画:2	train=5
旅して	5	2	旅して	旅して:3 旅|して:2	train=5
日本文化	5	2	日本|文化	日本|文化:3 日本文化:2	train=5
時間つぶし	5	2	時間|つぶし	時間|つぶし:3 時間つぶし:2	train=5
晴れ女	5	2	晴れ女	晴れ女:3 晴れ|女:2	test=1,train=4
最高傑作	5	2	最高|傑作	最高|傑作:3 最高傑作:2	train=5
月旅行	5	2	月|旅行	月|旅行:3 月旅行:2	train=5
望むなら	5	2	望むなら	望むなら:3 望む|なら:2	train=5
朝飯前	5	2	朝飯前	朝飯前:3 朝飯|前:2	train=5
歩きまわった	5	2	歩きまわった	歩きまわった:3 歩き|まわった:2	train=5
歯医者さん	5	2	歯医者|さん	歯医者|さん:3 歯医者さん:2	train=5
民主国家	5	2	民主|国家	民主|国家:3 民主国家:2	train=5
気がかり	5	2	気|がかり	気|がかり:3 気がかり:2	train=5
気前よく	5	2	気前|よく	気前|よく:3 気前よく:2	train=5
泣いてた	5	2	泣いて|た	泣いて|た:3 泣いてた:2	train=5
泥まみれ	5	2	泥まみれ	泥まみれ:3 泥|まみれ:2	train=5
活気づいた	5	2	活気|づいた	活気|づいた:3 活気づいた:2	train=5
火災保険	5	2	火災|保険	火災|保険:3 火災保険:2	train=5
疲れてない	5	2	疲れて|ない	疲れて|ない:3 疲れてない:2	train=5
病気でした	5	2	病気でした	病気でした:3 病気|でした:2	train=5
病気らしい	5	2	病気|らしい	病気|らしい:3 病気らしい:2	train=5
相談相手	5	2	相談|相手	相談|相手:3 相談相手:2	train=5
私立探偵	5	2	私立|探偵	私立|探偵:3 私立探偵:2	train=5
空だった	5	2	空だった	空だった:3 空|だった:2	train=5
立てれば	5	2	立てれば	立てれば:3 立てれ|ば:2	train=5
組み立てた	5	2	組み立てた	組み立てた:3 組み立て|た:2	train=5
脱出した	5	2	脱出|した	脱出|した:3 脱出した:2	train=5
行きな	5	2	行きな	行きな:3 行き|な:2	train=5
行ってます	5	2	行ってます	行ってます:3 行って|ます:2	train=5
行儀作法	5	2	行儀|作法	行儀|作法:3 行儀作法:2	train=5
観光バス	5	2	観光バス	観光バス:3 観光|バス:2	train=5
言うなら	5	2	言うなら	言うなら:3 言う|なら:2	train=5
話せよ	5	2	話せ|よ	話せ|よ:3 話せよ:2	train=5
逆に	5	2	逆に	逆に:3 逆|に:2	train=5
連れてく	5	2	連れて|く	連れて|く:3 連れてく:2	train=5
重要でない	5	2	重要で|ない	重要で|ない:3 重要でない:2	train=5
間にあった	5	2	間|に|あった	間|に|あった:3 間にあった:2	train=5
飛行艇乗り	5	2	飛行艇|乗り	飛行艇|乗り:3 飛行艇乗り:2	train=5
馬鹿じゃない	5	2	馬鹿じゃない	馬鹿じゃない:3 馬鹿|じゃない:2	train=5
高所恐怖症	5	2	高所|恐怖症	高所|恐怖症:3 高所恐怖症:2	train=5
あげれば	4	2	あげれ|ば	あげれ|ば:2 あげれば:2	train=4
いただけ	4	2	いただけ	いただけ:2 いた|だけ:2	train=4
いたようです	4	2	いた|よう|です	いた|よう|です:2 いたようです:2	train=4
いないようだ	4	2	いない|よう|だ	いない|よう|だ:2 いないようだ:2	train=4
おいとましなければ	4	2	おいとましなければ	おいとましなければ:2 おいとま|しなけれ|ば:1 おいとま|しなければ:1	test=1,train=2,val=1
おタバコ	4	2	お|タバコ	お|タバコ:2 おタバコ:2	train=4
お分かりです	4	2	お分かり|です	お分かり|です:2 お分かりです:2	train=4
お祖父さん	4	2	お祖父|さん	お祖父|さん:2 お祖父さん:2	train=4
お試しください	4	2	お試し|ください	お試し|ください:2 お|試しください:1 お試しください:1	train=4
お越しいただき	4	2	お越し|いただき	お越し|いただき:2 お越しいただき:2	train=4
お送りしましょう	4	2	お送りしましょう	お送りしましょう:2 お送り|しましょう:2	train=4
しなくなった	4	2	しなくなった	しなくなった:2 しなく|なった:2	train=4
し始めて	4	2	し|始めて	し|始めて:2 し始めて:2	train=4
し過ぎ	4	2	し|過ぎ	し|過ぎ:2 し過ぎ:2	train=4
すらっと	4	2	すらっと	すらっと:2 すらっ|と:2	train=4
たより	4	2	た|より	た|より:2 たより:2	train=4
だあ	4	2	だ|あ	だ|あ:2 だあ:2	train=4
だあれ	4	2	だ|あれ	だ|あれ:2 だあれ:2	train=4
つくせば	4	2	つくせ|ば	つくせ|ば:2 つくせば:2	train=4
できなくなった	4	2	できなくなった	できなくなった:2 できなく|なった:2	train=4
なんなん	4	2	なんな|ん	なんな|ん:2 なんなん:2	train=4
にて	4	2	に|て	に|て:2 にて:2	train=4
はなれなかった	4	2	は|なれなかった	は|なれなかった:2 はなれなかった:2	train=4
はまったくない	4	2	は|まったくない	は|まったくない:2 はまったくない:1 は|まったく|ない:1	train=4
みんないい	4	2	みんな|いい	みんな|いい:2 みん|な|いい:1 みんないい:1	train=4
もってこい	4	2	もってこい	もってこい:2 もって|こい:2	train=4
もってこいの	4	2	もってこいの	もってこいの:2 もってこい|の:1 もって|こい|の:1	train=4
もらいな	4	2	もらい|な	もらい|な:2 もらいな:2	train=4
やり終えて	4	2	やり|終えて	やり|終えて:2 やり終えて:2	train=4
よお	4	2	よ|お	よ|お:2 よお:2	train=4
アルプス山脈	4	2	アルプス山脈	アルプス山脈:2 アルプス|山脈:2	train=4
インド料理	4	2	インド|料理	インド|料理:2 インド料理:2	train=4
クスの	4	2	クスの	クスの:2 クス|の:2	train=4
バカ者	4	2	バカ者	バカ者:2 バカ|者:2	train=4
一卵性双生児	4	2	一卵性双生児	一卵性双生児:2 一卵性|双生児:2	train=4
一般公開	4	2	一般公開	一般公開:2 一般|公開:2	train=4
三奥様	4	2	三奥様	三奥様:2 三奥|様:2	train=4
五年前	4	2	五|年前	五|年前:2 五年前:1 五年|前:1	train=4
何処か	4	2	何処か	何処か:2 何処|か:2	train=4
作り上げた	4	2	作り|上げた	作り|上げた:2 作り上げた:2	train=4
使いたければ	4	2	使いたけれ|ば	使いたけれ|ば:2 使いたければ:2	train=4
使ってます	4	2	使って|ます	使って|ます:2 使ってます:2	train=4
入国目的	4	2	入国目的	入国目的:2 入国|目的:2	train=4
全速前進	4	2	全速前進	全速前進:2 全速|前進:2	train=4
初仕事	4	2	初|仕事	初|仕事:2 初仕事:2	train=4
原子力発電所	4	2	原子力発電所	原子力発電所:2 原子力|発電所:2	train=4
友好関係	4	2	友好|関係	友好|関係:2 友好関係:2	train=4
売り切れた	4	2	売り切れた	売り切れた:2 売り|切れた:2	train=4
女優さん	4	2	女優|さん	女優|さん:2 女優さん:2	train=4
姉妹都市	4	2	姉妹都市	姉妹都市:2 姉妹|都市:2	train=4
容赦なく	4	2	容赦なく	容赦なく:2 容赦|なく:2	train=4
察する	4	2	察する	察する:2 察|する:2	train=4
強盗事件	4	2	強盗事件	強盗事件:2 強盗|事件:2	train=4
必ずや	4	2	必ずや	必ずや:2 必ず|や:2	train=4
忘れがちで	4	2	忘れ|がちで	忘れ|がちで:2 忘れがちで:2	train=4
忙しくありません	4	2	忙しくありません	忙しくありません:2 忙しく|ありません:2	train=4
押しのけた	4	2	押し|のけた	押し|のけた:2 押し|の|けた:1 押しのけた:1	train=4
昏睡状態	4	2	昏睡状態	昏睡状態:2 昏睡|状態:2	train=4
核実験	4	2	核実験	核実験:2 核|実験:2	train=4
海岸沿い	4	2	海岸沿い	海岸沿い:2 海岸|沿い:2	train=4
無け無し	4	2	無け|無し	無け|無し:2 無け無し:2	train=4
独立記念日	4	2	独立|記念日	独立|記念日:2 独立記念日:2	train=4
王さん	4	2	王|さん	王|さん:2 王さん:2	train=4
現在形	4	2	現在形	現在形:2 現在|形:2	train=4
田舎暮らし	4	2	田舎暮らし	田舎暮らし:2 田舎|暮らし:2	train=4
男らしさ	4	2	男らしさ	男らしさ:2 男|らしさ:2	train=4
相対性理論	4	2	相対性|理論	相対性|理論:2 相対性理論:2	train=4
第13章	4	2	第13章	第13章:2 第|13|章:2	train=4
精一杯だった	4	2	精一杯だった	精一杯だった:2 精一杯|だった:2	train=4
経済状態	4	2	経済状態	経済状態:2 経済|状態:2	train=4
置いてく	4	2	置いて|く	置いて|く:2 置いてく:2	train=4
考えな	4	2	考え|な	考え|な:2 考えな:2	train=4
透明人間	4	2	透明人間	透明人間:2 透明|人間:2	train=4
通りすがり	4	2	通り|すがり	通り|すがり:2 通りすがり:2	train=4
遅くて	4	2	遅くて	遅くて:2 遅く|て:2	train=4
道路地図	4	2	道路地図	道路地図:2 道路|地図:2	train=4
遺憾ながら	4	2	遺憾|ながら	遺憾|ながら:2 遺憾ながら:2	train=4
降りなければ	4	2	降りなけれ|ば	降りなけれ|ば:2 降りなければ:2	train=4
頭痛い	4	2	頭痛い	頭痛い:2 頭痛|い:1 頭|痛い:1	train=4
飛び込んできた	4	2	飛び込んで|きた	飛び込んで|きた:2 飛び込んできた:2	train=4
飛行時間	4	2	飛行時間	飛行時間:2 飛行|時間:2	train=4
麻薬中毒	4	2	麻薬中毒	麻薬中毒:2 麻薬|中毒:2	train=4
お召し上がり下さい	3	2	お|召し上がり下さい	お|召し上がり下さい:1 お召し上がり下さい:1 お召し上がり|下さい:1	train=3
お話し中	3	2	お|話し|中	お|話し|中:1 お話し|中:1 お話し中:1	train=3
こうたいごうたい	3	2	こう|たいごうたい	こう|たいごうたい:1 こうたいごうたい:1 こう|たいごう|たい:1	train=3
ぞっこんな	3	2	ぞっこんな	ぞっこんな:1 ぞっこん|な:1 ぞっ|こんな:1	train=3
まにあった	3	2	ま|に|あった	ま|に|あった:1 まに|あった:1 まにあった:1	train=3
よその	3	2	よ|その	よ|その:1 よそ|の:1 よその:1	train=3
わねえ	3	2	わ|ね|え	わ|ね|え:1 わ|ねえ:1 わねえ:1	train=3
キャ～～	3	2	キャ|～～	キャ|～～:1 キャ～～:1 キャ|～|～:1	train=3
上手くいった	3	2	上手くいった	上手くいった:1 上手く|いった:1 上手|くいった:1	train=3
上手くいってる	3	2	上手くいってる	上手くいってる:1 上手く|いってる:1 上手|くいってる:1	train=3
事なかれ主義	3	2	事なかれ主義	事なかれ主義:1 事なかれ|主義:1 事|なかれ|主義:1	train=3
息子ども	3	2	息|子ども	息|子ども:1 息子|ども:1 息子ども:1	train=3
未決定で	3	2	未決定で	未決定で:1 未|決定|で:1 未決定|で:1	train=3
死にてえ	3	2	死|にてえ	死|にてえ:1 死に|てえ:1 死にてえ:1	train=3
石頭シートウ	3	2	石頭シートウ	石頭シートウ:1 石|頭|シートウ:1 石頭|シートウ:1	train=3
彼女	12602	1	彼女	彼女:12601 |彼女:1	test=92,train=12443,val=67
した	10389	1	した	した:10388 し|た:1	test=82,train=10236,val=71
この	8350	1	この	この:8349 こ|の:1	test=64,train=8235,val=51
ように	2104	1	よう|に	よう|に:2103 ように:1	test=13,train=2077,val=14
自分の	1556	1	自分|の	自分|の:1555 自分の:1	test=12,train=1533,val=11
である	1460	1	で|ある	で|ある:1459 である:1	test=12,train=1436,val=12
我々	1280	1	我々	我々:1279 我|々:1	test=12,train=1257,val=11
だと	1181	1	だ|と	だ|と:1180 だと:1	test=6,train=1157,val=18
できる	1089	1	できる	できる:1088 で|きる:1	test=10,train=1072,val=7
みんな	999	1	みんな	みんな:998 みん|な:1	test=7,train=985,val=7
と思う	985	1	と|思う	と|思う:984 と思う:1	test=8,train=973,val=4
がない	941	1	が|ない	が|ない:940 がない:1	test=6,train=927,val=8
なら	796	1	なら	なら:795 な|ら:1	test=5,train=787,val=4
がいい	780	1	が|いい	が|いい:779 がいい:1	test=3,train=771,val=6
すぐに	778	1	すぐ|に	すぐ|に:777 すぐに:1	test=4,train=771,val=3
しない	648	1	しない	しない:647 し|ない:1	test=5,train=639,val=4
行って	642	1	行って	行って:641 行っ|て:1	test=7,train=632,val=3
の方	509	1	の|方	の|方:508 の方:1	test=4,train=500,val=5
いった	494	1	いった	いった:493 い|った:1	test=7,train=484,val=3
にした	463	1	に|した	に|した:462 にした:1	test=4,train=456,val=3
の話	454	1	の|話	の|話:453 の話:1	test=3,train=449,val=2
人々	418	1	人々	人々:417 人|々:1	test=4,train=412,val=2
どちら	412	1	どちら	どちら:411 |どちら:1	test=1,train=407,val=4
しか	370	1	しか	しか:369 し|か:1	test=2,train=364,val=4
にする	342	1	に|する	に|する:341 にする:1	test=1,train=335,val=6
よね	316	1	よ|ね	よ|ね:315 よね:1	test=2,train=311,val=3
したん	282	1	した|ん	した|ん:281 したん:1	test=1,train=278,val=3
できた	266	1	できた	できた:265 で|きた:1	test=3,train=262,val=1
される	243	1	される	される:242 さ|れる:1	train=238,val=5
なし	237	1	なし	なし:236 な|し:1	test=4,train=232,val=1
できなかった	209	1	できなかった	できなかった:208 で|きなかった:1	train=207,val=2
にあった	198	1	に|あった	に|あった:197 にあった:1	test=2,train=194,val=2
おかげ	183	1	おかげ	おかげ:182 お|かげ:1	test=1,train=180,val=2
ねえ	181	1	ねえ	ねえ:180 ね|え:1	test=2,train=179
あと	169	1	あと	あと:168 あ|と:1	test=4,train=163,val=2
のおかげ	164	1	の|おかげ	の|おかげ:163 のおかげ:1	train=162,val=2
できて	159	1	できて	できて:158 で|きて:1	test=3,train=156
会いに	157	1	会い|に	会い|に:156 会いに:1	train=155,val=2
今の	147	1	今|の	今|の:146 今の:1	train=145,val=2
あって	146	1	あって	あって:145 あっ|て:1	test=1,train=145
とする	144	1	と|する	と|する:143 とする:1	train=143,val=1
後で	142	1	後|で	後|で:141 後で:1	train=142
はっきり	131	1	はっきり	はっきり:130 は|っきり:1	train=130,val=1
を作った	127	1	を|作った	を|作った:126 を作った:1	test=1,train=126
もん	124	1	もん	もん:123 も|ん:1	train=124
出かけた	119	1	出かけた	出かけた:118 出|かけた:1	test=3,train=115,val=1
になりました	117	1	に|なりました	に|なりました:116 になりました:1	test=2,train=114,val=1
もって	112	1	もって	もって:111 も|って:1	train=110,val=2
になるだろう	108	1	に|なるだろう	に|なるだろう:107 になるだろう:1	test=1,train=107
はなく	108	1	は|なく	は|なく:107 はなく:1	test=1,train=106,val=1
思い出す	107	1	思い出す	思い出す:106 思い|出す:1	test=1,train=106
がいた	105	1	が|いた	が|いた:104 がいた:1	train=105
しょうか	101	1	しょう|か	しょう|か:100 しょうか:1	train=99,val=2
の意味	96	1	の|意味	の|意味:95 の意味:1	train=94,val=2
はできない	96	1	は|できない	は|できない:95 はできない:1	train=95,val=1
が気	95	1	が|気	が|気:94 が気:1	train=95
何年	94	1	何年	何年:93 何|年:1	test=1,train=91,val=2
を得た	93	1	を|得た	を|得た:92 を得た:1	train=93
が見える	92	1	が|見える	が|見える:91 が見える:1	test=1,train=91
ごめん	92	1	ごめん	ごめん:91 ごめ|ん:1	test=1,train=90,val=1
常に	91	1	常に	常に:90 常|に:1	train=91
いたん	89	1	いた|ん	いた|ん:88 いたん:1	test=2,train=87
何回	89	1	何回	何回:88 何|回:1	test=1,train=88
を出した	88	1	を|出した	を|出した:87 を出した:1	test=1,train=85,val=2
もなかった	86	1	も|なかった	も|なかった:85 もなかった:1	train=85,val=1
を知ってる	85	1	を|知ってる	を|知ってる:84 を知ってる:1	train=85
なったら	83	1	なったら	なったら:82 なった|ら:1	train=83
をとる	81	1	を|とる	を|とる:80 をとる:1	test=2,train=79
電話番号	81	1	電話番号	電話番号:80 電話|番号:1	train=80,val=1
大丈夫です	80	1	大丈夫です	大丈夫です:79 大丈夫|です:1	train=78,val=2
に行かない	79	1	に|行かない	に|行かない:78 に行かない:1	train=78,val=1
あったら	78	1	あったら	あったら:77 あっ|たら:1	train=78
入ってる	78	1	入ってる	入ってる:77 入って|る:1	train=78
ときどき	77	1	ときどき	ときどき:76 と|きどき:1	test=3,train=73,val=1
を取った	76	1	を|取った	を|取った:75 を取った:1	test=1,train=75
できている	75	1	できて|いる	できて|いる:74 できている:1	test=2,train=73
が入って	74	1	が|入って	が|入って:73 が入って:1	train=74
もかかわらず	73	1	も|かかわらず	も|かかわらず:72 もかかわらず:1	train=72,val=1
もと	73	1	もと	もと:72 も|と:1	train=73
ひとりで	72	1	ひとり|で	ひとり|で:71 ひとりで:1	test=1,train=71
はしない	64	1	は|しない	は|しない:63 はしない:1	train=64
間に合う	64	1	間に合う	間に合う:63 間に|合う:1	train=63,val=1
に行こう	62	1	に|行こう	に|行こう:61 に行こう:1	train=62
を出た	62	1	を|出た	を|出た:61 を出た:1	test=1,train=61
お手伝い	60	1	お手伝い	お手伝い:59 お|手伝い:1	train=60
受け取った	60	1	受け取った	受け取った:59 受け|取った:1	train=60
かかっている	59	1	かかって|いる	かかって|いる:58 かかっている:1	test=1,train=58
マジで	59	1	マジ|で	マジ|で:58 マジで:1	test=1,train=58
話し	59	1	話し	話し:58 話|し:1	train=58,val=1
はいかが	58	1	は|いかが	は|いかが:57 はいかが:1	train=58
にかかって	57	1	に|かかって	に|かかって:56 にかかって:1	test=1,train=56
になるでしょう	57	1	に|なるでしょう	に|なるでしょう:56 になるでしょう:1	test=2,train=55
使い方	57	1	使い方	使い方:56 使い|方:1	train=56,val=1
行くと	57	1	行く|と	行く|と:56 行くと:1	train=57
日曜	56	1	日曜	日曜:55 日|曜:1	test=1,train=54,val=1
手の	55	1	手|の	手|の:54 手の:1	test=1,train=53,val=1
そこの	54	1	そこ|の	そこ|の:53 そこの:1	train=54
が見えます	53	1	が|見えます	が|見えます:52 が見えます:1	train=52,val=1
午前中	53	1	午前中	午前中:52 午前|中:1	test=1,train=52
いつもの	52	1	いつも|の	いつも|の:51 いつもの:1	test=1,train=51
を変えた	52	1	を|変えた	を|変えた:51 を変えた:1	test=1,train=51
一時間	52	1	一時間	一時間:51 一|時間:1	train=52
一般的に	52	1	一般的|に	一般的|に:51 一般的に:1	test=1,train=51
注意深く	52	1	注意深く	注意深く:51 注意|深く:1	train=52
行ってきた	52	1	行って|きた	行って|きた:51 行ってきた:1	train=52
にしない	51	1	に|しない	に|しない:50 にしない:1	train=51
何より	51	1	何|より	何|より:50 何より:1	train=51
待ってて	51	1	待ってて	待ってて:50 待って|て:1	train=51
ままで	50	1	まま|で	まま|で:49 ままで:1	test=1,train=49
寝てる	50	1	寝てる	寝てる:49 寝て|る:1	train=50
実際に	49	1	実際|に	実際|に:48 実際に:1	test=1,train=48
友だち	48	1	友だち	友だち:47 友|だち:1	train=48
けれども	47	1	けれども	けれども:46 けれ|ども:1	test=2,train=45
を見かけた	47	1	を|見かけた	を|見かけた:46 を見かけた:1	train=47
日の	46	1	日|の	日|の:45 日の:1	train=46
が出る	45	1	が|出る	が|出る:44 が出る:1	train=44,val=1
はじめて	45	1	はじめて	はじめて:44 は|じめて:1	test=1,train=44
お宅	44	1	お宅	お宅:43 お|宅:1	train=44
お気に入り	44	1	お気に入り	お気に入り:43 お|気に入り:1	train=43,val=1
にしよう	44	1	に|しよう	に|しよう:43 にしよう:1	train=44
もはや	43	1	もはや	もはや:42 も|はや:1	train=43
くらいです	42	1	くらい|です	くらい|です:41 くらいです:1	train=42
ご覧	42	1	ご覧	ご覧:41 ご|覧:1	train=42
が悪く	41	1	が|悪く	が|悪く:40 が悪く:1	test=3,train=38
すべきで	41	1	すべきで	すべきで:40 すべき|で:1	train=41
知り合った	41	1	知り合った	知り合った:40 知り|合った:1	test=1,train=40
いいこと	40	1	いい|こと	いい|こと:39 いいこと:1	test=1,train=39
慎重に	40	1	慎重|に	慎重|に:39 慎重に:1	test=2,train=37,val=1
無事に	40	1	無事|に	無事|に:39 無事に:1	train=40
ご親切	39	1	ご親切	ご親切:38 ご|親切:1	train=39
に従って	39	1	に|従って	に|従って:38 に従って:1	test=1,train=37,val=1
終わりに	39	1	終わり|に	終わり|に:38 終わりに:1	test=1,train=38
ことって	37	1	こと|って	こと|って:36 ことって:1	train=37
をひいた	36	1	を|ひいた	を|ひいた:35 をひいた:1	train=36
俺達	36	1	俺|達	俺|達:35 俺達:1	train=36
天気予報	36	1	天気予報	天気予報:35 天気|予報:1	train=36
話したい	36	1	話したい	話したい:35 話|したい:1	test=1,train=35
やらない	35	1	やらない	やらない:34 やら|ない:1	train=34,val=1
なにか	34	1	なにか	なにか:33 なに|か:1	test=2,train=31,val=1
要する	34	1	要する	要する:33 要|する:1	test=2,train=32
遅かれ早かれ	34	1	遅かれ|早かれ	遅かれ|早かれ:33 遅かれ早かれ:1	train=34
もんだ	33	1	もん|だ	もん|だ:32 もんだ:1	train=33
前もって	32	1	前もって	前もって:31 前|もって:1	train=32
高くない	32	1	高くない	高くない:31 高く|ない:1	train=32
いろんな	31	1	いろんな	いろんな:30 いろん|な:1	train=31
ため息	31	1	ため息	ため息:30 ため|息:1	train=31
に出かける	31	1	に|出かける	に|出かける:30 に出かける:1	train=31
あなた達	30	1	あなた|達	あなた|達:29 あなた達:1	train=30
にしました	30	1	に|しました	に|しました:29 にしました:1	train=28,val=2
三日	30	1	三日	三日:29 三|日:1	train=30
ある日	29	1	ある|日	ある|日:28 ある日:1	train=29
愚かな	29	1	愚か|な	愚か|な:28 愚かな:1	train=29
愛されて	29	1	愛されて	愛されて:28 愛|されて:1	test=1,train=27,val=1
探してる	29	1	探してる	探してる:28 探して|る:1	train=29
新たな	29	1	新た|な	新た|な:28 新たな:1	test=1,train=28
お休み	28	1	お休み	お休み:27 お|休み:1	train=28
外出して	28	1	外出|して	外出|して:27 外出して:1	train=27,val=1
確かな	28	1	確か|な	確か|な:27 確かな:1	train=27,val=1
飛び込んだ	28	1	飛び込んだ	飛び込んだ:27 飛び|込んだ:1	test=1,train=26,val=1
お仕事	27	1	お仕事	お仕事:26 お|仕事:1	train=27
たって	27	1	たって	たって:26 た|って:1	train=27
持ってます	27	1	持ってます	持ってます:26 持って|ます:1	train=27
このような	26	1	このような	このような:25 この|よう|な:1	train=26
はあった	26	1	は|あった	は|あった:25 はあった:1	train=25,val=1
お住まい	25	1	お住まい	お住まい:24 お|住まい:1	train=25
かろうじて	25	1	かろうじて	かろうじて:24 かろう|じて:1	train=25
が入ってる	25	1	が|入ってる	が|入ってる:24 が入ってる:1	train=25
その上	25	1	その|上	その|上:24 その上:1	test=1,train=24
になれ	25	1	に|なれ	に|なれ:24 になれ:1	test=1,train=24
に行けなかった	25	1	に|行けなかった	に|行けなかった:24 に行けなかった:1	test=1,train=23,val=1
取り戻した	25	1	取り戻した	取り戻した:24 取り|戻した:1	test=1,train=23,val=1
社会的	25	1	社会的	社会的:24 社会|的:1	train=25
そうで	24	1	そう|で	そう|で:23 そうで:1	test=1,train=23
できたら	24	1	できたら	できたら:23 でき|たら:1	train=24
ようだった	24	1	よう|だった	よう|だった:23 ようだった:1	test=1,train=23
平和に	24	1	平和|に	平和|に:23 平和に:1	test=1,train=23
抱きしめた	24	1	抱きしめた	抱きしめた:23 抱き|しめた:1	train=24
正直者	24	1	正直者	正直者:23 正直|者:1	train=24
比べると	24	1	比べる|と	比べる|と:23 比べると:1	test=1,train=23
立ち去った	24	1	立ち去った	立ち去った:23 立ち|去った:1	train=24
親切で	24	1	親切で	親切で:23 親切|で:1	train=24
おやすみ	23	1	おやすみ	おやすみ:22 お|やすみ:1	train=22,val=1
お伺い	23	1	お伺い	お伺い:22 お|伺い:1	train=23
といけません	23	1	と|いけません	と|いけません:22 といけません:1	train=23
どのような	23	1	どのような	どのような:22 どの|よう|な:1	train=23
やってた	23	1	やってた	やってた:22 やって|た:1	train=23
上なく	23	1	上|なく	上|なく:22 上なく:1	train=23
曲は	23	1	曲|は	曲|は:22 曲は:1	train=23
約78人	23	1	約|78人	約|78人:22 約78人:1	train=23
いっつも	22	1	いっつも	いっつも:21 いっつ|も:1	train=21,val=1
でさえ	22	1	で|さえ	で|さえ:21 でさえ:1	train=22
と言ったら	22	1	と|言ったら	と|言ったら:21 と言ったら:1	train=22
に向かった	22	1	に|向かった	に|向かった:21 に向かった:1	train=21,val=1
のど	22	1	のど	のど:21 の|ど:1	train=22
はこう	22	1	は|こう	は|こう:21 はこう:1	train=22
ホントに	22	1	ホント|に	ホント|に:21 ホントに:1	train=22
一人暮らし	22	1	一人暮らし	一人暮らし:21 一人|暮らし:1	train=22
予定通り	22	1	予定|通り	予定|通り:21 予定通り:1	train=22
自己紹介	22	1	自己紹介	自己紹介:21 自己|紹介:1	train=20,val=2
追いかけた	22	1	追いかけた	追いかけた:21 追い|かけた:1	train=22
お祭り	21	1	お祭り	お祭り:20 お|祭り:1	train=21
ご都合	21	1	ご都合	ご都合:20 ご|都合:1	train=21
に入らない	21	1	に|入らない	に|入らない:20 に入らない:1	test=1,train=20
は行かない	21	1	は|行かない	は|行かない:20 は行かない:1	train=21
ひと	21	1	ひと	ひと:20 ひ|と:1	train=21
アメリカ合衆国	21	1	アメリカ合衆国	アメリカ合衆国:20 アメリカ|合衆国:1	train=21
召し上がって	21	1	召し上がって	召し上がって:20 召し|上がって:1	train=21
思い出します	21	1	思い出します	思い出します:20 思い|出します:1	train=21
愚か者	21	1	愚か者	愚か者:20 愚か|者:1	test=1,train=20
手渡した	21	1	手渡した	手渡した:20 手|渡した:1	train=21
約79人	21	1	約|79人	約|79人:20 約79人:1	train=21
美人だ	21	1	美人|だ	美人|だ:20 美人だ:1	test=1,train=20
かわかる	20	1	か|わかる	か|わかる:19 かわかる:1	train=20
にきて	20	1	に|きて	に|きて:19 にきて:1	train=19,val=1
に合わない	20	1	に|合わない	に|合わない:19 に合わない:1	train=20
寒くなって	20	1	寒く|なって	寒く|なって:19 寒くなって:1	train=20
忘れないで	20	1	忘れないで	忘れないで:19 忘れない|で:1	train=20
病気です	20	1	病気|です	病気|です:19 病気です:1	test=1,train=19
通り抜けた	20	1	通り抜けた	通り抜けた:19 通り|抜けた:1	train=20
遠くで	20	1	遠く|で	遠く|で:19 遠くで:1	train=20
間違いなく	20	1	間違い|なく	間違い|なく:19 間違いなく:1	train=20
お祝い	19	1	お祝い	お祝い:18 お|祝い:1	test=1,train=18
さも	19	1	さも	さも:18 さ|も:1	train=19
でする	19	1	で|する	で|する:18 でする:1	train=19
は無い	19	1	は|無い	は|無い:18 は無い:1	train=19
もだ	19	1	も|だ	も|だ:18 もだ:1	train=19
もならない	19	1	も|ならない	も|ならない:18 もならない:1	train=19
一等賞	19	1	一等賞	一等賞:18 一等|賞:1	train=19
中古車	19	1	中古車	中古車:18 中古|車:1	train=19
何語	19	1	何語	何語:18 何|語:1	train=19
受け入れた	19	1	受け入れた	受け入れた:18 受け|入れた:1	train=19
大都市	19	1	大都市	大都市:18 大|都市:1	train=19
好きじゃない	19	1	好きじゃない	好きじゃない:18 好きじゃ|ない:1	train=19
心配だ	19	1	心配だ	心配だ:18 心配|だ:1	train=19
数時間	19	1	数時間	数時間:18 数|時間:1	train=19
日の出	19	1	日の出	日の出:18 日|の|出:1	train=19
見上げた	19	1	見上げた	見上げた:18 見|上げた:1	train=19
誠実さ	19	1	誠実さ	誠実さ:18 誠実|さ:1	train=19
お嬢さん	18	1	お嬢さん	お嬢さん:17 お嬢|さん:1	train=18
お返事	18	1	お返事	お返事:17 お|返事:1	train=18
くるん	18	1	くる|ん	くる|ん:17 くるん:1	train=17,val=1
したよう	18	1	した|よう	した|よう:17 したよう:1	train=17,val=1
よくなる	18	1	よく|なる	よく|なる:17 よくなる:1	train=18
会いたがって	18	1	会いたがって	会いたがって:17 会い|たがって:1	train=18
佐藤博士	18	1	佐藤|博士	佐藤|博士:17 佐藤博士:1	train=18
大きくなった	18	1	大きく|なった	大きく|なった:17 大きくなった:1	train=18
日暮らし	18	1	日暮らし	日暮らし:17 日|暮らし:1	train=18
殺人罪	18	1	殺人罪	殺人罪:17 殺人|罪:1	train=18
逃亡	18	1	逃亡	逃亡:17 |逃亡:1	train=17,val=1
そういった	17	1	そう|いった	そう|いった:16 そういった:1	train=17
そっちは	17	1	そっち|は	そっち|は:16 そっちは:1	train=16,val=1
ねっ	17	1	ねっ	ねっ:16 ね|っ:1	train=17
はやく	17	1	はやく	はやく:16 は|やく:1	test=1,train=16
もつ	17	1	もつ	もつ:16 も|つ:1	train=17
をつくる	17	1	を|つくる	を|つくる:16 をつくる:1	train=17
を集めた	17	1	を|集めた	を|集めた:16 を集めた:1	train=17
受け取って	17	1	受け取って	受け取って:16 受け|取って:1	test=1,train=16
国中	17	1	国中	国中:16 国|中:1	train=17
行かなくちゃ	17	1	行かなくちゃ	行かなくちゃ:16 行かなく|ちゃ:1	train=17
お願いいたします	16	1	お願い|いたします	お願い|いたします:15 お願いいたします:1	train=16
ないよう	16	1	ない|よう	ない|よう:15 ないよう:1	train=15,val=1
の毒	16	1	の|毒	の|毒:15 の毒:1	train=16
まともに	16	1	まとも|に	まとも|に:15 まともに:1	train=16
もらわなければ	16	1	もらわなければ	もらわなければ:15 もらわなけれ|ば:1	train=16
を下ろした	16	1	を|下ろした	を|下ろした:15 を下ろした:1	train=16
んなら	16	1	ん|なら	ん|なら:15 んなら:1	test=1,train=15
使い果たした	16	1	使い果たした	使い果たした:15 使い|果たした:1	train=16
大騒ぎ	16	1	大騒ぎ	大騒ぎ:15 大|騒ぎ:1	train=15,val=1
好きでした	16	1	好きでした	好きでした:15 好き|でした:1	train=16
悪くて	16	1	悪くて	悪くて:15 悪く|て:1	train=16
正しくない	16	1	正しくない	正しくない:15 正しく|ない:1	test=1,train=14,val=1
約7人	16	1	約|7人	約|7人:15 約7人:1	train=16
読み終えた	16	1	読み終えた	読み終えた:15 読み|終えた:1	train=16
読み終わった	16	1	読み終わった	読み終わった:15 読み|終わった:1	train=16
くれてる	15	1	くれてる	くれてる:14 くれて|る:1	test=1,train=14
この先	15	1	この|先	この|先:14 この先:1	train=15
ご協力	15	1	ご協力	ご協力:14 ご|協力:1	train=15
ご迷惑	15	1	ご迷惑	ご迷惑:14 ご|迷惑:1	train=15
さんっ	15	1	さん|っ	さん|っ:14 さんっ:1	train=15
ないし	15	1	ない|し	ない|し:14 ないし:1	train=15
に合った	15	1	に|合った	に|合った:14 に合った:1	test=1,train=14
やつら	15	1	やつら	やつら:14 やつ|ら:1	train=15
会えば	15	1	会えば	会えば:14 会え|ば:1	train=15
何らか	15	1	何らか	何らか:14 何ら|か:1	train=15
何度か	15	1	何度|か	何度|か:14 何度か:1	train=15
嫌って	15	1	嫌って	嫌って:14 嫌|って:1	train=15
安心して	15	1	安心|して	安心|して:14 安心して:1	train=15
広大な	15	1	広大|な	広大|な:14 広大な:1	train=15
建設中	15	1	建設|中	建設|中:14 建設中:1	train=15
徹底的に	15	1	徹底的|に	徹底的|に:14 徹底的に:1	train=15
心配事	15	1	心配事	心配事:14 心配|事:1	train=15
携帯電話	15	1	携帯電話	携帯電話:14 携帯|電話:1	train=14,val=1
旦那様	15	1	旦那様	旦那様:14 旦那|様:1	train=15
瀧くん	15	1	瀧|くん	瀧|くん:14 瀧くん:1	train=15
第48章	15	1	第48章	第48章:14 第|48|章:1	train=15
約72人	15	1	約|72人	約|72人:14 約72人:1	train=15
いただける	14	1	いただける	いただける:13 いただけ|る:1	train=14
おかしな	14	1	おかしな	おかしな:13 おかし|な:1	train=14
お便り	14	1	お便り	お便り:13 お|便り:1	train=14
お取りください	14	1	お取りください	お取りください:13 お|取りください:1	train=14
お薬	14	1	お薬	お薬:13 お|薬:1	train=14
お返し	14	1	お返し	お返し:13 お|返し:1	test=1,train=13
お～い	14	1	お～い	お～い:13 お|～|い:1	train=14
くるんだ	14	1	くる|ん|だ	くる|ん|だ:13 くるんだ:1	train=13,val=1
ご覧なさい	14	1	ご覧|なさい	ご覧|なさい:13 ご覧なさい:1	train=14
するなら	14	1	するなら	するなら:13 する|なら:1	train=13,val=1
せっせと	14	1	せっせと	せっせと:13 せっせ|と:1	test=1,train=12,val=1
どうに	14	1	どう|に	どう|に:13 どうに:1	train=14
にあう	14	1	に|あう	に|あう:13 にあう:1	train=13,val=1
のうわさ	14	1	の|うわさ	の|うわさ:13 のうわさ:1	train=14
は思わなかった	14	1	は|思わなかった	は|思わなかった:13 は思わなかった:1	test=1,train=13
は～い	14	1	は～い	は～い:13 は|～|い:1	train=14
ものすごく	14	1	ものすごく	ものすごく:13 もの|すごく:1	train=14
を見つめた	14	1	を|見つめた	を|見つめた:13 を見つめた:1	test=1,train=13
クリスマスカード	14	1	クリスマスカード	クリスマスカード:13 クリスマス|カード:1	train=14
三回	14	1	三回	三回:13 三|回:1	test=1,train=13
具体的に	14	1	具体的|に	具体的|に:13 具体的に:1	train=14
出たん	14	1	出た|ん	出た|ん:13 出たん:1	train=14
大喜び	14	1	大喜び	大喜び:13 大|喜び:1	train=14
山ほど	14	1	山|ほど	山|ほど:13 山ほど:1	train=14
文法的	14	1	文法的	文法的:13 文法|的:1	train=13,val=1
第72章	14	1	第|72|章	第|72|章:13 第72章:1	train=14
言うか	14	1	言う|か	言う|か:13 言うか:1	test=1,train=13
貧乏だった	14	1	貧乏だった	貧乏だった:13 貧乏|だった:1	train=14
走り出した	14	1	走り出した	走り出した:13 走り|出した:1	train=14
高速道路	14	1	高速道路	高速道路:13 高速|道路:1	train=14
お巡りさん	13	1	お巡りさん	お巡りさん:12 お巡り|さん:1	train=12,val=1
お行儀	13	1	お行儀	お行儀:12 お|行儀:1	train=13
が出ました	13	1	が|出ました	が|出ました:12 が出ました:1	train=13
が無かった	13	1	が|無かった	が|無かった:12 が無かった:1	train=13
ご出身	13	1	ご出身	ご出身:12 ご|出身:1	test=1,train=12
したわ	13	1	した|わ	した|わ:12 したわ:1	train=13
しろって	13	1	しろ|って	しろ|って:12 しろって:1	train=13
に入れました	13	1	に|入れました	に|入れました:12 に入れました:1	train=13
に慣れた	13	1	に|慣れた	に|慣れた:12 に慣れた:1	train=13
みなした	13	1	みなした	みなした:12 み|な|した:1	test=1,train=12
全面的	13	1	全面的	全面的:12 全面|的:1	train=13
出ていけ	13	1	出て|いけ	出て|いけ:12 出ていけ:1	train=13
切らして	13	1	切らして	切らして:12 切ら|し|て:1	train=13
反する	13	1	反する	反する:12 反|する:1	train=13
取り組んで	13	1	取り組んで	取り組んで:12 取り|組んで:1	train=13
巻き込まれた	13	1	巻き込まれた	巻き込まれた:12 巻き|込まれた:1	train=13
年老いた	13	1	年老いた	年老いた:12 年|老いた:1	train=13
引き継いだ	13	1	引き継いだ	引き継いだ:12 引き|継いだ:1	train=13
思い出させる	13	1	思い出させる	思い出させる:12 思い出|させる:1	train=13
探偵小説	13	1	探偵|小説	探偵|小説:12 探偵小説:1	train=13
歌いながら	13	1	歌いながら	歌いながら:12 歌い|ながら:1	train=13
無理やり	13	1	無理やり	無理やり:12 無理|やり:1	train=13
申し訳ない	13	1	申し訳ない	申し訳ない:12 申し訳|ない:1	train=13
男子生徒	13	1	男子|生徒	男子|生徒:12 男子生徒:1	train=13
笑い者	13	1	笑い者	笑い者:12 笑い|者:1	train=13
遅くなった	13	1	遅く|なった	遅く|なった:12 遅くなった:1	train=13
飲んでた	13	1	飲んでた	飲んでた:12 飲んで|た:1	train=13
あっている	12	1	あって|いる	あって|いる:11 あっている:1	train=12
いろいろと	12	1	いろいろ|と	いろいろ|と:11 いろいろと:1	train=12
お住まいです	12	1	お住まい|です	お住まい|です:11 お住まいです:1	train=12
お呼び	12	1	お呼び	お呼び:11 お|呼び:1	train=12
お尋ね	12	1	お尋ね	お尋ね:11 お|尋ね:1	train=12
お帰り	12	1	お帰り	お帰り:11 お|帰り:1	test=1,train=11
お考え	12	1	お考え	お考え:11 お|考え:1	train=12
お越しください	12	1	お越しください	お越しください:11 お越し|ください:1	train=12
したがる	12	1	したがる	したがる:11 した|がる:1	test=1,train=11
に着きます	12	1	に|着きます	に|着きます:11 に着きます:1	train=12
みること	12	1	みる|こと	みる|こと:11 みること:1	train=12
やっていける	12	1	やって|いける	やって|いける:11 やっていける:1	train=12
一気に	12	1	一気|に	一気|に:11 一気に:1	train=12
俺ら	12	1	俺ら	俺ら:11 俺|ら:1	train=12
分かってた	12	1	分かってた	分かってた:11 分かって|た:1	train=12
助けなければ	12	1	助けなければ	助けなければ:11 助けなけれ|ば:1	train=12
外した	12	1	外した	外した:11 外|した:1	train=12
安全だ	12	1	安全だ	安全だ:11 安全|だ:1	train=12
弟さん	12	1	弟さん	弟さん:11 弟|さん:1	train=12
心臓発作	12	1	心臓発作	心臓発作:11 心臓|発作:1	test=1,train=11
払わなければ	12	1	払わなければ	払わなければ:11 払わなけれ|ば:1	train=12
日ごと	12	1	日|ごと	日|ごと:11 日ごと:1	train=12
書き終えた	12	1	書き終えた	書き終えた:11 書き|終えた:1	train=12
礼儀正しく	12	1	礼儀|正しく	礼儀|正しく:11 礼儀正しく:1	train=12
第67章	12	1	第67章	第67章:11 第|67|章:1	train=12
考えてた	12	1	考えてた	考えてた:11 考えて|た:1	train=12
赤くなった	12	1	赤く|なった	赤く|なった:11 赤くなった:1	train=12
起きたら	12	1	起きたら	起きたら:11 起き|たら:1	train=12
降り続いた	12	1	降り続いた	降り続いた:11 降り|続いた:1	train=12
いただいても	11	1	いただいて|も	いただいて|も:10 いただいても:1	train=11
いただければ	11	1	いただければ	いただければ:10 いただけれ|ば:1	train=11
お使い	11	1	お使い	お使い:10 お|使い:1	test=1,train=10
お寿司	11	1	お寿司	お寿司:10 お|寿司:1	train=10,val=1
お聞かせください	11	1	お聞かせください	お聞かせください:10 お|聞かせください:1	train=11
かわいそうな	11	1	かわいそう|な	かわいそう|な:10 かわいそうな:1	train=11
がちだ	11	1	がちだ	がちだ:10 が|ち|だ:1	train=11
そいつら	11	1	そいつら	そいつら:10 そいつ|ら:1	train=11
ついてない	11	1	ついてない	ついてない:10 ついて|ない:1	train=11
どいつ	11	1	どいつ	どいつ:10 ど|いつ:1	train=11
はだめ	11	1	は|だめ	は|だめ:10 はだめ:1	train=11
もうじき	11	1	もう|じき	もう|じき:10 もうじき:1	train=11
よっ	11	1	よっ	よっ:10 よ|っ:1	train=11
イスラム教徒	11	1	イスラム教徒	イスラム教徒:10 イスラム|教徒:1	test=1,train=10
カッコいい	11	1	カッコ|いい	カッコ|いい:10 カッコいい:1	train=11
スピード違反	11	1	スピード|違反	スピード|違反:10 スピード違反:1	train=11
ヘブライ語	11	1	ヘブライ語	ヘブライ語:10 ヘブライ|語:1	train=11
ヨーロッパ人	11	1	ヨーロッパ人	ヨーロッパ人:10 ヨーロッパ|人:1	train=11
一曲	11	1	一曲	一曲:10 一|曲:1	train=10,val=1
亡くなって	11	1	亡くなって	亡くなって:10 亡く|なって:1	train=11
使わなければ	11	1	使わなければ	使わなければ:10 使わなけれ|ば:1	train=11
出てた	11	1	出てた	出てた:10 出て|た:1	train=11
同然で	11	1	同然|で	同然|で:10 同然で:1	train=11
夢中です	11	1	夢中です	夢中です:10 夢中|です:1	train=11
年上だ	11	1	年上|だ	年上|だ:10 年上だ:1	train=11
手当たり次第	11	1	手当たり|次第	手当たり|次第:10 手当たり次第:1	test=1,train=10
抜け出した	11	1	抜け出した	抜け出した:10 抜け|出した:1	train=11
持ち合わせて	11	1	持ち合わせて	持ち合わせて:10 持ち|合わせて:1	test=1,train=10
撃つな	11	1	撃つ|な	撃つ|な:10 撃つな:1	train=11
最終バス	11	1	最終|バス	最終|バス:10 最終バス:1	train=11
株式市場	11	1	株式市場	株式市場:10 株式|市場:1	train=11
模型飛行機	11	1	模型|飛行機	模型|飛行機:10 模型飛行機:1	train=11
注意深い	11	1	注意深い	注意深い:10 注意|深い:1	train=11
清潔に	11	1	清潔|に	清潔|に:10 清潔に:1	train=11
物覚え	11	1	物覚え	物覚え:10 物|覚え:1	train=11
生き残った	11	1	生き残った	生き残った:10 生き|残った:1	test=1,train=10
生じる	11	1	生じる	生じる:10 生じ|る:1	train=10,val=1
申し分ない	11	1	申し分|ない	申し分|ない:10 申し分ない:1	train=10,val=1
私ども	11	1	私|ども	私|ども:10 私ども:1	train=11
第44章	11	1	第44章	第44章:10 第|44|章:1	train=11
第45章	11	1	第45章	第45章:10 第|45|章:1	train=11
第53章	11	1	第53章	第53章:10 第|53|章:1	train=11
第57章	11	1	第57章	第57章:10 第|57|章:1	train=11
第62章	11	1	第62章	第62章:10 第|62|章:1	train=11
表した	11	1	表した	表した:10 表|した:1	train=11
読み終えました	11	1	読み終えました	読み終えました:10 読み|終えました:1	train=11
長くて	11	1	長くて	長くて:10 長く|て:1	train=10,val=1
間に合います	11	1	間に合います	間に合います:10 間に|合います:1	train=11
ああ～	10	1	ああ|～	ああ|～:9 ああ～:1	test=1,train=9
あちらこちら	10	1	あちら|こちら	あちら|こちら:9 あちらこちら:1	train=9,val=1
あら捜し	10	1	あら|捜し	あら|捜し:9 あら捜し:1	train=10
いうと	10	1	いう|と	いう|と:9 いうと:1	train=10
うわ～っ	10	1	うわ|～|っ	うわ|～|っ:9 うわ～っ:1	train=10
うんと	10	1	うんと	うんと:9 うん|と:1	train=10
お入りください	10	1	お入りください	お入りください:9 お|入りください:1	train=10
お砂糖	10	1	お砂糖	お砂糖:9 お|砂糖:1	test=1,train=9
かなった	10	1	かなった	かなった:9 か|なった:1	train=10
しすぎ	10	1	しすぎ	しすぎ:9 し|すぎ:1	train=10
なりつつある	10	1	なりつつある	なりつつある:9 なり|つつ|ある:1	train=10
なんだか	10	1	なん|だ|か	なん|だ|か:9 なんだか:1	train=10
につないで	10	1	に|つないで	に|つないで:9 につないで:1	train=10
はよせ	10	1	は|よせ	は|よせ:9 はよせ:1	test=1,train=9
をかけない	10	1	を|かけない	を|かけない:9 をかけない:1	train=9,val=1
ウソつき	10	1	ウソつき	ウソつき:9 ウソ|つき:1	test=1,train=9
キャ～	10	1	キャ|～	キャ|～:9 キャ～:1	train=10
サッカー選手	10	1	サッカー|選手	サッカー|選手:9 サッカー選手:1	train=10
テニス部	10	1	テニス|部	テニス|部:9 テニス部:1	train=10
ブタ野郎	10	1	ブタ|野郎	ブタ|野郎:9 ブタ野郎:1	test=1,train=9
仮に	10	1	仮に	仮に:9 仮|に:1	train=10
入ってた	10	1	入ってた	入ってた:9 入って|た:1	train=10
召し上がれ	10	1	召し上がれ	召し上がれ:9 召し|上がれ:1	train=10
売れ行き	10	1	売れ行き	売れ行き:9 売れ|行き:1	train=10
左足	10	1	左足	左足:9 左|足:1	train=10
幸福です	10	1	幸福です	幸福です:9 幸福|です:1	train=10
彼女ら	10	1	彼女ら	彼女ら:9 彼女|ら:1	train=10
思い出させた	10	1	思い出させた	思い出させた:9 思い出|させた:1	train=10
数日前	10	1	数日|前	数日|前:9 数日前:1	train=10
欲しいなら	10	1	欲しいなら	欲しいなら:9 欲しい|なら:1	train=10
瀕して	10	1	瀕して	瀕して:9 瀕|して:1	test=1,train=9
無ければ	10	1	無ければ	無ければ:9 無けれ|ば:1	train=10
留守だ	10	1	留守|だ	留守|だ:9 留守だ:1	train=10
禁煙席	10	1	禁煙席	禁煙席:9 禁煙|席:1	train=10
第10章	10	1	第|10|章	第|10|章:9 第10章:1	train=10
第64章	10	1	第64章	第64章:9 第|64|章:1	train=10
第76章	10	1	第76章	第76章:9 第|76|章:1	train=10
置いたっけ	10	1	置いた|っけ	置いた|っけ:9 置いたっけ:1	train=10
葵さん	10	1	葵|さん	葵|さん:9 葵さん:1	train=10
解決法	10	1	解決法	解決法:9 解決|法:1	train=9,val=1
貧乏で	10	1	貧乏で	貧乏で:9 貧乏|で:1	train=10
賭け事	10	1	賭け事	賭け事:9 賭け|事:1	train=10
辛抱強く	10	1	辛抱強く	辛抱強く:9 辛抱|強く:1	train=10
述べる	10	1	述べる	述べる:9 述べ|る:1	train=10
金持ちだった	10	1	金持ち|だった	金持ち|だった:9 金持ちだった:1	train=10
黙ってて	10	1	黙ってて	黙ってて:9 黙って|て:1	train=10
あの世	9	1	あの世	あの世:8 あの|世:1	train=9
あれほど	9	1	あれ|ほど	あれ|ほど:8 あれほど:1	train=9
あッ	9	1	あッ	あッ:8 あ|ッ:1	train=9
いいかげんに	9	1	いいかげん|に	いいかげん|に:8 いいかげんに:1	train=9
いっせいに	9	1	いっせいに	いっせいに:8 いっせい|に:1	train=8,val=1
おやすみなさい	9	1	おやすみなさい	おやすみなさい:8 お|やすみ|なさい:1	train=9
お塩	9	1	お塩	お塩:8 お|塩:1	train=9
お言葉	9	1	お言葉	お言葉:8 お|言葉:1	train=9
がつかなかった	9	1	が|つかなかった	が|つかなかった:8 がつかなかった:1	train=9
ご滞在	9	1	ご滞在	ご滞在:8 ご|滞在:1	train=9
といいます	9	1	と|いいます	と|いいます:8 といいます:1	train=9
にいれた	9	1	に|いれた	に|いれた:8 にいれた:1	train=9
ぴったりだ	9	1	ぴったりだ	ぴったりだ:8 ぴったり|だ:1	train=9
もみなかった	9	1	も|みなかった	も|みなかった:8 もみなかった:1	train=9
よくなるでしょう	9	1	よく|なるでしょう	よく|なるでしょう:8 よくなるでしょう:1	train=9
トルメキア兵	9	1	トルメキア|兵	トルメキア|兵:8 トルメキア兵:1	train=9
ホラー映画	9	1	ホラー|映画	ホラー|映画:8 ホラー映画:1	train=9
会ってない	9	1	会ってない	会ってない:8 会って|ない:1	train=9
修理中	9	1	修理|中	修理|中:8 修理中:1	train=9
取って代わった	9	1	取って|代わった	取って|代わった:8 取って代わった:1	train=9
吸ってる	9	1	吸ってる	吸ってる:8 吸って|る:1	train=9
吹き飛ばされた	9	1	吹き飛ばされた	吹き飛ばされた:8 吹き|飛ばされた:1	train=9
哺乳動物	9	1	哺乳動物	哺乳動物:8 哺乳|動物:1	train=9
奪い取った	9	1	奪い取った	奪い取った:8 奪い|取った:1	train=9
女子供	9	1	女|子供	女|子供:8 女子供:1	train=9
始発列車	9	1	始発|列車	始発|列車:8 始発列車:1	train=9
姫さま	9	1	姫さま	姫さま:8 姫|さま:1	train=9
家出	9	1	家出	家出:8 家|出:1	train=9
彼らしい	9	1	彼|らしい	彼|らしい:8 彼らしい:1	train=9
微笑みながら	9	1	微笑みながら	微笑みながら:8 微笑み|ながら:1	train=9
急いでない	9	1	急いでない	急いでない:8 急いで|ない:1	train=9
持てば	9	1	持てば	持てば:8 持て|ば:1	train=9
数ヶ月	9	1	数ヶ月	数ヶ月:8 数|ヶ月:1	test=1,train=8
曲がれば	9	1	曲がれば	曲がれば:8 曲がれ|ば:1	train=9
歩き続けた	9	1	歩き続けた	歩き続けた:8 歩き|続けた:1	test=1,train=8
水の泡	9	1	水|の|泡	水|の|泡:8 水の泡:1	train=9
無駄で	9	1	無駄で	無駄で:8 無駄|で:1	train=9
疲れてた	9	1	疲れてた	疲れてた:8 疲れて|た:1	train=9
第14章	9	1	第|14|章	第|14|章:8 第14章:1	train=9
第43章	9	1	第43章	第43章:8 第|43|章:1	train=9
第59章	9	1	第59章	第59章:8 第|59|章:1	train=9
約束通り	9	1	約束|通り	約束|通り:8 約束通り:1	test=1,train=8
絶え間ない	9	1	絶え間ない	絶え間ない:8 絶え間|ない:1	train=9
肉体的	9	1	肉体的	肉体的:8 肉体|的:1	train=9
自由だ	9	1	自由だ	自由だ:8 自由|だ:1	train=9
言ってました	9	1	言ってました	言ってました:8 言って|ました:1	train=8,val=1
話しましょう	9	1	話しましょう	話しましょう:8 話|しましょう:1	train=9
読まなければ	9	1	読まなければ	読まなければ:8 読まなけれ|ば:1	train=9
読み書き	9	1	読み書き	読み書き:8 読み|書き:1	train=9
買い物客	9	1	買い物客	買い物客:8 買い物|客:1	train=9
飲料水	9	1	飲料水	飲料水:8 飲料|水:1	train=9
首尾よく	9	1	首尾|よく	首尾|よく:8 首尾よく:1	train=9
うまくいかない	8	1	うまく|いかない	うまく|いかない:7 うまくいかない:1	train=8
おおきな	8	1	おおきな	おおきな:7 おおき|な:1	train=8
おまわりさん	8	1	おまわりさん	おまわりさん:7 おまわり|さん:1	train=8
お化け屋敷	8	1	お化け屋敷	お化け屋敷:7 お化け|屋敷:1	train=8
お大事に	8	1	お大事|に	お大事|に:7 お大事に:1	train=7,val=1
お決まり	8	1	お決まり	お決まり:7 お|決まり:1	train=8
お知り合い	8	1	お知り合い	お知り合い:7 お|知り合い:1	train=8
かけ忘れた	8	1	かけ忘れた	かけ忘れた:7 かけ|忘れた:1	train=8
けが人	8	1	けが人	けが人:7 けが|人:1	train=8
こないで	8	1	こないで	こないで:7 こない|で:1	train=8
ご招待	8	1	ご招待	ご招待:7 ご|招待:1	train=8
ご紹介	8	1	ご紹介	ご紹介:7 ご|紹介:1	train=8
し続けて	8	1	し続けて	し続けて:7 し|続けて:1	train=8
だったらしい	8	1	だったらしい	だったらしい:7 だった|らしい:1	train=8
だもの	8	1	だ|もの	だ|もの:7 だもの:1	train=8
でかけた	8	1	でかけた	でかけた:7 で|かけた:1	train=8
でなかった	8	1	でなかった	でなかった:7 で|なかった:1	train=8
とります	8	1	とります	とります:7 と|ります:1	train=8
に乗ってた	8	1	に|乗ってた	に|乗ってた:7 に乗ってた:1	train=8
もらったら	8	1	もらったら	もらったら:7 もらっ|たら:1	train=8
よッ	8	1	よ|ッ	よ|ッ:7 よッ:1	train=8
仕上げる	8	1	仕上げる	仕上げる:7 仕上げ|る:1	test=1,train=6,val=1
何曜日	8	1	何曜日	何曜日:7 何|曜日:1	train=8
入れれば	8	1	入れれば	入れれば:7 入れれ|ば:1	train=8
取りかかった	8	1	取りかかった	取りかかった:7 取り|かかった:1	train=8
四方八方	8	1	四方八方	四方八方:7 四方|八方:1	train=8
宰相殿	8	1	宰相殿	宰相殿:7 宰相|殿:1	train=8
密かに	8	1	密か|に	密か|に:7 密かに:1	train=7,val=1
尽くさなければならない	8	1	尽くさなければ|ならない	尽くさなければ|ならない:7 尽くさなければならない:1	train=8
帰した	8	1	帰した	帰した:7 帰|した:1	train=8
帰宅途中	8	1	帰宅|途中	帰宅|途中:7 帰宅途中:1	train=8
当てはまらない	8	1	当てはまらない	当てはまらない:7 当て|はまらない:1	train=8
後ろ戸	8	1	後ろ戸	後ろ戸:7 後ろ|戸:1	train=8
怒ってない	8	1	怒ってない	怒ってない:7 怒って|ない:1	train=8
恐れ入ります	8	1	恐れ入ります	恐れ入ります:7 恐れ|入ります:1	train=8
手の内	8	1	手|の|内	手|の|内:7 手の内:1	test=1,train=7
検討中	8	1	検討|中	検討|中:7 検討中:1	train=8
海外留学	8	1	海外|留学	海外|留学:7 海外留学:1	train=8
無いの	8	1	無い|の	無い|の:7 無いの:1	train=8
無駄です	8	1	無駄です	無駄です:7 無駄|です:1	train=8
生きられないだろう	8	1	生きられないだろう	生きられないだろう:7 生き|られないだろう:1	train=8
答えられなかった	8	1	答えられなかった	答えられなかった:7 答え|られなかった:1	train=8
結婚前	8	1	結婚|前	結婚|前:7 結婚前:1	train=8
若ければ	8	1	若ければ	若ければ:7 若けれ|ば:1	train=8
触れないで	8	1	触れないで	触れないで:7 触れない|で:1	train=8
話すよう	8	1	話す|よう	話す|よう:7 話すよう:1	train=8
読み方	8	1	読み方	読み方:7 読み|方:1	train=8
読んでた	8	1	読んでた	読んでた:7 読んで|た:1	train=8
調査中	8	1	調査|中	調査|中:7 調査中:1	train=8
貧乏人	8	1	貧乏人	貧乏人:7 貧乏|人:1	train=8
赤々と	8	1	赤々|と	赤々|と:7 赤々と:1	train=8
走りながら	8	1	走りながら	走りながら:7 走り|ながら:1	train=8
通り過ぎて	8	1	通り過ぎて	通り過ぎて:7 通り|過ぎて:1	train=8
遅すぎる	8	1	遅すぎる	遅すぎる:7 遅|すぎる:1	train=8
食べたく	8	1	食べたく	食べたく:7 食べた|く:1	train=8
食べてます	8	1	食べてます	食べてます:7 食べて|ます:1	train=8
食べ過ぎない	8	1	食べ過ぎない	食べ過ぎない:7 食べ|過ぎない:1	train=8
あげられる	7	1	あげられる	あげられる:6 あげ|られる:1	train=7
いたいの	7	1	いたい|の	いたい|の:6 いたいの:1	train=7
いつごろ	7	1	いつごろ	いつごろ:6 いつ|ごろ:1	train=7
いやしない	7	1	いや|しない	いや|しない:6 いやしない:1	train=7
お出で	7	1	お出で	お出で:6 お|出で:1	train=7
お探し	7	1	お探し	お探し:6 お|探し:1	train=7
お書きください	7	1	お書きください	お書きください:6 お|書きください:1	train=7
お飲み	7	1	お飲み	お飲み:6 お|飲み:1	train=7
がちで	7	1	がちで	がちで:6 がち|で:1	train=7
が付く	7	1	が|付く	が|付く:6 が付く:1	train=7
くれば	7	1	くれば	くれば:6 くれ|ば:1	train=7
ここら辺	7	1	ここら辺	ここら辺:6 ここら|辺:1	train=7
これからも	7	1	これ|から|も	これ|から|も:6 これからも:1	train=6,val=1
させていただきます	7	1	させていただきます	させていただきます:6 させて|いただきます:1	train=7
しがちだ	7	1	しがちだ	しがちだ:6 し|がちだ:1	train=7
したければ	7	1	したければ	したければ:6 したけれ|ば:1	train=7
するであろう	7	1	するで|あろう	するで|あろう:6 するであろう:1	train=7
だったっけ	7	1	だった|っけ	だった|っけ:6 だったっけ:1	train=7
ではありませんでした	7	1	で|は|ありませんでした	で|は|ありませんでした:6 ではありませんでした:1	train=7
ともかく	7	1	ともかく	ともかく:6 と|もかく:1	train=7
とれば	7	1	とれば	とれば:6 とれ|ば:1	train=7
なすが	7	1	なす|が	なす|が:6 なすが:1	train=7
なり始めた	7	1	なり始めた	なり始めた:6 なり|始めた:1	train=7
にいかない	7	1	に|いかない	に|いかない:6 にいかない:1	train=7
にさわった	7	1	に|さわった	に|さわった:6 にさわった:1	train=7
になれた	7	1	に|なれた	に|なれた:6 になれた:1	train=7
にもたれて	7	1	に|もたれて	に|もたれて:6 にもたれて:1	train=7
のけた	7	1	のけた	のけた:6 の|けた:1	train=7
は及ばない	7	1	は|及ばない	は|及ばない:6 は及ばない:1	train=7
ほどよく	7	1	ほど|よく	ほど|よく:6 ほどよく:1	train=7
ほど遠い	7	1	ほど遠い	ほど遠い:6 ほど|遠い:1	train=7
もて	7	1	もて	もて:6 も|て:1	train=6,val=1
もや	7	1	もや	もや:6 も|や:1	train=7
わしら	7	1	わしら	わしら:6 わし|ら:1	train=7
イタリア料理	7	1	イタリア料理	イタリア料理:6 イタリア|料理:1	train=6,val=1
エボシさま	7	1	エボシさま	エボシさま:6 エボシ|さま:1	train=7
コンピューターゲーム	7	1	コンピューターゲーム	コンピューターゲーム:6 コンピューター|ゲーム:1	train=7
タタリ神	7	1	タタリ神	タタリ神:6 タタリ|神:1	train=7
バス通学	7	1	バス|通学	バス|通学:6 バス通学:1	train=7
フロントガラス	7	1	フロントガラス	フロントガラス:6 フロント|ガラス:1	train=7
一人きり	7	1	一人|きり	一人|きり:6 一人きり:1	train=7
一財産	7	1	一財産	一財産:6 一|財産:1	train=7
不利だ	7	1	不利だ	不利だ:6 不利|だ:1	test=1,train=6
不可能な	7	1	不可能|な	不可能|な:6 不可能な:1	train=7
不在だった	7	1	不在|だった	不在|だった:6 不在だった:1	train=7
人間関係	7	1	人間関係	人間関係:6 人間|関係:1	train=7
休みな	7	1	休み|な	休み|な:6 休みな:1	train=7
使い果たして	7	1	使い果たして	使い果たして:6 使い|果たして:1	train=7
使うよう	7	1	使う|よう	使う|よう:6 使うよう:1	train=7
分かると	7	1	分かる|と	分かる|と:6 分かると:1	train=7
割り当てられた	7	1	割り当てられた	割り当てられた:6 割り当て|られた:1	train=7
半年前	7	1	半年|前	半年|前:6 半年前:1	train=7
向かってる	7	1	向かってる	向かってる:6 向かって|る:1	train=7
呼び出して	7	1	呼び出して	呼び出して:6 呼び|出して:1	train=7
国際空港	7	1	国際|空港	国際|空港:6 国際空港:1	train=7
地図上	7	1	地図|上	地図|上:6 地図上:1	train=7
大きくない	7	1	大きくない	大きくない:6 大きく|ない:1	train=7
子供じみた	7	1	子供|じみた	子供|じみた:6 子供じみた:1	train=7
寒いの	7	1	寒い|の	寒い|の:6 寒いの:1	train=7
少年時代	7	1	少年|時代	少年|時代:6 少年時代:1	train=7
幸福だ	7	1	幸福だ	幸福だ:6 幸福|だ:1	train=7
形見	7	1	形見	形見:6 形|見:1	train=7
役立つだろう	7	1	役立つだろう	役立つだろう:6 役|立つだろう:1	train=7
恋して	7	1	恋|して	恋|して:6 恋して:1	train=7
愛し合う	7	1	愛し合う	愛し合う:6 愛|し|合う:1	train=7
押せば	7	1	押せば	押せば:6 押せ|ば:1	train=7
持ち歩いて	7	1	持ち歩いて	持ち歩いて:6 持ち|歩いて:1	train=7
昼食後	7	1	昼食|後	昼食|後:6 昼食後:1	train=7
本屋さん	7	1	本屋さん	本屋さん:6 本屋|さん:1	train=7
止まるよう	7	1	止まる|よう	止まる|よう:6 止まるよう:1	train=7
流れ落ちた	7	1	流れ落ちた	流れ落ちた:6 流れ|落ちた:1	train=7
満開です	7	1	満開|です	満開|です:6 満開です:1	train=7
生きていけない	7	1	生きて|いけない	生きて|いけない:6 生きていけない:1	train=7
真っ黒クロスケ	7	1	真っ黒|クロスケ	真っ黒|クロスケ:6 真っ黒クロスケ:1	train=7
秘密だ	7	1	秘密|だ	秘密|だ:6 秘密だ:1	train=6,val=1
突き落とした	7	1	突き落とした	突き落とした:6 突き|落とした:1	train=7
立ち入り禁止	7	1	立ち入り|禁止	立ち入り|禁止:6 立ち入り禁止:1	train=7
笑いもの	7	1	笑いもの	笑いもの:6 笑い|もの:1	train=7
第93章	7	1	第93章	第93章:6 第|93|章:1	train=7
美人だった	7	1	美人|だった	美人|だった:6 美人だった:1	train=7
美人で	7	1	美人|で	美人|で:6 美人で:1	train=7
考えねば	7	1	考えねば	考えねば:6 考えね|ば:1	train=7
言ってない	7	1	言ってない	言ってない:6 言って|ない:1	train=7
言ってます	7	1	言ってます	言ってます:6 言って|ます:1	train=7
買えば	7	1	買えば	買えば:6 買え|ば:1	train=7
起きてた	7	1	起きてた	起きてた:6 起きて|た:1	train=7
開けっぱなし	7	1	開けっぱなし	開けっぱなし:6 開け|っぱなし:1	test=1,train=6
間に合うだろう	7	1	間に合うだろう	間に合うだろう:6 間に|合うだろう:1	train=7
食べ過ぎて	7	1	食べ過ぎて	食べ過ぎて:6 食べ|過ぎて:1	train=7
あったよう	6	1	あった|よう	あった|よう:5 あったよう:1	train=6
あんの	6	1	あん|の	あん|の:5 あんの:1	train=6
いうまで	6	1	いう|まで	いう|まで:5 いうまで:1	train=6
いとも	6	1	いとも	いとも:5 いと|も:1	train=6
お付き合い	6	1	お付き合い	お付き合い:5 お|付き合い:1	train=6
お告げ所	6	1	お告げ所	お告げ所:5 お告げ|所:1	train=6
かいう	6	1	か|いう	か|いう:5 かいう:1	train=6
がっかりだ	6	1	がっかり|だ	がっかり|だ:5 がっかりだ:1	train=6
ぐるりと	6	1	ぐるり|と	ぐるり|と:5 ぐるりと:1	train=6
こちら側	6	1	こちら|側	こちら|側:5 こちら側:1	train=6
ごめんだ	6	1	ごめんだ	ごめんだ:5 ごめ|ん|だ:1	train=6
ご存知の	6	1	ご存知|の	ご存知|の:5 ご存知の:1	train=6
ご心配	6	1	ご心配	ご心配:5 ご|心配:1	train=6
しがちで	6	1	しがちで	しがちで:5 し|がちで:1	train=6
しすぎて	6	1	しすぎて	しすぎて:5 し|すぎて:1	train=6
しだした	6	1	しだした	しだした:5 し|だした:1	train=6
してなさい	6	1	して|なさい	して|なさい:5 してなさい:1	train=6
じゃないだろ	6	1	じゃないだろ	じゃないだろ:5 じゃ|ないだろ:1	train=6
じゃないでしょ	6	1	じゃないでしょ	じゃないでしょ:5 じゃ|ないでしょ:1	train=6
すいています	6	1	すいて|います	すいて|います:5 すいています:1	train=6
ただ今	6	1	ただ今	ただ今:5 ただ|今:1	train=5,val=1
たどり着く	6	1	たどり着く	たどり着く:5 たどり|着く:1	train=6
たんです	6	1	た|ん|です	た|ん|です:5 たんです:1	train=5,val=1
ってか	6	1	って|か	って|か:5 ってか:1	train=6
てめえら	6	1	てめえら	てめえら:5 てめえ|ら:1	train=6
ときっぱり	6	1	ときっぱり	ときっぱり:5 と|きっぱり:1	train=6
となく	6	1	と|なく	と|なく:5 となく:1	train=6
と向かった	6	1	と|向かった	と|向かった:5 と向かった:1	train=6
なくても	6	1	なくても	なくても:5 なくて|も:1	train=6
なくなっちゃった	6	1	なくなっちゃった	なくなっちゃった:5 なく|なっちゃった:1	train=6
ならなくなった	6	1	ならなくなった	ならなくなった:5 ならなく|なった:1	train=6
なんな	6	1	なんな	なんな:5 なん|な:1	train=6
のあたり	6	1	の|あたり	の|あたり:5 のあたり:1	train=6
のせて	6	1	のせて	のせて:5 の|せて:1	train=6
のる	6	1	のる	のる:5 の|る:1	train=6
はだめだ	6	1	は|だめだ	は|だめだ:5 はだめだ:1	train=6
ひっきりなし	6	1	ひっきり|なし	ひっきり|なし:5 ひっきりなし:1	train=6
もちろんです	6	1	もちろんです	もちろんです:5 もちろん|です:1	train=6
もとは	6	1	もとは	もとは:5 もと|は:1	test=1,train=5
やめな	6	1	やめな	やめな:5 やめ|な:1	train=6
よせよ	6	1	よせよ	よせよ:5 よせ|よ:1	train=6
を守ろう	6	1	を|守ろう	を|守ろう:5 を守ろう:1	train=6
ショッピングモール	6	1	ショッピングモール	ショッピングモール:5 ショッピング|モール:1	train=5,val=1
スポーツ選手	6	1	スポーツ|選手	スポーツ|選手:5 スポーツ選手:1	train=6
テニスクラブ	6	1	テニス|クラブ	テニス|クラブ:5 テニスクラブ:1	train=6
テニス選手	6	1	テニス|選手	テニス|選手:5 テニス選手:1	train=6
トルコ語	6	1	トルコ語	トルコ語:5 トルコ|語:1	train=6
ハンガリー語	6	1	ハンガリー|語	ハンガリー|語:5 ハンガリー語:1	train=6
ビタミンＣ	6	1	ビタミンＣ	ビタミンＣ:5 ビタミン|Ｃ:1	train=6
ラーメン屋	6	1	ラーメン屋	ラーメン屋:5 ラーメン|屋:1	train=6
一段と	6	1	一段|と	一段|と:5 一段と:1	train=6
一番乗り	6	1	一番乗り	一番乗り:5 一番|乗り:1	train=6
一箱	6	1	一箱	一箱:5 一|箱:1	train=6
二ヶ月	6	1	二ヶ月	二ヶ月:5 二|ヶ月:1	train=6
値しない	6	1	値|しない	値|しない:5 値しない:1	train=6
入浴中	6	1	入浴|中	入浴|中:5 入浴中:1	train=6
全責任	6	1	全責任	全責任:5 全|責任:1	train=6
全部です	6	1	全部|です	全部|です:5 全部です:1	train=6
出てった	6	1	出てった	出てった:5 出て|った:1	train=6
出てって	6	1	出てって	出てって:5 出て|って:1	train=6
出で	6	1	出|で	出|で:5 出で:1	train=6
出迎えた	6	1	出迎えた	出迎えた:5 出迎え|た:1	train=6
割り当てた	6	1	割り当てた	割り当てた:5 割り当て|た:1	train=6
取り上げる	6	1	取り上げる	取り上げる:5 取り|上げる:1	train=5,val=1
同然だった	6	1	同然|だった	同然|だった:5 同然だった:1	train=6
吹き込んだ	6	1	吹き込んだ	吹き込んだ:5 吹き|込んだ:1	train=6
呼ぶな	6	1	呼ぶ|な	呼ぶ|な:5 呼ぶな:1	train=6
困難であった	6	1	困難であった	困難であった:5 困難で|あった:1	train=6
国際語	6	1	国際語	国際語:5 国際|語:1	train=6
地域社会	6	1	地域|社会	地域|社会:5 地域社会:1	train=6
奥の手	6	1	奥|の|手	奥|の|手:5 奥の手:1	train=6
学級委員長	6	1	学級|委員長	学級|委員長:5 学級委員長:1	train=6
安全運転	6	1	安全|運転	安全|運転:5 安全運転:1	train=6
安城三尉	6	1	安城|三尉	安城|三尉:5 安城三尉:1	train=6
寝てました	6	1	寝てました	寝てました:5 寝て|ました:1	train=6
属する	6	1	属する	属する:5 属|する:1	train=6
庭いじり	6	1	庭いじり	庭いじり:5 庭|いじり:1	train=6
後ほど	6	1	後ほど	後ほど:5 後|ほど:1	train=6
思いどおり	6	1	思い|どおり	思い|どおり:5 思いどおり:1	test=1,train=5
愛してた	6	1	愛してた	愛してた:5 愛|して|た:1	train=6
我慢強い	6	1	我慢|強い	我慢|強い:5 我慢強い:1	test=1,train=5
戦時中	6	1	戦時中	戦時中:5 戦時|中:1	train=6
押し寄せた	6	1	押し寄せた	押し寄せた:5 押し|寄せた:1	train=6
捨てなさい	6	1	捨てなさい	捨てなさい:5 捨て|なさい:1	train=6
新聞記者	6	1	新聞|記者	新聞|記者:5 新聞記者:1	train=6
時代遅れで	6	1	時代遅れ|で	時代遅れ|で:5 時代遅れで:1	train=6
東北地方	6	1	東北|地方	東北|地方:5 東北地方:1	train=6
格好いい	6	1	格好|いい	格好|いい:5 格好いい:1	train=6
楽しみです	6	1	楽しみ|です	楽しみ|です:5 楽しみです:1	train=6
水泳部	6	1	水泳|部	水泳|部:5 水泳部:1	train=6
泣きだした	6	1	泣きだした	泣きだした:5 泣き|だした:1	train=6
満開だ	6	1	満開|だ	満開|だ:5 満開だ:1	train=6
燃え上がった	6	1	燃え上がった	燃え上がった:5 燃え|上がった:1	train=6
特別の	6	1	特別|の	特別|の:5 特別の:1	train=6
現代社会	6	1	現代|社会	現代|社会:5 現代社会:1	train=6
環境汚染	6	1	環境|汚染	環境|汚染:5 環境汚染:1	train=6
知ってると	6	1	知ってる|と	知ってる|と:5 知ってると:1	train=6
石頭	6	1	石頭	石頭:5 石|頭:1	train=6
第99章	6	1	第99章	第99章:5 第|99|章:1	train=6
終わらせたい	6	1	終わらせたい	終わらせたい:5 終わら|せたい:1	train=6
考えです	6	1	考え|です	考え|です:5 考えです:1	train=6
船客	6	1	船客	船客:5 船|客:1	train=6
菜食主義者	6	1	菜食主義者	菜食主義者:5 菜食|主義者:1	train=6
行きたがる	6	1	行きたがる	行きたがる:5 行き|たがる:1	train=6
行く手	6	1	行く|手	行く|手:5 行く手:1	train=6
表される	6	1	表される	表される:5 表|される:1	train=6
見つけられる	6	1	見つけられる	見つけられる:5 見|つけられる:1	train=6
見てます	6	1	見てます	見てます:5 見て|ます:1	train=6
見捨てた	6	1	見捨てた	見捨てた:5 見捨て|た:1	train=6
親愛なる	6	1	親愛|なる	親愛|なる:5 親愛なる:1	train=6
話せると	6	1	話せる|と	話せる|と:5 話せると:1	test=1,train=5
読みにくい	6	1	読みにくい	読みにくい:5 読み|にくい:1	train=6
読み終えたら	6	1	読み終えたら	読み終えたら:5 読み|終えたら:1	train=6
財政上	6	1	財政|上	財政|上:5 財政上:1	train=6
限りに	6	1	限り|に	限り|に:5 限りに:1	test=1,train=5
青年時代	6	1	青年|時代	青年|時代:5 青年時代:1	train=6
韓国料理	6	1	韓国料理	韓国料理:5 韓国|料理:1	train=6
食べ過ぎる	6	1	食べ過ぎる	食べ過ぎる:5 食べ|過ぎる:1	train=6
……	5	1	…|…	…|…:4 ……:1	train=5
あげな	5	1	あげな	あげな:4 あげ|な:1	train=5
あったっけ	5	1	あった|っけ	あった|っけ:4 あったっけ:1	train=5
いえども	5	1	いえども	いえども:4 いえ|ども:1	train=5
いくらかかる	5	1	いくら|かかる	いくら|かかる:4 いくらかかる:1	train=5
いたって	5	1	いた|って	いた|って:4 いたって:1	train=5
いたらしい	5	1	いたらしい	いたらしい:4 いた|らしい:1	train=5
いっぱいで	5	1	いっぱい|で	いっぱい|で:4 いっぱいで:1	test=1,train=4
いつしか	5	1	いつしか	いつしか:4 いつ|しか:1	train=5
うたた寝	5	1	うたた寝	うたた寝:4 う|たた|寝:1	train=5
え～	5	1	え～	え～:4 え|～:1	train=5
おっしゃった	5	1	おっしゃった	おっしゃった:4 お|っしゃった:1	train=5
お一人	5	1	お一人	お一人:4 お|一人:1	train=5
お使い下さい	5	1	お使い下さい	お使い下さい:4 お|使い下さい:1	train=5
お掛けください	5	1	お掛けください	お掛けください:4 お|掛けください:1	train=5
お読み	5	1	お読み	お読み:4 お|読み:1	train=5
があいて	5	1	が|あいて	が|あいて:4 があいて:1	train=5
がつきもの	5	1	が|つきもの	が|つきもの:4 がつきもの:1	train=5
きな	5	1	きな	きな:4 き|な:1	train=5
ご提案	5	1	ご提案	ご提案:4 ご|提案:1	train=5
ご搭乗	5	1	ご搭乗	ご搭乗:4 ご|搭乗:1	train=5
ご気分	5	1	ご気分	ご気分:4 ご|気分:1	train=5
ご注目	5	1	ご注目	ご注目:4 ご|注目:1	train=5
じゃね	5	1	じゃね	じゃね:4 じゃ|ね:1	train=5
そらした	5	1	そらした	そらした:4 そら|した:1	train=5
だったそうです	5	1	だったそうです	だったそうです:4 だった|そうです:1	train=5
だねぇ	5	1	だ|ねぇ	だ|ねぇ:4 だねぇ:1	train=5
ついていけない	5	1	ついて|いけない	ついて|いけない:4 ついていけない:1	train=5
で行ってる	5	1	で|行ってる	で|行ってる:4 で行ってる:1	train=5
なってます	5	1	なってます	なってます:4 なって|ます:1	train=5
にくい	5	1	にくい	にくい:4 に|くい:1	train=5
に慣れます	5	1	に|慣れます	に|慣れます:4 に慣れます:1	train=5
に至った	5	1	に|至った	に|至った:4 に至った:1	train=5
ねだって	5	1	ねだって	ねだって:4 ね|だって:1	train=5
ねー	5	1	ねー	ねー:4 ね|ー:1	train=5
のん	5	1	のん	のん:4 の|ん:1	train=5
はいります	5	1	は|いります	は|いります:4 はいります:1	train=5
はいりません	5	1	は|いりません	は|いりません:4 はいりません:1	train=5
はかって	5	1	はかって	はかって:4 は|かって:1	train=5
ははるか	5	1	は|はるか	は|はるか:4 ははるか:1	train=4,val=1
はやっていけない	5	1	は|やって|いけない	は|やって|いけない:4 はやっていけない:1	train=5
は限りません	5	1	は|限りません	は|限りません:4 は限りません:1	train=5
ばか者	5	1	ばか者	ばか者:4 ばか|者:1	train=5
ぴったりです	5	1	ぴったりです	ぴったりです:4 ぴったり|です:1	train=5
ぴんと	5	1	ぴん|と	ぴん|と:4 ぴんと:1	train=5
ほんとだ	5	1	ほんと|だ	ほんと|だ:4 ほんとだ:1	train=5
まったくない	5	1	まったくない	まったくない:4 まったく|ない:1	train=5
もうまく	5	1	も|うまく	も|うまく:4 もうまく:1	train=5
もがな	5	1	も|がな	も|がな:4 もがな:1	train=5
もちろんだ	5	1	もちろんだ	もちろんだ:4 もちろん|だ:1	train=5
もってこいだ	5	1	もってこいだ	もってこいだ:4 もってこい|だ:1	train=5
もらってた	5	1	もらってた	もらってた:4 もらっ|て|た:1	train=5
やせている	5	1	やせている	やせている:4 やせて|いる:1	train=5
わい	5	1	わい	わい:4 わ|い:1	train=5
わかってない	5	1	わかってない	わかってない:4 わかって|ない:1	train=5
んー	5	1	んー	んー:4 ん|ー:1	train=5
アジア人	5	1	アジア人	アジア人:4 アジア|人:1	train=5
カマ野郎	5	1	カマ|野郎	カマ|野郎:4 カマ野郎:1	train=5
クリスマスツリー	5	1	クリスマスツリー	クリスマスツリー:4 クリスマス|ツリー:1	train=5
クロスワードパズル	5	1	クロスワード|パズル	クロスワード|パズル:4 クロスワードパズル:1	train=5
サッカーチーム	5	1	サッカー|チーム	サッカー|チーム:4 サッカーチーム:1	train=5
スウェーデン語	5	1	スウェーデン語	スウェーデン語:4 スウェーデン|語:1	train=5
セーヌ川	5	1	セーヌ川	セーヌ川:4 セーヌ|川:1	train=5
トイレトレーニング	5	1	トイレ|トレーニング	トイレ|トレーニング:4 トイレトレーニング:1	train=5
トム・ジャクソン	5	1	トム・ジャクソン	トム・ジャクソン:4 トム|・|ジャクソン:1	train=5
ニューヨーク市	5	1	ニューヨーク|市	ニューヨーク|市:4 ニューヨーク市:1	train=5
パン屋さん	5	1	パン屋さん	パン屋さん:4 パン屋|さん:1	train=5
ヒルトンホテル	5	1	ヒルトンホテル	ヒルトンホテル:4 ヒルトン|ホテル:1	train=5
フ～	5	1	フ～	フ～:4 フ|～:1	train=5
一か八か	5	1	一|か|八|か	一|か|八|か:4 一か八か:1	train=5
一年前	5	1	一年|前	一年|前:4 一年前:1	train=5
一般大衆	5	1	一般|大衆	一般|大衆:4 一般大衆:1	train=5
世間知らず	5	1	世間知らず	世間知らず:4 世間|知らず:1	train=5
中国料理	5	1	中国料理	中国料理:4 中国|料理:1	train=4,val=1
乗らなければ	5	1	乗らなければ	乗らなければ:4 乗らなけれ|ば:1	train=5
乗り越えた	5	1	乗り越えた	乗り越えた:4 乗り|越えた:1	train=5
交換手	5	1	交換手	交換手:4 交換|手:1	train=5
交通信号	5	1	交通|信号	交通|信号:4 交通信号:1	train=5
交通違反	5	1	交通|違反	交通|違反:4 交通違反:1	train=5
人気だ	5	1	人気だ	人気だ:4 人気|だ:1	train=5
似てます	5	1	似てます	似てます:4 似て|ます:1	train=5
何ごと	5	1	何|ごと	何|ごと:4 何ごと:1	train=5
何ヶ月	5	1	何ヶ月	何ヶ月:4 何|ヶ月:1	train=5
何便	5	1	何便	何便:4 何|便:1	train=5
傷つけられた	5	1	傷つけられた	傷つけられた:4 傷|つけられた:1	train=5
全国民	5	1	全国民	全国民:4 全|国民:1	train=5
出さなければ	5	1	出さなければ	出さなければ:4 出さなけれ|ば:1	train=5
出しな	5	1	出しな	出しな:4 出し|な:1	train=5
出せよ	5	1	出せよ	出せよ:4 出せ|よ:1	train=5
分かってます	5	1	分かってます	分かってます:4 分かって|ます:1	train=5
半マイル	5	1	半|マイル	半|マイル:4 半マイル:1	train=5
南アメリカ	5	1	南アメリカ	南アメリカ:4 南|アメリカ:1	train=5
厄介事	5	1	厄介事	厄介事:4 厄介|事:1	train=5
反対だった	5	1	反対|だった	反対|だった:4 反対だった:1	train=5
取れば	5	1	取れば	取れば:4 取れ|ば:1	test=1,train=4
可能でしょう	5	1	可能でしょう	可能でしょう:4 可能で|しょう:1	train=5
吸わないで	5	1	吸わないで	吸わないで:4 吸わない|で:1	train=5
呼び出された	5	1	呼び出された	呼び出された:4 呼び|出された:1	train=5
命がけ	5	1	命がけ	命がけ:4 命|がけ:1	train=5
喋ってる	5	1	喋ってる	喋ってる:4 喋って|る:1	train=5
四六時中	5	1	四六時中	四六時中:4 四六時|中:1	train=5
外国人学生	5	1	外国人|学生	外国人|学生:4 外国人学生:1	train=5
外国貿易	5	1	外国|貿易	外国|貿易:4 外国貿易:1	train=5
大丈夫なん	5	1	大丈夫|な|ん	大丈夫|な|ん:4 大丈夫なん:1	train=5
屈する	5	1	屈する	屈する:4 屈|する:1	train=5
幸いだった	5	1	幸いだった	幸いだった:4 幸い|だった:1	train=5
幸せ者	5	1	幸せ|者	幸せ|者:4 幸せ者:1	train=5
引っ越しの	5	1	引っ越し|の	引っ越し|の:4 引っ越しの:1	train=5
応急処置	5	1	応急|処置	応急|処置:4 応急処置:1	train=5
思ってました	5	1	思ってました	思ってました:4 思って|ました:1	train=5
急成長	5	1	急|成長	急|成長:4 急成長:1	train=5
急行列車	5	1	急行|列車	急行|列車:4 急行列車:1	train=5
恐ろしさ	5	1	恐ろしさ	恐ろしさ:4 恐ろし|さ:1	train=5
意味して	5	1	意味|して	意味|して:4 意味して:1	train=5
愛します	5	1	愛します	愛します:4 愛|します:1	train=5
抱き締めた	5	1	抱き締めた	抱き締めた:4 抱き|締めた:1	train=5
持ってって	5	1	持ってって	持ってって:4 持って|って:1	train=4,val=1
故に	5	1	故|に	故|に:4 故に:1	train=5
文字通り	5	1	文字|通り	文字|通り:4 文字通り:1	train=5
旅行代理店	5	1	旅行|代理店	旅行|代理店:4 旅行代理店:1	train=5
早起きです	5	1	早起き|です	早起き|です:4 早起きです:1	train=5
映画監督	5	1	映画|監督	映画|監督:4 映画監督:1	test=1,train=4
書き終えました	5	1	書き終えました	書き終えました:4 書き|終えました:1	train=5
最終決定	5	1	最終決定	最終決定:4 最終|決定:1	test=1,train=4
望み通り	5	1	望み|通り	望み|通り:4 望み通り:1	train=5
期末レポート	5	1	期末|レポート	期末|レポート:4 期末レポート:1	train=5
止めなければ	5	1	止めなければ	止めなければ:4 止めなけれ|ば:1	train=5
死んでない	5	1	死んでない	死んでない:4 死んで|ない:1	train=5
現代美術	5	1	現代|美術	現代|美術:4 現代美術:1	train=5
理性的	5	1	理性的	理性的:4 理性|的:1	train=5
生まれ育ちました	5	1	生まれ|育ちました	生まれ|育ちました:4 生まれ育ちました:1	train=5
申し分なかった	5	1	申し分なかった	申し分なかった:4 申し分|なかった:1	train=5
異常に	5	1	異常|に	異常|に:4 異常に:1	train=5
疲れ果てた	5	1	疲れ果てた	疲れ果てた:4 疲れ果て|た:1	train=5
痛かったら	5	1	痛かったら	痛かったら:4 痛かっ|たら:1	train=5
痛くなってきた	5	1	痛く|なって|きた	痛く|なって|きた:4 痛くなってきた:1	train=5
発行部数	5	1	発行|部数	発行|部数:4 発行部数:1	train=5
白くなった	5	1	白く|なった	白く|なった:4 白くなった:1	train=5
相手チーム	5	1	相手|チーム	相手|チーム:4 相手チーム:1	train=5
知ってたら	5	1	知ってたら	知ってたら:4 知って|たら:1	train=5
確実に	5	1	確実|に	確実|に:4 確実に:1	train=5
礼儀作法	5	1	礼儀|作法	礼儀|作法:4 礼儀作法:1	train=5
紙一重	5	1	紙|一重	紙|一重:4 紙一重:1	train=5
考えてない	5	1	考えてない	考えてない:4 考えて|ない:1	train=5
考えてんだ	5	1	考えてんだ	考えてんだ:4 考えて|ん|だ:1	train=5
聞き上手	5	1	聞き上手	聞き上手:4 聞き|上手:1	train=5
聞き入って	5	1	聞き入って	聞き入って:4 聞き|入って:1	train=5
聞き逃した	5	1	聞き逃した	聞き逃した:4 聞き|逃した:1	test=1,train=4
肉体労働	5	1	肉体労働	肉体労働:4 肉体|労働:1	train=5
見つけ出す	5	1	見つけ出す	見つけ出す:4 見つけ|出す:1	train=5
見出した	5	1	見出した	見出した:4 見|出した:1	train=5
規則違反	5	1	規則|違反	規則|違反:4 規則違反:1	train=5
親父さん	5	1	親父さん	親父さん:4 親父|さん:1	train=5
言ったっけ	5	1	言った|っけ	言った|っけ:4 言ったっけ:1	train=5
言わなければ	5	1	言わなければ	言わなければ:4 言わなけれ|ば:1	train=5
言語能力	5	1	言語|能力	言語|能力:4 言語能力:1	train=5
試合中	5	1	試合|中	試合|中:4 試合中:1	train=5
試験中	5	1	試験|中	試験|中:4 試験中:1	train=5
買うよう	5	1	買う|よう	買う|よう:4 買うよう:1	test=1,train=4
通行禁止	5	1	通行|禁止	通行|禁止:4 通行禁止:1	train=5
運よく	5	1	運|よく	運|よく:4 運よく:1	train=5
運動神経	5	1	運動神経	運動神経:4 運動|神経:1	train=5
運転免許証	5	1	運転免許証	運転免許証:4 運転|免許証:1	train=5
道のり	5	1	道のり	道のり:4 道|の|り:1	train=5
達する	5	1	達する	達する:4 達|する:1	train=5
選出した	5	1	選出|した	選出|した:4 選出した:1	train=5
金目当て	5	1	金目当て	金目当て:4 金目|当て:1	train=5
閉まってた	5	1	閉まってた	閉まってた:4 閉まって|た:1	train=5
電話ボックス	5	1	電話ボックス	電話ボックス:4 電話|ボックス:1	train=5
食べすぎ	5	1	食べすぎ	食べすぎ:4 食べ|すぎ:1	train=5
駆け出した	5	1	駆け出した	駆け出した:4 駆け|出した:1	train=5
あきらめないで	4	1	あきらめないで	あきらめないで:3 あきらめない|で:1	train=4
あげなければ	4	1	あげなければ	あげなければ:3 あげなけれ|ば:1	train=4
ありさえ	4	1	ありさえ	ありさえ:3 あり|さえ:1	train=4
あるんでしょう	4	1	ある|ん|でしょう	ある|ん|でしょう:3 あるんでしょう:1	train=4
いじってる	4	1	いじってる	いじってる:3 いじって|る:1	train=4
いたなら	4	1	いたなら	いたなら:3 いた|なら:1	train=4
いたようだった	4	1	いたようだった	いたようだった:3 いた|よう|だった:1	train=4
いつのまにか	4	1	いつのまにか	いつのまにか:3 いつ|の|まに|か:1	train=4
いなかの	4	1	いなか|の	いなか|の:3 いなかの:1	train=4
いやに	4	1	いや|に	いや|に:3 いやに:1	train=4
いられたら	4	1	いられたら	いられたら:3 いられ|たら:1	train=4
うめき声	4	1	うめき声	うめき声:3 うめき|声:1	train=4
おてんば娘	4	1	おてんば娘	おてんば娘:3 おてんば|娘:1	train=4
おとりください	4	1	おとりください	おとりください:3 お|とりください:1	train=4
お人形さん	4	1	お人形さん	お人形さん:3 お人形|さん:1	train=4
お困り	4	1	お困り	お困り:3 お|困り:1	train=4
お姉ちゃ～ん	4	1	お姉ちゃ～ん	お姉ちゃ～ん:3 お姉ちゃ|～|ん:1	train=4
お幾ら	4	1	お幾ら	お幾ら:3 お|幾ら:1	train=4
お手数	4	1	お手数	お手数:3 お|手数:1	train=4
お暇	4	1	お暇	お暇:3 お|暇:1	train=4
お見通し	4	1	お見通し	お見通し:3 お|見通し:1	train=4
お迎えください	4	1	お迎えください	お迎えください:3 お|迎えください:1	train=4
お金持ちだ	4	1	お金持ち|だ	お金持ち|だ:3 お金持ちだ:1	train=4
お金持ちだった	4	1	お金持ち|だった	お金持ち|だった:3 お金持ちだった:1	train=4
お飲物	4	1	お飲物	お飲物:3 お|飲物:1	train=4
かすかな	4	1	かすか|な	かすか|な:3 かすかな:1	train=4
がいります	4	1	が|いります	が|いります:3 がいります:1	train=4
ぎゅっと	4	1	ぎゅっと	ぎゅっと:3 ぎゅっ|と:1	train=4
こなければ	4	1	こなければ	こなければ:3 こなけれ|ば:1	train=4
ごった返して	4	1	ごった|返して	ごった|返して:3 ごった返して:1	train=4
ご存知でしょう	4	1	ご存知|でしょう	ご存知|でしょう:3 ご存知でしょう:1	train=4
ご提供	4	1	ご提供	ご提供:3 ご|提供:1	train=4
ご満足	4	1	ご満足	ご満足:3 ご|満足:1	train=4
ご自愛	4	1	ご自愛	ご自愛:3 ご|自愛:1	train=4
ご自身	4	1	ご自身	ご自身:3 ご|自身:1	train=4
さもなければ	4	1	さも|なければ	さも|なければ:3 さもなければ:1	train=4
してただろ	4	1	して|ただろ	して|ただろ:3 してただろ:1	train=4
してるみたいだ	4	1	してるみたいだ	してるみたいだ:3 してる|みたいだ:1	train=4
しみが	4	1	しみ|が	しみ|が:3 しみが:1	train=4
しろってんだ	4	1	しろってんだ	しろってんだ:3 しろ|って|ん|だ:1	train=4
すすり泣き	4	1	すすり泣き	すすり泣き:3 すすり|泣き:1	train=4
すんでいた	4	1	すんで|いた	すんで|いた:3 すんでいた:1	train=4
ずる賢い	4	1	ずる賢い	ずる賢い:3 ずる|賢い:1	train=4
だいなし	4	1	だいなし	だいなし:3 だい|なし:1	train=4
つけだ	4	1	つけ|だ	つけ|だ:3 つけだ:1	train=4
でかける	4	1	で|かける	で|かける:3 でかける:1	train=4
といて	4	1	といて	といて:3 と|いて:1	train=3,val=1
とって代わった	4	1	とって|代わった	とって|代わった:3 とって代わった:1	train=4
とぼく	4	1	と|ぼく	と|ぼく:3 とぼく:1	train=4
と言わない	4	1	と|言わない	と|言わない:3 と言わない:1	train=4
ないなら	4	1	ないなら	ないなら:3 ない|なら:1	train=4
ないみたい	4	1	ないみたい	ないみたい:3 ない|みたい:1	train=4
なかろう	4	1	なかろう	なかろう:3 な|かろう:1	train=4
なりかけて	4	1	なりかけて	なりかけて:3 なり|かけて:1	train=4
のいた	4	1	の|いた	の|いた:3 のいた:1	train=4
のむ	4	1	のむ	のむ:3 の|む:1	train=4
の本分	4	1	の|本分	の|本分:3 の本分:1	train=4
はあきれて	4	1	は|あきれて	は|あきれて:3 はあきれて:1	train=4
はいけなかった	4	1	は|いけなかった	は|いけなかった:3 はいけなかった:1	train=4
はやい	4	1	はやい	はやい:3 は|やい:1	train=4
は思わない	4	1	は|思わない	は|思わない:3 は思わない:1	train=4
ばかだった	4	1	ばか|だった	ばか|だった:3 ばかだった:1	train=4
ひとは	4	1	ひとは	ひとは:3 ひと|は:1	train=4
ぽんと	4	1	ぽん|と	ぽん|と:3 ぽんと:1	train=4
まじで	4	1	まじ|で	まじ|で:3 まじで:1	train=4
まっぴらだ	4	1	まっぴらだ	まっぴらだ:3 まっぴら|だ:1	train=4
まに	4	1	まに	まに:3 ま|に:1	train=4
みないと	4	1	みない|と	みない|と:3 みないと:1	train=4
もうもう	4	1	もうもう	もうもう:3 もう|もう:1	train=4
もがいた	4	1	もがいた	もがいた:3 も|がいた:1	train=4
もてなして	4	1	もてなして	もてなして:3 もて|なして:1	train=4
もどれ	4	1	も|どれ	も|どれ:3 もどれ:1	train=4
やってみない	4	1	やって|みない	やって|みない:3 やってみない:1	train=4
やな	4	1	やな	やな:3 や|な:1	train=4
やるなら	4	1	やるなら	やるなら:3 やる|なら:1	train=4
よくて	4	1	よくて	よくて:3 よく|て:1	train=4
を出ます	4	1	を|出ます	を|出ます:3 を出ます:1	train=4
を取られた	4	1	を|取られた	を|取られた:3 を取られた:1	train=4
んな	4	1	んな	んな:3 ん|な:1	train=4
アイロンがけ	4	1	アイロンがけ	アイロンがけ:3 アイロン|がけ:1	train=4
アメリカ大使館	4	1	アメリカ|大使館	アメリカ|大使館:3 アメリカ大使館:1	train=4
アメリカ文学	4	1	アメリカ|文学	アメリカ|文学:3 アメリカ文学:1	train=4
アメリカ映画	4	1	アメリカ|映画	アメリカ|映画:3 アメリカ映画:1	train=4
イギリス英語	4	1	イギリス|英語	イギリス|英語:3 イギリス英語:1	train=4
イタリア空軍	4	1	イタリア|空軍	イタリア|空軍:3 イタリア空軍:1	train=4
オーストラリア人	4	1	オーストラリア人	オーストラリア人:3 オーストラリア|人:1	train=4
カウンター席	4	1	カウンター|席	カウンター|席:3 カウンター席:1	train=4
クラブ活動	4	1	クラブ|活動	クラブ|活動:3 クラブ活動:1	train=3,val=1
コルシカ人	4	1	コルシカ人	コルシカ人:3 コルシカ|人:1	train=4
コーヒーカップ	4	1	コーヒーカップ	コーヒーカップ:3 コーヒー|カップ:1	train=4
スミス家	4	1	スミス|家	スミス|家:3 スミス家:1	train=4
テニスプレイヤー	4	1	テニスプレイヤー	テニスプレイヤー:3 テニス|プレイヤー:1	train=3,val=1
テレビドラマ	4	1	テレビドラマ	テレビドラマ:3 テレビ|ドラマ:1	train=4
デイブ・ボイル	4	1	デイブ・ボイル	デイブ・ボイル:3 デイブ|・|ボイル:1	train=4
ハドソン川	4	1	ハドソン|川	ハドソン|川:3 ハドソン川:1	train=4
ヒンズー教徒	4	1	ヒンズー|教徒	ヒンズー|教徒:3 ヒンズー教徒:1	train=4
フルーツジュース	4	1	フルーツ|ジュース	フルーツ|ジュース:3 フルーツジュース:1	train=4
プラスチック製	4	1	プラスチック|製	プラスチック|製:3 プラスチック製:1	train=4
ペテン師	4	1	ペテン師	ペテン師:3 ペテン|師:1	train=4
ホントの	4	1	ホント|の	ホント|の:3 ホントの:1	train=4
ラッシュ時	4	1	ラッシュ時	ラッシュ時:3 ラッシュ|時:1	train=4
リック・ダルトン	4	1	リック・ダルトン	リック・ダルトン:3 リック|・|ダルトン:1	train=3,val=1
リムジンバス	4	1	リムジン|バス	リムジン|バス:3 リムジンバス:1	train=4
世界経済	4	1	世界|経済	世界|経済:3 世界経済:1	train=4
世間体	4	1	世間体	世間体:3 世間|体:1	train=4
乗せてって	4	1	乗せてって	乗せてって:3 乗せて|って:1	train=4
乗り継ぎ便	4	1	乗り継ぎ|便	乗り継ぎ|便:3 乗り継ぎ便:1	train=3,val=1
二千冊	4	1	二千冊	二千冊:3 二千|冊:1	train=4
人相書き	4	1	人相書き	人相書き:3 人相|書き:1	train=4
人種差別	4	1	人種差別	人種差別:3 人種|差別:1	train=4
付けなければ	4	1	付けなければ	付けなければ:3 付けなけれ|ば:1	train=4
付け加えた	4	1	付け加えた	付け加えた:3 付け|加えた:1	train=4
会いしたい	4	1	会いしたい	会いしたい:3 会い|したい:1	test=1,train=3
伺いして	4	1	伺いして	伺いして:3 伺い|して:1	train=4
何とかなる	4	1	何とかなる	何とかなる:3 何とか|なる:1	train=4
何ページ	4	1	何|ページ	何|ページ:3 何ページ:1	train=4
何年生	4	1	何年|生	何年|生:3 何年生:1	train=4
何番線	4	1	何|番線	何|番線:3 何番線:1	train=4
信じてない	4	1	信じてない	信じてない:3 信じて|ない:1	train=4
俺んち	4	1	俺んち	俺んち:3 俺|んち:1	test=1,train=3
催される	4	1	催される	催される:3 催さ|れる:1	train=4
傷ついて	4	1	傷ついて	傷ついて:3 傷|ついて:1	train=4
傷つけて	4	1	傷つけて	傷つけて:3 傷|つけて:1	train=4
働きすぎです	4	1	働きすぎ|です	働きすぎ|です:3 働きすぎです:1	train=4
元カレ	4	1	元カレ	元カレ:3 元|カレ:1	train=4
先見の明	4	1	先見|の|明	先見|の|明:3 先見の明:1	train=4
免税品	4	1	免税品	免税品:3 免税|品:1	train=4
公立学校	4	1	公立|学校	公立|学校:3 公立学校:1	train=4
写真撮影	4	1	写真|撮影	写真|撮影:3 写真撮影:1	train=4
出なければ	4	1	出なければ	出なければ:3 出なけれ|ば:1	train=4
切りつめなければ	4	1	切りつめなければ	切りつめなければ:3 切りつめなけれ|ば:1	train=4
切り落とした	4	1	切り落とした	切り落とした:3 切り|落とした:1	train=4
切り開いた	4	1	切り開いた	切り開いた:3 切り|開いた:1	train=4
別料金	4	1	別料金	別料金:3 別|料金:1	train=4
制する	4	1	制する	制する:3 制|する:1	train=4
力持ちだ	4	1	力持ち|だ	力持ち|だ:3 力持ちだ:1	train=4
助け合う	4	1	助け合う	助け合う:3 助け|合う:1	train=4
動かなくなった	4	1	動かなく|なった	動かなく|なった:3 動かなくなった:1	train=4
勝てなかった	4	1	勝てなかった	勝てなかった:3 勝て|なかった:1	train=4
卒業証書	4	1	卒業証書	卒業証書:3 卒業|証書:1	train=4
危険すぎる	4	1	危険すぎる	危険すぎる:3 危険|すぎる:1	train=4
取り壊した	4	1	取り壊した	取り壊した:3 取り|壊した:1	train=4
各駅停車	4	1	各駅|停車	各駅|停車:3 各駅停車:1	train=4
向いてない	4	1	向いてない	向いてない:3 向いて|ない:1	train=4
吠え出した	4	1	吠え出した	吠え出した:3 吠え|出した:1	train=4
変わり始めた	4	1	変わり始めた	変わり始めた:3 変わり|始めた:1	train=4
大学卒業	4	1	大学|卒業	大学|卒業:3 大学卒業:1	train=4
大学構内	4	1	大学|構内	大学|構内:3 大学構内:1	train=4
大発見	4	1	大発見	大発見:3 大|発見:1	train=4
太平洋横断	4	1	太平洋|横断	太平洋|横断:3 太平洋横断:1	train=4
好意的	4	1	好意的	好意的:3 好意|的:1	train=4
妙に	4	1	妙|に	妙|に:3 妙に:1	train=4
学び始めた	4	1	学び始めた	学び始めた:3 学び|始めた:1	test=1,train=3
実行不可能	4	1	実行|不可能	実行|不可能:3 実行不可能:1	train=4
寝入って	4	1	寝入って	寝入って:3 寝|入って:1	train=4
対等の	4	1	対等|の	対等|の:3 対等の:1	train=4
就職面接	4	1	就職|面接	就職|面接:3 就職面接:1	train=4
崩れ落ちた	4	1	崩れ落ちた	崩れ落ちた:3 崩れ|落ちた:1	test=1,train=3
幹線道路	4	1	幹線|道路	幹線|道路:3 幹線道路:1	train=4
庭仕事	4	1	庭仕事	庭仕事:3 庭|仕事:1	train=4
建設計画	4	1	建設|計画	建設|計画:3 建設計画:1	train=4
引き上げた	4	1	引き上げた	引き上げた:3 引き|上げた:1	train=4
待ってなさい	4	1	待ってなさい	待ってなさい:3 待って|なさい:1	train=4
忠実であった	4	1	忠実であった	忠実であった:3 忠実で|あった:1	train=4
思慮深い	4	1	思慮深い	思慮深い:3 思慮|深い:1	train=4
払えば	4	1	払えば	払えば:3 払え|ば:1	train=4
投げ捨てた	4	1	投げ捨てた	投げ捨てた:3 投げ|捨て|た:1	train=4
押し付けた	4	1	押し付けた	押し付けた:3 押し|付けた:1	train=4
持たれつ	4	1	持たれ|つ	持たれ|つ:3 持たれつ:1	train=4
持ち上げて	4	1	持ち上げて	持ち上げて:3 持ち|上げて:1	train=4
持ち運べる	4	1	持ち運べる	持ち運べる:3 持ち|運べる:1	train=4
挙げ句	4	1	挙げ句	挙げ句:3 挙げ|句:1	train=4
政治活動	4	1	政治活動	政治活動:3 政治|活動:1	train=4
方位磁石	4	1	方位磁石	方位磁石:3 方位|磁石:1	train=4
旅行会社	4	1	旅行|会社	旅行|会社:3 旅行会社:1	train=4
日の入り	4	1	日の入り	日の入り:3 日|の|入り:1	train=4
日本中	4	1	日本中	日本中:3 日本|中:1	test=1,train=3
日本政府	4	1	日本|政府	日本|政府:3 日本政府:1	train=4
早ければ	4	1	早ければ	早ければ:3 早けれ|ば:1	train=4
映画俳優	4	1	映画|俳優	映画|俳優:3 映画俳優:1	train=4
昼食代	4	1	昼食代	昼食代:3 昼食|代:1	train=4
暇だったら	4	1	暇だったら	暇だったら:3 暇だっ|たら:1	train=4
書き直した	4	1	書き直した	書き直した:3 書き|直した:1	train=4
書けば	4	1	書けば	書けば:3 書け|ば:1	train=4
本当じゃない	4	1	本当|じゃない	本当|じゃない:3 本当じゃない:1	train=4
枯れかけて	4	1	枯れかけて	枯れかけて:3 枯れ|かけて:1	train=4
案内所	4	1	案内所	案内所:3 案内|所:1	train=4
極まりない	4	1	極まりない	極まりない:3 極まり|ない:1	train=4
欲しがった	4	1	欲しがった	欲しがった:3 欲し|がった:1	train=4
欲求不満	4	1	欲求|不満	欲求|不満:3 欲求不満:1	train=4
歩かなければ	4	1	歩かなければ	歩かなければ:3 歩かなけれ|ば:1	train=4
毎食後	4	1	毎食|後	毎食|後:3 毎食後:1	train=4
比べたら	4	1	比べたら	比べたら:3 比べ|たら:1	train=4
気づいてた	4	1	気づいてた	気づいてた:3 気づいて|た:1	train=4
気の毒だ	4	1	気の毒だ	気の毒だ:3 気|の毒|だ:1	train=4
水入らず	4	1	水入らず	水入らず:3 水|入らず:1	train=4
江戸時代	4	1	江戸時代	江戸時代:3 江戸|時代:1	train=4
決めかねて	4	1	決めかねて	決めかねて:3 決め|かねて:1	train=4
沈みかけて	4	1	沈みかけて	沈みかけて:3 沈み|かけて:1	train=4
注意不足	4	1	注意|不足	注意|不足:3 注意不足:1	train=4
消え失せろ	4	1	消え失せろ	消え失せろ:3 消え|失せろ:1	train=4
涙ながら	4	1	涙ながら	涙ながら:3 涙|ながら:1	train=4
涙もろい	4	1	涙|もろい	涙|もろい:3 涙もろい:1	train=4
満員電車	4	1	満員|電車	満員|電車:3 満員電車:1	train=4
滑り降りた	4	1	滑り降りた	滑り降りた:3 滑り|降りた:1	train=3,val=1
滞在期間	4	1	滞在|期間	滞在|期間:3 滞在期間:1	train=4
焼けるよう	4	1	焼ける|よう	焼ける|よう:3 焼けるよう:1	train=4
物々交換	4	1	物々|交換	物々|交換:3 物々交換:1	train=4
猫アレルギー	4	1	猫|アレルギー	猫|アレルギー:3 猫アレルギー:1	test=1,train=3
献身的	4	1	献身的	献身的:3 献身|的:1	train=4
申し上げよう	4	1	申し上げよう	申し上げよう:3 申し上げ|よう:1	train=4
男らしい	4	1	男|らしい	男|らしい:3 男らしい:1	train=4
直に	4	1	直|に	直|に:3 直に:1	train=4
相手取って	4	1	相手取って	相手取って:3 相手|取って:1	train=4
眠ったら	4	1	眠ったら	眠ったら:3 眠った|ら:1	train=4
知らないようだ	4	1	知らないようだ	知らないようだ:3 知らない|よう|だ:1	train=4
知らなければ	4	1	知らなければ	知らなければ:3 知らなけれ|ば:1	train=4
礼儀正しくない	4	1	礼儀|正しくない	礼儀|正しくない:3 礼儀正しくない:1	train=4
私ら	4	1	私ら	私ら:3 私|ら:1	train=4
秘密警察	4	1	秘密警察	秘密警察:3 秘密|警察:1	train=4
程よい	4	1	程|よい	程|よい:3 程よい:1	train=4
程遠い	4	1	程遠い	程遠い:3 程|遠い:1	train=4
立たされたら	4	1	立たされたら	立たされたら:3 立たされ|たら:1	train=4
立てました	4	1	立てました	立てました:3 立て|ました:1	train=4
竜の巣	4	1	竜|の|巣	竜|の|巣:3 竜の巣:1	train=4
笑いながら	4	1	笑いながら	笑いながら:3 笑い|ながら:1	train=4
第77章	4	1	第77章	第77章:3 第|77|章:1	train=4
簡単さ	4	1	簡単|さ	簡単|さ:3 簡単さ:1	train=4
練習問題	4	1	練習|問題	練習|問題:3 練習問題:1	train=4
聴きながら	4	1	聴きながら	聴きながら:3 聴き|ながら:1	train=4
脱した	4	1	脱した	脱した:3 脱|した:1	train=4
自然食品	4	1	自然食品	自然食品:3 自然|食品:1	train=4
自由です	4	1	自由|です	自由|です:3 自由です:1	train=4
航海中	4	1	航海|中	航海|中:3 航海中:1	train=4
若死に	4	1	若死|に	若死|に:3 若死に:1	train=4
落ちたん	4	1	落ちた|ん	落ちた|ん:3 落ちたん:1	train=4
行き当たりばったり	4	1	行き当たり|ばったり	行き当たり|ばったり:3 行き当たりばったり:1	train=4
衝突事故	4	1	衝突|事故	衝突|事故:3 衝突事故:1	train=4
衰え始めた	4	1	衰え始めた	衰え始めた:3 衰え|始めた:1	train=4
裸だった	4	1	裸だった	裸だった:3 裸|だった:1	train=4
襲いかかった	4	1	襲いかかった	襲いかかった:3 襲い|かかった:1	train=4
要は	4	1	要は	要は:3 要|は:1	train=4
見つけなければ	4	1	見つけなければ	見つけなければ:3 見つけなけれ|ば:1	train=4
見てん	4	1	見てん	見てん:3 見て|ん:1	train=4
見出し語	4	1	見出し|語	見出し|語:3 見出し語:1	train=4
規則正しい	4	1	規則|正しい	規則|正しい:3 規則正しい:1	train=4
覚えてろ	4	1	覚えてろ	覚えてろ:3 覚えて|ろ:1	train=4
覚えなければ	4	1	覚えなければ	覚えなければ:3 覚えなけれ|ば:1	train=4
言いながら	4	1	言いながら	言いながら:3 言い|ながら:1	train=4
訳しました	4	1	訳しました	訳しました:3 訳|しました:1	train=4
話してない	4	1	話して|ない	話して|ない:3 話してない:1	train=4
話し掛けた	4	1	話し掛けた	話し掛けた:3 話し|掛けた:1	train=4
読み終える	4	1	読み終える	読み終える:3 読み|終える:1	train=4
読んでました	4	1	読んでました	読んでました:3 読んで|ました:1	train=4
調べると	4	1	調べると	調べると:3 調べる|と:1	train=4
赤だった	4	1	赤だった	赤だった:3 赤|だった:1	train=4
走り続けた	4	1	走り続けた	走り続けた:3 走り|続けた:1	train=4
転地療養	4	1	転地|療養	転地|療養:3 転地療養:1	train=4
迷惑だ	4	1	迷惑だ	迷惑だ:3 迷惑|だ:1	train=4
退職後	4	1	退職|後	退職|後:3 退職後:1	train=4
送り出して	4	1	送り出して	送り出して:3 送り|出して:1	train=4
速やかに	4	1	速やか|に	速やか|に:3 速やかに:1	train=4
遂に	4	1	遂に	遂に:3 遂|に:1	test=1,train=3
部屋番号	4	1	部屋|番号	部屋|番号:3 部屋番号:1	train=4
都市生活	4	1	都市|生活	都市|生活:3 都市生活:1	train=4
金持ちです	4	1	金持ち|です	金持ち|です:3 金持ちです:1	train=4
銀行口座	4	1	銀行口座	銀行口座:3 銀行|口座:1	train=4
長生きだ	4	1	長生きだ	長生きだ:3 長生き|だ:1	train=4
隠してた	4	1	隠してた	隠してた:3 隠して|た:1	train=4
隠れてた	4	1	隠れてた	隠れてた:3 隠れて|た:1	train=4
電気ストーブ	4	1	電気ストーブ	電気ストーブ:3 電気|ストーブ:1	train=4
青だ	4	1	青|だ	青|だ:3 青だ:1	train=4
面会謝絶	4	1	面会謝絶	面会謝絶:3 面会|謝絶:1	train=4
面白くなった	4	1	面白く|なった	面白く|なった:3 面白くなった:1	train=4
頼めば	4	1	頼めば	頼めば:3 頼め|ば:1	train=4
願えませんか	4	1	願えません|か	願えません|か:3 願えませんか:1	train=4
飛びついた	4	1	飛びついた	飛びついた:3 飛び|ついた:1	train=4
飛び去る	4	1	飛び去る	飛び去る:3 飛び|去る:1	train=4
食べなければ	4	1	食べなければ	食べなければ:3 食べなけれ|ば:1	train=3,val=1
飲みすぎない	4	1	飲みすぎない	飲みすぎない:3 飲み|すぎない:1	train=4
首尾一貫	4	1	首尾|一貫	首尾|一貫:3 首尾一貫:1	train=4
駆けつけた	4	1	駆けつけた	駆けつけた:3 駆け|つけた:1	train=4
駐車違反	4	1	駐車|違反	駐車|違反:3 駐車違反:1	train=4
黒メガネ	4	1	黒メガネ	黒メガネ:3 黒|メガネ:1	train=4
あかあかと	3	1	あかあか|と	あかあか|と:2 あかあかと:1	train=3
あざだらけ	3	1	あざ|だらけ	あざ|だらけ:2 あざだらけ:1	train=3
あっちは	3	1	あっちは	あっちは:2 あっち|は:1	train=3
あ～～	3	1	あ～～	あ～～:2 あ|～|～:1	train=3
あ～～っ	3	1	あ～～っ	あ～～っ:2 あ|～|～|っ:1	train=3
いかんに	3	1	いかんに	いかんに:2 いかん|に:1	train=3
いさえ	3	1	いさえ	いさえ:2 い|さえ:1	train=3
いたし	3	1	いたし	いたし:2 いた|し:1	test=1,train=2
いただけますよう	3	1	いただけますよう	いただけますよう:2 いただけます|よう:1	train=3
いな	3	1	いな	いな:2 い|な:1	train=3
いないようです	3	1	いないようです	いないようです:2 いない|よう|です:1	train=3
いろいろの	3	1	いろいろ|の	いろいろ|の:2 いろいろの:1	train=3
うなり声	3	1	うなり|声	うなり|声:2 うなり声:1	train=3
うまくいっただろう	3	1	うまく|いっただろう	うまく|いっただろう:2 うまくいっただろう:1	train=3
う～む	3	1	う～む	う～む:2 う|～|む:1	train=3
おいは	3	1	おいは	おいは:2 おい|は:1	train=3
おくつろぎください	3	1	おくつろぎください	おくつろぎください:2 おくつろぎ|ください:1	train=3
おくつろぎ下さい	3	1	おくつろぎ下さい	おくつろぎ下さい:2 おくつろぎ|下さい:1	train=3
おので	3	1	おの|で	おの|で:2 おので:1	train=3
おまえさん	3	1	おまえさん	おまえさん:2 おまえ|さん:1	train=3
おわかりです	3	1	おわかり|です	おわかり|です:2 おわかりです:1	train=3
お互いさま	3	1	お互いさま	お互いさま:2 お互い|さま:1	train=3
お問い合わせ	3	1	お問い合わせ	お問い合わせ:2 お|問い合わせ:1	train=3
お喜び	3	1	お喜び	お喜び:2 お|喜び:1	train=3
お寄りください	3	1	お寄りください	お寄りください:2 お|寄りください:1	train=3
お忘れで	3	1	お忘れで	お忘れで:2 お忘れ|で:1	train=3
お忘れなく	3	1	お忘れなく	お忘れなく:2 お忘れ|なく:1	train=3
お泊まり会	3	1	お泊まり会	お泊まり会:2 お泊まり|会:1	test=1,train=2
お父さ～ん	3	1	お父さ～ん	お父さ～ん:2 お父|さ～ん:1	train=3
お祭り騒ぎ	3	1	お祭り|騒ぎ	お祭り|騒ぎ:2 お祭り騒ぎ:1	train=3
お立ち	3	1	お立ち	お立ち:2 お|立ち:1	train=3
お見え	3	1	お見え	お見え:2 お|見え:1	train=3
お話しいただけます	3	1	お話し|いただけます	お話し|いただけます:2 お話しいただけます:1	train=3
お話し下さい	3	1	お話し下さい	お話し下さい:2 お話し|下さい:1	train=3
お送りしました	3	1	お送り|しました	お送り|しました:2 お送りしました:1	train=3
お預け	3	1	お預け	お預け:2 お|預け:1	train=3
お～	3	1	お|～	お|～:2 お～:1	train=3
かあ	3	1	かあ	かあ:2 か|あ:1	train=3
かお	3	1	か|お	か|お:2 かお:1	train=3
かしこも	3	1	かしこも	かしこも:2 かしこ|も:1	train=3
かたわれ時	3	1	かたわれ|時	かたわれ|時:2 かたわれ時:1	train=3
かねぇ	3	1	か|ねぇ	か|ねぇ:2 かねぇ:1	train=3
がいっそう	3	1	が|いっそう	が|いっそう:2 がいっそう:1	train=3
が入ってた	3	1	が|入ってた	が|入ってた:2 が入ってた:1	train=3
が高まった	3	1	が|高まった	が|高まった:2 が高まった:1	train=3
きれい好き	3	1	きれい|好き	きれい|好き:2 きれい好き:1	train=3
くれるなら	3	1	くれる|なら	くれる|なら:2 くれるなら:1	train=2,val=1
こうこう	3	1	こうこう	こうこう:2 こう|こう:1	train=3
こすりながら	3	1	こすりながら	こすりながら:2 こすり|ながら:1	train=3
こすり落とした	3	1	こすり落とした	こすり落とした:2 こすり|落とした:1	train=3
こよっと	3	1	こよっと	こよっと:2 こよっ|と:1	train=3
これくらい	3	1	これ|くらい	これ|くらい:2 これくらい:1	train=3
これぐらい	3	1	これ|ぐらい	これ|ぐらい:2 これぐらい:1	train=3
ご存知でした	3	1	ご存知でした	ご存知でした:2 ご存知|でした:1	train=3
ご提示	3	1	ご提示	ご提示:2 ご|提示:1	train=3
ご旅行	3	1	ご旅行	ご旅行:2 ご|旅行:1	train=3
ご無事で	3	1	ご無事で	ご無事で:2 ご無事|で:1	train=3
ご署名	3	1	ご署名	ご署名:2 ご|署名:1	train=3
させながら	3	1	させながら	させながら:2 させ|ながら:1	train=3
されつつある	3	1	されつつある	されつつある:2 され|つつ|ある:1	train=3
しかめっ面	3	1	しかめっ面	しかめっ面:2 し|かめっ面:1	train=3
してるようだ	3	1	してるようだ	してるようだ:2 してる|よう|だ:1	train=3
してるようだった	3	1	してるようだった	してるようだった:2 してる|よう|だった:1	train=3
しましたが	3	1	しましたが	しましたが:2 しました|が:1	train=3
しまったようだ	3	1	しまったようだ	しまったようだ:2 しまった|よう|だ:1	train=3
しゃべり続けた	3	1	しゃべり|続けた	しゃべり|続けた:2 しゃべり続けた:1	train=3
し始める	3	1	し始める	し始める:2 し|始める:1	train=3
すごいわ	3	1	すごい|わ	すごい|わ:2 すごいわ:1	train=3
せんと	3	1	せん|と	せん|と:2 せんと:1	train=3
そちら様	3	1	そちら|様	そちら|様:2 そちら様:1	train=3
そんなん	3	1	そんな|ん	そんな|ん:2 そんなん:1	train=3
ぞー	3	1	ぞー	ぞー:2 ぞ|ー:1	train=3
たかが	3	1	たか|が	たか|が:2 たかが:1	train=3
たたき上げ	3	1	たたき上げ	たたき上げ:2 たたき|上げ:1	train=3
だったろ	3	1	だったろ	だったろ:2 だった|ろ:1	train=3
だらしなさ	3	1	だらしなさ	だらしなさ:2 だらしな|さ:1	train=3
だー	3	1	だー	だー:2 だ|ー:1	train=3
ちょいと	3	1	ちょいと	ちょいと:2 ちょい|と:1	train=3
つくんだ	3	1	つく|ん|だ	つく|ん|だ:2 つくんだ:1	train=3
つけねばならない	3	1	つけねば|ならない	つけねば|ならない:2 つけねばならない:1	train=3
つねに	3	1	つね|に	つね|に:2 つねに:1	train=3
ていうか	3	1	て|いう|か	て|いう|か:2 ていうか:1	train=3
できるんだったら	3	1	できる|ん|だったら	できる|ん|だったら:2 できるんだったら:1	train=3
でしょお	3	1	でしょ|お	でしょ|お:2 でしょお:1	train=3
ですます	3	1	で|すます	で|すます:2 ですます:1	train=3
でなきゃ	3	1	でなきゃ	でなきゃ:2 で|なきゃ:1	train=3
とあれば	3	1	と|あれば	と|あれば:2 とあれば:1	train=3
といけなかった	3	1	と|いけなかった	と|いけなかった:2 といけなかった:1	train=3
とうなずいた	3	1	とうなずいた	とうなずいた:2 と|うなずいた:1	train=3
とかした	3	1	とかした	とかした:2 と|か|した:1	train=3
とかわいい	3	1	と|かわいい	と|かわいい:2 とかわいい:1	train=3
とてつもない	3	1	とてつもない	とてつもない:2 とてつ|も|ない:1	train=3
とらなければ	3	1	とらなければ	とらなければ:2 とらなけれ|ば:1	train=3
どくん	3	1	どく|ん	どく|ん:2 どくん:1	train=3
どことなく	3	1	どこ|と|なく	どこ|と|なく:2 どことなく:1	train=3
どすんと	3	1	どすんと	どすんと:2 どすん|と:1	train=3
どちらさま	3	1	どちら|さま	どちら|さま:2 どちらさま:1	train=3
なくなってる	3	1	なくなってる	なくなってる:2 なく|なってる:1	train=3
なくらい	3	1	なくらい	なくらい:2 な|くらい:1	train=3
なされる	3	1	なされる	なされる:2 な|される:1	train=3
なした	3	1	なした	なした:2 な|した:1	train=3
ならなければ	3	1	ならなければ	ならなければ:2 ならなけれ|ば:1	train=3
なるであろう	3	1	なるであろう	なるであろう:2 なるで|あろう:1	train=3
なー	3	1	なー	なー:2 な|ー:1	train=3
にいられなかった	3	1	に|いられなかった	に|いられなかった:2 にいられなかった:1	train=3
にらみつけた	3	1	にらみつけた	にらみつけた:2 にらみ|つけた:1	train=2,val=1
に落ちない	3	1	に|落ちない	に|落ちない:2 に落ちない:1	train=3
ねじ回し	3	1	ねじ|回し	ねじ|回し:2 ねじ回し:1	train=3
のどかな	3	1	の|どかな	の|どかな:2 のどかな:1	train=3
のらくらして	3	1	のらくら|して	のらくら|して:2 のらくらして:1	train=3
はいえ	3	1	は|いえ	は|いえ:2 はいえ:1	train=3
はいかん	3	1	は|いかん	は|いかん:2 はいかん:1	train=3
はがまん	3	1	はがまん	はがまん:2 は|がまん:1	train=3
はこない	3	1	は|こない	は|こない:2 はこない:1	train=3
はびくびく	3	1	は|びくびく	は|びくびく:2 はびくびく:1	train=3
はやっていけません	3	1	は|やって|いけません	は|やって|いけません:2 はやっていけません:1	train=3
はやらない	3	1	は|やらない	は|やらない:2 はやらない:1	train=3
は応じられない	3	1	は|応じられない	は|応じられない:2 は応じられない:1	train=3
は飽き飽き	3	1	は|飽き飽き	は|飽き飽き:2 は飽き飽き:1	train=3
ひそかに	3	1	ひそか|に	ひそか|に:2 ひそかに:1	train=3
ぴったりの	3	1	ぴったりの	ぴったりの:2 ぴったり|の:1	train=3
ぶってんじゃねえ	3	1	ぶってんじゃねえ	ぶってんじゃねえ:2 ぶってんじゃ|ねえ:1	train=3
ほかない	3	1	ほか|ない	ほか|ない:2 ほかない:1	train=3
ほこりだらけ	3	1	ほこりだらけ	ほこりだらけ:2 ほこり|だらけ:1	train=3
ほどなく	3	1	ほどなく	ほどなく:2 ほど|なく:1	train=3
みっちゃん	3	1	みっちゃん	みっちゃん:2 みっ|ちゃん:1	train=3
もつれて	3	1	もつれて	もつれて:2 も|つれて:1	train=3
もののけ	3	1	もののけ	もののけ:2 もの|の|け:1	train=3
やさ	3	1	やさ	やさ:2 や|さ:1	train=3
やて	3	1	やて	やて:2 や|て:1	train=2,val=1
やめときな	3	1	やめときな	やめときな:2 やめとき|な:1	train=3
やりとげた	3	1	やりとげた	やりとげた:2 やり|とげた:1	train=3
やり直した	3	1	やり|直した	やり|直した:2 やり直した:1	train=3
やり終えた	3	1	やり|終えた	やり|終えた:2 やり終えた:1	train=3
やり終えました	3	1	やり終えました	やり終えました:2 やり|終えました:1	train=3
らっしゃ～い	3	1	らっしゃ|～|い	らっしゃ|～|い:2 らっしゃ～い:1	train=3
わからなくなった	3	1	わからなく|なった	わからなく|なった:2 わからなくなった:1	train=3
わたしら	3	1	わたし|ら	わたし|ら:2 わたしら:1	train=3
をつねった	3	1	を|つねった	を|つねった:2 をつねった:1	train=3
を発ちます	3	1	を発ちます	を発ちます:2 を|発ちます:1	train=3
を示さなかった	3	1	を|示さなかった	を|示さなかった:2 を示さなかった:1	train=3
んて	3	1	ん|て	ん|て:2 んて:1	train=3
ん中	3	1	ん中	ん中:2 ん|中:1	train=3
ん家	3	1	ん|家	ん|家:2 ん家:1	train=3
アイルランド系	3	1	アイルランド|系	アイルランド|系:2 アイルランド系:1	train=3
アドルフ・ヒトラー	3	1	アドルフ|・|ヒトラー	アドルフ|・|ヒトラー:2 アドルフ・ヒトラー:1	train=3
アパート暮らし	3	1	アパート|暮らし	アパート|暮らし:2 アパート暮らし:1	train=3
アンドロメダ銀河	3	1	アンドロメダ銀河	アンドロメダ銀河:2 アンドロメダ|銀河:1	train=3
イエス様	3	1	イエス|様	イエス|様:2 イエス様:1	train=3
イチゴジャム	3	1	イチゴ|ジャム	イチゴ|ジャム:2 イチゴジャム:1	train=3
ウェブカメラ	3	1	ウェブカメラ	ウェブカメラ:2 ウェブ|カメラ:1	train=3
ウンザリだ	3	1	ウンザリ|だ	ウンザリ|だ:2 ウンザリだ:1	train=3
エネルギー源	3	1	エネルギー源	エネルギー源:2 エネルギー|源:1	train=3
エベレスト山	3	1	エベレスト山	エベレスト山:2 エベレスト|山:1	train=3
カダザン語	3	1	カダザン|語	カダザン|語:2 カダザン語:1	train=3
カビル語	3	1	カビル|語	カビル|語:2 カビル語:1	train=3
ガソリン価格	3	1	ガソリン|価格	ガソリン|価格:2 ガソリン価格:1	train=3
ギリシア人	3	1	ギリシア|人	ギリシア|人:2 ギリシア人:1	train=3
クリスマスイブ	3	1	クリスマスイブ	クリスマスイブ:2 クリスマス|イブ:1	train=3
ケネディ空港	3	1	ケネディ|空港	ケネディ|空港:2 ケネディ空港:1	train=3
コンピューター会社	3	1	コンピューター|会社	コンピューター|会社:2 コンピューター会社:1	test=1,train=2
コーヒー店	3	1	コーヒー店	コーヒー店:2 コーヒー|店:1	train=3
ゴルフ狂	3	1	ゴルフ|狂	ゴルフ|狂:2 ゴルフ狂:1	train=3
サービス料	3	1	サービス料	サービス料:2 サービス|料:1	train=3
シ～	3	1	シ～	シ～:2 シ|～:1	train=3
ジョジョうさぎ	3	1	ジョジョ|うさぎ	ジョジョ|うさぎ:2 ジョジョうさぎ:1	train=3
スイート･ウオーター	3	1	スイート･ウオーター	スイート･ウオーター:2 スイート|･|ウオーター:1	train=3
ストロベリーアイス	3	1	ストロベリー|アイス	ストロベリー|アイス:2 ストロベリーアイス:1	train=3
ズル休み	3	1	ズル休み	ズル休み:2 ズル|休み:1	train=3
タトエバ・プロジェクト	3	1	タトエバ|・|プロジェクト	タトエバ|・|プロジェクト:2 タトエバ・プロジェクト:1	train=3
テニスラケット	3	1	テニスラケット	テニスラケット:2 テニス|ラケット:1	train=3
トマトスープ	3	1	トマトスープ	トマトスープ:2 トマト|スープ:1	train=3
トヨタ車	3	1	トヨタ|車	トヨタ|車:2 トヨタ車:1	train=3
ドイツ製	3	1	ドイツ製	ドイツ製:2 ドイツ|製:1	train=3
ニトログリセリン	3	1	ニトログリセリン	ニトログリセリン:2 ニトロ|グリセリン:1	train=3
ニューモデル	3	1	ニューモデル	ニューモデル:2 ニュー|モデル:1	train=3
ハイジャック犯	3	1	ハイジャック|犯	ハイジャック|犯:2 ハイジャック犯:1	train=3
バッキンガム宮殿	3	1	バッキンガム|宮殿	バッキンガム|宮殿:2 バッキンガム宮殿:1	train=3
パールの	3	1	パールの	パールの:2 パール|の:1	train=3
ヒイさま	3	1	ヒイさま	ヒイさま:2 ヒイ|さま:1	train=3
ヒルトン・ホテル	3	1	ヒルトン・ホテル	ヒルトン・ホテル:2 ヒルトン|・|ホテル:1	train=3
ファシオラ家	3	1	ファシオラ|家	ファシオラ|家:2 ファシオラ家:1	train=3
フランス文学	3	1	フランス|文学	フランス|文学:2 フランス文学:1	train=3
フランス革命	3	1	フランス革命	フランス革命:2 フランス|革命:1	train=3
ベルベル人	3	1	ベルベル|人	ベルベル|人:2 ベルベル人:1	train=3
ペロペロキャンディ	3	1	ペロペロ|キャンディ	ペロペロ|キャンディ:2 ペロペロキャンディ:1	train=3
マンマユート団	3	1	マンマユート|団	マンマユート|団:2 マンマユート団:1	train=3
ミスタ・ブルー	3	1	ミスタ|・|ブルー	ミスタ|・|ブルー:2 ミスタ・ブルー:1	train=3
ユパさま	3	1	ユパ|さま	ユパ|さま:2 ユパさま:1	train=3
リトアニア語	3	1	リトアニア語	リトアニア語:2 リトアニア|語:1	train=3
ルター派	3	1	ルター|派	ルター|派:2 ルター派:1	train=3
ロックバンド	3	1	ロック|バンド	ロック|バンド:2 ロックバンド:1	train=3
ワッと	3	1	ワッと	ワッと:2 ワッ|と:1	train=3
ヴォラピュク語	3	1	ヴォラピュク語	ヴォラピュク語:2 ヴォラピュク|語:1	train=3
ーっ	3	1	ー|っ	ー|っ:2 ーっ:1	train=3
一文無し	3	1	一文無し	一文無し:2 一文|無し:1	train=3
一方で	3	1	一方|で	一方|で:2 一方で:1	train=3
一時解雇	3	1	一時|解雇	一時|解雇:2 一時解雇:1	train=3
一瓶	3	1	一瓶	一瓶:2 一|瓶:1	test=1,train=2
一石二鳥	3	1	一石|二鳥	一石|二鳥:2 一石二鳥:1	train=3
一網打尽	3	1	一網打尽	一網打尽:2 一網|打尽:1	test=1,train=2
一言一句	3	1	一言|一句	一言|一句:2 一言一句:1	train=3
一語一語	3	1	一語|一語	一語|一語:2 一語一語:1	train=3
三々五々	3	1	三々|五々	三々|五々:2 三々五々:1	train=3
上手くなりたい	3	1	上手く|なりたい	上手く|なりたい:2 上手くなりたい:1	train=3
不注意であった	3	1	不注意であった	不注意であった:2 不注意で|あった:1	train=3
不満で	3	1	不満|で	不満|で:2 不満で:1	train=3
世間一般	3	1	世間|一般	世間|一般:2 世間一般:1	train=3
両肘	3	1	両肘	両肘:2 両|肘:1	train=3
中間試験	3	1	中間試験	中間試験:2 中間|試験:1	train=3
予約済み	3	1	予約済み	予約済み:2 予約|済み:1	train=3
事務弁護士	3	1	事務|弁護士	事務|弁護士:2 事務弁護士:1	train=3
事故って	3	1	事故|って	事故|って:2 事故って:1	train=3
二つ目	3	1	二つ目	二つ目:2 二つ|目:1	train=3
二の舞	3	1	二の舞	二の舞:2 二|の|舞:1	train=3
二人っきり	3	1	二人|っきり	二人|っきり:2 二人っきり:1	train=3
二国間	3	1	二国間	二国間:2 二国|間:1	train=3
五十歩百歩	3	1	五十歩|百歩	五十歩|百歩:2 五十歩百歩:1	train=3
五年間	3	1	五年|間	五年|間:2 五年間:1	train=3
人ごと	3	1	人|ごと	人|ごと:2 人ごと:1	train=3
人事課	3	1	人事課	人事課:2 人事|課:1	train=3
人口増加	3	1	人口|増加	人口|増加:2 人口増加:1	train=2,val=1
人生経験	3	1	人生経験	人生経験:2 人生|経験:1	train=3
人間社会	3	1	人間|社会	人間|社会:2 人間社会:1	train=3
今シーズン	3	1	今シーズン	今シーズン:2 今|シーズン:1	train=3
付した	3	1	付した	付した:2 付|した:1	train=3
仲よく	3	1	仲|よく	仲|よく:2 仲よく:1	train=3
伍して	3	1	伍して	伍して:2 伍|して:1	train=3
会えたら	3	1	会え|たら	会え|たら:2 会えたら:1	train=3
住めば	3	1	住めば	住めば:2 住め|ば:1	train=3
住宅計画	3	1	住宅|計画	住宅|計画:2 住宅計画:1	train=3
何か国語	3	1	何|か|国語	何|か|国語:2 何か国語:1	train=3
何層	3	1	何|層	何|層:2 何層:1	train=3
何年目	3	1	何年目	何年目:2 何年|目:1	train=3
何部	3	1	何部	何部:2 何|部:1	train=3
何階建て	3	1	何階|建て	何階|建て:2 何階建て:1	train=3
何隻	3	1	何隻	何隻:2 何|隻:1	train=3
作り出した	3	1	作り出した	作り出した:2 作り|出した:1	train=3
作り出す	3	1	作り出す	作り出す:2 作り|出す:1	train=2,val=1
使用中	3	1	使用|中	使用|中:2 使用中:1	train=3
信じてた	3	1	信じてた	信じてた:2 信じて|た:1	train=3
俺様	3	1	俺様	俺様:2 俺|様:1	train=3
働きつづけた	3	1	働きつづけた	働きつづけた:2 働き|つづけた:1	train=3
僕んち	3	1	僕んち	僕んち:2 僕|んち:1	train=3
光り輝いて	3	1	光り輝いて	光り輝いて:2 光り|輝いて:1	train=1,val=2
入ってなかった	3	1	入ってなかった	入ってなかった:2 入って|なかった:1	train=3
入れば	3	1	入れば	入れば:2 入れ|ば:1	test=1,train=2
入国カード	3	1	入国カード	入国カード:2 入国|カード:1	train=3
全従業員	3	1	全|従業員	全|従業員:2 全従業員:1	train=3
公平でなければ	3	1	公平でなければ	公平でなければ:2 公平で|なけれ|ば:1	train=3
公民権運動	3	1	公民権|運動	公民権|運動:2 公民権運動:1	train=3
六歳	3	1	六歳	六歳:2 六|歳:1	train=3
分かりやすく	3	1	分かりやすく	分かりやすく:2 分かり|やすく:1	train=3
分割払い	3	1	分割|払い	分割|払い:2 分割払い:1	train=3
切に	3	1	切|に	切|に:2 切に:1	train=3
切手収集	3	1	切手収集	切手収集:2 切手|収集:1	train=3
初来日	3	1	初来日	初来日:2 初|来日:1	train=3
労働条件	3	1	労働|条件	労働|条件:2 労働条件:1	train=3
動き出した	3	1	動き|出した	動き|出した:2 動き出した:1	train=3
動き始めた	3	1	動き|始めた	動き|始めた:2 動き始めた:1	train=2,val=1
動くんじゃない	3	1	動く|ん|じゃない	動く|ん|じゃない:2 動くんじゃない:1	train=3
勤勉でなければ	3	1	勤勉で|なければ	勤勉で|なければ:2 勤勉でなければ:1	train=3
化学反応	3	1	化学|反応	化学|反応:2 化学反応:1	train=3
化学物質	3	1	化学|物質	化学|物質:2 化学物質:1	train=3
北極探検	3	1	北極|探検	北極|探検:2 北極探検:1	train=3
医療保険	3	1	医療保険	医療保険:2 医療|保険:1	train=2,val=1
十分でない	3	1	十分で|ない	十分で|ない:2 十分でない:1	train=3
南フランス	3	1	南|フランス	南|フランス:2 南フランス:1	train=3
危険人物	3	1	危険人物	危険人物:2 危険|人物:1	train=3
去らなければ	3	1	去らなければ	去らなければ:2 去らなけれ|ば:1	train=3
反革命分子	3	1	反革命|分子	反革命|分子:2 反革命分子:1	train=3
取り組まなければ	3	1	取り組まなければ	取り組まなければ:2 取り組まなけれ|ば:1	train=3
受け入れなければ	3	1	受け入れなければ	受け入れなければ:2 受け入れなけれ|ば:1	train=3
受け入れられた	3	1	受け入れられた	受け入れられた:2 受け|入れられた:1	train=3
受け入れられない	3	1	受け入れられない	受け入れられない:2 受け|入れ|られない:1	train=3
右利き	3	1	右利き	右利き:2 右|利き:1	train=3
司法試験	3	1	司法試験	司法試験:2 司法|試験:1	train=3
同姓同名	3	1	同姓|同名	同姓|同名:2 同姓同名:1	train=3
同様で	3	1	同様|で	同様|で:2 同様で:1	train=3
名付けました	3	1	名付けました	名付けました:2 名|付けました:1	train=3
向こう見ず	3	1	向こう|見ず	向こう|見ず:2 向こう見ず:1	train=3
否定的	3	1	否定|的	否定|的:2 否定的:1	train=3
吸いすぎ	3	1	吸いすぎ	吸いすぎ:2 吸い|すぎ:1	train=3
吸い過ぎない	3	1	吸い過ぎない	吸い過ぎない:2 吸い|過ぎない:1	train=3
吹きつけた	3	1	吹きつけた	吹きつけた:2 吹き|つけた:1	train=3
和らいできました	3	1	和らいできました	和らいできました:2 和らいで|きました:1	train=3
四年	3	1	四|年	四|年:2 四年:1	train=3
固定観念	3	1	固定観念	固定観念:2 固定|観念:1	train=3
国家社会主義	3	1	国家社会主義	国家社会主義:2 国家|社会主義:1	train=3
国際貿易	3	1	国際|貿易	国際|貿易:2 国際貿易:1	train=3
国際電話	3	1	国際|電話	国際|電話:2 国際電話:1	train=3
地獄行き	3	1	地獄|行き	地獄|行き:2 地獄行き:1	train=3
埋め合わせなければ	3	1	埋め合わせなければ	埋め合わせなければ:2 埋め合わせなけれ|ば:1	train=3
変ね	3	1	変|ね	変|ね:2 変ね:1	train=3
夏中	3	1	夏中	夏中:2 夏|中:1	train=3
大っ嫌いだった	3	1	大っ嫌いだった	大っ嫌いだった:2 大っ|嫌いだった:1	train=3
大丈夫だって	3	1	大丈夫だ|って	大丈夫だ|って:2 大丈夫だって:1	train=3
大学教育	3	1	大学|教育	大学|教育:2 大学教育:1	train=3
大家さん	3	1	大家さん	大家さん:2 大家|さん:1	train=3
大正解	3	1	大正解	大正解:2 大|正解:1	train=3
大科学者	3	1	大|科学者	大|科学者:2 大科学者:1	train=3
大音響	3	1	大音響	大音響:2 大|音響:1	train=2,val=1
奴等	3	1	奴等	奴等:2 奴|等:1	train=3
奴隷制度	3	1	奴隷|制度	奴隷|制度:2 奴隷制度:1	train=3
好き好き	3	1	好き|好き	好き|好き:2 好き好き:1	train=3
学生ビザ	3	1	学生|ビザ	学生|ビザ:2 学生ビザ:1	train=3
定期購読	3	1	定期|購読	定期|購読:2 定期購読:1	train=3
実物そっくりだ	3	1	実物|そっくりだ	実物|そっくりだ:2 実物そっくりだ:1	train=3
宣戦布告	3	1	宣戦|布告	宣戦|布告:2 宣戦布告:1	train=3
家出した	3	1	家|出した	家|出した:2 家出した:1	train=3
家庭環境	3	1	家庭|環境	家庭|環境:2 家庭環境:1	train=3
寄りかかった	3	1	寄りかかった	寄りかかった:2 寄り|かかった:1	train=3
専制君主	3	1	専制君主	専制君主:2 専制|君主:1	train=3
専業主婦	3	1	専業|主婦	専業|主婦:2 専業主婦:1	train=3
専門外	3	1	専門外	専門外:2 専門|外:1	train=3
導師様	3	1	導師様	導師様:2 導師|様:1	train=3
少しいいです	3	1	少し|いいです	少し|いいです:2 少しいいです:1	train=3
居眠り運転	3	1	居眠り|運転	居眠り|運転:2 居眠り運転:1	train=3
差し伸べた	3	1	差し伸べた	差し伸べた:2 差し|伸べた:1	test=1,train=2
年中無休	3	1	年中|無休	年中|無休:2 年中無休:1	train=3
年相応	3	1	年|相応	年|相応:2 年相応:1	train=3
年長の	3	1	年長|の	年長|の:2 年長の:1	train=3
幸いでした	3	1	幸い|でした	幸い|でした:2 幸いでした:1	train=3
幸福であった	3	1	幸福であった	幸福であった:2 幸福で|あった:1	train=3
幼年時代	3	1	幼年|時代	幼年|時代:2 幼年時代:1	train=3
店じまい	3	1	店じまい	店じまい:2 店|じまい:1	train=3
建て込んで	3	1	建て込んで	建て込んで:2 建て|込んで:1	train=3
引き受けました	3	1	引き受けました	引き受けました:2 引き|受けました:1	train=3
待ちきれなかった	3	1	待ちきれなかった	待ちきれなかった:2 待ち|きれなかった:1	train=3
待ちこがれて	3	1	待ちこがれて	待ちこがれて:2 待ち|こがれて:1	train=3
待ってって	3	1	待ってって	待ってって:2 待って|って:1	train=3
待ってました	3	1	待ってました	待ってました:2 待って|ました:1	train=3
待ってます	3	1	待って|ます	待って|ます:2 待ってます:1	train=3
徒歩圏内	3	1	徒歩圏内	徒歩圏内:2 徒歩|圏内:1	train=3
微笑した	3	1	微笑した	微笑した:2 微笑|した:1	train=3
微笑みかける	3	1	微笑み|かける	微笑み|かける:2 微笑みかける:1	train=3
心より	3	1	心|より	心|より:2 心より:1	train=3
心配ごと	3	1	心配|ごと	心配|ごと:2 心配ごと:1	train=3
必要だったら	3	1	必要だったら	必要だったら:2 必要だっ|たら:1	train=3
忍耐強い	3	1	忍耐|強い	忍耐|強い:2 忍耐強い:1	train=3
忘れがちだ	3	1	忘れがちだ	忘れがちだ:2 忘れ|がちだ:1	train=3
忘れてたら	3	1	忘れてたら	忘れてたら:2 忘れて|たら:1	train=3
忠実でなければ	3	1	忠実でなければ	忠実でなければ:2 忠実で|なければ:1	train=3
怒ってるみたい	3	1	怒ってるみたい	怒ってるみたい:2 怒ってる|みたい:1	train=3
思いつかなかった	3	1	思いつかなかった	思いつかなかった:2 思い|つかなかった:1	train=3
思いとどまった	3	1	思いとどまった	思いとどまった:2 思い|とどまった:1	train=3
思い違い	3	1	思い違い	思い違い:2 思い|違い:1	train=3
怠惰であった	3	1	怠惰で|あった	怠惰で|あった:2 怠惰であった:1	train=3
急ぎな	3	1	急ぎな	急ぎな:2 急ぎ|な:1	train=3
悪で	3	1	悪|で	悪|で:2 悪で:1	train=3
情けは	3	1	情け|は	情け|は:2 情けは:1	train=3
愚かであった	3	1	愚かであった	愚かであった:2 愚かで|あった:1	train=3
憎み合って	3	1	憎み合って	憎み合って:2 憎み|合って:1	train=3
成し遂げることが	3	1	成し遂げる|こと|が	成し遂げる|こと|が:2 成し遂げることが:1	train=3
戦後日本	3	1	戦後|日本	戦後|日本:2 戦後日本:1	train=3
戻らなければ	3	1	戻らなければ	戻らなければ:2 戻らなけれ|ば:1	train=3
払いだ	3	1	払い|だ	払い|だ:2 払いだ:1	train=3
扶養家族	3	1	扶養|家族	扶養|家族:2 扶養家族:1	train=3
投げ出された	3	1	投げ出された	投げ出された:2 投げ|出された:1	train=3
折れは	3	1	折れ|は	折れ|は:2 折れは:1	train=3
押したら	3	1	押したら	押したら:2 押し|たら:1	train=3
持たなければ	3	1	持たなければ	持たなければ:2 持たなけれ|ば:1	test=1,train=2
持たれつだ	3	1	持たれつだ	持たれつだ:2 持たれ|つ|だ:1	train=3
持ちだした	3	1	持ちだした	持ちだした:2 持ち|だした:1	train=3
探し出した	3	1	探し出した	探し出した:2 探し|出した:1	train=3
支払わなければ	3	1	支払わなけれ|ば	支払わなけれ|ば:2 支払わなければ:1	train=3
放っておく	3	1	放って|おく	放って|おく:2 放っておく:1	train=3
数学オタク	3	1	数学|オタク	数学|オタク:2 数学オタク:1	train=3
数秒	3	1	数秒	数秒:2 数|秒:1	train=3
数週間前	3	1	数週間|前	数週間|前:2 数週間前:1	train=3
新事業	3	1	新事業	新事業:2 新|事業:1	train=3
新人さん	3	1	新人さん	新人さん:2 新人|さん:1	train=3
新校舎	3	1	新校舎	新校舎:2 新|校舎:1	train=3
旅行保険	3	1	旅行|保険	旅行|保険:2 旅行保険:1	train=3
昆虫採集	3	1	昆虫|採集	昆虫|採集:2 昆虫採集:1	train=3
昇れば	3	1	昇れば	昇れば:2 昇れ|ば:1	train=3
映画牧場	3	1	映画|牧場	映画|牧場:2 映画牧場:1	train=3
時刻通り	3	1	時刻|通り	時刻|通り:2 時刻通り:1	train=3
時間ぎめ	3	1	時間|ぎめ	時間|ぎめ:2 時間ぎめ:1	train=3
書き留める	3	1	書き留める	書き留める:2 書き|留める:1	train=3
書き終える	3	1	書き|終える	書き|終える:2 書き終える:1	train=3
最新型	3	1	最新型	最新型:2 最新|型:1	train=3
最高点	3	1	最高|点	最高|点:2 最高点:1	train=3
朝シャワー	3	1	朝|シャワー	朝|シャワー:2 朝シャワー:1	train=3
朝目	3	1	朝|目	朝|目:2 朝目:1	train=3
未決定	3	1	未決定	未決定:2 未|決定:1	train=3
横断飛行	3	1	横断|飛行	横断|飛行:2 横断飛行:1	train=3
欠陥品	3	1	欠陥品	欠陥品:2 欠陥|品:1	train=3
正しくありません	3	1	正しく|ありません	正しく|ありません:2 正しくありません:1	train=3
死んでも	3	1	死んで|も	死んで|も:2 死んでも:1	train=3
殺したり	3	1	殺したり	殺したり:2 殺し|たり:1	train=3
殺せって	3	1	殺せ|って	殺せ|って:2 殺せって:1	train=3
気に入りません	3	1	気|に|入りません	気|に|入りません:2 気に入りません:1	train=3
気付く	3	1	気付く	気付く:2 気|付く:1	train=3
気持ち悪い	3	1	気持ち|悪い	気持ち|悪い:2 気持ち悪い:1	train=3
求めさえ	3	1	求め|さえ	求め|さえ:2 求めさえ:1	train=3
求めなければ	3	1	求めなければ	求めなければ:2 求めなけれ|ば:1	train=3
汚れてない	3	1	汚れて|ない	汚れて|ない:2 汚れてない:1	train=3
決めたら	3	1	決めたら	決めたら:2 決め|たら:1	train=3
法律事務所	3	1	法律事務所	法律事務所:2 法律|事務所:1	train=3
泣きはじめた	3	1	泣き|はじめた	泣き|はじめた:2 泣きはじめた:1	train=3
泣きわめいた	3	1	泣きわめいた	泣きわめいた:2 泣き|わめいた:1	train=3
泥だらけだった	3	1	泥だらけ|だった	泥だらけ|だった:2 泥だらけだった:1	train=3
泳いでた	3	1	泳いでた	泳いでた:2 泳いで|た:1	train=3
洋服ダンス	3	1	洋服|ダンス	洋服|ダンス:2 洋服ダンス:1	train=3
浴びながら	3	1	浴びながら	浴びながら:2 浴び|ながら:1	train=3
消え去った	3	1	消え去った	消え去った:2 消え|去った:1	train=3
消え失せた	3	1	消え失せた	消え失せた:2 消え|失せた:1	train=3
涙した	3	1	涙した	涙した:2 涙|した:1	train=3
満々だ	3	1	満々|だ	満々|だ:2 満々だ:1	train=3
満員です	3	1	満員です	満員です:2 満員|です:1	train=3
満開で	3	1	満開|で	満開|で:2 満開で:1	train=3
漏れたらしい	3	1	漏れたらしい	漏れたらしい:2 漏れた|らしい:1	train=3
無理ない	3	1	無理|ない	無理|ない:2 無理ない:1	train=3
無謀運転	3	1	無謀|運転	無謀|運転:2 無謀運転:1	train=3
爪先立ち	3	1	爪先立ち	爪先立ち:2 爪先|立ち:1	train=3
犯しがちで	3	1	犯し|がちで	犯し|がちで:2 犯しがちで:1	train=3
犯行現場	3	1	犯行|現場	犯行|現場:2 犯行現場:1	train=3
猛スピード	3	1	猛スピード	猛スピード:2 猛|スピード:1	train=3
王女様	3	1	王女様	王女様:2 王女|様:1	train=3
生まれ変わった	3	1	生まれ変わった	生まれ変わった:2 生まれ|変わった:1	train=3
産児制限	3	1	産児|制限	産児|制限:2 産児制限:1	train=3
田園生活	3	1	田園|生活	田園|生活:2 田園生活:1	train=3
申しよう	3	1	申しよう	申しよう:2 申し|よう:1	train=3
留守でした	3	1	留守|でした	留守|でした:2 留守でした:1	train=3
留守番電話	3	1	留守番電話	留守番電話:2 留守番|電話:1	train=3
異母兄弟	3	1	異母|兄弟	異母|兄弟:2 異母兄弟:1	train=2,val=1
疲れてるみたいだ	3	1	疲れてるみたいだ	疲れてるみたいだ:2 疲れてる|みたいだ:1	train=3
痛くなった	3	1	痛くなった	痛くなった:2 痛く|なった:1	train=3
白だ	3	1	白|だ	白|だ:2 白だ:1	train=3
的はずれだ	3	1	的はずれ|だ	的はずれ|だ:2 的はずれだ:1	train=3
直し方	3	1	直し方	直し方:2 直し|方:1	train=3
相思相愛	3	1	相思相愛	相思相愛:2 相思|相愛:1	train=3
眠くなっちゃう	3	1	眠くなっちゃう	眠くなっちゃう:2 眠く|なっちゃう:1	train=3
睡眠時間	3	1	睡眠|時間	睡眠|時間:2 睡眠時間:1	train=3
睾丸ガン	3	1	睾丸ガン	睾丸ガン:2 睾丸|ガン:1	train=3
短気で	3	1	短気で	短気で:2 短気|で:1	train=3
社会不安	3	1	社会|不安	社会|不安:2 社会不安:1	train=3
税制改革	3	1	税制改革	税制改革:2 税制|改革:1	test=1,train=2
税込み	3	1	税込み	税込み:2 税|込み:1	train=3
穴だらけ	3	1	穴だらけ	穴だらけ:2 穴|だらけ:1	train=3
空き部屋	3	1	空き|部屋	空き|部屋:2 空き部屋:1	train=3
空っぽの	3	1	空っぽ|の	空っぽ|の:2 空っぽの:1	train=3
空港バス	3	1	空港|バス	空港|バス:2 空港バス:1	train=3
空飛ぶ	3	1	空|飛ぶ	空|飛ぶ:2 空飛ぶ:1	train=3
窮した	3	1	窮した	窮した:2 窮|した:1	train=3
立てられた	3	1	立て|られた	立て|られた:2 立てられた:1	train=3
立入禁止	3	1	立入|禁止	立入|禁止:2 立入禁止:1	train=3
笑いかけて	3	1	笑いかけて	笑いかけて:2 笑い|かけて:1	train=3
笑い出す	3	1	笑い出す	笑い出す:2 笑い|出す:1	train=3
第一段階	3	1	第一|段階	第一|段階:2 第一段階:1	train=3
簡単でない	3	1	簡単で|ない	簡単で|ない:2 簡単でない:1	train=3
精神状態	3	1	精神状態	精神状態:2 精神|状態:1	train=3
結婚指輪	3	1	結婚|指輪	結婚|指輪:2 結婚指輪:1	train=3
続けなければ	3	1	続けなけれ|ば	続けなけれ|ば:2 続けなければ:1	train=3
緑だ	3	1	緑|だ	緑|だ:2 緑だ:1	train=3
罰した	3	1	罰した	罰した:2 罰|した:1	train=3
罰する	3	1	罰する	罰する:2 罰|する:1	train=3
考えがちで	3	1	考えがちで	考えがちで:2 考え|がちで:1	train=3
考えてたでしょ	3	1	考えてたでしょ	考えてたでしょ:2 考えて|たでしょ:1	train=3
考えね	3	1	考え|ね	考え|ね:2 考えね:1	train=3
考え出した	3	1	考え出した	考え出した:2 考え|出した:1	train=3
聞き入れて	3	1	聞き入れて	聞き入れて:2 聞き|入れて:1	train=3
聞こえてます	3	1	聞こえてます	聞こえてます:2 聞こえて|ます:1	train=3
聞こえなくなった	3	1	聞こえなくなった	聞こえなくなった:2 聞こえなく|なった:1	train=3
職探し	3	1	職探し	職探し:2 職|探し:1	train=3
肯定的	3	1	肯定的	肯定的:2 肯定|的:1	train=3
能なし	3	1	能|なし	能|なし:2 能なし:1	train=3
腕白小僧	3	1	腕白|小僧	腕白|小僧:2 腕白小僧:1	train=3
自信過剰だ	3	1	自信|過剰だ	自信|過剰だ:2 自信過剰だ:1	train=3
自動ドア	3	1	自動ドア	自動ドア:2 自動|ドア:1	train=3
自然科学	3	1	自然|科学	自然|科学:2 自然科学:1	train=3
自転車通勤	3	1	自転車通勤	自転車通勤:2 自転車|通勤:1	train=3
良くなりました	3	1	良くなりました	良くなりました:2 良く|なりました:1	train=3
花嫁さん	3	1	花嫁|さん	花嫁|さん:2 花嫁さん:1	train=3
英字新聞	3	1	英字|新聞	英字|新聞:2 英字新聞:1	train=3
菊干代	3	1	菊|干代	菊|干代:2 菊干代:1	train=3
血まみれ	3	1	血まみれ	血まみれ:2 血|まみれ:1	train=3
行きたがらない	3	1	行き|たがらない	行き|たがらない:2 行きたがらない:1	train=3
行きたければ	3	1	行きたければ	行きたければ:2 行きたけれ|ば:1	train=3
行こっか	3	1	行こっか	行こっか:2 行こっ|か:1	train=3
表する	3	1	表する	表する:2 表|する:1	train=3
被害額	3	1	被害額	被害額:2 被害|額:1	train=3
裸だ	3	1	裸だ	裸だ:2 裸|だ:1	train=3
見えやしない	3	1	見えやしない	見えやしない:2 見え|や|しない:1	train=3
見つけ出した	3	1	見つけ出した	見つけ出した:2 見つけ|出した:1	train=3
見てたら	3	1	見てたら	見てたら:2 見て|たら:1	train=3
見てやがる	3	1	見てやがる	見てやがる:2 見て|やがる:1	train=3
見てんだ	3	1	見てんだ	見てんだ:2 見て|ん|だ:1	train=3
見分けなければ	3	1	見分けなければ	見分けなければ:2 見分けなけれ|ば:1	test=1,train=2
親離れ	3	1	親離れ	親離れ:2 親|離れ:1	train=3
観光スポット	3	1	観光|スポット	観光|スポット:2 観光スポット:1	train=3
解決方法	3	1	解決|方法	解決|方法:2 解決方法:1	train=3
言い出した	3	1	言い出した	言い出した:2 言い|出した:1	test=1,train=2
言い当て	3	1	言い当て	言い当て:2 言い|当て:1	train=3
試験前	3	1	試験|前	試験|前:2 試験前:1	train=3
話さないで	3	1	話さないで	話さないで:2 話さない|で:1	train=3
話しして	3	1	話し|して	話し|して:2 話しして:1	train=3
誓わなければ	3	1	誓わなければ	誓わなければ:2 誓わなけれ|ば:1	train=3
読まないと	3	1	読まない|と	読まない|と:2 読まないと:1	train=3
読み切れない	3	1	読み切れない	読み切れない:2 読み|切れない:1	train=3
読み終わりました	3	1	読み|終わりました	読み|終わりました:2 読み終わりました:1	train=3
課長さん	3	1	課長|さん	課長|さん:2 課長さん:1	train=3
調べ始めた	3	1	調べ|始めた	調べ|始めた:2 調べ始めた:1	train=3
負けず嫌い	3	1	負けず嫌い	負けず嫌い:2 負けず|嫌い:1	train=3
財政状態	3	1	財政|状態	財政|状態:2 財政状態:1	train=3
買い物リスト	3	1	買い物|リスト	買い物|リスト:2 買い物リスト:1	train=3
貿易会社	3	1	貿易会社	貿易会社:2 貿易|会社:1	train=3
賛成でしょ	3	1	賛成|でしょ	賛成|でしょ:2 賛成でしょ:1	train=3
賛成投票	3	1	賛成|投票	賛成|投票:2 賛成投票:1	train=3
賢明でない	3	1	賢明でない	賢明でない:2 賢明で|ない:1	train=3
質問攻め	3	1	質問攻め	質問攻め:2 質問|攻め:1	train=3
赤いの	3	1	赤い|の	赤い|の:2 赤いの:1	train=3
赤だ	3	1	赤だ	赤だ:2 赤|だ:1	train=3
赤です	3	1	赤|です	赤|です:2 赤です:1	train=3
走り始めた	3	1	走り始めた	走り始めた:2 走り|始めた:1	train=3
起き上がって	3	1	起き上がって	起き上がって:2 起き|上がって:1	train=3
踏み出した	3	1	踏み|出した	踏み|出した:2 踏み出した:1	train=3
軍曹殿	3	1	軍曹殿	軍曹殿:2 軍曹|殿:1	train=3
農家さん	3	1	農家さん	農家さん:2 農家|さん:1	train=3
近隣諸国	3	1	近隣|諸国	近隣|諸国:2 近隣諸国:1	train=3
返したら	3	1	返したら	返したら:2 返し|たら:1	train=3
追いやられた	3	1	追いやられた	追いやられた:2 追い|やられた:1	train=3
追い込まれた	3	1	追い込まれた	追い込まれた:2 追い|込まれた:1	train=3
追加料金	3	1	追加|料金	追加|料金:2 追加料金:1	train=3
送り返して	3	1	送り返して	送り返して:2 送り|返して:1	train=3
通じさせる	3	1	通じさせる	通じさせる:2 通じさせ|る:1	train=3
通行人Ｃ	3	1	通行人|Ｃ	通行人|Ｃ:2 通行人Ｃ:1	train=3
連れてった	3	1	連れて|った	連れて|った:2 連れてった:1	train=3
進まなければ	3	1	進まなければ	進まなければ:2 進まなけれ|ば:1	train=3
遊び友達	3	1	遊び|友達	遊び|友達:2 遊び友達:1	train=3
遊泳禁止	3	1	遊泳|禁止	遊泳|禁止:2 遊泳禁止:1	train=3
運転方法	3	1	運転|方法	運転|方法:2 運転方法:1	train=3
違法行為	3	1	違法|行為	違法|行為:2 違法行為:1	train=3
遠路はるばる	3	1	遠路はるばる	遠路はるばる:2 遠路|はるばる:1	train=3
郵便料金	3	1	郵便料金	郵便料金:2 郵便|料金:1	train=3
重くなった	3	1	重くなった	重くなった:2 重く|なった:1	train=3
重傷だった	3	1	重傷|だった	重傷|だった:2 重傷だった:1	train=3
重病だ	3	1	重病|だ	重病|だ:2 重病だ:1	train=3
重要人物	3	1	重要|人物	重要|人物:2 重要人物:1	train=2,val=1
野菜スープ	3	1	野菜|スープ	野菜|スープ:2 野菜スープ:1	train=3
金使い	3	1	金使い	金使い:2 金|使い:1	train=3
金次第	3	1	金|次第	金|次第:2 金次第:1	train=2,val=1
銀行マン	3	1	銀行マン	銀行マン:2 銀行|マン:1	train=3
閉所恐怖症	3	1	閉所恐怖症	閉所恐怖症:2 閉所|恐怖症:1	train=3
開封後	3	1	開封|後	開封|後:2 開封後:1	train=3
間抜けで	3	1	間抜け|で	間抜け|で:2 間抜けで:1	train=3
間違ってました	3	1	間違ってました	間違ってました:2 間違って|ました:1	train=3
降りはじめた	3	1	降りはじめた	降りはじめた:2 降り|はじめた:1	train=2,val=1
隔てられて	3	1	隔てられて	隔てられて:2 隔て|られ|て:1	train=3
難しくなった	3	1	難しく|なった	難しく|なった:2 難しくなった:1	train=3
電気料金	3	1	電気料金	電気料金:2 電気|料金:1	train=3
青春時代	3	1	青春|時代	青春|時代:2 青春時代:1	train=3
静まりかえって	3	1	静まりかえって	静まりかえって:2 静まり|かえって:1	train=3
非売品	3	1	非|売品	非|売品:2 非売品:1	train=3
頼んできた	3	1	頼んで|きた	頼んで|きた:2 頼んできた:1	train=2,val=1
顧問弁護士	3	1	顧問弁護士	顧問弁護士:2 顧問|弁護士:1	train=3
飛びぬけて	3	1	飛びぬけて	飛びぬけて:2 飛び|ぬけて:1	train=3
飛び起きた	3	1	飛び|起きた	飛び|起きた:2 飛び起きた:1	train=3
飛んできた	3	1	飛んできた	飛んできた:2 飛んで|きた:1	train=3
食べな	3	1	食べ|な	食べ|な:2 食べな:1	train=3
飲みすぎだ	3	1	飲みすぎ|だ	飲みすぎ|だ:2 飲みすぎだ:1	train=3
飲み終える	3	1	飲み終える	飲み終える:2 飲み|終える:1	train=2,val=1
養子縁組	3	1	養子縁組	養子縁組:2 養子|縁組:1	train=3
駆け上った	3	1	駆け上った	駆け上った:2 駆け|上った:1	train=3
高くありません	3	1	高くありません	高くありません:2 高く|ありません:1	train=3
高くなかったら	3	1	高くなかったら	高くなかったら:2 高くなかっ|たら:1	train=3
高額の	3	1	高額|の	高額|の:2 高額の:1	train=3
黄色だった	3	1	黄色|だった	黄色|だった:2 黄色だった:1	train=3
黄色で	3	1	黄色|で	黄色|で:2 黄色で:1	train=3
ＣＤプレーヤー	3	1	ＣＤプレーヤー	ＣＤプレーヤー:2 ＣＤ|プレーヤー:1	train=3
ああーーーー	2	1	ああ|ーーーー	ああ|ーーーー:1 ああーーーー:1	train=2
あうん	2	1	あう|ん	あう|ん:1 あうん:1	train=2
あげてた	2	1	あげ|て|た	あげ|て|た:1 あげてた:1	train=2
あったようだ	2	1	あった|よう|だ	あった|よう|だ:1 あったようだ:1	train=2
あってない	2	1	あって|ない	あって|ない:1 あってない:1	train=2
あほんだら	2	1	あほんだら	あほんだら:1 あほ|ん|だら:1	train=2
ありがた迷惑だ	2	1	ありがた|迷惑|だ	ありがた|迷惑|だ:1 ありがた迷惑だ:1	train=2
ありゃしない	2	1	ありゃしない	ありゃしない:1 ありゃ|しない:1	train=2
いいねえ	2	1	いいねえ	いいねえ:1 いい|ねえ:1	train=2
いかれて	2	1	いかれ|て	いかれ|て:1 いかれて:1	train=2
いきな	2	1	いき|な	いき|な:1 いきな:1	train=2
いくさ	2	1	いくさ	いくさ:1 いく|さ:1	train=2
いけたら	2	1	いけ|たら	いけ|たら:1 いけたら:1	train=2
いただけだった	2	1	いただけだった	いただけだった:1 いた|だけ|だった:1	train=2
いたっけ	2	1	いた|っけ	いた|っけ:1 いたっけ:1	train=2
いたみ悲しんだ	2	1	いたみ悲しんだ	いたみ悲しんだ:1 いたみ|悲しんだ:1	train=2
いたんでいた	2	1	いたんでいた	いたんでいた:1 いたんで|いた:1	train=2
いっぱいいっぱいです	2	1	いっぱいいっぱい|です	いっぱいいっぱい|です:1 いっぱいいっぱいです:1	train=2
いっぱいであった	2	1	いっぱいであった	いっぱいであった:1 いっぱいで|あった:1	test=1,train=1
いないようだった	2	1	いないようだった	いないようだった:1 いない|よう|だった:1	train=2
いなくなったら	2	1	いなく|なったら	いなく|なったら:1 いなくなったら:1	train=2
いなくなって	2	1	いなくなって	いなくなって:1 いなく|なって:1	train=2
いまん	2	1	いまん	いまん:1 いま|ん:1	train=2
いやや	2	1	いや|や	いや|や:1 いやや:1	train=2
いるみたい	2	1	いる|みたい	いる|みたい:1 いるみたい:1	train=2
いわんと	2	1	いわん|と	いわん|と:1 いわんと:1	train=2
うおのめ	2	1	うお|の|め	うお|の|め:1 うおのめ:1	train=2
うっかりだった	2	1	うっかり|だった	うっかり|だった:1 うっかりだった:1	train=2
うつした	2	1	うつ|した	うつ|した:1 うつした:1	train=2
うなぎ上り	2	1	うなぎ|上り	うなぎ|上り:1 うなぎ上り:1	train=2
うねるよう	2	1	うねる|よう	うねる|よう:1 うねるよう:1	train=2
うまくいかなければ	2	1	うまくいかなければ	うまくいかなければ:1 うまく|いかなければ:1	train=2
うまくなる	2	1	うまくなる	うまくなる:1 うまく|なる:1	train=2
うれし涙	2	1	うれし涙	うれし涙:1 うれし|涙:1	train=2
うわ～ん	2	1	うわ|～|ん	うわ|～|ん:1 うわ～ん:1	train=2
う～っ	2	1	う|～|っ	う|～|っ:1 う～っ:1	train=2
う～～～～	2	1	う～～～～	う～～～～:1 う|～|～|～|～:1	train=2
おかえりなさい	2	1	おかえり|なさい	おかえり|なさい:1 おかえりなさい:1	train=2
おたがいに	2	1	おたがい|に	おたがい|に:1 おたがいに:1	train=2
おばあ様	2	1	おばあ|様	おばあ|様:1 おばあ様:1	train=2
おぼれかけた	2	1	おぼれ|かけた	おぼれ|かけた:1 おぼれかけた:1	train=2
おもしろければ	2	1	おもしろけれ|ば	おもしろけれ|ば:1 おもしろければ:1	train=1,val=1
おもちゃや	2	1	おもちゃ|や	おもちゃ|や:1 おもちゃや:1	train=2
おろかな	2	1	おろか|な	おろか|な:1 おろかな:1	train=2
お乗りください	2	1	お乗り|ください	お乗り|ください:1 お乗りください:1	train=2
お人好しだ	2	1	お人好しだ	お人好しだ:1 お人好し|だ:1	train=2
お伝えいただけます	2	1	お|伝えいただけます	お|伝えいただけます:1 お伝えいただけます:1	train=2
お住まいの	2	1	お|住まい|の	お|住まい|の:1 お住まいの:1	train=2
お使いです	2	1	お使い|です	お使い|です:1 お使いです:1	train=2
お出	2	1	お|出	お|出:1 お出:1	train=2
お出迎え	2	1	お|出迎え	お|出迎え:1 お出迎え:1	train=2
お切りください	2	1	お|切りください	お|切りください:1 お切りください:1	train=2
お前ん家	2	1	お前ん家	お前ん家:1 お前|ん家:1	train=2
お力添え	2	1	お|力添え	お|力添え:1 お力添え:1	train=2
お受け取りください	2	1	お|受け取りください	お|受け取りください:1 お受け取りください:1	train=2
お召し上がれ	2	1	お|召し上がれ	お|召し上がれ:1 お召し上がれ:1	train=2
お呼びいただけません	2	1	お呼びいただけません	お呼びいただけません:1 お呼び|いただけません:1	train=2
お困りです	2	1	お困りです	お困りです:1 お困り|です:1	train=2
お姑さん	2	1	お姑|さん	お姑|さん:1 お姑さん:1	train=2
お安い	2	1	お|安い	お|安い:1 お安い:1	train=2
お尋ね者	2	1	お|尋ね者	お|尋ね者:1 お尋ね者:1	train=2
お引き立て	2	1	お|引き立て	お|引き立て:1 お引き立て:1	train=2
お待ちいただいて	2	1	お待ち|いただいて	お待ち|いただいて:1 お待ちいただいて:1	train=2
お悔やみ	2	1	お|悔やみ	お|悔やみ:1 お悔やみ:1	train=2
お探しで	2	1	お探しで	お探しで:1 お探し|で:1	train=2
お書き	2	1	お|書き	お|書き:1 お書き:1	train=2
お祖母さん	2	1	お祖母|さん	お祖母|さん:1 お祖母さん:1	train=2
お聞きください	2	1	お|聞きください	お|聞きください:1 お聞きください:1	train=2
お聞き下さい	2	1	お|聞き下さい	お|聞き下さい:1 お聞き下さい:1	train=2
お見せしましょう	2	1	お見せしましょう	お見せしましょう:1 お見せ|しましょう:1	train=2
お連れさん	2	1	お連れさん	お連れさん:1 お連れ|さん:1	train=1,val=1
お過ごしください	2	1	お|過ごしください	お|過ごしください:1 お過ごしください:1	train=2
お隣同士	2	1	お隣同士	お隣同士:1 お隣|同士:1	train=2
お飲みください	2	1	お飲み|ください	お飲み|ください:1 お飲みください:1	train=2
かいな	2	1	かい|な	かい|な:1 かいな:1	train=2
かき始めた	2	1	かき|始めた	かき|始めた:1 かき始めた:1	train=2
かくれた	2	1	か|くれた	か|くれた:1 かくれた:1	train=2
かけっぱなし	2	1	かけ|っぱなし	かけ|っぱなし:1 かけっぱなし:1	train=2
かけなければ	2	1	かけなけれ|ば	かけなけれ|ば:1 かけなければ:1	train=2
かしてた	2	1	かしてた	かしてた:1 か|してた:1	train=2
かしなさった	2	1	かしなさった	かしなさった:1 か|しなさった:1	train=2
かしの	2	1	かしの	かしの:1 かし|の:1	train=2
かそう	2	1	かそう	かそう:1 か|そう:1	train=2
かて	2	1	か|て	か|て:1 かて:1	train=2
かねている	2	1	かねて|いる	かねて|いる:1 かねている:1	train=2
かねない	2	1	かねない	かねない:1 か|ねない:1	train=2
かばんだ	2	1	かばんだ	かばんだ:1 か|ばんだ:1	train=2
かび臭い	2	1	かび|臭い	かび|臭い:1 かび臭い:1	train=2
がいっていない	2	1	がいっていない	がいっていない:1 が|いって|いない:1	train=2
がち	2	1	が|ち	が|ち:1 がち:1	train=2
がてら	2	1	が|て|ら	が|て|ら:1 がてら:1	train=2
がります	2	1	がります	がります:1 が|ります:1	train=2
きさえ	2	1	き|さえ	き|さえ:1 きさえ:1	train=2
きたようです	2	1	きたようです	きたようです:1 きた|よう|です:1	train=2
きてもらえません	2	1	きてもらえません	きてもらえません:1 きて|もらえません:1	train=2
きま～す	2	1	きま|～|す	きま|～|す:1 きま～す:1	train=2
きゃああーっ	2	1	きゃああーっ	きゃああーっ:1 きゃあ|あーっ:1	train=2
くそおっ	2	1	くそ|おっ	くそ|おっ:1 くそおっ:1	train=2
くたびれもうけ	2	1	くたびれ|もうけ	くたびれ|もうけ:1 くたびれもうけ:1	train=2
くるなら	2	1	くる|なら	くる|なら:1 くるなら:1	train=2
くれら	2	1	くれら	くれら:1 くれ|ら:1	train=2
くん付け	2	1	くん付け	くん付け:1 くん|付け:1	train=2
けども	2	1	けども	けども:1 けど|も:1	train=2
こそ泥	2	1	こそ|泥	こそ|泥:1 こそ泥:1	train=2
こたえ始めた	2	1	こたえ|始めた	こたえ|始めた:1 こたえ始めた:1	train=2
こだました	2	1	こだました	こだました:1 こだま|した:1	train=2
ご健在です	2	1	ご|健在です	ご|健在です:1 ご健在です:1	train=2
ご参考	2	1	ご|参考	ご|参考:1 ご参考:1	train=2
ご存じでしょう	2	1	ご存じでしょう	ご存じでしょう:1 ご存じ|でしょう:1	train=2
ご無事です	2	1	ご無事です	ご無事です:1 ご|無事です:1	test=1,train=1
ご苦労さん	2	1	ご苦労|さん	ご苦労|さん:1 ご苦労さん:1	train=2
ご説明	2	1	ご説明	ご説明:1 ご|説明:1	train=2
ご返送	2	1	ご|返送	ご|返送:1 ご返送:1	test=1,train=1
ささやき声	2	1	ささやき|声	ささやき|声:1 ささやき声:1	train=2
させてもらえます	2	1	させて|もらえます	させて|もらえます:1 させてもらえます:1	train=2
さんさんと	2	1	さんさんと	さんさんと:1 さんさん|と:1	train=2
ざぶんと	2	1	ざぶん|と	ざぶん|と:1 ざぶんと:1	train=2
ざまだ	2	1	ざまだ	ざまだ:1 ざま|だ:1	train=2
しあう	2	1	し|あう	し|あう:1 しあう:1	train=2
したいよう	2	1	したいよう	したいよう:1 したい|よう:1	train=2
しっている	2	1	しっている	しっている:1 しって|いる:1	train=2
してたかい	2	1	してたかい	してたかい:1 してた|かい:1	train=2
しまいに	2	1	しまい|に	しまい|に:1 しまいに:1	train=2
しまったようです	2	1	しまった|よう|です	しまった|よう|です:1 しまったようです:1	train=2
しま～す	2	1	しま|～|す	しま|～|す:1 しま～す:1	train=2
しゃんと	2	1	しゃん|と	しゃん|と:1 しゃんと:1	train=2
しゅんと	2	1	しゅん|と	しゅん|と:1 しゅんと:1	train=2
しよ	2	1	しよ	しよ:1 し|よ:1	train=2
じいんと	2	1	じいん|と	じいん|と:1 じいんと:1	train=2
じゃい	2	1	じゃい	じゃい:1 じゃ|い:1	train=2
すきだらけ	2	1	すきだらけ	すきだらけ:1 すき|だらけ:1	train=2
すぎている	2	1	すぎて|いる	すぎて|いる:1 すぎている:1	train=2
すすり泣いて	2	1	すすり泣いて	すすり泣いて:1 すすり|泣いて:1	train=2
すすり泣き続けた	2	1	すすり泣き|続けた	すすり泣き|続けた:1 すすり泣き続けた:1	train=2
すらない	2	1	すら|ない	すら|ない:1 すらない:1	train=2
せねばならぬ	2	1	せねば|ならぬ	せねば|ならぬ:1 せねばならぬ:1	train=2
そいで	2	1	そいで	そいで:1 そい|で:1	train=2
そうだっけ	2	1	そう|だっけ	そう|だっけ:1 そうだっけ:1	train=2
その内	2	1	その|内	その|内:1 その内:1	train=2
そ～お	2	1	そ～お	そ～お:1 そ～|お:1	train=2
たいごうたい	2	1	たいごうたい	たいごうたい:1 たいごう|たい:1	train=2
たかっている	2	1	たかっている	たかっている:1 たかって|いる:1	train=2
ただならぬ	2	1	ただならぬ	ただならぬ:1 ただ|ならぬ:1	train=2
たとえよう	2	1	たとえ|よう	たとえ|よう:1 たとえよう:1	train=2
たどりつく	2	1	たどりつ|く	たどりつ|く:1 たどりつく:1	train=2
たな	2	1	たな	たな:1 た|な:1	train=2
たわんでいた	2	1	たわんで|いた	たわんで|いた:1 たわんでいた:1	train=2
たんじゃない	2	1	たんじゃない	たんじゃない:1 た|ん|じゃない:1	train=2
だあっ	2	1	だ|あっ	だ|あっ:1 だあっ:1	train=2
だしな	2	1	だ|し|な	だ|し|な:1 だしな:1	train=2
だまっていた	2	1	だまって|いた	だまって|いた:1 だまっていた:1	train=2
だめだめ	2	1	だめだめ	だめだめ:1 だめ|だめ:1	train=2
だらしがない	2	1	だらしがない	だらしがない:1 だらし|が|ない:1	train=2
ちょっとぉ	2	1	ちょっと|ぉ	ちょっと|ぉ:1 ちょっとぉ:1	train=2
っていうか	2	1	って|いう|か	って|いう|か:1 っていうか:1	train=2
つきましては	2	1	つきまして|は	つきまして|は:1 つきましては:1	train=2
つづり字	2	1	つづり字	つづり字:1 つづり|字:1	train=2
つまっています	2	1	つまっています	つまっています:1 つまって|います:1	train=2
であったら	2	1	で|あっ|たら	で|あっ|たら:1 であったら:1	train=2
でかけました	2	1	でかけました	でかけました:1 で|かけました:1	train=2
できあがります	2	1	でき|あがります	でき|あがります:1 できあがります:1	train=2
できさえすれば	2	1	できさえすれば	できさえすれば:1 でき|さえ|すれば:1	train=2
できてます	2	1	できて|ます	できて|ます:1 できてます:1	train=2
でき次第	2	1	でき次第	でき次第:1 でき|次第:1	train=2
でなさい	2	1	で|なさい	で|なさい:1 でなさい:1	test=1,train=1
でぶっちょさん	2	1	で|ぶっちょさん	で|ぶっちょさん:1 でぶっちょさん:1	train=2
とうに	2	1	とう|に	とう|に:1 とうに:1	train=2
とかじった	2	1	とかじった	とかじった:1 と|かじった:1	train=2
ときまって	2	1	とき|まって	とき|まって:1 ときまって:1	train=2
となりの	2	1	となりの	となりの:1 となり|の:1	train=2
とられてない	2	1	とられて|ない	とられて|ない:1 とられてない:1	train=2
どいう	2	1	どいう	どいう:1 ど|いう:1	train=2
どうと	2	1	どうと	どうと:1 どう|と:1	train=2
どう猛	2	1	どう猛	どう猛:1 どう|猛:1	train=2
どが	2	1	ど|が	ど|が:1 どが:1	train=2
どれどれ	2	1	どれどれ	どれどれ:1 どれ|どれ:1	train=2
なが	2	1	な|が	な|が:1 なが:1	train=2
なぎ倒された	2	1	なぎ倒された	なぎ倒された:1 なぎ|倒された:1	train=2
なくなります	2	1	なくなります	なくなります:1 なく|なります:1	train=2
なぞめいた	2	1	なぞめいた	なぞめいた:1 なぞ|めいた:1	train=2
なにっ	2	1	なにっ	なにっ:1 なに|っ:1	train=2
なにー	2	1	なに|ー	なに|ー:1 なにー:1	train=2
なみだ	2	1	なみ|だ	なみ|だ:1 なみだ:1	train=2
なようです	2	1	な|よう|です	な|よう|です:1 なようです:1	train=2
ならず者	2	1	ならず|者	ならず|者:1 ならず者:1	train=2
なりつつ	2	1	なり|つつ	なり|つつ:1 なりつつ:1	train=2
なりつつあるようだ	2	1	なりつつあるようだ	なりつつあるようだ:1 なりつつ|あるようだ:1	train=2
なるようだ	2	1	なるようだ	なるようだ:1 なる|よう|だ:1	train=1,val=1
なーん	2	1	なー|ん	なー|ん:1 なーん:1	train=2
にいらない	2	1	に|いらない	に|いらない:1 にいらない:1	train=2
におちいった	2	1	におちいった	におちいった:1 に|おちいった:1	train=2
にこり	2	1	にこり	にこり:1 に|こり:1	train=2
にている	2	1	にている	にている:1 にて|いる:1	train=2
ののしり始めた	2	1	ののしり始めた	ののしり始めた:1 ののしり|始めた:1	train=2
のらりくらり	2	1	のらりくらり	のらりくらり:1 の|らりくらり:1	train=2
の名作	2	1	の名作	の名作:1 の|名作:1	train=2
はあてはまらない	2	1	は|あてはまらない	は|あてはまらない:1 はあてはまらない:1	train=2
はいられませんでした	2	1	はいられませんでした	はいられませんでした:1 は|いられませんでした:1	train=2
はくれない	2	1	はくれない	はくれない:1 は|くれない:1	train=2
はち	2	1	はち	はち:1 は|ち:1	train=2
はねかして	2	1	はね|かして	はね|かして:1 はねかして:1	train=2
はほしい	2	1	は|ほしい	は|ほしい:1 はほしい:1	train=2
はまっている	2	1	はまっている	はまっている:1 はまって|いる:1	train=2
はみた	2	1	はみた	はみた:1 は|みた:1	train=2
はやり	2	1	はやり	はやり:1 は|やり:1	train=2
は伝えられない	2	1	は|伝えられない	は|伝えられない:1 は伝えられない:1	train=2
は届かない	2	1	は届かない	は届かない:1 は|届かない:1	train=2
は～	2	1	は～	は～:1 は|～:1	train=2
ひきおこした	2	1	ひき|おこした	ひき|おこした:1 ひきおこした:1	train=2
ひそめたようだった	2	1	ひそめた|よう|だった	ひそめた|よう|だった:1 ひそめたようだった:1	train=2
ひとの	2	1	ひとの	ひとの:1 ひと|の:1	train=2
ひとも	2	1	ひとも	ひとも:1 ひ|と|も:1	train=2
ひと工夫	2	1	ひと|工夫	ひと|工夫:1 ひと工夫:1	train=2
ひな鳥	2	1	ひな鳥	ひな鳥:1 ひな|鳥:1	train=2
ひびき渡った	2	1	ひびき|渡った	ひびき|渡った:1 ひびき渡った:1	train=2
ひもじい	2	1	ひ|もじい	ひ|もじい:1 ひもじい:1	train=2
ひよこ豆	2	1	ひよこ豆	ひよこ豆:1 ひよこ|豆:1	train=2
ひんして	2	1	ひん|して	ひん|して:1 ひんして:1	train=2
びくっと	2	1	びくっ|と	びくっ|と:1 びくっと:1	train=2
びしょ濡れだった	2	1	びしょ濡れだった	びしょ濡れだった:1 びしょ|濡れ|だった:1	train=2
びらかした	2	1	びらか|した	びらか|した:1 びらかした:1	train=2
ふさぎ込む	2	1	ふさぎ|込む	ふさぎ|込む:1 ふさぎ込む:1	train=2
ふとした	2	1	ふと|した	ふと|した:1 ふとした:1	train=2
ふんばりな	2	1	ふんばりな	ふんばりな:1 ふんばり|な:1	train=2
ほっておいて	2	1	ほっておいて	ほっておいて:1 ほって|おいて:1	train=2
ほのかな	2	1	ほのか|な	ほのか|な:1 ほのかな:1	train=2
ぼうっと	2	1	ぼうっ|と	ぼうっ|と:1 ぼうっと:1	train=2
ぼうや	2	1	ぼう|や	ぼう|や:1 ぼうや:1	train=2
ぼーっと	2	1	ぼーっと	ぼーっと:1 ぼーっ|と:1	train=2
ぽいと	2	1	ぽいと	ぽいと:1 ぽい|と:1	train=2
まきあげた	2	1	まきあげた	まきあげた:1 まき|あげた:1	test=1,train=1
まじない師	2	1	まじない師	まじない師:1 まじない|師:1	train=2
まためぐって	2	1	また|めぐって	また|めぐって:1 まためぐって:1	train=2
まだぁ	2	1	まだ|ぁ	まだ|ぁ:1 まだぁ:1	train=2
みせることが	2	1	みせる|こと|が	みせる|こと|が:1 みせることが:1	train=2
みどり色	2	1	みどり色	みどり色:1 みどり|色:1	train=2
むさぼり食った	2	1	むさぼり|食った	むさぼり|食った:1 むさぼり食った:1	train=2
もうちっと	2	1	もうちっと	もうちっと:1 もう|ちっと:1	train=2
もぉおー	2	1	もぉおー	もぉおー:1 もぉ|おー:1	train=2
もぎ取った	2	1	もぎ|取った	もぎ|取った:1 もぎ取った:1	train=2
もちろんだって	2	1	もちろんだって	もちろんだって:1 もちろん|だ|って:1	train=2
もっ	2	1	も|っ	も|っ:1 もっ:1	train=2
もつかなかった	2	1	もつかなかった	もつかなかった:1 も|つかなかった:1	train=2
もてあそばれて	2	1	もて|あそばれて	もて|あそばれて:1 もてあそばれて:1	train=2
もてない	2	1	もて|ない	もて|ない:1 もてない:1	train=2
もてなす	2	1	もてなす	もてなす:1 もて|なす:1	train=1,val=1
ものねだり	2	1	もの|ねだり	もの|ねだり:1 ものねだり:1	train=2
もらいたくて	2	1	もらいたく|て	もらいたく|て:1 もらいたくて:1	train=2
もらえれば	2	1	もらえれ|ば	もらえれ|ば:1 もらえれば:1	train=2
やきもち焼き	2	1	やきもち焼き	やきもち焼き:1 やきもち|焼き:1	train=2
やけ食い	2	1	やけ食い	やけ食い:1 やけ|食い:1	train=2
やりすぎて	2	1	やり|すぎて	やり|すぎて:1 やりすぎて:1	train=2
やり直さなければ	2	1	やり直さなけれ|ば	やり直さなけれ|ば:1 やり直さなければ:1	train=2
やり直したい	2	1	やり|直したい	やり|直したい:1 やり直したい:1	train=2
やり通せ	2	1	やり|通せ	やり|通せ:1 やり通せ:1	train=2
やんけ	2	1	やんけ	やんけ:1 やん|け:1	train=2
ゆいがどくそん	2	1	ゆいが|どくそん	ゆいが|どくそん:1 ゆいがどくそん:1	train=2
よいようです	2	1	よいようです	よいようです:1 よい|よう|です:1	train=2
よおっ	2	1	よ|おっ	よ|おっ:1 よおっ:1	train=2
よけいに	2	1	よけい|に	よけい|に:1 よけいに:1	train=2
ろうあ者	2	1	ろうあ|者	ろうあ|者:1 ろうあ者:1	train=2
わかりはじめた	2	1	わかり|はじめた	わかり|はじめた:1 わかりはじめた:1	train=2
わかり始めた	2	1	わかり|始めた	わかり|始めた:1 わかり始めた:1	train=2
わめき声	2	1	わめき|声	わめき|声:1 わめき声:1	train=2
をついだ	2	1	を|ついだ	を|ついだ:1 をついだ:1	train=2
をとらなかった	2	1	を|とらなかった	を|とらなかった:1 をとらなかった:1	train=2
を使わなかった	2	1	を|使わなかった	を|使わなかった:1 を使わなかった:1	train=2
を手掛けて	2	1	を|手掛けて	を|手掛けて:1 を手掛けて:1	train=2
を探しました	2	1	を|探しました	を|探しました:1 を探しました:1	train=2
を見守るだろう	2	1	を見守るだろう	を見守るだろう:1 を|見守るだろう:1	train=2
を進めるだろう	2	1	を|進めるだろう	を|進めるだろう:1 を進めるだろう:1	test=1,train=1
んと	2	1	ん|と	ん|と:1 んと:1	train=2
んなった	2	1	んなった	んなった:1 ん|なった:1	train=2
アイスランド語	2	1	アイスランド|語	アイスランド|語:1 アイスランド語:1	train=2
アジアゾウ	2	1	アジアゾウ	アジアゾウ:1 アジア|ゾウ:1	train=2
アフリカゾウ	2	1	アフリカゾウ	アフリカゾウ:1 アフリカ|ゾウ:1	train=2
アフリカ人	2	1	アフリカ人	アフリカ人:1 アフリカ|人:1	train=2
アホくさい	2	1	アホくさい	アホくさい:1 アホ|くさい:1	train=2
アラブ諸国	2	1	アラブ諸国	アラブ諸国:1 アラブ|諸国:1	train=2
アレルギー体質	2	1	アレルギー体質	アレルギー体質:1 アレルギー|体質:1	train=2
アンシュ・ナハリア	2	1	アンシュ・ナハリア	アンシュ・ナハリア:1 アンシュ|・|ナハリア:1	train=2
アンソニー卿	2	1	アンソニー卿	アンソニー卿:1 アンソニー|卿:1	train=2
イエス・キリスト	2	1	イエス・キリスト	イエス・キリスト:1 イエス|・|キリスト:1	train=2
イギリス文学	2	1	イギリス文学	イギリス文学:1 イギリス|文学:1	train=2
インカ帝国	2	1	インカ帝国	インカ帝国:1 インカ|帝国:1	train=2
インドネシア語	2	1	インドネシア語	インドネシア語:1 インドネシア|語:1	train=2
イースト菌	2	1	イースト菌	イースト菌:1 イースト|菌:1	train=2
エル・シガリロ	2	1	エル・シガリロ	エル・シガリロ:1 エル|・|シガリロ:1	train=2
オスマン語	2	1	オスマン語	オスマン語:1 オスマン|語:1	train=2
オック語	2	1	オック|語	オック|語:1 オック語:1	train=2
オペラ歌手	2	1	オペラ歌手	オペラ歌手:1 オペラ|歌手:1	train=2
オレンジソーダ	2	1	オレンジソーダ	オレンジソーダ:1 オレンジ|ソーダ:1	train=2
カッコいいです	2	1	カッコいいです	カッコいいです:1 カッコ|いいです:1	train=2
カール・コー	2	1	カール・コー	カール・コー:1 カール|・|コー:1	train=2
ガガ様	2	1	ガガ|様	ガガ|様:1 ガガ様:1	train=2
ガラガラ蛇	2	1	ガラガラ蛇	ガラガラ蛇:1 ガラガラ|蛇:1	train=2
ギリシャ神話	2	1	ギリシャ神話	ギリシャ神話:1 ギリシャ|神話:1	train=2
クリスマスケーキ	2	1	クリスマス|ケーキ	クリスマス|ケーキ:1 クリスマスケーキ:1	train=2
クリスマス前	2	1	クリスマス前	クリスマス前:1 クリスマス|前:1	train=2
クルド人	2	1	クルド|人	クルド|人:1 クルド人:1	train=2
グッドタイミング	2	1	グッドタイミング	グッドタイミング:1 グッド|タイミング:1	train=2
グリンダ・ザ・グッド	2	1	グリンダ・ザ・グッド	グリンダ・ザ・グッド:1 グリンダ|・|ザ|・|グッド:1	train=2
グリーン球場	2	1	グリーン球場	グリーン球場:1 グリーン|球場:1	train=2
ケ～イ	2	1	ケ|～|イ	ケ|～|イ:1 ケ～イ:1	train=2
コスト高	2	1	コスト|高	コスト|高:1 コスト高:1	train=2
コーヒー牛乳	2	1	コーヒー牛乳	コーヒー牛乳:1 コーヒー|牛乳:1	train=2
コーラスガール	2	1	コーラスガール	コーラスガール:1 コーラス|ガール:1	train=2
ゴミ収集車	2	1	ゴミ収集車	ゴミ収集車:1 ゴミ|収集車:1	train=2
サクリスタルの	2	1	サクリスタルの	サクリスタルの:1 サクリスタル|の:1	train=2
ザ・ベストテン	2	1	ザ・ベストテン	ザ・ベストテン:1 ザ|・|ベストテン:1	train=2
ジミー・マルカム	2	1	ジミー・マルカム	ジミー・マルカム:1 ジミー|・|マルカム:1	train=2
ジャガって	2	1	ジャガ|って	ジャガ|って:1 ジャガって:1	train=2
ジョン・Ｔ・パルティー	2	1	ジョン|・|Ｔ|・|パルティー	ジョン|・|Ｔ|・|パルティー:1 ジョン・Ｔ・パルティー:1	train=2
スイングドア	2	1	スイング|ドア	スイング|ドア:1 スイングドア:1	train=2
スパーク音	2	1	スパーク音	スパーク音:1 スパーク|音:1	train=2
スマイルマーク	2	1	スマイルマーク	スマイルマーク:1 スマイル|マーク:1	train=2
セール中	2	1	セール中	セール中:1 セール|中:1	train=2
タイ国	2	1	タイ国	タイ国:1 タイ|国:1	train=2
ダメダメ	2	1	ダメダメ	ダメダメ:1 ダメ|ダメ:1	train=2
チェスター区	2	1	チェスター区	チェスター区:1 チェスター|区:1	train=2
チケット代	2	1	チケット代	チケット代:1 チケット|代:1	train=2
チョコレートアイスクリーム	2	1	チョコレートアイスクリーム	チョコレートアイスクリーム:1 チョコレート|アイスクリーム:1	train=2
チョナンアサン駅	2	1	チョナンアサン|駅	チョナンアサン|駅:1 チョナンアサン駅:1	train=2
ツイてた	2	1	ツイて|た	ツイて|た:1 ツイてた:1	train=2
テスト文	2	1	テスト文	テスト文:1 テスト|文:1	train=2
テスト飛行	2	1	テスト飛行	テスト飛行:1 テスト|飛行:1	train=2
テニスウェア	2	1	テニスウェア	テニスウェア:1 テニス|ウェア:1	train=2
テニスプレーヤー	2	1	テニスプレーヤー	テニスプレーヤー:1 テニス|プレーヤー:1	train=2
デリー・ファイル	2	1	デリー|・|ファイル	デリー|・|ファイル:1 デリー・ファイル:1	train=2
トレデガー家	2	1	トレデガー|家	トレデガー|家:1 トレデガー家:1	train=2
ドライビングスクール	2	1	ドライビングスクール	ドライビングスクール:1 ドライビング|スクール:1	train=2
ニキータ・フルシチョフ	2	1	ニキータ|・|フルシチョフ	ニキータ|・|フルシチョフ:1 ニキータ・フルシチョフ:1	train=2
ネイルサロン	2	1	ネイルサロン	ネイルサロン:1 ネイル|サロン:1	train=2
ノン･ストップ	2	1	ノン|･|ストップ	ノン|･|ストップ:1 ノン･ストップ:1	train=2
ノーコメント	2	1	ノー|コメント	ノー|コメント:1 ノーコメント:1	train=2
ノーベル物理学賞	2	1	ノーベル物理学賞	ノーベル物理学賞:1 ノーベル|物理学賞:1	train=2
ハラペコでしょう	2	1	ハラペコでしょう	ハラペコでしょう:1 ハラペコ|でしょう:1	train=2
ハリマンプール	2	1	ハリマンプール	ハリマンプール:1 ハリマン|プール:1	train=2
バカじゃねー	2	1	バカじゃねー	バカじゃねー:1 バカ|じゃねー:1	train=2
パナマ運河	2	1	パナマ運河	パナマ運河:1 パナマ|運河:1	train=2
ヒジ先	2	1	ヒジ|先	ヒジ|先:1 ヒジ先:1	train=2
ビジネスメール	2	1	ビジネス|メール	ビジネス|メール:1 ビジネスメール:1	train=2
ビデオ店	2	1	ビデオ|店	ビデオ|店:1 ビデオ店:1	train=2
ビニール袋	2	1	ビニール袋	ビニール袋:1 ビニール|袋:1	train=2
ビール代	2	1	ビール代	ビール代:1 ビール|代:1	train=2
ピアノリサイタル	2	1	ピアノリサイタル	ピアノリサイタル:1 ピアノ|リサイタル:1	train=2
ピッタリだ	2	1	ピッタリだ	ピッタリだ:1 ピッタリ|だ:1	train=2
ピンときた	2	1	ピン|と|きた	ピン|と|きた:1 ピンときた:1	train=2
フィンランド人	2	1	フィンランド人	フィンランド人:1 フィンランド|人:1	train=2
フィンランド語	2	1	フィンランド|語	フィンランド|語:1 フィンランド語:1	train=2
フランス大統領	2	1	フランス大統領	フランス大統領:1 フランス|大統領:1	train=2
フル稼働	2	1	フル稼働	フル稼働:1 フル|稼働:1	train=2
ブラジルポルトガル語	2	1	ブラジルポルトガル語	ブラジルポルトガル語:1 ブラジル|ポルトガル語:1	train=2
ブルーベリータルト	2	1	ブルーベリー|タルト	ブルーベリー|タルト:1 ブルーベリータルト:1	train=2
ヘボ軍隊	2	1	ヘボ|軍隊	ヘボ|軍隊:1 ヘボ軍隊:1	test=1,val=1
ベトナム戦争	2	1	ベトナム戦争	ベトナム戦争:1 ベトナム|戦争:1	test=1,train=1
ペルシャ猫	2	1	ペルシャ|猫	ペルシャ|猫:1 ペルシャ猫:1	train=2
ペンキ塗り	2	1	ペンキ塗り	ペンキ塗り:1 ペンキ|塗り:1	train=2
ページ数	2	1	ページ数	ページ数:1 ページ|数:1	train=2
ホワイトブレッド	2	1	ホワイトブレッド	ホワイトブレッド:1 ホワイト|ブレッド:1	train=2
ホントです	2	1	ホント|です	ホント|です:1 ホントです:1	train=1,val=1
ボム・ジャズス	2	1	ボム|・|ジャズス	ボム|・|ジャズス:1 ボム・ジャズス:1	train=2
ボール遊び	2	1	ボール遊び	ボール遊び:1 ボール|遊び:1	train=2
マックス・トゥーニー	2	1	マックス|・|トゥーニー	マックス|・|トゥーニー:1 マックス・トゥーニー:1	train=2
マンゴーアイス	2	1	マンゴーアイス	マンゴーアイス:1 マンゴー|アイス:1	train=2
メキシコ人	2	1	メキシコ人	メキシコ人:1 メキシコ|人:1	train=2
ヤな	2	1	ヤ|な	ヤ|な:1 ヤな:1	train=2
ラストーギ家	2	1	ラストーギ家	ラストーギ家:1 ラストーギ|家:1	train=2
リッチ・パーネル	2	1	リッチ・パーネル	リッチ・パーネル:1 リッチ|・|パーネル:1	train=2
レスキュー隊	2	1	レスキュー隊	レスキュー隊:1 レスキュー|隊:1	train=2
ロ～	2	1	ロ～	ロ～:1 ロ|～:1	train=2
ートマシン	2	1	ートマシン	ートマシン:1 ー|トマシン:1	train=2
ーリビー	2	1	ーリビー	ーリビー:1 ー|リビー:1	train=2
一人ぼっちだった	2	1	一人ぼっちだった	一人ぼっちだった:1 一人ぼっち|だった:1	train=2
一年生	2	1	一年|生	一年|生:1 一年生:1	test=1,train=1
一括払い	2	1	一括払い	一括払い:1 一括|払い:1	train=2
一挙手一投足	2	1	一挙手一投足	一挙手一投足:1 一|挙手|一|投足:1	train=2
一期一会	2	1	一期|一会	一期|一会:1 一期一会:1	train=2
一目散	2	1	一目散	一目散:1 一目|散:1	train=2
一般常識	2	1	一般|常識	一般|常識:1 一般常識:1	train=2
一週間分	2	1	一週間分	一週間分:1 一週間|分:1	train=2
七ポンド	2	1	七|ポンド	七|ポンド:1 七ポンド:1	train=2
七十五日	2	1	七十五|日	七十五|日:1 七十五日:1	train=2
三ヶ月前	2	1	三ヶ月前	三ヶ月前:1 三ヶ月|前:1	train=2
三個	2	1	三個	三個:1 三|個:1	train=2
上がってた	2	1	上がって|た	上がって|た:1 上がってた:1	train=2
上がりつつある	2	1	上がり|つつ|ある	上がり|つつ|ある:1 上がりつつある:1	train=2
上半身裸だった	2	1	上半身裸だった	上半身裸だった:1 上半身|裸だった:1	train=2
上天気	2	1	上|天気	上|天気:1 上天気:1	train=2
上手さ	2	1	上手|さ	上手|さ:1 上手さ:1	train=2
上等の	2	1	上等の	上等の:1 上等|の:1	train=2
不在中	2	1	不在中	不在中:1 不在|中:1	train=2
不思議でない	2	1	不思議で|ない	不思議で|ない:1 不思議でない:1	train=2
不自由ない	2	1	不自由ない	不自由ない:1 不自由|ない:1	train=2
世慣れて	2	1	世慣れて	世慣れて:1 世|慣れて:1	train=2
世界市民	2	1	世界市民	世界市民:1 世界|市民:1	train=2
世界政府	2	1	世界政府	世界政府:1 世界|政府:1	train=2
世話しなくちゃ	2	1	世話しなくちゃ	世話しなくちゃ:1 世話|しなくちゃ:1	train=2
中性的	2	1	中性|的	中性|的:1 中性的:1	train=2
主演女優	2	1	主演女優	主演女優:1 主演|女優:1	train=2
久しぶりです	2	1	久しぶりです	久しぶりです:1 久しぶり|です:1	train=2
乗りな	2	1	乗りな	乗りな:1 乗り|な:1	train=2
乱射事件	2	1	乱射事件	乱射事件:1 乱射|事件:1	train=2
事なかれ	2	1	事なかれ	事なかれ:1 事|なかれ:1	train=2
事故原因	2	1	事故原因	事故原因:1 事故|原因:1	train=2
事欠かない	2	1	事|欠かない	事|欠かない:1 事欠かない:1	train=2
二メートル	2	1	二メートル	二メートル:1 二|メートル:1	train=2
二奥様	2	1	二奥様	二奥様:1 二|奥様:1	train=2
井底	2	1	井底	井底:1 井|底:1	train=2
交換留学	2	1	交換留学	交換留学:1 交換|留学:1	train=2
交換留学生	2	1	交換|留学生	交換|留学生:1 交換留学生:1	train=2
交渉事	2	1	交渉事	交渉事:1 交渉|事:1	train=2
交通違反切符	2	1	交通違反切符	交通違反切符:1 交通|違反|切符:1	train=2
交響吹奏楽団	2	1	交響|吹奏楽団	交響|吹奏楽団:1 交響吹奏楽団:1	train=2
人気歌手	2	1	人気歌手	人気歌手:1 人気|歌手:1	train=2
人間相手	2	1	人間相手	人間相手:1 人間|相手:1	train=2
今年末	2	1	今年|末	今年|末:1 今年末:1	train=2
今時分	2	1	今時|分	今時|分:1 今時分:1	train=2
介して	2	1	介|して	介|して:1 介して:1	train=2
仕事上	2	1	仕事上	仕事上:1 仕事|上:1	train=2
仕事中毒者	2	1	仕事中毒者	仕事中毒者:1 仕事|中毒者:1	train=2
仕事終わり	2	1	仕事終わり	仕事終わり:1 仕事|終わり:1	train=2
仕方なかった	2	1	仕方なかった	仕方なかった:1 仕方|なかった:1	test=1,train=1
付き人	2	1	付き|人	付き|人:1 付き人:1	train=2
仲良くなりたい	2	1	仲良くなりたい	仲良くなりたい:1 仲良く|なりたい:1	train=2
似合ってます	2	1	似合って|ます	似合って|ます:1 似合ってます:1	train=2
住めると	2	1	住めると	住めると:1 住める|と:1	train=2
住宅事情	2	1	住宅事情	住宅事情:1 住宅|事情:1	train=2
何やかや	2	1	何やかや	何やかや:1 何|や|かや:1	train=2
何やら	2	1	何やら	何やら:1 何|やら:1	train=2
何ドル	2	1	何|ドル	何|ドル:1 何ドル:1	train=2
何千キロ	2	1	何千|キロ	何千|キロ:1 何千キロ:1	train=2
何号棟	2	1	何号|棟	何号|棟:1 何号棟:1	train=1,val=1
何月何日	2	1	何月何日	何月何日:1 何月|何日:1	train=2
何段	2	1	何|段	何|段:1 何段:1	train=2
作りごと	2	1	作りごと	作りごと:1 作り|ごと:1	train=2
使いしない	2	1	使いしない	使いしない:1 使い|しない:1	train=2
使いたかったら	2	1	使いたかっ|たら	使いたかっ|たら:1 使いたかったら:1	train=2
使いな	2	1	使い|な	使い|な:1 使いな:1	train=2
使えたら	2	1	使え|たら	使え|たら:1 使えたら:1	train=2
供給過剰	2	1	供給過剰	供給過剰:1 供給|過剰:1	train=2
保護回路	2	1	保護回路	保護回路:1 保護|回路:1	train=2
信じないで	2	1	信じないで	信じないで:1 信じない|で:1	train=2
個人用	2	1	個人用	個人用:1 個人|用:1	train=2
倒すんだ	2	1	倒す|ん|だ	倒す|ん|だ:1 倒すんだ:1	train=2
健康でない	2	1	健康でない	健康でない:1 健康で|ない:1	train=2
偶然だ	2	1	偶然だ	偶然だ:1 偶然|だ:1	train=2
傷ついてる	2	1	傷|ついてる	傷|ついてる:1 傷ついてる:1	train=2
働きすぎだ	2	1	働きすぎだ	働きすぎだ:1 働きすぎ|だ:1	train=2
働き続けられなかった	2	1	働き|続け|られなかった	働き|続け|られなかった:1 働き続けられなかった:1	train=2
僕等	2	1	僕|等	僕|等:1 僕等:1	train=2
元通り	2	1	元通り	元通り:1 元|通り:1	train=2
充てた	2	1	充て|た	充て|た:1 充てた:1	train=2
充電中	2	1	充電中	充電中:1 充電|中:1	train=2
入ったみたいだ	2	1	入った|みたいだ	入った|みたいだ:1 入ったみたいだ:1	train=2
入ってないようだ	2	1	入って|ない|よう|だ	入って|ない|よう|だ:1 入ってないようだ:1	train=2
入れられない	2	1	入れ|られない	入れ|られない:1 入れられない:1	train=2
全市民	2	1	全市民	全市民:1 全|市民:1	train=2
全領土	2	1	全領土	全領土:1 全|領土:1	train=2
八方美人	2	1	八方|美人	八方|美人:1 八方美人:1	test=1,train=1
公共交通機関	2	1	公共交通機関	公共交通機関:1 公共|交通|機関:1	train=2
公害問題	2	1	公害問題	公害問題:1 公害|問題:1	train=2
六人分	2	1	六人|分	六人|分:1 六人分:1	train=2
内政問題	2	1	内政問題	内政問題:1 内政|問題:1	train=2
内臓抜き	2	1	内臓抜き	内臓抜き:1 内臓|抜き:1	train=2
再生利用	2	1	再生利用	再生利用:1 再生|利用:1	train=2
冒険好き	2	1	冒険|好き	冒険|好き:1 冒険好き:1	train=2
冷凍食品	2	1	冷凍食品	冷凍食品:1 冷凍|食品:1	train=2
凍るよう	2	1	凍る|よう	凍る|よう:1 凍るよう:1	train=1,val=1
凍死寸前	2	1	凍死寸前	凍死寸前:1 凍死|寸前:1	train=2
凡退	2	1	凡退	凡退:1 凡|退:1	train=2
出してた	2	1	出して|た	出して|た:1 出してた:1	train=2
出しなぁ	2	1	出し|なぁ	出し|なぁ:1 出しなぁ:1	train=2
出し過ぎて	2	1	出し|過ぎて	出し|過ぎて:1 出し過ぎて:1	train=2
出席者多数	2	1	出席者多数	出席者多数:1 出席者|多数:1	train=2
分けなければ	2	1	分けなけれ|ば	分けなけれ|ば:1 分けなければ:1	train=2
分相応の	2	1	分相応の	分相応の:1 分相応|の:1	train=2
切りやがった	2	1	切り|やがった	切り|やがった:1 切りやがった:1	train=2
切り詰めた	2	1	切り|詰めた	切り|詰めた:1 切り詰めた:1	train=2
前のめり	2	1	前|の|めり	前|の|めり:1 前のめり:1	train=2
剣歯虎	2	1	剣歯虎	剣歯虎:1 剣歯|虎:1	train=2
創造的精神	2	1	創造的精神	創造的精神:1 創造的|精神:1	train=2
劇場内	2	1	劇場内	劇場内:1 劇場|内:1	train=2
助け合わねばならない	2	1	助け合わねばならない	助け合わねばならない:1 助け合わねば|ならない:1	train=2
労働者階級	2	1	労働者階級	労働者階級:1 労働者|階級:1	train=2
動かし始めた	2	1	動かし|始めた	動かし|始めた:1 動かし始めた:1	train=2
勝手気まま	2	1	勝手気まま	勝手気まま:1 勝手|気まま:1	train=2
勢力範囲	2	1	勢力範囲	勢力範囲:1 勢力|範囲:1	train=2
危篤だ	2	1	危篤だ	危篤だ:1 危篤|だ:1	train=2
収入内	2	1	収入内	収入内:1 収入|内:1	train=2
取り出しました	2	1	取り|出しました	取り|出しました:1 取り出しました:1	train=2
取り計らいます	2	1	取り|計らいます	取り|計らいます:1 取り計らいます:1	train=2
取り返さなければ	2	1	取り返さなけれ|ば	取り返さなけれ|ば:1 取り返さなければ:1	train=2
取引関係	2	1	取引関係	取引関係:1 取引|関係:1	train=2
受け付け係	2	1	受け付け係	受け付け係:1 受け付け|係:1	train=2
受け入れ	2	1	受け|入れ	受け|入れ:1 受け入れ:1	train=2
受け持って	2	1	受け|持って	受け|持って:1 受け持って:1	train=2
口語的	2	1	口語的	口語的:1 口語|的:1	train=2
古今無双	2	1	古今無双	古今無双:1 古今|無双:1	train=2
古代ギリシャ	2	1	古代ギリシャ	古代ギリシャ:1 古代|ギリシャ:1	train=2
古時計	2	1	古|時計	古|時計:1 古時計:1	train=2
可も	2	1	可も	可も:1 可|も:1	train=2
可愛いの	2	1	可愛い|の	可愛い|の:1 可愛いの:1	train=2
合併事業	2	1	合併事業	合併事業:1 合併|事業:1	train=2
合弁会社	2	1	合弁|会社	合弁|会社:1 合弁会社:1	train=2
同じなんです	2	1	同じなんです	同じなんです:1 同じ|な|ん|です:1	train=2
君ん	2	1	君ん	君ん:1 君|ん:1	train=2
吸い過ぎ	2	1	吸い|過ぎ	吸い|過ぎ:1 吸い過ぎ:1	train=2
吸収合併	2	1	吸収合併	吸収合併:1 吸収|合併:1	train=2
吹っ飛ばしたら	2	1	吹っ飛ばし|たら	吹っ飛ばし|たら:1 吹っ飛ばしたら:1	train=2
呈して	2	1	呈|して	呈|して:1 呈して:1	train=2
和平交渉	2	1	和平交渉	和平交渉:1 和平|交渉:1	train=2
品行方正	2	1	品行方正	品行方正:1 品行|方正:1	train=2
唯我独尊	2	1	唯我独尊	唯我独尊:1 唯|我|独尊:1	train=2
商売経験	2	1	商売経験	商売経験:1 商売|経験:1	train=2
喋りすぎだ	2	1	喋りすぎだ	喋りすぎだ:1 喋りすぎ|だ:1	train=2
嘘八百	2	1	嘘八百	嘘八百:1 嘘|八百:1	train=2
四つ足	2	1	四つ足	四つ足:1 四つ|足:1	train=2
四本足	2	1	四本足	四本足:1 四本|足:1	train=2
囲むよう	2	1	囲む|よう	囲む|よう:1 囲むよう:1	train=2
国家財政	2	1	国家財政	国家財政:1 国家|財政:1	train=2
国立公園	2	1	国立公園	国立公園:1 国立|公園:1	train=2
国際情勢	2	1	国際情勢	国際情勢:1 国際|情勢:1	train=2
圭ちゃん	2	1	圭|ちゃん	圭|ちゃん:1 圭ちゃん:1	train=2
地方自治体	2	1	地方自治体	地方自治体:1 地方|自治体:1	train=2
埃まみれ	2	1	埃まみれ	埃まみれ:1 埃|まみれ:1	train=2
執事様	2	1	執事|様	執事|様:1 執事様:1	train=2
墓鳥	2	1	墓鳥	墓鳥:1 墓|鳥:1	train=2
壊しやがって	2	1	壊し|やがって	壊し|やがって:1 壊しやがって:1	train=2
士官候補生	2	1	士官候補生	士官候補生:1 士官|候補生:1	train=2
壮観だった	2	1	壮観だった	壮観だった:1 壮観|だった:1	test=1,train=1
声高く	2	1	声高く	声高く:1 声|高く:1	train=2
売ってない	2	1	売って|ない	売って|ない:1 売ってない:1	train=2
売ってます	2	1	売って|ます	売って|ます:1 売ってます:1	train=2
売りたがって	2	1	売り|たがって	売り|たがって:1 売りたがって:1	train=2
変えなければ	2	1	変えなけれ|ば	変えなけれ|ば:1 変えなければ:1	train=2
夕暮れ時	2	1	夕暮れ時	夕暮れ時:1 夕暮れ|時:1	train=2
外したら	2	1	外したら	外したら:1 外|したら:1	train=2
外国なまり	2	1	外国なまり	外国なまり:1 外国|なまり:1	train=2
外国人留学生	2	1	外国人留学生	外国人留学生:1 外国人|留学生:1	train=2
多くして	2	1	多くして	多くして:1 多く|して:1	train=2
多摩動物園	2	1	多摩動物園	多摩動物園:1 多摩|動物園:1	train=2
大ニュース	2	1	大|ニュース	大|ニュース:1 大ニュース:1	train=2
大バカ	2	1	大|バカ	大|バカ:1 大バカ:1	train=2
大ババ	2	1	大|ババ	大|ババ:1 大ババ:1	train=2
大人びて	2	1	大人|びて	大人|びて:1 大人びて:1	train=2
大型船	2	1	大型船	大型船:1 大型|船:1	train=2
大損失	2	1	大損失	大損失:1 大|損失:1	train=2
大統領夫人	2	1	大統領夫人	大統領夫人:1 大統領|夫人:1	train=2
天上天下	2	1	天上天下	天上天下:1 天上|天下:1	train=2
天皇陛下	2	1	天皇陛下	天皇陛下:1 天皇|陛下:1	train=2
太陽エネルギー	2	1	太陽エネルギー	太陽エネルギー:1 太陽|エネルギー:1	train=2
夫婦喧嘩	2	1	夫婦喧嘩	夫婦喧嘩:1 夫婦|喧嘩:1	train=2
失業者数	2	1	失業者数	失業者数:1 失業者|数:1	train=2
女らしい	2	1	女|らしい	女|らしい:1 女らしい:1	train=2
女刑事	2	1	女|刑事	女|刑事:1 女刑事:1	train=2
女達	2	1	女達	女達:1 女|達:1	train=2
好き同士	2	1	好き同士	好き同士:1 好き|同士:1	train=2
妨げている	2	1	妨げている	妨げている:1 妨げて|いる:1	train=2
始まってた	2	1	始まって|た	始まって|た:1 始まってた:1	train=2
始めよければ	2	1	始めよければ	始めよければ:1 始め|よければ:1	train=2
姫草ユリ子	2	1	姫草|ユリ子	姫草|ユリ子:1 姫草ユリ子:1	train=2
嬉しん	2	1	嬉しん	嬉しん:1 嬉し|ん:1	train=2
学べば	2	1	学べ|ば	学べ|ば:1 学べば:1	train=2
学校新聞	2	1	学校新聞	学校新聞:1 学校|新聞:1	train=2
学校給食	2	1	学校給食	学校給食:1 学校|給食:1	train=2
宗教上	2	1	宗教|上	宗教|上:1 宗教上:1	test=1,train=1
客Ａ	2	1	客Ａ	客Ａ:1 客|Ａ:1	train=2
宣伝活動	2	1	宣伝活動	宣伝活動:1 宣伝|活動:1	train=2
宣誓就任	2	1	宣誓就任	宣誓就任:1 宣誓|就任:1	train=2
家宅捜索	2	1	家宅捜索	家宅捜索:1 家宅|捜索:1	train=2
家族旅行	2	1	家族旅行	家族旅行:1 家族|旅行:1	train=2
寝すぎな	2	1	寝すぎな	寝すぎな:1 寝すぎ|な:1	train=2
寝れば	2	1	寝れ|ば	寝れ|ば:1 寝れば:1	train=2
寝込んでた	2	1	寝込んで|た	寝込んで|た:1 寝込んでた:1	train=2
寿退職	2	1	寿|退職	寿|退職:1 寿退職:1	train=2
専業主夫	2	1	専業主夫	専業主夫:1 専業|主夫:1	train=2
専門学校	2	1	専門学校	専門学校:1 専門|学校:1	train=2
専門知識	2	1	専門|知識	専門|知識:1 専門知識:1	train=2
尽くさねばならない	2	1	尽くさねばならない	尽くさねばならない:1 尽くさねば|ならない:1	train=2
岡目八目	2	1	岡目|八目	岡目|八目:1 岡目八目:1	train=2
崩しがちだ	2	1	崩し|がちだ	崩し|がちだ:1 崩しがちだ:1	train=2
州政府	2	1	州政府	州政府:1 州|政府:1	train=2
巡査部長	2	1	巡査|部長	巡査|部長:1 巡査部長:1	train=2
工業都市	2	1	工業都市	工業都市:1 工業|都市:1	train=2
差し伸べて	2	1	差し|伸べて	差し|伸べて:1 差し伸べて:1	train=2
市場価格	2	1	市場|価格	市場|価格:1 市場価格:1	train=2
市長選	2	1	市長選	市長選:1 市長|選:1	train=2
帰ってらした	2	1	帰って|らした	帰って|らした:1 帰ってらした:1	train=2
年下だ	2	1	年下だ	年下だ:1 年下|だ:1	train=2
幸福でない	2	1	幸福で|ない	幸福で|ない:1 幸福でない:1	train=2
幸運で	2	1	幸運で	幸運で:1 幸運|で:1	train=2
広告代理店	2	1	広告代理店	広告代理店:1 広告|代理店:1	train=2
建てました	2	1	建て|ました	建て|ました:1 建てました:1	train=2
建造中	2	1	建造中	建造中:1 建造|中:1	train=2
張本人	2	1	張本人	張本人:1 張本|人:1	train=2
弾きながら	2	1	弾き|ながら	弾き|ながら:1 弾きながら:1	train=2
弾き始めた	2	1	弾き|始めた	弾き|始めた:1 弾き始めた:1	train=2
当たり前じゃない	2	1	当たり前|じゃない	当たり前|じゃない:1 当たり前じゃない:1	train=2
形作った	2	1	形作った	形作った:1 形|作った:1	train=2
役立つでしょう	2	1	役|立つでしょう	役|立つでしょう:1 役立つでしょう:1	train=2
待たせ	2	1	待たせ	待たせ:1 待た|せ:1	train=2
待たせしました	2	1	待たせしました	待たせしました:1 待た|せしました:1	train=2
待たんね	2	1	待たん|ね	待たん|ね:1 待たんね:1	train=2
従妹同士	2	1	従妹同士	従妹同士:1 従妹|同士:1	train=2
御与え	2	1	御|与え	御|与え:1 御与え:1	train=2
御満足	2	1	御|満足	御|満足:1 御満足:1	train=2
心地良い	2	1	心地良い	心地良い:1 心地|良い:1	train=2
必要ならば	2	1	必要なら|ば	必要なら|ば:1 必要ならば:1	train=2
忘れがたい	2	1	忘れ|が|たい	忘れ|が|たい:1 忘れがたい:1	train=2
忘れ去られて	2	1	忘れ|去られて	忘れ|去られて:1 忘れ去られて:1	train=2
忘れ去られる	2	1	忘れ|去られる	忘れ|去られる:1 忘れ去られる:1	train=2
忙しいようだ	2	1	忙しい|よう|だ	忙しい|よう|だ:1 忙しいようだ:1	train=2
怒りだした	2	1	怒り|だした	怒り|だした:1 怒りだした:1	train=2
怒鳴りつけた	2	1	怒鳴り|つけた	怒鳴り|つけた:1 怒鳴りつけた:1	train=2
怒鳴りつけて	2	1	怒鳴り|つけて	怒鳴り|つけて:1 怒鳴りつけて:1	train=2
思い込んでる	2	1	思い込んで|る	思い込んで|る:1 思い込んでる:1	train=2
思うなら	2	1	思う|なら	思う|なら:1 思うなら:1	train=2
思ってると	2	1	思ってると	思ってると:1 思ってる|と:1	train=2
急いては	2	1	急いて|は	急いて|は:1 急いては:1	train=2
急ぎで	2	1	急ぎで	急ぎで:1 急ぎ|で:1	train=2
恋した	2	1	恋した	恋した:1 恋|した:1	train=2
恋する	2	1	恋|する	恋|する:1 恋する:1	train=2
恐れおののいた	2	1	恐れおののいた	恐れおののいた:1 恐れ|おののいた:1	train=2
悪くなってる	2	1	悪くなってる	悪くなってる:1 悪く|なってる:1	train=2
感じてる	2	1	感じて|る	感じて|る:1 感じてる:1	train=2
感慨深い	2	1	感慨深い	感慨深い:1 感慨|深い:1	train=2
慈善施設	2	1	慈善施設	慈善施設:1 慈善|施設:1	train=2
慎重でなければ	2	1	慎重でなければ	慎重でなければ:1 慎重で|なけれ|ば:1	train=1,val=1
我が身	2	1	我が身	我が身:1 我が|身:1	train=2
戦いつづけた	2	1	戦い|つづけた	戦い|つづけた:1 戦いつづけた:1	train=2
戻れば	2	1	戻れ|ば	戻れ|ば:1 戻れば:1	train=2
手いっぱい	2	1	手いっぱい	手いっぱい:1 手|いっぱい:1	train=2
手遅れです	2	1	手遅れです	手遅れです:1 手遅れ|です:1	train=2
打ちのめされた	2	1	打ち|のめされた	打ち|のめされた:1 打ちのめされた:1	train=2
打ち負かされた	2	1	打ち負かされた	打ち負かされた:1 打ち|負かされた:1	train=2
払い過ぎだ	2	1	払い過ぎだ	払い過ぎだ:1 払い過ぎ|だ:1	train=2
押さなければ	2	1	押さなけれ|ば	押さなけれ|ば:1 押さなければ:1	train=2
押されないよう	2	1	押されない|よう	押されない|よう:1 押されないよう:1	train=2
押しあてた	2	1	押しあて|た	押しあて|た:1 押しあてた:1	train=2
押しのけて	2	1	押し|のけて	押し|のけて:1 押しのけて:1	train=2
持ちです	2	1	持ちです	持ちです:1 持ち|です:1	train=2
持ってく	2	1	持ってく	持ってく:1 持って|く:1	train=2
掛けないで	2	1	掛けないで	掛けないで:1 掛けない|で:1	train=2
探してん	2	1	探して|ん	探して|ん:1 探してん:1	train=2
探しまわった	2	1	探し|まわった	探し|まわった:1 探しまわった:1	train=2
探し求めて	2	1	探し|求めて	探し|求めて:1 探し求めて:1	train=2
接触事故	2	1	接触事故	接触事故:1 接触|事故:1	train=2
推し進める	2	1	推し|進める	推し|進める:1 推し進める:1	train=2
掴んできた	2	1	掴んできた	掴んできた:1 掴んで|きた:1	train=2
提案事項	2	1	提案事項	提案事項:1 提案|事項:1	train=2
握り締めた	2	1	握り|締めた	握り|締めた:1 握り締めた:1	train=2
損だ	2	1	損だ	損だ:1 損|だ:1	train=2
撮影開始	2	1	撮影開始	撮影開始:1 撮影|開始:1	train=2
支払い済み	2	1	支払い済み	支払い済み:1 支払い|済み:1	train=2
支払えば	2	1	支払え|ば	支払え|ば:1 支払えば:1	train=2
支持政党	2	1	支持政党	支持政党:1 支持|政党:1	train=2
政府機関	2	1	政府機関	政府機関:1 政府|機関:1	train=2
救出した	2	1	救出|した	救出|した:1 救出した:1	train=2
敬わなければ	2	1	敬わなけれ|ば	敬わなけれ|ば:1 敬わなければ:1	train=2
数え切れない	2	1	数え|切れない	数え|切れない:1 数え切れない:1	train=2
数十年	2	1	数十年	数十年:1 数十|年:1	train=2
整備士さん	2	1	整備士|さん	整備士|さん:1 整備士さん:1	train=2
文学作品	2	1	文学作品	文学作品:1 文学|作品:1	train=2
斜めの	2	1	斜めの	斜めの:1 斜め|の:1	train=2
断れば	2	1	断れ|ば	断れ|ば:1 断れば:1	train=2
新チーム	2	1	新チーム	新チーム:1 新|チーム:1	train=2
新事実	2	1	新事実	新事実:1 新|事実:1	train=2
新刊本	2	1	新刊本	新刊本:1 新刊|本:1	train=2
新型自動車	2	1	新型自動車	新型自動車:1 新型|自動車:1	train=2
新婚さん	2	1	新婚さん	新婚さん:1 新婚|さん:1	train=2
新工場	2	1	新工場	新工場:1 新|工場:1	train=2
新東京国際空港	2	1	新東京国際空港	新東京国際空港:1 新東京|国際|空港:1	train=2
新聞記事	2	1	新聞記事	新聞記事:1 新聞|記事:1	train=2
方向感覚	2	1	方向|感覚	方向|感覚:1 方向感覚:1	train=2
日本人女性	2	1	日本人女性	日本人女性:1 日本人|女性:1	train=2
日本人観光客	2	1	日本人観光客	日本人観光客:1 日本人|観光客:1	train=2
日本国憲法	2	1	日本国憲法	日本国憲法:1 日本国|憲法:1	train=2
日本庭園	2	1	日本庭園	日本庭園:1 日本|庭園:1	train=2
日本標準時	2	1	日本標準時	日本標準時:1 日本|標準時:1	train=2
日本男児	2	1	日本男児	日本男児:1 日本|男児:1	train=2
日本語版	2	1	日本語版	日本語版:1 日本語|版:1	train=2
日没後	2	1	日没後	日没後:1 日没|後:1	train=2
早くて	2	1	早くて	早くて:1 早く|て:1	train=2
時間単位	2	1	時間|単位	時間|単位:1 時間単位:1	train=2
晴天続き	2	1	晴天続き	晴天続き:1 晴天|続き:1	train=2
暖かくなりました	2	1	暖かく|なりました	暖かく|なりました:1 暖かくなりました:1	train=2
暗に	2	1	暗|に	暗|に:1 暗に:1	train=2
暮らさなければ	2	1	暮らさなけれ|ば	暮らさなけれ|ば:1 暮らさなければ:1	train=2
書きな	2	1	書き|な	書き|な:1 書きな:1	train=2
書き終わったら	2	1	書き|終わったら	書き|終わったら:1 書き終わったら:1	train=2
書き続けた	2	1	書き|続けた	書き|続けた:1 書き続けた:1	train=2
書類整理	2	1	書類整理	書類整理:1 書類|整理:1	train=2
最低の	2	1	最低の	最低の:1 最低|の:1	train=2
最高で	2	1	最高で	最高で:1 最高|で:1	train=2
月火	2	1	月火	月火:1 月|火:1	train=2
有刺鉄線	2	1	有刺鉄線	有刺鉄線:1 有刺|鉄線:1	train=2
朝型人間	2	1	朝型人間	朝型人間:1 朝型|人間:1	train=2
朝起き	2	1	朝|起き	朝|起き:1 朝起き:1	train=2
未雨	2	1	未雨	未雨:1 未|雨:1	train=2
本当でした	2	1	本当でした	本当でした:1 本当|でした:1	train=2
来られたら	2	1	来られ|たら	来られ|たら:1 来られたら:1	train=2
東京都民	2	1	東京都民	東京都民:1 東京|都民:1	train=2
東南アジア諸国連合	2	1	東南アジア諸国連合	東南アジア諸国連合:1 東南アジア|諸国連合:1	train=2
果たさなければ	2	1	果たさなけれ|ば	果たさなけれ|ば:1 果たさなければ:1	train=2
柑橘系	2	1	柑橘系	柑橘系:1 柑橘|系:1	train=2
栄養不足	2	1	栄養不足	栄養不足:1 栄養|不足:1	train=2
格段に	2	1	格段に	格段に:1 格段|に:1	train=2
梅エキス	2	1	梅エキス	梅エキス:1 梅|エキス:1	train=2
森林火災	2	1	森林火災	森林火災:1 森林|火災:1	train=2
植木屋さん	2	1	植木屋|さん	植木屋|さん:1 植木屋さん:1	test=1,train=1
楽しめば	2	1	楽しめ|ば	楽しめ|ば:1 楽しめば:1	train=2
標準英語	2	1	標準英語	標準英語:1 標準|英語:1	train=2
横断歩道	2	1	横断|歩道	横断|歩道:1 横断歩道:1	train=2
橋向こう	2	1	橋|向こう	橋|向こう:1 橋向こう:1	train=2
機内持ち込み	2	1	機内持ち込み	機内持ち込み:1 機内|持ち込み:1	train=2
正さなければ	2	1	正さなけれ|ば	正さなけれ|ば:1 正さなければ:1	train=2
正直でなければ	2	1	正直で|なけれ|ば	正直で|なけれ|ば:1 正直でなければ:1	train=2
歩き去りました	2	1	歩き|去りました	歩き|去りました:1 歩き去りました:1	train=2
死にかけた	2	1	死に|かけた	死に|かけた:1 死にかけた:1	train=2
死ねっかい	2	1	死ねっかい	死ねっかい:1 死ねっ|かい:1	train=2
毒キノコ	2	1	毒キノコ	毒キノコ:1 毒|キノコ:1	train=2
民間伝承	2	1	民間伝承	民間伝承:1 民間|伝承:1	train=2
気がかりです	2	1	気がかり|です	気がかり|です:1 気がかりです:1	train=2
気持ちよかった	2	1	気持ち|よかった	気持ち|よかった:1 気持ちよかった:1	train=2
気色悪い	2	1	気色悪い	気色悪い:1 気色|悪い:1	train=2
水平線上	2	1	水平線上	水平線上:1 水平線|上:1	train=2
水玉模様	2	1	水玉模様	水玉模様:1 水玉|模様:1	train=2
氷河時代	2	1	氷河時代	氷河時代:1 氷河|時代:1	train=2
汚くなった	2	1	汚くなった	汚くなった:1 汚く|なった:1	train=2
沈魚落雁	2	1	沈魚落雁	沈魚落雁:1 沈魚|落雁:1	train=2
沸き立った	2	1	沸き立った	沸き立った:1 沸き|立った:1	train=2
泣きじゃくり	2	1	泣き|じゃくり	泣き|じゃくり:1 泣きじゃくり:1	train=2
泣き通した	2	1	泣き|通した	泣き|通した:1 泣き通した:1	train=2
泣けば	2	1	泣け|ば	泣け|ば:1 泣けば:1	train=2
泰然自若で	2	1	泰然自若で	泰然自若で:1 泰然|自若で:1	train=2
泳ぎ渡った	2	1	泳ぎ渡った	泳ぎ渡った:1 泳ぎ|渡った:1	test=1,train=1
泳げれば	2	1	泳げれ|ば	泳げれ|ば:1 泳げれば:1	train=2
洋々たる	2	1	洋々|たる	洋々|たる:1 洋々たる:1	train=2
洗えば	2	1	洗え|ば	洗え|ば:1 洗えば:1	train=2
派遣社員	2	1	派遣社員	派遣社員:1 派遣|社員:1	train=2
浮かんできた	2	1	浮かんで|きた	浮かんで|きた:1 浮かんできた:1	train=2
清爽で	2	1	清爽|で	清爽|で:1 清爽で:1	train=2
渋谷駅	2	1	渋谷|駅	渋谷|駅:1 渋谷駅:1	train=2
減らず口	2	1	減らず口	減らず口:1 減らず|口:1	train=2
渡すよう	2	1	渡すよう	渡すよう:1 渡す|よう:1	train=2
温め直して	2	1	温め|直して	温め|直して:1 温め直して:1	train=2
温度差	2	1	温度差	温度差:1 温度|差:1	train=2
準備中	2	1	準備|中	準備|中:1 準備中:1	train=2
漫画雑誌	2	1	漫画|雑誌	漫画|雑誌:1 漫画雑誌:1	train=2
火災報知器	2	1	火災報知器	火災報知器:1 火災|報知器:1	train=2
無税で	2	1	無税|で	無税|で:1 無税で:1	train=2
無罪放免	2	1	無罪放免	無罪放免:1 無罪|放免:1	train=2
無邪気でなく	2	1	無邪気でなく	無邪気でなく:1 無邪気で|なく:1	train=2
熟したりんご	2	1	熟したりんご	熟したりんご:1 熟した|りんご:1	train=2
燃えるよう	2	1	燃える|よう	燃える|よう:1 燃えるよう:1	train=2
爆弾処理班	2	1	爆弾処理班	爆弾処理班:1 爆弾|処理|班:1	train=2
爆破予告	2	1	爆破予告	爆破予告:1 爆破|予告:1	train=2
牧師さん	2	1	牧師さん	牧師さん:1 牧師|さん:1	train=2
物言え	2	1	物|言え	物|言え:1 物言え:1	train=2
特価品	2	1	特価品	特価品:1 特価|品:1	train=2
狭いわ	2	1	狭い|わ	狭い|わ:1 狭いわ:1	train=2
猫派	2	1	猫派	猫派:1 猫|派:1	train=2
献身的に	2	1	献身的に	献身的に:1 献身的|に:1	train=2
王位継承者	2	1	王位継承者	王位継承者:1 王位|継承者:1	train=2
現われる	2	1	現われる	現われる:1 現|われる:1	train=2
現代音楽	2	1	現代音楽	現代音楽:1 現代|音楽:1	train=2
生きな	2	1	生き|な	生き|な:1 生きな:1	train=2
生きなければ	2	1	生きなけれ|ば	生きなけれ|ば:1 生きなければ:1	train=2
生きれば	2	1	生きれ|ば	生きれ|ば:1 生きれば:1	train=2
生中継	2	1	生中継	生中継:1 生|中継:1	test=1,train=1
用心深さ	2	1	用心|深さ	用心|深さ:1 用心深さ:1	train=2
申し分なく	2	1	申し分なく	申し分なく:1 申し分|なく:1	train=2
男子生徒Ａ	2	1	男子生徒Ａ	男子生徒Ａ:1 男子|生徒|Ａ:1	train=2
男生徒	2	1	男|生徒	男|生徒:1 男生徒:1	train=2
異父兄弟	2	1	異父兄弟	異父兄弟:1 異父|兄弟:1	train=2
疑い無い	2	1	疑い無い	疑い無い:1 疑い|無い:1	train=2
疲れてそう	2	1	疲れてそう	疲れてそう:1 疲れて|そう:1	train=2
疲れ過ぎて	2	1	疲れ|過ぎて	疲れ|過ぎて:1 疲れ過ぎて:1	train=2
発売中	2	1	発売中	発売中:1 発売|中:1	train=2
登り下り	2	1	登り|下り	登り|下り:1 登り下り:1	train=2
百フィート	2	1	百|フィート	百|フィート:1 百フィート:1	train=2
百万人	2	1	百万人	百万人:1 百万|人:1	train=2
的はずれだった	2	1	的はずれだった	的はずれだった:1 的はずれ|だった:1	train=2
皮一重	2	1	皮一重	皮一重:1 皮|一重:1	train=2
盗みたくなった	2	1	盗みたくなった	盗みたくなった:1 盗みたく|なった:1	train=2
盗んでない	2	1	盗んで|ない	盗んで|ない:1 盗んでない:1	train=2
直ちゃん	2	1	直|ちゃん	直|ちゃん:1 直ちゃん:1	train=2
相対速度	2	1	相対速度	相対速度:1 相対|速度:1	train=2
看護師さん	2	1	看護師|さん	看護師|さん:1 看護師さん:1	train=2
眠気覚まし	2	1	眠気|覚まし	眠気|覚まし:1 眠気覚まし:1	train=2
着きしだい	2	1	着き|しだい	着き|しだい:1 着きしだい:1	train=2
着信音	2	1	着信音	着信音:1 着信|音:1	train=2
知らんふり	2	1	知らんふり	知らんふり:1 知らん|ふり:1	train=2
知れ渡るだろう	2	1	知れ|渡るだろう	知れ|渡るだろう:1 知れ渡るだろう:1	train=2
石達	2	1	石達	石達:1 石|達:1	train=2
砂糖抜き	2	1	砂糖抜き	砂糖抜き:1 砂糖|抜き:1	train=2
砕けよ	2	1	砕け|よ	砕け|よ:1 砕けよ:1	train=2
磔はりつけ	2	1	磔はりつけ	磔はりつけ:1 磔|はりつけ:1	train=2
社会言語学	2	1	社会言語学	社会言語学:1 社会|言語学:1	train=2
社長さん	2	1	社長さん	社長さん:1 社長|さん:1	train=2
私っ	2	1	私っ	私っ:1 私|っ:1	train=2
私服警官	2	1	私服警官	私服警官:1 私服|警官:1	train=2
秋めいて	2	1	秋めいて	秋めいて:1 秋|めいて:1	train=2
秘密会議	2	1	秘密会議	秘密会議:1 秘密|会議:1	train=2
積み込んで	2	1	積み|込んで	積み|込んで:1 積み込んで:1	train=2
空即是色	2	1	空即是色	空即是色:1 空|即|是|色:1	train=2
空涙	2	1	空涙	空涙:1 空|涙:1	train=2
空腹だ	2	1	空腹|だ	空腹|だ:1 空腹だ:1	train=2
空腹だった	2	1	空腹だった	空腹だった:1 空腹|だった:1	train=2
窓越し	2	1	窓越し	窓越し:1 窓|越し:1	train=2
立ちふさがって	2	1	立ち|ふさがって	立ち|ふさがって:1 立ちふさがって:1	train=2
立ち上がろう	2	1	立ち|上がろう	立ち|上がろう:1 立ち上がろう:1	train=2
立てたら	2	1	立て|たら	立て|たら:1 立てたら:1	train=2
立てない	2	1	立て|ない	立て|ない:1 立てない:1	train=2
立てなければ	2	1	立て|なけれ|ば	立て|なけれ|ば:1 立てなければ:1	train=2
笑いかけた	2	1	笑い|かけた	笑い|かけた:1 笑いかけた:1	train=2
笑いごと	2	1	笑い|ごと	笑い|ごと:1 笑いごと:1	train=2
笑ってん	2	1	笑って|ん	笑って|ん:1 笑ってん:1	train=2
精いっぱいだった	2	1	精いっぱいだった	精いっぱいだった:1 精いっぱい|だった:1	train=2
精一杯だ	2	1	精一杯|だ	精一杯|だ:1 精一杯だ:1	train=2
精神面	2	1	精神面	精神面:1 精神|面:1	train=2
糞野郎	2	1	糞野郎	糞野郎:1 糞|野郎:1	train=2
納め時	2	1	納め時	納め時:1 納め|時:1	train=2
終わらせなければ	2	1	終わらせなけれ|ば	終わらせなけれ|ば:1 終わらせなければ:1	train=2
終わり頃	2	1	終わり頃	終わり頃:1 終わり|頃:1	train=2
経済観念	2	1	経済|観念	経済|観念:1 経済観念:1	train=2
結び付けて	2	1	結び|付けて	結び|付けて:1 結び付けて:1	train=2
結婚祝い	2	1	結婚|祝い	結婚|祝い:1 結婚祝い:1	train=2
結婚証明書	2	1	結婚証明書	結婚証明書:1 結婚|証明書:1	train=2
結婚資金	2	1	結婚資金	結婚資金:1 結婚|資金:1	train=2
絶好調だ	2	1	絶好調だ	絶好調だ:1 絶好調|だ:1	train=2
続けられなかった	2	1	続け|られなかった	続け|られなかった:1 続けられなかった:1	train=2
綿製品	2	1	綿製品	綿製品:1 綿|製品:1	train=2
緑です	2	1	緑|です	緑|です:1 緑です:1	train=2
繊細に	2	1	繊細|に	繊細|に:1 繊細に:1	train=2
美しくなかったら	2	1	美しくなかっ|たら	美しくなかっ|たら:1 美しくなかったら:1	train=2
美容整形	2	1	美容|整形	美容|整形:1 美容整形:1	train=2
習い性	2	1	習い|性	習い|性:1 習い性:1	train=2
老け込んで	2	1	老け|込んで	老け|込んで:1 老け込んで:1	train=2
老医師	2	1	老医師	老医師:1 老|医師:1	train=2
老技師	2	1	老技師	老技師:1 老|技師:1	train=2
考えだした	2	1	考え|だした	考え|だした:1 考えだした:1	train=2
考えてん	2	1	考えて|ん	考えて|ん:1 考えてん:1	train=1,val=1
考えもつかなかった	2	1	考え|もつかなかった	考え|もつかなかった:1 考えもつかなかった:1	train=2
考え出そう	2	1	考え|出そう	考え|出そう:1 考え出そう:1	train=2
者勝ち	2	1	者勝ち	者勝ち:1 者|勝ち:1	train=2
聞かなくても	2	1	聞かなくて|も	聞かなくて|も:1 聞かなくても:1	train=2
聞こえたよう	2	1	聞こえた|よう	聞こえた|よう:1 聞こえたよう:1	train=2
職業柄	2	1	職業|柄	職業|柄:1 職業柄:1	train=2
肉食動物	2	1	肉食動物	肉食動物:1 肉食|動物:1	train=2
育ち盛り	2	1	育ち|盛り	育ち|盛り:1 育ち盛り:1	train=2
脇見運転	2	1	脇見|運転	脇見|運転:1 脇見運転:1	train=2
脱ぎ捨てた	2	1	脱ぎ捨て|た	脱ぎ捨て|た:1 脱ぎ捨てた:1	train=2
脱獄囚	2	1	脱獄囚	脱獄囚:1 脱獄|囚:1	train=2
自信過剰	2	1	自信過剰	自信過剰:1 自信|過剰:1	train=2
自然環境	2	1	自然環境	自然環境:1 自然|環境:1	train=2
良くありません	2	1	良くありません	良くありません:1 良く|ありません:1	train=2
良くなるでしょう	2	1	良くなるでしょう	良くなるでしょう:1 良く|なるでしょう:1	train=2
若かったら	2	1	若かっ|たら	若かっ|たら:1 若かったら:1	train=2
英和辞典	2	1	英和辞典	英和辞典:1 英和|辞典:1	train=2
英語教師	2	1	英語教師	英語教師:1 英語|教師:1	train=2
英語教育	2	1	英語教育	英語教育:1 英語|教育:1	train=2
茹でたら	2	1	茹で|たら	茹で|たら:1 茹でたら:1	train=2
落ちてた	2	1	落ちて|た	落ちて|た:1 落ちてた:1	train=2
葬らなければ	2	1	葬らなけれ|ば	葬らなけれ|ば:1 葬らなければ:1	train=2
蔡将軍	2	1	蔡将軍	蔡将軍:1 蔡|将軍:1	train=2
蚤の市	2	1	蚤の市	蚤の市:1 蚤|の|市:1	train=2
行きさえ	2	1	行き|さえ	行き|さえ:1 行きさえ:1	train=2
行ってろ	2	1	行って|ろ	行って|ろ:1 行ってろ:1	train=2
行楽シーズン	2	1	行楽シーズン	行楽シーズン:1 行楽|シーズン:1	train=2
表わした	2	1	表|わ|した	表|わ|した:1 表わした:1	train=2
製造年月日	2	1	製造年月日	製造年月日:1 製造|年月日:1	train=2
褐色の	2	1	褐色の	褐色の:1 褐色|の:1	train=1,val=1
見かけたよう	2	1	見かけたよう	見かけたよう:1 見かけた|よう:1	train=2
見せかけた	2	1	見せ|かけた	見せ|かけた:1 見せかけた:1	train=2
見たがって	2	1	見|たがって	見|たがって:1 見たがって:1	train=2
見ていけ	2	1	見ていけ	見ていけ:1 見て|いけ:1	train=2
見てないで	2	1	見て|ない|で	見て|ない|で:1 見てないで:1	train=2
見てません	2	1	見て|ません	見て|ません:1 見てません:1	train=2
見も	2	1	見|も	見|も:1 見も:1	train=2
見捨てない	2	1	見捨て|ない	見捨て|ない:1 見捨てない:1	train=2
規則通り	2	1	規則通り	規則通り:1 規則|通り:1	train=2
観れば	2	1	観れ|ば	観れ|ば:1 観れば:1	train=2
観光名所	2	1	観光名所	観光名所:1 観光|名所:1	train=2
観戦者	2	1	観戦者	観戦者:1 観戦|者:1	train=2
解き明かした	2	1	解き明かした	解き明かした:1 解き|明かした:1	train=2
言い渡した	2	1	言い|渡した	言い|渡した:1 言い渡した:1	train=2
言い聞かせて	2	1	言い|聞かせて	言い|聞かせて:1 言い聞かせて:1	train=2
言ってんだろ	2	1	言って|ん|だろ	言って|ん|だろ:1 言ってんだろ:1	train=2
言われたって	2	1	言われたって	言われたって:1 言われた|って:1	train=2
言語学習	2	1	言語学習	言語学習:1 言語|学習:1	train=2
記憶喪失	2	1	記憶喪失	記憶喪失:1 記憶|喪失:1	train=2
記録面	2	1	記録面	記録面:1 記録|面:1	train=2
詰めなければ	2	1	詰めなけれ|ば	詰めなけれ|ば:1 詰めなければ:1	train=2
誘導尋問	2	1	誘導|尋問	誘導|尋問:1 誘導尋問:1	train=2
語り始めた	2	1	語り|始めた	語り|始めた:1 語り始めた:1	train=2
語学学校	2	1	語学学校	語学学校:1 語学|学校:1	train=2
誤字脱字	2	1	誤字脱字	誤字脱字:1 誤字|脱字:1	train=2
説明責任	2	1	説明|責任	説明|責任:1 説明責任:1	train=2
読みふけって	2	1	読み|ふけって	読み|ふけって:1 読みふけって:1	train=2
読みやすく	2	1	読み|やすく	読み|やすく:1 読みやすく:1	train=2
読み切る	2	1	読み|切る	読み|切る:1 読み切る:1	train=2
読み続けて	2	1	読み|続けて	読み|続けて:1 読み続けて:1	train=2
読み返しなさい	2	1	読み|返しなさい	読み|返しなさい:1 読み返しなさい:1	train=2
読んでん	2	1	読んで|ん	読んで|ん:1 読んでん:1	train=2
読書クラブ	2	1	読書クラブ	読書クラブ:1 読書|クラブ:1	train=2
調子よく	2	1	調子よく	調子よく:1 調子|よく:1	train=2
調査委員会	2	1	調査委員会	調査委員会:1 調査|委員会:1	train=2
警防団員	2	1	警防団員	警防団員:1 警防|団員:1	train=2
象形文字	2	1	象形文字	象形文字:1 象形|文字:1	train=2
負けず劣らず	2	1	負けず劣らず	負けず劣らず:1 負けず|劣らず:1	train=2
貨物列車	2	1	貨物列車	貨物列車:1 貨物|列車:1	train=2
貯金口座	2	1	貯金口座	貯金口座:1 貯金|口座:1	train=2
貰いに	2	1	貰いに	貰いに:1 貰い|に:1	train=2
貸し部屋	2	1	貸し部屋	貸し部屋:1 貸し|部屋:1	train=2
貸し間	2	1	貸し間	貸し間:1 貸し|間:1	train=2
資本参加	2	1	資本|参加	資本|参加:1 資本参加:1	test=1,train=1
贅沢三昧	2	1	贅沢三昧	贅沢三昧:1 贅沢|三昧:1	train=2
赤毛女	2	1	赤毛女	赤毛女:1 赤毛|女:1	train=2
赤道下	2	1	赤道|下	赤道|下:1 赤道下:1	test=1,train=1
走ってった	2	1	走って|った	走って|った:1 走ってった:1	train=2
走り抜けた	2	1	走り|抜けた	走り|抜けた:1 走り抜けた:1	train=2
走り続けて	2	1	走り|続けて	走り|続けて:1 走り続けて:1	train=2
起きても	2	1	起きて|も	起きて|も:1 起きても:1	train=2
起きな	2	1	起き|な	起き|な:1 起きな:1	train=2
超自然的	2	1	超自然的	超自然的:1 超自然|的:1	train=2
超高層ビル	2	1	超高層ビル	超高層ビル:1 超高層|ビル:1	train=2
足手まとい	2	1	足手まとい	足手まとい:1 足手|まとい:1	train=2
跳ね上がった	2	1	跳ね|上がった	跳ね|上がった:1 跳ね上がった:1	train=2
踏み外した	2	1	踏み|外した	踏み|外した:1 踏み外した:1	train=2
蹴り入れた	2	1	蹴り|入れた	蹴り|入れた:1 蹴り入れた:1	train=2
身分相応	2	1	身分相応	身分相応:1 身分|相応:1	train=2
輝かせながら	2	1	輝かせ|ながら	輝かせ|ながら:1 輝かせながら:1	train=2
輸出品	2	1	輸出品	輸出品:1 輸出|品:1	train=2
辛くても	2	1	辛くても	辛くても:1 辛くて|も:1	train=2
辺ぴな	2	1	辺ぴな	辺ぴな:1 辺ぴ|な:1	train=2
込み上げて	2	1	込み|上げて	込み|上げて:1 込み上げて:1	train=2
近くだ	2	1	近くだ	近くだ:1 近く|だ:1	train=2
迷惑メールフォルダ	2	1	迷惑メールフォルダ	迷惑メールフォルダ:1 迷惑メール|フォルダ:1	train=2
追いつくであろう	2	1	追いつくで|あろう	追いつくで|あろう:1 追いつくであろう:1	train=2
追い待て	2	1	追い待て	追い待て:1 追い|待て:1	train=2
退学処分	2	1	退学処分	退学処分:1 退学|処分:1	train=2
退屈であった	2	1	退屈で|あった	退屈で|あった:1 退屈であった:1	train=2
送り出した	2	1	送り|出した	送り|出した:1 送り出した:1	train=2
逃げろー	2	1	逃げろ|ー	逃げろ|ー:1 逃げろー:1	train=2
逃げろーっ	2	1	逃げろ|ー|っ	逃げろ|ー|っ:1 逃げろーっ:1	train=2
逆だ	2	1	逆だ	逆だ:1 逆|だ:1	train=2
逆転劇	2	1	逆転劇	逆転劇:1 逆転|劇:1	train=2
通じさせることが	2	1	通じさせ|る|こと|が	通じさせ|る|こと|が:1 通じさせることが:1	train=2
通ってない	2	1	通って|ない	通って|ない:1 通ってない:1	train=2
通り沿い	2	1	通り沿い	通り沿い:1 通り|沿い:1	train=2
通勤ラッシュ	2	1	通勤ラッシュ	通勤ラッシュ:1 通勤|ラッシュ:1	train=2
通話機	2	1	通話機	通話機:1 通話|機:1	train=2
造詣深い	2	1	造詣深い	造詣深い:1 造詣|深い:1	train=2
週一	2	1	週一	週一:1 週|一:1	train=2
週一回	2	1	週一回	週一回:1 週|一|回:1	train=2
遅くなりました	2	1	遅くなりました	遅くなりました:1 遅く|なりました:1	train=2
遅すぎること	2	1	遅すぎる|こと	遅すぎる|こと:1 遅すぎること:1	train=2
運び出した	2	1	運び出した	運び出した:1 運び|出した:1	train=1,val=1
道路工事	2	1	道路|工事	道路|工事:1 道路工事:1	test=1,train=1
選べば	2	1	選べ|ば	選べ|ば:1 選べば:1	train=2
遺失物取扱所	2	1	遺失物取扱所	遺失物取扱所:1 遺失物|取扱所:1	train=2
避難場	2	1	避難場	避難場:1 避難|場:1	train=2
避難場所	2	1	避難場所	避難場所:1 避難|場所:1	train=2
郡刑務所	2	1	郡刑務所	郡刑務所:1 郡|刑務所:1	train=2
部長さん	2	1	部長|さん	部長|さん:1 部長さん:1	train=2
郵便列車	2	1	郵便列車	郵便列車:1 郵便|列車:1	train=2
郵便配達人	2	1	郵便配達人	郵便配達人:1 郵便|配達人:1	train=2
都会人	2	1	都会|人	都会|人:1 都会人:1	train=2
里さん	2	1	里|さん	里|さん:1 里さん:1	train=2
野外コンサート	2	1	野外コンサート	野外コンサート:1 野外|コンサート:1	train=2
金持ちなら	2	1	金持ちなら	金持ちなら:1 金持ち|なら:1	train=2
金銭面	2	1	金銭面	金銭面:1 金銭|面:1	train=2
鉄道事故	2	1	鉄道事故	鉄道事故:1 鉄道|事故:1	train=2
銀行預金	2	1	銀行預金	銀行預金:1 銀行|預金:1	train=2
錆だらけ	2	1	錆だらけ	錆だらけ:1 錆|だらけ:1	train=2
開いてなかった	2	1	開いて|なかった	開いて|なかった:1 開いてなかった:1	train=2
開けてた	2	1	開けて|た	開けて|た:1 開けてた:1	train=2
開けなければ	2	1	開けなけれ|ば	開けなけれ|ば:1 開けなければ:1	train=2
開始時間	2	1	開始時間	開始時間:1 開始|時間:1	train=2
間違っていたら	2	1	間違って|いたら	間違って|いたら:1 間違っていたら:1	train=2
間髪	2	1	間|髪	間|髪:1 間髪:1	train=2
闘わねばならなかった	2	1	闘わねばならなかった	闘わねばならなかった:1 闘わねば|ならなかった:1	train=2
防止対策	2	1	防止対策	防止対策:1 防止|対策:1	train=2
防疫態勢	2	1	防疫態勢	防疫態勢:1 防疫|態勢:1	train=2
防衛計画	2	1	防衛計画	防衛計画:1 防衛|計画:1	train=2
降らなければ	2	1	降らなけれ|ば	降らなけれ|ば:1 降らなければ:1	train=2
降伏条件	2	1	降伏条件	降伏条件:1 降伏|条件:1	train=2
陸上競技会	2	1	陸上競技会	陸上競技会:1 陸上|競技会:1	train=2
陸軍大将	2	1	陸軍大将	陸軍大将:1 陸軍|大将:1	train=2
集めなければ	2	1	集めなけれ|ば	集めなけれ|ば:1 集めなければ:1	train=2
離れなければ	2	1	離れなけれ|ば	離れなけれ|ば:1 離れなければ:1	train=2
電力会社	2	1	電力会社	電力会社:1 電力|会社:1	train=2
電気スタンド	2	1	電気|スタンド	電気|スタンド:1 電気スタンド:1	train=2
電気ヒーター	2	1	電気ヒーター	電気ヒーター:1 電気|ヒーター:1	train=2
電気技師	2	1	電気技師	電気技師:1 電気|技師:1	train=2
面会時間	2	1	面会時間	面会時間:1 面会|時間:1	train=2
面倒事	2	1	面倒事	面倒事:1 面倒|事:1	train=2
音楽クラブ	2	1	音楽クラブ	音楽クラブ:1 音楽|クラブ:1	train=2
預ければ	2	1	預けれ|ば	預けれ|ば:1 預ければ:1	train=2
頑張ってます	2	1	頑張って|ます	頑張って|ます:1 頑張ってます:1	train=2
頼み込んだ	2	1	頼み|込んだ	頼み|込んだ:1 頼み込んだ:1	train=2
顔面蒼白	2	1	顔面蒼白	顔面蒼白:1 顔面|蒼白:1	train=2
風邪気味だ	2	1	風邪気味だ	風邪気味だ:1 風邪|気味|だ:1	train=2
飛びつく	2	1	飛び|つく	飛び|つく:1 飛びつく:1	train=2
飛べないよう	2	1	飛べない|よう	飛べない|よう:1 飛べないよう:1	train=2
飛行機旅行	2	1	飛行機旅行	飛行機旅行:1 飛行機|旅行:1	train=2
食いに	2	1	食い|に	食い|に:1 食いに:1	train=2
食べたくなって	2	1	食べたくなって	食べたくなって:1 食べたく|なって:1	train=2
食料生産	2	1	食料生産	食料生産:1 食料|生産:1	train=2
飢え死にする	2	1	飢え死にする	飢え死にする:1 飢え死に|する:1	train=2
飲みたくなる	2	1	飲みたくなる	飲みたくなる:1 飲みたく|なる:1	train=2
飲み過ぎたようだ	2	1	飲み|過ぎた|よう|だ	飲み|過ぎた|よう|だ:1 飲み過ぎたようだ:1	train=2
飲酒癖	2	1	飲酒|癖	飲酒|癖:1 飲酒癖:1	train=2
飼い慣らされて	2	1	飼い|慣らされて	飼い|慣らされて:1 飼い慣らされて:1	train=2
首脳会議	2	1	首脳|会議	首脳|会議:1 首脳会議:1	train=2
馬上	2	1	馬|上	馬|上:1 馬上:1	train=2
駆けって	2	1	駆け|って	駆け|って:1 駆けって:1	train=2
高木･司	2	1	高木･司	高木･司:1 高木|･|司:1	train=2
高給取り	2	1	高給取り	高給取り:1 高給|取り:1	train=2
高齢で	2	1	高齢で	高齢で:1 高齢|で:1	train=2
髭剃った	2	1	髭|剃った	髭|剃った:1 髭剃った:1	train=2
鳥達	2	1	鳥達	鳥達:1 鳥|達:1	train=2
黒で	2	1	黒|で	黒|で:1 黒で:1	train=2
！”	2	1	！”	！”:1 ！|”:1	train=2
ＣＤプレイヤー	2	1	ＣＤプレイヤー	ＣＤプレイヤー:1 ＣＤ|プレイヤー:1	train=2
ＬＳＤ漬け	2	1	ＬＳＤ漬け	ＬＳＤ漬け:1 ＬＳＤ|漬け:1	train=2
