。	40609
は	30631
に	19733
の	17695
を	16185
が	12493
？	7182
彼	6163
で	5749
、	5536
いる	5072
私	4992
か	4606
と	4375
だ	3673
な	3151
！	2887
その	2811
彼女	2758
よ	2487
です	2448
も	2425
した	2400
して	2259
トム	2230
こと	2111
（	2005
）	2005
この	1865
働いて	1843
設立	1781
ある	1736
ん	1721
する	1649
ついて	1302
さん	1291
から	1246
いた	1143
何	1124
ない	1109
約	1108
教授	1089
述べた	1053
たち	1038
あなた	1033
訪れた	925
ね	884
人	847
君	828
いい	790
ば	788
よう	772
います	767
彼ら	731
それ	717
って	656
へ	628
これ	617
もう	597
どう	591
自分	589
誰	566
家	563
ください	552
だった	545
もの	528
赤十字	513
東京大学	498
どこ	495
国際連合	486
ニューヨーク・タイムズ	485
ハリー・ポッター	484
あの	479
僕	478
ここ	474
エッフェル塔	462
本	457
より	448
まで	433
あります	427
よく	425
仕事	422
?	413
とても	406
なった	394
田中	393
メアリー	390
佐藤	387
ため	385
お	382
鈴木	380
きた	369
伊藤	365
山田	362
車	357
行く	351
気	342
なる	337
今	335
中	328
子供	326
前	322
行った	317
すぐ	315
ならない	313
今日	306
高橋	306
持って	302
まだ	300
章	294
第	291
我々	289
英語	288
手	287
万里の長城	283
話	283
犬	277
思う	276
自由の女神	272
自由	271
事	270
部屋	270
だけ	269
方	267
ちょっと	265
いう	264
なって	262
何か	261
学校	260
!	258
あった	257
昨日	257
します	256
問題	256
た	254
いつも	250
時間	250
一番	249
言う	247
くれた	245
見た	242
できる	241
好き	241
目	241
時	240
たくさん	236
ので	236
し	233
言った	231
ところ	228
新しい	228
女神	226
いつ	224
よい	222
…	221
少し	221
見て	221
電話	221
先生	220
なぜ	219
なら	218
明日	217
そう	215
万里	215
長城	215
上	213
勉強	212
フランス語	211
お金	209
日本	208
そんな	206
みんな	205
友達	204
知って	204
達	204
て	201
いない	200
そこ	200
手紙	200
父	200
雨	200
俺	197
しまった	195
必要	195
つもり	194
下さい	193
通り	193
男	187
私達	185
してる	184
早く	184
来た	184
わ	183
やって	182
とき	181
成功	180
もっと	178
住んで	178
違う	178
母	177
多く	176
教えて	174
一緒	173
来る	171
された	168
本当に	168
間	168
計画	166
悪い	165
のに	161
水	160
言って	160
すべて	159
なんて	158
同じ	158
名前	158
お前	157
道	157
少年	156
好きだ	155
子	154
しない	153
ドア	153
ぞ	152
ほど	151
なかった	150
行って	147
金	147
しました	146
好きです	145
聞いて	145
くれ	144
ほとんど	144
日	143
見る	143
駅	143
いけない	141
猫	141
いいです	140
くれる	140
変	139
後	139
思って	139
一人	138
どうして	136
息子	136
バス	134
本当	134
毎日	134
うち	133
かも	133
全部	133
来て	133
なく	131
ボストン	129
町	129
頭	128
映画	127
だろう	126
会った	126
医者	126
また	125
顔	125
大き	124
いました	123
しなさい	123
買った	123
ありがとう	122
しよう	122
できない	122
大丈夫	122
木	122
あれ	121
言葉	121
誰か	121
ずっと	120
でした	119
どんな	119
ほう	119
店	119
思った	119
されて	118
写真	117
花	116
パーティー	115
愛	115
次	115
したい	114
ありません	112
病気	112
高い	112
他	111
思います	111
結婚	111
一度	110
聞いた	109
けど	107
こんな	107
など	107
テレビ	107
欲しい	107
約束	107
考え	106
～	106
しなけれ	105
なんで	105
話す	105
質問	105
いった	104
さ	104
やる	104
入って	104
じゃない	103
や	103
たら	102
友人	102
知ってる	101
わけ	100
夢	100
長い	100
博士	99
良い	99
いく	98
ます	98
ジョン	98
出した	98
心	98
くる	97
やった	97
コーヒー	97
事故	97
出て	97
国	97
旅行	97
難しい	97
人々	96
失敗	96
始めた	96
船	96
服	95
窓	95
音楽	95
とって	94
どちら	94
人間	94
物	94
しれない	93
ら	93
雪	93
夜	92
意見	92
下	91
女性	91
家族	91
待って	91
うまく	90
健康	90
帰って	90
結構	90
見える	90
警察	90
公園	88
出発	88
美しい	88
学生	87
意味	87
最後	87
絵	87
試験	87
お願い	86
理由	86
皆	86
でも	85
外	85
散歩	85
電車	85
おい	84
はず	84
会社	84
知らせ	84
空	84
若い	84
列車	83
川	83
料理	83
だって	82
一つ	82
決して	82
生徒	82
アメリカ	81
大変	81
昔	81
最初	81
話して	81
近く	81
飛行機	81
食べた	81
あいつ	80
全く	80
場所	80
天気	80
手伝って	80
東京	80
辞書	80
鍵	80
靴	80
できます	79
二人	79
何時	79
別	79
宿題	79
非常に	78
だろ	77
出た	77
海	77
しか	76
女の子	76
自転車	76
薬	76
関係	76
”	75
お父さん	75
かい	75
これら	75
どうやって	75
どの	75
ばかり	75
もし	75
テーブル	75
山	75
時計	75
机	75
すれ	74
でしょう	74
古い	74
箱	74
足	74
いて	73
ながら	73
テニス	73
努力	73
嘘	73
娘	73
対	73
日曜日	73
最近	73
知らない	73
背	73
試合	73
いくら	72
出席者	72
帽子	72
死んだ	72
行きます	72
体	71
先	71
妻	71
確か	71
音	71
こちら	70
よって	70
生活	70
確かに	70
説明	70
ついた	69
人生	69
到着	69
動物	69
多い	69
声	68
静か	68
：	68
今度	67
弟	67
行動	67
面白い	67
風	67
かけて	66
される	66
まま	66
みたい	66
上手	66
口	66
必ず	66
所	66
考えて	66
食べて	66
食べる	66
お母さん	65
全て	65
結果	65
ご	64
すごく	64
みた	64
タバコ	64
両親	64
今夜	64
今朝	64
大学	64
女	64
昨夜	64
注意	64
準備	64
買う	64
鳥	64
あまり	63
そんなに	63
もらった	63
一生懸命	63
予定	63
午後	63
夏	63
妹	63
歌	63
親切	63
魚	63
ほしい	62
庭	62
提案	62
日本語	62
火	62
読む	62
読んで	62
運転	62
髪	62
つけて	61
ニュース	61
世界	61
使って	61
少女	61
歩いて	61
着いた	61
耳	61
食事	61
くれません	60
クラス	60
小説	60
座って	60
母親	60
気分	60
老人	60
話した	60
かなり	59
ひどい	59
オーストラリア	59
事実	59
入った	59
新聞	59
病院	59
突然	59
者	59
買って	59
」	58
くらい	58
だれ	58
ピアノ	58
ロンドン	58
兄	58
立って	58
荷物	58
「	57
ついに	57
どうぞ	57
ビル	57
ホテル	57
会議	57
寝て	57
書いて	57
行きたい	57
頃	57
ございます	56
冬	56
年	56
戻って	56
気持ち	56
興味	56
い	55
きて	55
まったく	55
助け	55
心配	55
空気	55
風邪	55
いかが	54
できた	54
ゆっくり	54
わかった	54
壁	54
月	54
着て	54
身	54
驚いた	54
“	53
したら	53
しなかった	53
どれくらい	53
朝	53
赤ん坊	53
飲む	53
きれい	52
似て	52
作った	52
初めて	52
図書館	52
強い	52
方法	52
真実	52
起こった	52
食べ物	52
ただ	51
ドレス	51
会う	51
忘れて	51
書いた	51
正しい	51
湖	51
点	51
赤ちゃん	51
間違い	51
あと	50
いって	50
さあ	50
しろ	50
どのくらい	50
カメラ	50
入れた	50
取って	50
受けた	50
席	50
戦争	50
授業	50
男の子	50
疲れて	50
答え	50
行け	50
見	50
貸して	50
連れて	50
傘	49
分かった	49
大きい	49
太陽	49
早い	49
来週	49
色	49
見せて	49
ああ	48
なぁ	48
全然	48
分かる	48
利用	48
力	48
十分	48
奴	48
必要だ	48
敵	48
月曜日	48
楽しい	48
簡単	48
腹	48
1968年	47
1978年	47
あげた	47
あんた	47
おいしい	47
こっち	47
でしょ	47
なし	47
なりたい	47
元気	47
全員	47
急いで	47
満足	47
無い	47
理解	47
終わった	47
見えた	47
見つけた	47
開けて	47
1967年	46
いただけます	46
くれない	46
すみません	46
だけど	46
なりません	46
世話	46
代わり	46
先週	46
出る	46
出席	46
危険	46
尊敬	46
書く	46
最も	46
神	46
秘密	46
要求	46
走って	46
連絡	46
遅刻	46
とも	45
やっと	45
何人	45
持ってる	45
時々	45
朝食	45
氏	45
経験	45
返事	45
1956年	44
1966年	44
あ	44
うまい	44
せい	44
やめて	44
ママ	44
出す	44
別に	44
夕食	44
忙しい	44
息	44
数学	44
涙	44
行きました	44
責任	44
高橋教授	44
1983年	43
あって	43
いなかった	43
みな	43
パリ	43
パン	43
作って	43
価値	43
偶然	43
出来る	43
卵	43
姿	43
小さ	43
幸せ	43
忘れた	43
掃除	43
腕	43
警官	43
買い物	43
遅く	43
.	42
1961年	42
1962年	42
2002年	42
いや	42
きっと	42
するだろう	42
まもなく	42
みる	42
キス	42
ボブ	42
以上	42
会い	42
合格	42
味	42
地震	42
大好き	42
夫	42
姉	42
子ども	42
春	42
村	42
機械	42
置いて	42
行こう	42
降って	42
1977年	41
1991年	41
2014年	41
2023年	41
させた	41
できなかった	41
よかった	41
一体	41
以前	41
入る	41
冗談	41
反対	41
名	41
床	41
役	41
普通	41
有名	41
死	41
父親	41
覚えて	41
違い	41
1953年	40
1960年	40
1980年	40
1990年	40
2017年	40
いません	40
こそ	40
すべきだ	40
つまり	40
できて	40
わたし	40
ジェーン	40
信じて	40
信頼	40
助けて	40
怒って	40
森	40
生きて	40
白い	40
結局	40
絶対	40
胸	40
落ちた	40
1972年	39
1987年	39
どっち	39
まるで	39
わかる	39
ケーキ	39
他人	39
以外	39
作る	39
建物	39
後ろ	39
忠告	39
感じた	39
探して	39
日本人	39
星	39
法律	39
終わり	39
練習	39
聞く	39
言え	39
道路	39
遠く	39
1957年	38
1959年	38
1970年	38
1973年	38
1982年	38
2003年	38
2008年	38
2022年	38
いけません	38
いつでも	38
かけた	38
き	38
そこで	38
なあ	38
チーム	38
ペン	38
今年	38
寝る	38
小さい	38
嵐	38
我慢	38
来い	38
楽しかった	38
様	38
親	38
話し	38
読んだ	38
馬	38
1998年	37
あそこ	37
いくつか	37
お互い	37
お茶	37
かしら	37
すばらしい	37
それで	37
なんか	37
ニューヨーク	37
ワイン	37
一杯	37
京都	37
今まで	37
教師	37
滞在	37
研究	37
素敵	37
習慣	37
行かない	37
行き	37
起きた	37
途中	37
1950年	36
1971年	36
1986年	36
1999年	36
2000年	36
2004年	36
あっ	36
ぼく	36
わからない	36
タクシー	36
ベッド	36
事件	36
使う	36
向こう	36
寒い	36
帰る	36
楽しみ	36
橋	36
歯	36
決心	36
泣き	36
泥棒	36
聞こえた	36
開く	36
1952年	35
1965年	35
1974年	35
1989年	35
2006年	35
2018年	35
2020年	35
それとも	35
なかなか	35
らしい	35
ジム	35
ビール	35
レストラン	35
一日	35
一日中	35
仕方	35
会合	35
出して	35
命	35
文	35
旅	35
決めた	35
火事	35
石	35
話せる	35
走る	35
速く	35
週末	35
間違って	35
隣	35
黙って	35
1951年	34
1981年	34
2015年	34
いっぱい	34
しまう	34
ならなかった	34
なり	34
ほか	34
われわれ	34
スキー	34
スープ	34
ダメ	34
乗る	34
働く	34
同意	34
外出	34
大切	34
曲	34
歩いた	34
毎朝	34
結構です	34
言語	34
重要	34
1969年	33
1975年	33
1997年	33
2007年	33
2019年	33
2021年	33
あらゆる	33
いただけません	33
かわいい	33
ころ	33
しばらく	33
ちょうど	33
ゲーム	33
シャツ	33
テスト	33
ナイフ	33
リンゴ	33
・	33
値段	33
去年	33
呼んで	33
実行	33
実際	33
島	33
昼食	33
死ぬ	33
牛乳	33
特別	33
生まれた	33
痛い	33
目的	33
空港	33
考えた	33
肉	33
説得	33
読書	33
送った	33
遊び	33
運動	33
1964年	32
1976年	32
1988年	32
1994年	32
お腹	32
しばしば	32
そういう	32
たいへん	32
なります	32
み	32
もらえます	32
修理	32
勝つ	32
原因	32
変わった	32
将来	32
招待	32
教会	32
状況	32
男性	32
知る	32
送って	32
1955年	31
1979年	31
1992年	31
1993年	31
1995年	31
2005年	31
2010年	31
2011年	31
2024年	31
おかげ	31
ごらん	31
じゃ	31
なんと	31
やめた	31
休暇	31
入れて	31
噂	31
外国	31
帰った	31
帰宅	31
思い	31
痛み	31
種	31
若者	31
解決	31
詩	31
詩人	31
野球	31
銀行	31
-	30
2009年	30
2012年	30
お風呂	30
かつて	30
こんなに	30
たいてい	30
だから	30
なけれ	30
もって	30
バカ	30
ラジオ	30
与えた	30
人気	30
住んでる	30
大きく	30
奥さん	30
寝た	30
年齢	30
強く	30
忙しかった	30
携帯	30
本当の	30
次第	30
深い	30
用	30
発見	30
紙	30
行為	30
街	30
誕生日	30
賛成	30
起こる	30
選んだ	30
限り	30
1954年	29
1958年	29
1984年	29
1985年	29
2001年	29
あり	29
うん	29
せよ	29
なりました	29
はい	29
ピザ	29
丘	29
光	29
出かける	29
出身	29
分からない	29
午後5時	29
叔父	29
取った	29
向かって	29
地球	29
尋ねた	29
平和	29
感謝	29
棚	29
横	29
用意	29
疲れた	29
確信	29
見ました	29
読み	29
賢い	29
過ごした	29
降る	29
青い	29
飲んだ	29
1963年	28
ありました	28
あんな	28
かかった	28
させる	28
しっかり	28
しないで	28
しら	28
どこか	28
ねえ	28
ひどく	28
コート	28
冷蔵庫	28
参加	28
取る	28
喜び	28
困難	28
大いに	28
守る	28
幸福	28
弁護士	28
態度	28
政府	28
教室	28
数	28
早起き	28
激しく	28
無理	28
熱	28
眠って	28
立つ	28
素晴らしい	28
続けた	28
覚えてる	28
誤り	28
近い	28
遊んで	28
酒	28
門	28
2025年	27
かかる	27
さえ	27
じゃあ	27
そして	27
なくした	27
めったに	27
やってる	27
フランス	27
プレゼント	27
上司	27
交通事故	27
件	27
住所	27
偉大	27
入れる	27
博物館	27
大好きです	27
失った	27
情報	27
感じ	27
提出	27
教育	27
求めて	27
見えます	27
財布	27
貧しい	27
赤い	27
野郎	27
長く	27
雑誌	27
頼んだ	27
食べたい	27
2013年	26
2016年	26
いったい	26
いつか	26
すごい	26
ぜ	26
たがって	26
とった	26
なるだろう	26
はっきり	26
びっくり	26
カナダ	26
コンサート	26
バター	26
ミルク	26
乗った	26
人口	26
休み	26
出かけた	26
勇気	26
合う	26
土曜日	26
夏休み	26
大丈夫です	26
完全	26
必要です	26
急げ	26
我	26
普段	26
暇	26
来ない	26
来年	26
椅子	26
機会	26
注文	26
現在	26
砂糖	26
立てて	26
置いた	26
考える	26
考慮	26
良く	26
血	26
趣味	26
速い	26
遅れた	26
閉めて	26
電気	26
首	26
高く	26
65人	25
うそ	25
かかって	25
かかります	25
させて	25
つけた	25
どうか	25
まあ	25
もちろん	25
やり方	25
クリスマス	25
サッカー	25
乗って	25
事務所	25
信じる	25
働いた	25
兵士	25
切符	25
台風	25
喜んで	25
回復	25
塩	25
大丈夫だ	25
大統領	25
学ぶ	25
安い	25
景色	25
本物	25
歌う	25
正直	25
残って	25
泳ぎ	25
海外	25
紹介	25
罪	25
肩	25
議論	25
離れて	25
おります	24
きました	24
くれました	24
くれます	24
ぐらい	24
されます	24
すべき	24
それら	24
つく	24
なん	24
ねぇ	24
やめろ	24
よろしいです	24
アメリカ人	24
ギター	24
ケン	24
バラ	24
マイク	24
上げて	24
兄弟	24
別の	24
困った	24
座った	24
待つ	24
待て	24
後悔	24
思ってる	24
援助	24
暮らして	24
書類	24
歌って	24
歩く	24
気候	24
演説	24
物語	24
祖父	24
自身	24
苦労	24
話します	24
贈り物	24
逃げた	24
通って	24
開けた	24
鳴った	24
黒い	24
,	23
1996年	23
いたします	23
いろいろ	23
こう	23
こういう	23
しかし	23
しまいました	23
しょう	23
すっかり	23
だんだん	23
とおり	23
とか	23
ども	23
ひとり	23
ほら	23
もと	23
スポーツ	23
セーター	23
ドイツ語	23
パパ	23
ポニョ	23
二つ	23
信用	23
傷	23
優しい	23
具合	23
動物園	23
可能性	23
台所	23
右	23
合った	23
売って	23
多分	23
大阪	23
好きで	23
始まった	23
市長	23
広い	23
思い出す	23
急	23
成績	23
持つ	23
歌手	23
毎年	23
泣いて	23
申し出	23
種類	23
翻訳	23
聴衆	23
自慢	23
解く	23
言ってる	23
言われて	23
調子	23
貴方	23
野菜	23
釣り	23
銃	23
飲んで	23
77人	22
78人	22
93人	22
おきなさい	22
おめでとう	22
そば	22
ちゃんと	22
っ	22
まさか	22
もらいたい	22
もん	22
やっぱり	22
やれ	22
よろしく	22
オレンジ	22
リサ	22
一致	22
上げた	22
与える	22
中国	22
二度と	22
体重	22
傾向	22
出会った	22
勝手	22
商売	22
変化	22
季節	22
屋根	22
左	22
延期	22
怖い	22
悪く	22
政治家	22
昨年	22
時代	22
望み	22
来ました	22
案内	22
欠席	22
欠点	22
歓迎	22
歴史	22
死んで	22
毎週	22
池	22
牛	22
王	22
知識	22
給料	22
規則	22
言いたい	22
記憶	22
調査	22
遊ぶ	22
邪魔	22
電話番号	22
飼って	22
首都	22
馬鹿	22
骨	22
鼻	22
－	22
おもちゃ	21
きのう	21
しましょう	21
すでに	21
たばこ	21
たぶん	21
どんなに	21
なさい	21
なに	21
まず	21
やつ	21
イギリス	21
コンピューター	21
チーズ	21
パソコン	21
ピクニック	21
丁寧	21
不注意	21
両方	21
事業	21
人形	21
休んだ	21
値	21
光景	21
勤勉	21
午前9時	21
叔母	21
取り	21
地図	21
大人	21
大勢	21
大好きだ	21
存在	21
少ない	21
工場	21
当然	21
待ってる	21
怒り	21
患者	21
感じる	21
慣れて	21
才能	21
故障	21
果物	21
権利	21
氷	21
生まれ	21
盗んだ	21
秘書	21
程度	21
穴	21
答えた	21
紅茶	21
終わって	21
絶対に	21
聞こえる	21
自動車	21
興奮	21
落とした	21
行きなさい	21
言わない	21
辺	21
辺り	21
遅い	21
都市	21
金持ち	21
閉まる	21
飛んで	21
騒音	21
69人	20
70人	20
79人	20
あったら	20
いま	20
おく	20
おまえ	20
ごめん	20
たまたま	20
つけなさい	20
ました	20
ますます	20
よし	20
イタリア	20
クッキー	20
ケイト	20
ダメだ	20
ボート	20
ヨーロッパ	20
ローマ	20
一生	20
主張	20
会いましょう	20
何処	20
使った	20
先月	20
土地	20
場	20
場合	20
天才	20
嫌い	20
実	20
客	20
希望	20
得た	20
忘れない	20
性格	20
恋	20
暗い	20
理論	20
着く	20
知られて	20
秋	20
紳士	20
緊張	20
義務	20
自殺	20
虫	20
行ける	20
訪ねて	20
財産	20
買いました	20
走った	20
遅れて	20
運んで	20
鉛筆	20
開いて	20
雲	20
非難	20
食べ	20
44人	19
いくつ	19
いるだろう	19
おかしい	19
しちゃった	19
じっと	19
せず	19
ちゃん	19
ちょうだい	19
とこ	19
とる	19
どうも	19
どれ	19
なれ	19
ひとつ	19
まさに	19
むしろ	19
め	19
やり	19
よる	19
マジ	19
一週間	19
中止	19
会って	19
住む	19
何事	19
先日	19
冷たい	19
出かけて	19
分かって	19
切って	19
切手	19
判断	19
動く	19
区別	19
半分	19
単語	19
友	19
吸う	19
命令	19
大きさ	19
大声	19
失礼	19
実験	19
当て	19
彼等	19
悪かった	19
政治	19
故郷	19
暗く	19
期待	19
本当だ	19
楽しんだ	19
楽しんで	19
殺した	19
母さん	19
泳ぐ	19
深く	19
煙草	19
知らせて	19
石油	19
科学者	19
立て	19
笑い	19
結婚式	19
続けて	19
育った	19
落ちて	19
遠い	19
重い	19
関心	19
飲み	19
飲み物	19
71人	18
74人	18
あげよう	18
いれ	18
おもしろい	18
お店	18
かける	18
これから	18
さすが	18
しなくて	18
しまって	18
するでしょう	18
ずつ	18
ぜひ	18
そうだ	18
たび	18
どなた	18
どのように	18
なるでしょう	18
アパート	18
コップ	18
スミス	18
ネクタイ	18
ロープ	18
上がった	18
上手だ	18
世	18
事態	18
亡くなった	18
仲間	18
何て	18
何年	18
切った	18
同様	18
呼ぶ	18
変えた	18
変更	18
外国人	18
大事	18
奇妙	18
待った	18
得ない	18
怪我	18
所長	18
教える	18
断った	18
明らか	18
明るい	18
暑さ	18
書き	18
本気	18
来月	18
楽	18
欠けて	18
求めた	18
決定	18
物事	18
田舎	18
知りたい	18
簡単だ	18
約8人	18
終わる	18
職	18
言われた	18
警告	18
迷惑	18
進んで	18
達成	18
郵便局	18
降り	18
限らない	18
面倒	18
頭痛	18
飛ぶ	18
食べます	18
3.5	17
66人	17
75人	17
90人	17
km	17
あちこち	17
いるでしょう	17
うわさ	17
え	17
ええ	17
おいた	17
おいで	17
お昼	17
お酒	17
ございました	17
されました	17
ずいぶん	17
そっち	17
それぞれ	17
だっ	17
つかない	17
なったら	17
ふり	17
もらう	17
スピーチ	17
スペイン語	17
ソファー	17
トラック	17
ポケット	17
上着	17
下手	17
不平	17
与えて	17
予約	17
今週	17
会	17
何度	17
作文	17
借りて	17
入ってる	17
勝った	17
厳しい	17
喧嘩	17
変だ	17
外国語	17
好み	17
学者	17
宗介	17
実は	17
実現	17
寒く	17
将也	17
市	17
幸運	17
幽霊	17
影響	17
恐ろしい	17
悲しい	17
想像	17
感動	17
成長	17
戻る	17
折った	17
文句	17
時間通り	17
来ます	17
為	17
無視	17
特に	17
狭い	17
甘い	17
皿	17
知った	17
社会	17
祖母	17
禁煙	17
立派	17
第32章	17
終えて	17
草	17
葉	17
見つける	17
角	17
話せます	17
走り	17
起きて	17
起きる	17
迎え	17
逮捕	17
降った	17
降りて	17
霧	17
香り	17
駄目	17
96人	16
あっち	16
いなさい	16
けが	16
この前	16
さっさと	16
しません	16
すぎない	16
とにかく	16
どれぐらい	16
なろう	16
のみ	16
みたいだ	16
めっちゃ	16
りんご	16
わかって	16
スカート	16
デート	16
トイレ	16
ボタン	16
ボール	16
メイ	16
一晩中	16
上がって	16
上手です	16
不幸	16
主	16
乗客	16
互い	16
人物	16
何回	16
作家	16
供給	16
全体	16
割った	16
助言	16
匂い	16
北海道	16
危ない	16
周り	16
品物	16
喜んだ	16
困って	16
地域	16
変わって	16
夢中	16
女優	16
始める	16
常に	16
廃止	16
怒った	16
急に	16
愛情	16
感情	16
拍手	16
明かり	16
昨晩	16
暗記	16
最善	16
桜	16
殺す	16
気づいた	16
泳いで	16
浮かんだ	16
消した	16
無理だ	16
環境	16
盗まれた	16
目標	16
相手	16
眼鏡	16
知り合い	16
立った	16
第3章	16
答える	16
終えた	16
自信	16
見つけて	16
言い	16
訪問	16
許可	16
誇り	16
議長	16
買いたい	16
進んだ	16
量	16
雷	16
頂上	16
頼む	16
駄目だ	16
高さ	16
61人	15
92人	15
94人	15
95人	15
97人	15
あげる	15
いらっしゃいます	15
うるさい	15
しょっちゅう	15
そろそろ	15
ときどき	15
とりわけ	15
どういう	15
ばか	15
みたら	15
もたらした	15
もらえる	15
もらって	15
やさしい	15
やむ	15
やりなさい	15
シカゴ	15
シータ	15
ジャック	15
スケート	15
ドイツ	15
ノート	15
ハウル	15
ー	15
不可能だ	15
交渉	15
付いて	15
例	15
出ます	15
出来ない	15
出来事	15
切る	15
合わない	15
喉	15
城	15
夜更かし	15
大学生	15
大雨	15
始まる	15
完璧	15
専攻	15
届いた	15
忘れる	15
手伝い	15
払う	15
探す	15
攻撃	15
教えた	15
晩	15
有名だ	15
案	15
残して	15
油	15
泣いた	15
流れて	15
無事	15
煙	15
犠牲	15
発言	15
直して	15
真	15
短い	15
私たち	15
立場	15
笑う	15
笑った	15
約17人	15
約27人	15
約86人	15
終える	15
経済	15
綺麗	15
緑	15
美しさ	15
自然	15
見えない	15
見たい	15
見れ	15
見学	15
見込み	15
言いました	15
許して	15
読める	15
赤	15
選ぶ	15
選手	15
金曜日	15
関	15
降りた	15
離婚	15
面	15
頼り	15
魔法	15
2人	14
50人	14
52人	14
62人	14
6人	14
72人	14
76人	14
7人	14
91人	14
あたり	14
いっしょ	14
いらいら	14
おいて	14
おばあちゃん	14
かばん	14
きみ	14
ご用	14
ご飯	14
さっき	14
それでも	14
だっけ	14
つつ	14
つれて	14
できません	14
とうとう	14
みろ	14
やめる	14
よろしい	14
アン	14
カーテン	14
サミ	14
シャワー	14
チケット	14
チャンス	14
トニー	14
ネズミ	14
ノック	14
バイオリン	14
バス停	14
ブラウン	14
ベル	14
メモ	14
ライオン	14
ロボット	14
一回	14
一時間	14
一言	14
万一	14
不足	14
交換	14
会いました	14
会える	14
会話	14
何とか	14
何度も	14
何時間	14
余裕	14
使われて	14
便り	14
借金	14
備えて	14
働き	14
元	14
全力	14
共に	14
再び	14
利益	14
劇	14
劣らず	14
勝利	14
受ける	14
向かった	14
吸って	14
呼んだ	14
唯一	14
商品	14
地面	14
報告	14
塔	14
増えて	14
変える	14
多かった	14
大家族	14
害	14
小さな	14
思い出	14
恐怖	14
悪口	14
悲しみ	14
持ち	14
持ち主	14
指	14
指輪	14
挨拶	14
支払い	14
明るく	14
暖かい	14
望んで	14
植物	14
止めた	14
正直で	14
毛	14
洗う	14
洗濯	14
海岸	14
消して	14
渡した	14
熱心	14
物価	14
玄関	14
現場	14
生きてる	14
画家	14
番号	14
皮	14
相談	14
着た	14
確認	14
科学	14
空いてる	14
立ち	14
立てる	14
第48章	14
第55章	14
第6章	14
米	14
約11人	14
約35人	14
約85人	14
経営	14
行ったら	14
訪れる	14
証拠	14
詳しい	14
認めた	14
調べた	14
調べて	14
賛成です	14
起こした	14
距離	14
軽蔑	14
週	14
運	14
開いた	14
間違えた	14
離陸	14
鞄	14
頬	14
飛び	14
魔女	14
10人	13
12人	13
17人	13
30人	13
34人	13
37人	13
55人	13
56人	13
98人	13
いたい	13
いっそう	13
うれしい	13
おじ	13
おじいさん	13
おじさん	13
かかわらず	13
こんにちは	13
さぁ	13
さて	13
たとえ	13
たまに	13
つかんだ	13
つける	13
ところで	13
とっても	13
どうにか	13
どんどん	13
やがて	13
やめなさい	13
クソ	13
ジョー	13
スピード	13
スーツ	13
スーツケース	13
スーパー	13
ズボン	13
ッ	13
ピアニスト	13
万歳	13
上手い	13
予想	13
事情	13
仲	13
似合う	13
使い方	13
信じられない	13
倒れた	13
借りた	13
別れ	13
収入	13
受け取った	13
合図	13
同情	13
名声	13
否定	13
命じた	13
喫煙	13
壊した	13
夕方	13
宇宙	13
岩	13
市場	13
幸せだった	13
当時	13
彼氏	13
恐れて	13
戸	13
押し	13
捜して	13
捨て	13
撮って	13
文化	13
月曜	13
水泳	13
永遠	13
注意深く	13
海外旅行	13
混乱	13
無駄だ	13
熱い	13
状態	13
現れた	13
現金	13
生物	13
番組	13
疑い	13
疑問	13
看護婦	13
笑って	13
第27章	13
第49章	13
第50章	13
第一	13
約36人	13
約46人	13
約83人	13
置き忘れた	13
聞き	13
育て	13
胃	13
背中	13
腰	13
花瓶	13
若く	13
苦痛	13
落ちる	13
行かなきゃ	13
表現	13
見えなかった	13
見知らぬ	13
親友	13
観光客	13
言える	13
言おう	13
訳	13
証明	13
詳しく	13
軽い	13
近頃	13
迷った	13
運命	13
運転手	13
過去	13
遠慮	13
選んで	13
選挙	13
集中	13
青	13
食べました	13
鬼	13
3人	12
54人	12
57人	12
59人	12
64人	12
71	12
72	12
73	12
99人	12
N.A.S.A.	12
あたし	12
あら	12
いかない	12
いける	12
いなけれ	12
いわゆる	12
えっ	12
おしゃべり	12
お宅	12
お客様	12
きなさい	12
くれれ	12
こいつ	12
さま	12
しれません	12
そいつ	12
たずねた	12
だした	12
つい	12
できました	12
では	12
どうしても	12
なにか	12
はるか	12
ふう	12
ほんの	12
もらえません	12
やはり	12
やれる	12
やろう	12
よくない	12
よろしいでしょう	12
る	12
わかります	12
アイデア	12
アドバイス	12
インド	12
エンジン	12
サイズ	12
トランプ	12
ナンシー	12
ブラジル	12
ベンチ	12
ホント	12
マユコ	12
・・・	12
三人	12
世界中	12
乗り	12
人目	12
今晩	12
任命	12
休んで	12
位置	12
何故	12
何歳	12
信じた	12
偏見	12
健	12
側	12
優勝	12
出版	12
切り	12
初め	12
午前中	12
去った	12
友情	12
合って	12
向けて	12
囚人	12
国民	12
報告書	12
増えた	12
夕飯	12
天候	12
委員会	12
字	12
学んだ	12
安全	12
完成	12
家具	12
富	12
帰り	12
建て	12
従って	12
従事	12
心臓	12
我が	12
戻して	12
戻った	12
手術	12
捕まえた	12
日記	12
暮らし	12
書きました	12
書き留めた	12
望む	12
来たら	12
根	12
止めて	12
気付いた	12
汗	12
決める	12
沈黙	12
洪水	12
流行	12
消えた	12
渡った	12
瀧	12
熱中	12
燃えて	12
爆発	12
爪	12
父さん	12
生命	12
生計	12
異なる	12
癖	12
的	12
皆さん	12
眠れなかった	12
知りません	12
破壊	12
笑顔	12
第29章	12
第36章	12
第54章	12
第8章	12
約20人	12
約28人	12
約40人	12
約47人	12
約81人	12
約87人	12
約89人	12
結論	12
線	12
罰	12
羊	12
美味しい	12
聞きたい	12
能力	12
腕時計	12
良いです	12
行きません	12
覆われて	12
見かけた	12
見送り	12
解決策	12
訪ねた	12
講義	12
輝いて	12
辛い	12
迷子	12
通った	12
進歩	12
過労	12
閉めた	12
開け	12
関する	12
階段	12
願い	12
願って	12
食物	12
高校生	12
41人	11
43人	11
4人	11
4時	11
60人	11
63人	11
67人	11
73人	11
82	11
あぁ	11
あげ	11
あろう	11
いくらか	11
いけ	11
いたら	11
いちばん	11
いられない	11
うわ	11
おそらく	11
おれ	11
お姉さん	11
お姉ちゃん	11
お話	11
かえって	11
がちだ	11
けれど	11
そのまま	11
たった	11
てる	11
ないです	11
なお	11
なってる	11
なれる	11
なんでも	11
はじめた	11
ばっかり	11
ひく	11
ふたり	11
ましだ	11
もらっ	11
わざと	11
ウサギ	11
カード	11
サム	11
サンドイッチ	11
ステーキ	11
スリ	11
タイプ	11
ダンス	11
バイク	11
ページ	11
マルクル	11
ミス	11
メガネ	11
ヤツ	11
レース	11
一	11
一本	11
一般	11
一般的	11
三葉	11
上昇	11
不安	11
不満	11
世代	11
主人	11
人類	11
付けて	11
任せて	11
休日	11
会いたい	11
伝言	11
何日	11
余地	11
作品	11
価格	11
働いてる	11
優れた	11
公平	11
出来て	11
出来ます	11
分かります	11
列	11
労働者	11
卒業	11
危険だ	11
双子	11
取りなさい	11
受け	11
合わせて	11
向いて	11
回して	11
地	11
基づいて	11
変わる	11
大切だ	11
大金	11
契約	11
女王	11
好きだった	11
始めて	11
嫌	11
嫌いだ	11
嬉しい	11
安心	11
実に	11
家庭	11
寒かった	11
寺	11
常識	11
平気だ	11
引いて	11
引く	11
弱い	11
強盗	11
弾く	11
当然だ	11
待ってて	11
思いました	11
手伝う	11
抱いて	11
指示	11
振った	11
描いた	11
描いて	11
放課後	11
新車	11
旦那	11
旧友	11
是非	11
景気	11
朝早く	11
来なかった	11
来るだろう	11
楽しく	11
横浜	11
欲しかった	11
歌った	11
残念	11
民主主義	11
求める	11
汚い	11
波	11
泣く	11
泳げる	11
洗った	11
洗って	11
激しい	11
犯した	11
犯人	11
珍しい	11
生活費	11
用紙	11
留学	11
痛む	11
発生	11
登る	11
真相	11
眼	11
着きました	11
知らなかった	11
社長	11
競争	11
第28章	11
第2章	11
第33章	11
第38章	11
第42章	11
第56章	11
第58章	11
第5章	11
第66章	11
第67章	11
第7章	11
約25人	11
約26人	11
約37人	11
約43人	11
約45人	11
約58人	11
約9人	11
組織	11
絶滅	11
聞いてる	11
聴く	11
脚	11
脱いで	11
臭い	11
良かった	11
行かなけれ	11
行きたいです	11
行けなかった	11
被害	11
西	11
見かけ	11
見つけ	11
見ろ	11
見回した	11
言わず	11
言わなかった	11
記事	11
話し方	11
誤解	11
費用	11
資格	11
農場	11
近所	11
返して	11
連中	11
過ごす	11
重要だ	11
重要で	11
陰	11
隠して	11
難しかった	11
青年	11
音楽家	11
食卓	11
高校	11
11人	10
13人	10
16人	10
20	10
23人	10
27人	10
33人	10
36人	10
39人	10
40人	10
45人	10
いかなる	10
いっぱいだった	10
いとこ	10
いわば	10
うれしかった	10
お礼	10
かけ	10
かわいそう	10
さっぱり	10
したいです	10
じゃねえ	10
それから	10
ため息	10
ちがい	10
っけ	10
どころ	10
どれだけ	10
ならぬ	10
なりそうだ	10
ひいて	10
みました	10
もしもし	10
もっともだ	10
やあ	10
やら	10
ようこそ	10
られた	10
わかりません	10
わざわざ	10
わし	10
アメリカ合衆国	10
ウソ	10
キキ	10
クラブ	10
グラス	10
ケガ	10
サイン	10
ジャズ	10
ジョギング	10
タイヤ	10
タオル	10
ドル	10
バッグ	10
パズー	10
フロド	10
プール	10
メール	10
リスト	10
ルール	10
レポート	10
一年	10
一枚	10
一行	10
一部	10
上手く	10
並んで	10
乗せて	10
人前	10
今月	10
付いた	10
付き合って	10
付ける	10
仲良く	10
伸ばした	10
何枚	10
何者	10
使い	10
使用	10
信号	10
信念	10
入ります	10
入院	10
内	10
冷静	10
出張	10
出来た	10
分別	10
利口	10
勘定	10
印象	10
受けて	10
可愛い	10
告げた	10
囲まれて	10
地方	10
変わらない	10
夜遅く	10
大っ嫌い	10
大抵	10
大部分	10
大雪	10
奈良	10
寄付	10
寒さ	10
専念	10
少々	10
少なくとも	10
尾	10
届く	10
年上	10
幸せだ	10
幸せで	10
底	10
引き	10
弾いて	10
当たった	10
当てはまる	10
当地	10
影	10
待ち	10
徐々に	10
徹夜	10
怒る	10
思い出した	10
悪魔	10
打つ	10
扱い	10
扱って	10
投票	10
撮った	10
支配人	10
数人	10
新鮮	10
早寝	10
昼	10
最大限	10
本屋	10
材料	10
概して	10
横たわって	10
横断	10
機嫌	10
欲しがって	10
武器	10
毒	10
決めて	10
流した	10
流れ	10
消えて	10
深呼吸	10
温かい	10
港	10
演奏	10
火傷	10
火星	10
無し	10
物音	10
猿	10
王様	10
生きる	10
生涯	10
申し込み	10
畑	10
留守	10
発明	10
盗み	10
直接	10
着いて	10
破った	10
示して	10
第25章	10
第39章	10
第44章	10
第47章	10
第53章	10
第57章	10
第62章	10
第86章	10
約24人	10
約49人	10
約54人	10
約80人	10
約84人	10
美	10
美しかった	10
群衆	10
老婦人	10
聖書	10
育ち	10
自分自身	10
船長	10
莫大	10
見なさい	10
覚めた	10
覚悟	10
親切だ	10
観察	10
言われる	10
計算	10
記入	10
評価	10
話せ	10
読みなさい	10
読みました	10
警察官	10
責めた	10
買える	10
賞賛	10
走ります	10
輸入	10
辞任	10
近づいて	10
返す	10
逃げる	10
通して	10
遅れる	10
運ぶ	10
運んだ	10
過ち	10
適当	10
配達	10
重大	10
鉄雄	10
鋭い	10
鏡	10
開ける	10
限界	10
際	10
集まった	10
面白かった	10
食べない	10
食欲	10
飲まない	10
飲みます	10
首相	10
駐車場	10
高いです	10
黒板	10
黙れ	10
10	9
18	9
19	9
21人	9
24人	9
42人	9
51人	9
53人	9
68人	9
74	9
87人	9
あげなさい	9
あげましょう	9
いいえ	9
いただき	9
いなや	9
いませんでした	9
おけ	9
おなか	9
おはよう	9
お仕事	9
お兄さん	9
お菓子	9
かな	9
かまいません	9
きれいです	9
くれなかった	9
ぐっすり	9
けれども	9
こないだ	9
ごらんなさい	9
ご両親	9
さらに	9
してた	9
しないだろう	9
しゃべる	9
しやすい	9
すこし	9
するべきだ	9
そちら	9
だいたい	9
だれか	9
つまらない	9
どうやら	9
なさいます	9
なりたいです	9
にわか雨	9
ばかげた	9
ひと	9
ぶつかった	9
ほんと	9
みて	9
みよう	9
やりたい	9
ゆうべ	9
よせ	9
わからなかった	9
わたしたち	9
アフリカ	9
アリス	9
イギリス人	9
イタリア語	9
イチゴ	9
エブリン	9
エレベーター	9
ガキ	9
キャンプ	9
グループ	9
ゴルフ	9
ジョージ	9
ジョーンズ	9
ソフィー	9
トラ	9
ドライブ	9
ネコ	9
バナナ	9
パイロット	9
ペンキ	9
ボク	9
メキシコ	9
メグ	9
レコード	9
ロシア語	9
不自由	9
世間	9
中国語	9
中心部	9
今ごろ	9
今回	9
今頃	9
仕事中	9
以下	9
以来	9
休憩	9
会えて	9
伝えた	9
伝統	9
住みたい	9
何で	9
作り	9
作り方	9
使ってる	9
俳優	9
元気です	9
円	9
出し	9
出ない	9
出来なかった	9
分	9
分かってる	9
割	9
劇場	9
助けた	9
化粧	9
協力	9
同僚	9
含まれて	9
周囲	9
味方	9
呼ばれて	9
呼び	9
回った	9
地位	9
地獄	9
塀	9
増加	9
壊れた	9
大半	9
天	9
天井	9
太郎	9
奴隷	9
好奇心	9
嫌いです	9
寝てる	9
幸い	9
幾つ	9
建てる	9
当たる	9
形	9
得ず	9
得る	9
得意だ	9
心配だ	9
忘れ	9
思わない	9
思想	9
急いだ	9
惑星	9
意志	9
懸命	9
手段	9
手袋	9
打った	9
投げ	9
授業中	9
採用	9
推薦	9
損失	9
損害	9
撃った	9
教科書	9
文章	9
料金	9
旗	9
既に	9
日差し	9
暖かく	9
曲がって	9
書きなさい	9
書物	9
最悪	9
有罪	9
本当で	9
本当です	9
来なさい	9
東	9
枝	9
棒	9
検討	9
構わない	9
止まった	9
正午	9
正直だ	9
死刑	9
気づいて	9
気温	9
汚染	9
決意	9
汽車	9
泊まる	9
泳げない	9
洋服	9
海賊	9
深刻	9
濃い	9
無知	9
無駄	9
焼く	9
熊	9
片付けた	9
犯罪	9
現実	9
生じた	9
男子	9
留守中	9
病人	9
発音	9
相当	9
眠った	9
短く	9
砂	9
祈り	9
禁止	9
科目	9
笑わず	9
第34章	9
第35章	9
第45章	9
第52章	9
第63章	9
第64章	9
第69章	9
第76章	9
第85章	9
第92章	9
第94章	9
第95章	9
第96章	9
第97章	9
精神	9
約10人	9
約19人	9
約23人	9
約29人	9
約32人	9
約82人	9
約88人	9
組んで	9
続ける	9
美人	9
美術館	9
聞きなさい	9
聞け	9
聞こえて	9
職業	9
背景	9
膝	9
自ら	9
舞台	9
蛇	9
行方不明	9
衝突	9
表	9
見えて	9
見えなく	9
見せた	9
見つかった	9
見つめた	9
見てる	9
見物	9
覚え	9
親切です	9
解いた	9
解けた	9
言い訳	9
訓練	9
記憶力	9
診て	9
評判	9
試して	9
話せない	9
認める	9
語	9
謎	9
謝った	9
谷	9
負けた	9
負傷	9
買えない	9
貸す	9
賢明	9
質	9
退屈	9
通る	9
過ぎない	9
選出	9
酔って	9
金田	9
長年	9
間違った	9
靴下	9
額	9
顔色	9
飲め	9
餌	9
鳴って	9
12	8
17	8
22人	8
26人	8
31人	8
38人	8
48人	8
58人	8
84	8
85	8
89	8
『	8
』	8
あくまで	8
いいでしょう	8
いけなかった	8
いろんな	8
う	8
うんざり	8
おまけに	8
おやすみ	8
お兄ちゃん	8
お手伝い	8
がっかり	8
きれいだ	8
くん	8
けんか	8
こころ	8
こない	8
ご覧	8
さら	8
しなきゃ	8
すいて	8
すぐに	8
すてき	8
その後	8
それほど	8
ついてる	8
つき	8
なくして	8
なくて	8
なくなって	8
なんです	8
におい	8
ふけって	8
ふと	8
ほぼ	8
まっすぐ	8
みえる	8
もはや	8
られない	8
わずか	8
アイロン	8
アラビア語	8
イライラ	8
インク	8
インターネット	8
オレ	8
ガス	8
キー	8
クモ	8
グリーン	8
ケース	8
コピー	8
コメント	8
ショック	8
シートベルト	8
スパイ	8
スペイン	8
スーザン	8
センス	8
チェス	8
チョコレート	8
ディナー	8
フットボール	8
ブタ	8
ヘビ	8
ベスト	8
ベティ	8
ランチ	8
ロシア	8
上げる	8
下手だ	8
不思議	8
与えられた	8
両手	8
中身	8
久しぶり	8
乗れ	8
九時	8
二度	8
付く	8
付けた	8
企業	8
伝える	8
低い	8
体調	8
何もかも	8
何個	8
使います	8
使える	8
便	8
信仰	8
儀式	8
優れて	8
兄さん	8
兄ちゃん	8
内容	8
内緒	8
処理	8
出かけよう	8
刑務所	8
前もって	8
剣	8
劣らない	8
助かった	8
助ける	8
効く	8
勇敢	8
動いて	8
動き	8
勧めた	8
印	8
危機	8
収穫	8
口論	8
叱った	8
右手	8
名誉	8
告白	8
呪い	8
唇	8
商用	8
喫茶店	8
地下鉄	8
地元	8
基本的	8
塗った	8
売る	8
夕食後	8
多少	8
多額	8
大変だ	8
大量	8
失って	8
失望	8
奥	8
奪われた	8
女房	8
好む	8
姉妹	8
婦人	8
学生時代	8
安く	8
安否	8
容易で	8
寝室	8
対処	8
尻尾	8
尽くした	8
巨大	8
年々	8
幾ら	8
広く	8
引っ越し	8
引用	8
得意	8
微笑み	8
必ずしも	8
必要で	8
思わなかった	8
思われる	8
怠けて	8
怠け者	8
急ぐ	8
急速	8
恥ずかしい	8
悲劇	8
意識	8
感じて	8
扉	8
手伝った	8
承諾	8
抜いて	8
指名	8
指導者	8
振る舞い	8
探し	8
探した	8
握手	8
撃て	8
救急車	8
方向	8
映画館	8
昼寝	8
暑い	8
暑かった	8
暮らす	8
曲がった	8
書かれた	8
書かれて	8
最大	8
最悪の	8
最高の	8
村人	8
条件	8
来	8
柔らかい	8
株	8
根拠	8
格好	8
様子	8
正気	8
正確	8
残った	8
残る	8
毎月	8
比較	8
毛布	8
決断	8
沢山	8
法	8
洗濯機	8
流暢	8
浮かべて	8
渡る	8
火曜日	8
災害	8
無く	8
独立	8
生き	8
生まれました	8
生地	8
用事	8
申し訳	8
番	8
病気だった	8
皿洗い	8
直した	8
直面	8
看護師	8
真珠	8
眠り	8
着きます	8
知り合った	8
破滅	8
示した	8
神戸	8
空いて	8
空腹	8
第24章	8
第30章	8
第31章	8
第37章	8
第40章	8
第43章	8
第59章	8
第75章	8
第88章	8
米国	8
約12人	8
約15人	8
約33人	8
約34人	8
約38人	8
約41人	8
約42人	8
約48人	8
約4人	8
約66人	8
終えました	8
縁	8
署名	8
群集	8
習いたい	8
翼	8
聞かせて	8
肌	8
脱出	8
腐って	8
興味深い	8
航海	8
良くない	8
色々	8
芸術家	8
苦しみ	8
苦しんで	8
英国	8
英雄	8
蜂	8
行い	8
行う	8
行けます	8
表情	8
袋	8
製品	8
複雑	8
要る	8
見えました	8
見よう	8
見上げた	8
視力	8
覚えた	8
触る	8
討論	8
記録	8
話しかけた	8
話しかけて	8
話したい	8
話題	8
誘惑	8
語る	8
貯金	8
赤く	8
起きます	8
起こす	8
足りない	8
足元	8
蹴った	8
軍隊	8
辞職	8
迷って	8
追い	8
逃がす	8
逃げろ	8
途方	8
通過	8
都会	8
重さ	8
鉄	8
長さ	8
閉じた	8
閉じて	8
降りる	8
隅	8
障害	8
集めて	8
集める	8
難しいです	8
青く	8
頑張って	8
頼んで	8
顔つき	8
食べなさい	8
食料	8
飲みたい	8
飲んでる	8
養う	8
骨折	8
鶏	8
ＣＤ	8
14	7
15人	7
18人	7
3.5km	7
70	7
78	7
80	7
81人	7
8人	7
9時	7
あいさつ	7
あう	7
あざ	7
あした	7
あて	7
あんなに	7
いえ	7
いす	7
いただろう	7
いつまでも	7
いらっしゃい	7
いれて	7
うなずいた	7
おかわり	7
おじいちゃん	7
お休み	7
お気に入り	7
お金持ち	7
かいた	7
かぶって	7
きっぱり	7
くるだろう	7
け	7
こっそり	7
ごと	7
ささげた	7
さも	7
さよなら	7
されるだろう	7
しかも	7
しも	7
じゃなかった	7
じゃなくて	7
す	7
すべきで	7
せざる	7
そっと	7
そら	7
った	7
ったら	7
つらい	7
でて	7
どっか	7
なす	7
ならば	7
なりたかった	7
はじめて	7
ひいた	7
ふた	7
ぶらぶら	7
ません	7
やらせて	7
やらない	7
やられた	7
やる気	7
よこせ	7
よれ	7
わかってる	7
わかりました	7
わが	7
アイス	7
アレルギー	7
イングランド	7
カット	7
カップル	7
カナダ人	7
カレンダー	7
カンタ	7
キャンセル	7
クズ	7
クレジットカード	7
サラダ	7
シンガポール	7
スキャンダル	7
スマホ	7
タトエバ	7
ダイエット	7
ツアー	7
デパート	7
ドイツ人	7
ネックレス	7
ネット	7
ノートパソコン	7
ハワイ	7
ハンドバッグ	7
ヒゲ	7
フフフ	7
ポルコ	7
ポール	7
メンバー	7
ヤニー	7
ラケット	7
ラテン語	7
ランチョー	7
リス	7
ルーシー	7
ワンちゃん	7
一匹	7
一歩	7
一見	7
上がる	7
不可能	7
不意	7
主義	7
予言	7
人込み	7
代表	7
休暇中	7
会おう	7
伝えて	7
似た	7
似合います	7
作られる	7
使えます	7
例えば	7
侮辱	7
信じてる	7
信じられる	7
候補者	7
克服	7
入り	7
入学	7
出世	7
分からなかった	7
切られた	7
切れて	7
別れた	7
割れた	7
動かす	7
包んで	7
医師	7
十年	7
午前	7
原稿	7
反対です	7
反応	7
取ろう	7
受かった	7
叫んだ	7
可能	7
司祭	7
合衆国	7
同時	7
名案	7
吹き	7
呼ばれる	7
咲く	7
品	7
圧力	7
売れる	7
多いです	7
多数	7
大切です	7
大嫌いだ	7
天気予報	7
失業	7
契約書	7
好きじゃない	7
好機	7
妙	7
姉さん	7
始まります	7
嫌だ	7
子犬	7
孤独	7
学問	7
守った	7
宛	7
家賃	7
容疑者	7
寂しい	7
富んで	7
封筒	7
小さくて	7
小切手	7
小説家	7
小鳥	7
少なかった	7
尽くしなさい	7
尽くす	7
属	7
左右	7
帆	7
帰ります	7
帰ろう	7
平凡	7
年寄り	7
幸せです	7
幼い	7
庭園	7
弱点	7
張る	7
役立つ	7
従う	7
従業員	7
得	7
忍耐	7
忘れ物	7
忙しくて	7
怒ってる	7
思いついた	7
思い通り	7
思える	7
恵まれて	7
悲しく	7
愚か	7
慣れた	7
我が家	7
戦い	7
批判	7
抗議	7
抱えて	7
振って	7
撮る	7
支度	7
支持	7
敬意	7
文書	7
日光	7
早め	7
時折	7
晩ご飯	7
普通の	7
暗闇	7
暴力	7
有名人	7
来たい	7
柱	7
校長	7
構いません	7
止まって	7
止まれ	7
止める	7
歳	7
残り	7
残念だ	7
殺人	7
毎晩	7
比べて	7
沈む	7
治る	7
治療	7
沿って	7
泊まって	7
法案	7
注目	7
洗濯物	7
活動	7
浪費	7
消す	7
混同	7
混雑	7
減った	7
渡って	7
満ちて	7
演じた	7
漫画	7
焼いて	7
率直	7
王子	7
由美	7
申し上げます	7
疑って	7
病気だ	7
登った	7
真剣	7
着る	7
知らん	7
知り	7
石鹸	7
破る	7
硬貨	7
税金	7
第20章	7
第26章	7
第4章	7
第51章	7
第61章	7
第65章	7
第68章	7
第91章	7
第9章	7
約22人	7
約3人	7
約56人	7
約5人	7
約6人	7
終わったら	7
終わりました	7
続いた	7
維持	7
緑色	7
置く	7
習った	7
考えよう	7
聞きました	7
聞こえない	7
育てて	7
自宅	7
自己紹介	7
芝生	7
芸術	7
苦手だ	7
落ち着いて	7
落として	7
蝶	7
行かせた	7
行きましょう	7
行ってる	7
行われる	7
衣服	7
衣装	7
表す	7
表明	7
裏	7
襲われた	7
要する	7
要請	7
見たら	7
解放	7
解雇	7
触って	7
言えない	7
言ったら	7
言ったろ	7
証言	7
詳細	7
認めて	7
語った	7
誠実	7
読みます	7
課題	7
調べ	7
謝罪	7
議会	7
豊富だ	7
象	7
負け	7
貧困	7
賛成だ	7
賞	7
購入	7
起こって	7
軍	7
迎えた	7
退職	7
逃げ	7
逃げて	7
連れ	7
連想	7
遊んだ	7
過ぎて	7
過ぎる	7
道具	7
違って	7
適用	7
避ける	7
部下	7
部分	7
釈放	7
開けろ	7
開催	7
開始	7
関わらず	7
降れ	7
降参	7
階	7
隠れた	7
隣人	7
集めた	7
雇った	7
離れた	7
雰囲気	7
霜	7
順番	7
風呂	7
食う	7
食べちゃった	7
駅前	7
驚き	7
高価	7
15	6
20人	6
29人	6
32人	6
46人	6
49人	6
5人	6
75	6
80人	6
88	6
88人	6
9人	6
あくび	6
あけた	6
あげました	6
いいだろ	6
いい加減	6
いきました	6
いたずら	6
いただけないでしょう	6
いなく	6
いびき	6
いられなかった	6
うっかり	6
うっとり	6
えさ	6
えない	6
おお	6
おける	6
おじぎ	6
おととい	6
おとなしく	6
おばあさん	6
おやつ	6
お城	6
お客	6
お湯	6
お辞儀	6
お陰	6
かく	6
かぜ	6
かど	6
がちで	6
がまま	6
きく	6
きたら	6
きちゃった	6
きちんと	6
きっかけ	6
きつい	6
きます	6
くそ	6
くださった	6
くれて	6
こい	6
これまで	6
ごく	6
ごちそう	6
さまざま	6
され	6
されない	6
ざる	6
したかった	6
したがって	6
しだい	6
しちゃう	6
しなくちゃ	6
じゃん	6
すんだ	6
ずぶぬれ	6
せ	6
せいぜい	6
そのような	6
たい	6
たたいた	6
たって	6
たっぷり	6
たてる	6
たどり	6
だい	6
ついたら	6
つかまえた	6
つづけた	6
できてる	6
できるだろう	6
とたん	6
ど	6
どうせ	6
なかっ	6
ばかげて	6
ばったり	6
ひょっこり	6
ぴったり	6
ほこり	6
ぼんやり	6
まずい	6
まちがって	6
むだだ	6
やるべき	6
らしく	6
アイディア	6
アルコール	6
インフルエンザ	6
エネルギー	6
オーブン	6
カギ	6
カバン	6
ガラス	6
ガン	6
キャシー	6
キャプテン	6
キリスト教徒	6
クビ	6
クミコ	6
ケツ	6
コンテスト	6
ゴロゴロ	6
サミー	6
サービス	6
システム	6
ジミー	6
ジャガイモ	6
ジョーク	6
ジーナ	6
スイッチ	6
スポーツカー	6
セックス	6
ダイヤ	6
ダソン	6
デザイン	6
ハッ	6
ハリー	6
ハンカチ	6
パスワード	6
パンク	6
ヒン	6
ピン	6
ファックス	6
フォーク	6
フライパン	6
ブレーキ	6
ブーツ	6
プロジェクト	6
ヘレン	6
ペット	6
ボス	6
マリア	6
マルチェロ	6
メッセージ	6
ラピュタ	6
リラックス	6
ロバート	6
ワンピース	6
一冊	6
一夜	6
一方	6
一目	6
一等賞	6
一週間前	6
万事	6
三年	6
下がって	6
不思議だ	6
世の中	6
世論	6
中心	6
乗組員	6
予感	6
事柄	6
事項	6
交通	6
今週末	6
付けなさい	6
代わって	6
任せた	6
企画	6
何冊	6
使え	6
使われた	6
信じられて	6
個人	6
借り	6
健康で	6
傷口	6
入らない	6
入りました	6
入れない	6
入学試験	6
冷たかった	6
処分	6
出	6
出された	6
出せ	6
出ろ	6
切らして	6
制服	6
前進	6
割って	6
助手	6
勤めて	6
勤勉で	6
化学	6
匹敵	6
南	6
厳密	6
参加者	6
反対だ	6
反省	6
取り出した	6
取り除く	6
取引	6
受け入れて	6
叫び声	6
各	6
合わせる	6
合意	6
同士	6
向こう側	6
吸い	6
吹いて	6
味わった	6
和	6
善悪	6
喜ぶ	6
回した	6
回って	6
土曜	6
地区	6
坂	6
報道	6
塗って	6
壊す	6
売り	6
外食	6
夢中だ	6
大	6
大きいです	6
大きかった	6
大体	6
太って	6
奪った	6
妥協	6
始まって	6
始まり	6
嫌う	6
学んで	6
学習	6
守って	6
完了	6
宝石	6
家事	6
容易	6
専門家	6
小さすぎる	6
少なからず	6
屁	6
居る	6
屈	6
屋上	6
履いて	6
山頂	6
工事	6
已む	6
帰りたい	6
幸福で	6
式	6
引っ越す	6
弾き	6
弾ける	6
弾丸	6
当惑	6
役割	6
待ちください	6
御	6
必要だった	6
忘れず	6
忘れないで	6
忙しく	6
快く	6
念	6
怖くない	6
怠惰	6
急用	6
恥	6
悩み	6
悲しそう	6
悲しんで	6
悲鳴	6
感謝祭	6
感銘	6
我が社	6
戦った	6
才	6
払った	6
批評	6
技師	6
投げた	6
抜け	6
押して	6
押す	6
拒否	6
持った	6
指摘	6
接	6
推測	6
描く	6
損	6
撃つ	6
支出	6
放して	6
放せ	6
救う	6
救助	6
数回	6
文字	6
新た	6
旅行者	6
日々	6
早かれ	6
早耶香	6
昇進	6
昼間	6
時間厳守	6
晴れた	6
晴れる	6
暴動	6
書かない	6
書きます	6
最良	6
最高	6
最高だ	6
有名です	6
有能	6
望遠鏡	6
朝ご飯	6
未来	6
末	6
本棚	6
来てる	6
来るでしょう	6
果たした	6
栽培	6
極めて	6
概念	6
様々	6
次々と	6
次々に	6
歌い	6
止む	6
正義	6
歩き	6
歯医者	6
残した	6
殺せ	6
毛皮	6
民	6
決まり	6
泊まった	6
泥	6
泳いだ	6
浜辺	6
浴びた	6
消費	6
涼しい	6
済ませた	6
済んだ	6
渡して	6
温泉	6
漢字	6
無かった	6
無実だ	6
無罪	6
焼いた	6
爆弾	6
片方	6
物質	6
犯す	6
猛勉強	6
玉	6
王女	6
理想	6
生まれて	6
産業	6
疑わしい	6
疲れ	6
痛いです	6
痛みます	6
痛めた	6
発表	6
白	6
白人	6
盗んで	6
監督	6
直ちに	6
相変わらず	6
真ん中	6
眠く	6
眠る	6
眺め	6
眺めて	6
睡眠	6
知らせた	6
知恵	6
石炭	6
破産	6
確かめて	6
磨いて	6
磨く	6
礼儀正しい	6
祈って	6
祝福	6
程	6
竜	6
第11章	6
第15章	6
第22章	6
第82章	6
第87章	6
第93章	6
第98章	6
答えて	6
節子	6
節約	6
簡単だった	6
簡単で	6
粉々	6
精通	6
糸	6
約14人	6
約2人	6
約30人	6
約51人	6
約67人	6
約69人	6
約76人	6
約99人	6
納得	6
納豆	6
続いて	6
網	6
美しく	6
習って	6
習得	6
耐えられない	6
聴いた	6
職場	6
肖像画	6
肝	6
背負って	6
脱ぎなさい	6
臆病者	6
自体	6
自動車事故	6
舌	6
芝居	6
苦しい	6
虎	6
蚊	6
蛙	6
蜘蛛	6
行かせて	6
行かなくちゃ	6
行ったり	6
裁判官	6
裸	6
見つかりました	6
見ない	6
見ます	6
見事	6
親切で	6
親戚	6
観光	6
観客	6
解けない	6
解釈	6
触らないで	6
記者	6
設計	6
診察	6
話されて	6
話しなさい	6
話そう	6
誘った	6
読めない	6
課した	6
調べる	6
論文	6
買い	6
費やした	6
賃金	6
起き	6
起きてる	6
跡	6
踊り	6
身長	6
軍人	6
辞めた	6
農業	6
込んだ	6
近づく	6
送ります	6
通した	6
遅かれ	6
遅れ	6
遅れない	6
遅れます	6
遊んでる	6
過ごしました	6
違います	6
選ばれた	6
選びました	6
選択	6
邪魔だ	6
郵便	6
酸素	6
野原	6
金持ちで	6
金曜	6
針	6
鍋	6
長生き	6
開けよう	6
間に合う	6
陰謀	6
隠れて	6
雑草	6
離れる	6
難しく	6
難民	6
需要	6
青空	6
静かだった	6
韓国	6
頑張った	6
頑張る	6
頭上	6
頼って	6
飛び込んだ	6
食べられない	6
食事中	6
食堂	6
養って	6
香港	6
駐車	6
驚いて	6
驚く	6
高くて	6
魔法使い	6
14人	5
19人	5
25人	5
27	5
60	5
79	5
82人	5
84人	5
87	5
90	5
94	5
あきらめた	5
あきらめない	5
あけて	5
あげます	5
あたま	5
あちら	5
ありがと	5
ありませんでした	5
あんまり	5
あー	5
いざ	5
いったん	5
いっぱいだ	5
いなくて	5
いらない	5
うみ	5
うれしく	5
えー	5
おう	5
おかしく	5
おくべきだ	5
おっしゃる	5
おびえた	5
おやり	5
お世話	5
お医者さん	5
お姫様	5
お寺	5
お昼ご飯	5
お知らせ	5
お行儀	5
かかりました	5
かね	5
がんばって	5
きいて	5
きけなかった	5
きる	5
きれいで	5
くつろいで	5
けっして	5
こういった	5
こなかった	5
このような	5
こら	5
ございません	5
ごとし	5
ご主人	5
ご出身	5
ご存じ	5
ご存知です	5
ご家族	5
ご要望	5
さようなら	5
したくない	5
しまっ	5
しやがって	5
すいません	5
せねば	5
せられた	5
ぜんぜん	5
たいした	5
たたく	5
たつ	5
たて	5
たまらなかった	5
たん	5
だが	5
だめ	5
ちっと	5
ちらっと	5
つけ	5
てめえ	5
でき	5
できれ	5
とり	5
とりあえず	5
どおり	5
どきどき	5
どけ	5
ないでしょう	5
なか	5
なかったら	5
なされた	5
なっちゃう	5
ならず	5
なりやすい	5
なんだ	5
ぬれた	5
はさみ	5
ばあちゃん	5
ふもと	5
へとへと	5
ほお	5
ほっと	5
まさしく	5
まさる	5
まし	5
まとも	5
まね	5
まゆ	5
まわり	5
みなさん	5
めがけて	5
めちゃくちゃ	5
もたらす	5
もて	5
やさしくない	5
やったら	5
やむなく	5
よさそうだ	5
られなかった	5
ろ	5
わがまま	5
われ	5
アイスクリーム	5
アチっ	5
イヤ	5
ウイルス	5
ウクライナ	5
ウナギ	5
エアコン	5
エスペラント語	5
オイラ	5
カエル	5
カタログ	5
カップ	5
カフェ	5
カラオケ	5
カルシファー	5
カンニング	5
カーブ	5
カール	5
キウ	5
クミ	5
クリスマスプレゼント	5
クローゼット	5
ケイ	5
コアラ	5
コイン	5
ゴール	5
サイト	5
サル	5
サングラス	5
サンタ	5
サンフランシスコ	5
ザッチ	5
ザマ	5
ジェシー	5
ジェット機	5
ジョイ	5
ジョンソン	5
スケジュール	5
スタッフ	5
ストレス	5
ゼロ	5
タイプライター	5
ダーウィン	5
チョコ	5
ディズニーランド	5
デモ	5
デンマーク	5
データ	5
トランク	5
トンネル	5
ドン	5
ハァ	5
ハエ	5
ハグ	5
ハンガリー	5
バスケットボール	5
バンド	5
パイプ	5
パスポート	5
パレード	5
パンダ	5
パーティ	5
ヒョンソ	5
ビザ	5
ビーチ	5
ピンク	5
ファン	5
フィオ	5
フォード	5
ブライアン	5
ブロック	5
プラン	5
ベジタリアン	5
ホール	5
マスク	5
マッチ	5
マヒシュマティ	5
マーク	5
ミト	5
メリー	5
モデル	5
ユダヤ人	5
ユーモア	5
ヨット	5
ヨーロッパ旅行	5
ラクダ	5
ランナー	5
リビング	5
リボン	5
リンカーン	5
リンダ	5
レイラ	5
レモン	5
ロシア人	5
ローマ人	5
ワングル	5
ワープロ	5
一切	5
一切れ	5
一撃	5
一面	5
万年筆	5
下がった	5
下げて	5
下さいません	5
不在	5
不況	5
世界一	5
世界平和	5
両国	5
両替	5
主将	5
乗れる	5
予想外	5
二	5
井戸	5
交通渋滞	5
人ごみ	5
人柄	5
今後	5
仕様	5
仮に	5
休む	5
会え	5
会えない	5
会員	5
似てる	5
体力	5
何と	5
余計	5
作ってる	5
作られて	5
作物	5
便利だ	5
保証	5
信じない	5
信じます	5
修正	5
借りる	5
健康だ	5
優しく	5
兄貴	5
入りなさい	5
入り口	5
入れなけれ	5
入院中	5
全身	5
公開	5
具体的	5
冒険	5
出ました	5
出よう	5
出会い	5
分野	5
分類	5
刑事	5
到達	5
割り当て	5
加えて	5
加わった	5
助力	5
効果	5
動揺	5
勘定書	5
勝て	5
勝てる	5
十	5
十中八九	5
半年	5
危うく	5
原子力	5
厳しく	5
去る	5
友だち	5
反対で	5
取り引き	5
取り扱って	5
取れる	5
受かる	5
受け入れた	5
受け取りました	5
受話器	5
受賞	5
口笛	5
台無し	5
叱られた	5
同い年	5
同じだ	5
同胞	5
吐き気	5
吐く	5
向かい	5
吸った	5
吹いた	5
告発	5
呼吸	5
咳	5
商人	5
商店街	5
噛まれた	5
四方八方	5
回り	5
回転	5
固執	5
国会	5
国境	5
国家	5
地理	5
型	5
塊	5
変えて	5
変わり	5
変わりました	5
多すぎる	5
夜明け	5
大きすぎて	5
大事だ	5
大会	5
大嫌い	5
大衆	5
大都市	5
大陸	5
天然資源	5
失う	5
奇跡	5
奪う	5
妊娠	5
婚約	5
嫉妬	5
宇宙旅行	5
守らなけれ	5
定刻	5
宝	5
宝くじ	5
宝物	5
寄せて	5
寝たい	5
寝ちゃった	5
寝ます	5
対応	5
寿司	5
将軍	5
小屋	5
小川	5
小麦	5
屋	5
崖	5
左側	5
左手	5
己	5
布団	5
帰した	5
帰りました	5
広げた	5
広大	5
度	5
座る	5
座席	5
引いた	5
引き出し	5
引き起こす	5
引け	5
強さ	5
強力	5
強風	5
弾きます	5
弾けます	5
当たって	5
待ちなさい	5
得意です	5
徹底的	5
忘れちゃった	5
忘れました	5
思いません	5
思いやり	5
思い出して	5
思い出します	5
思われて	5
恋人	5
恐い	5
恥じて	5
恵まれた	5
悩んで	5
悪	5
悪天候	5
悪習	5
悲しんだ	5
情勢	5
意	5
意向	5
意地悪	5
意思	5
愚か者	5
感覚	5
慈悲	5
慣れる	5
慣習	5
憎んで	5
懐かしい	5
成田	5
戦う	5
戦死	5
所属	5
払いました	5
払い戻し	5
払うべきだ	5
払って	5
払わなかった	5
批評家	5
承認	5
投函	5
折れる	5
抱いた	5
抵抗	5
招いた	5
拷問	5
拾い	5
拾った	5
指揮者	5
挙げて	5
捕まえろ	5
捕虜	5
捜した	5
捜索	5
掌握	5
探してる	5
控えて	5
握って	5
握る	5
撃たれた	5
支配	5
改めて	5
改善	5
放送	5
政治的	5
救った	5
数分	5
数多く	5
整理	5
敵軍	5
断る	5
断然	5
新居	5
新年	5
旅館	5
日曜	5
日本製	5
日本食	5
日焼け	5
昇る	5
明朝	5
時間どおり	5
暖炉	5
暮らした	5
暮らし向き	5
暮れる	5
曖昧	5
曲がる	5
最上	5
最中	5
有る	5
有効	5
朝ごはん	5
朝食前	5
条約	5
東京駅	5
枢機卿	5
桃	5
検査	5
楽しそう	5
楽しめた	5
構成	5
模様	5
歌詞	5
止めよう	5
正しかった	5
正当	5
正直者	5
歩きなさい	5
死に	5
死にたい	5
死ぬだろう	5
残ってる	5
殺された	5
殺そう	5
殺人事件	5
比べる	5
民族	5
気味	5
気晴らし	5
気楽	5
気難しい	5
汚れて	5
決まった	5
沈んだ	5
没頭	5
沸騰	5
治して	5
治った	5
法廷	5
泣いてる	5
泣きたい	5
泳げます	5
洋子	5
洞窟	5
浮かんで	5
浴びて	5
海辺	5
消え	5
消しなさい	5
消防士	5
減って	5
満月	5
漏らした	5
濡れた	5
火災	5
灯	5
無礼	5
熟練	5
燃える	5
燃やした	5
物理	5
物理学	5
特権	5
狐	5
狩り	5
狭すぎる	5
理屈	5
瓶	5
生の	5
生まれつき	5
生存者	5
生産	5
男らしく	5
町中	5
異常	5
疑う	5
病	5
症状	5
痛くて	5
癌	5
登山	5
登録	5
盗まれました	5
盗む	5
眉	5
真っ赤	5
真似	5
眠そう	5
眠れない	5
着いたら	5
着てる	5
瞬く	5
瞳	5
矢	5
知らず	5
砂漠	5
碁	5
礼拝	5
祈った	5
神経	5
称賛	5
税	5
積んで	5
空想	5
窓ガラス	5
立たない	5
立ち寄る	5
立候補	5
笑いもの	5
笑い者	5
笛	5
第16章	5
第23章	5
第46章	5
第60章	5
第74章	5
第81章	5
第90章	5
第99章	5
等	5
答案	5
管理人	5
範囲	5
精一杯	5
約21人	5
約53人	5
約57人	5
約59人	5
約68人	5
約75人	5
紛失	5
素早く	5
細かい	5
絵画	5
絶望	5
続く	5
締め切り	5
習う	5
聞こう	5
聞こえます	5
聴いて	5
職人	5
職務	5
脇	5
脱いだ	5
良さ	5
良心	5
花子	5
苦い	5
苦手	5
苦難	5
茶	5
落ち着いた	5
落ち着け	5
虫歯	5
蜂蜜	5
蝶々	5
行き方	5
行儀よく	5
行進	5
裁判	5
裏切った	5
裏切り者	5
裕福	5
西宮	5
見た目	5
見つめて	5
見なかった	5
見よ	5
見失った	5
見当	5
見渡せる	5
覚める	5
親父	5
観た	5
触れる	5
言いなさい	5
言い方	5
言っただろ	5
訳しなさい	5
訴えた	5
試し	5
試験勉強	5
話しました	5
話し合い	5
話し手	5
話せません	5
誕生	5
誤って	5
調べなさい	5
講演	5
謝って	5
負けて	5
貧乏だ	5
買えます	5
買おう	5
買わなきゃ	5
貸した	5
貿易	5
賑やかだ	5
賢明だった	5
贈った	5
赤ワイン	5
起こらない	5
起ころう	5
越えて	5
足跡	5
足首	5
跳び	5
踊れる	5
転んで	5
輸出	5
込んで	5
迎えられた	5
近づいた	5
近年	5
追いついた	5
追加	5
送る	5
逃亡	5
通り抜けた	5
通勤	5
進む	5
避けて	5
部長	5
都合	5
配る	5
重すぎて	5
重要性	5
金属	5
金持ちだ	5
金魚	5
釘	5
録音	5
閉じなさい	5
開店	5
間に	5
間抜け	5
間柄	5
間違えて	5
防ぐ	5
降らない	5
隊長	5
障る	5
隠した	5
離せ	5
離れろ	5
難なく	5
難問	5
雷鳴	5
青ざめた	5
静かで	5
非常	5
順応	5
領収書	5
頼まれた	5
願った	5
類	5
風景	5
飛行石	5
食べてる	5
食べられる	5
食後	5
飢饉	5
飴	5
飾った	5
驚くべき	5
高くない	5
魅力	5
魅力的	5
魚釣り	5
鯛	5
鯨	5
鳴く	5
鳴る	5
黄色い	5
黒	5
，	5
Ｔシャツ	5
ＵＦＯ	5
16	4
24	4
28人	4
31	4
83	4
83人	4
89人	4
—	4
ああっ	4
あいにく	4
あきらめる	4
あたって	4
あたる	4
あの世	4
ありそう	4
ありふれた	4
あるべきだ	4
いいだろう	4
いかなかった	4
いかなけれ	4
いかに	4
いきます	4
いくだろう	4
いささか	4
いただきます	4
いっつも	4
いってる	4
いまだに	4
いよいよ	4
いられる	4
いろ	4
いわれて	4
ううん	4
うえ	4
うそつき	4
うらやましい	4
えなかった	4
おいしいです	4
おいしかった	4
おいしくない	4
おかしくない	4
おかなけれ	4
おき	4
おきたい	4
おすすめ	4
おもって	4
おれない	4
お住まい	4
お出かけ	4
お医者	4
お墓	4
お家	4
お年寄り	4
お手洗い	4
お疲れ	4
お皿	4
お肉	4
お花	4
お誕生日	4
お邪魔	4
かいて	4
かかってる	4
かげ	4
かご	4
かなわない	4
かぶった	4
かれ	4
かろうじて	4
かわいらしい	4
かんしゃく	4
がけ	4
がん	4
きかない	4
きれいだった	4
きわめて	4
くせ	4
くたくた	4
くださって	4
くだらない	4
くつ	4
くれぐれも	4
くれるだろう	4
けが人	4
けさ	4
これほど	4
ごはん	4
ごめんなさい	4
ごろ	4
ご一緒	4
ご希望	4
ご機嫌	4
ご注文	4
ご結婚	4
ご親切	4
さす	4
させ	4
されなけれ	4
さんざん	4
ざっと	4
しかた	4
しそうだ	4
しただろう	4
したろ	4
しだいに	4
しまい	4
しめた	4
しる	4
じき	4
すきです	4
すぎる	4
すばやく	4
すべきだった	4
すり	4
せっかく	4
そっくり	4
そっくりだ	4
そなた	4
そりゃ	4
ぞっと	4
たいそう	4
たかい	4
たたいて	4
ただいま	4
ためし	4
だいぶ	4
だまして	4
だめだった	4
だらけ	4
っ放し	4
つ	4
つかなかった	4
つかまった	4
つかむ	4
つかんで	4
つきました	4
つくって	4
つけなけれ	4
つけろ	4
つないで	4
つぼみ	4
でかけた	4
できたら	4
できないだろう	4
できるでしょう	4
としてる	4
とまった	4
とれ	4
とんでもない	4
どいて	4
なき	4
なくしちゃった	4
ならん	4
なるべく	4
なれない	4
なんだって	4
ねっ	4
のぼる	4
はがき	4
はら	4
はるばる	4
ひかれる	4
ひざ	4
ひじ	4
ひどかった	4
ふさがって	4
ふさわしくない	4
ほしかった	4
ほんとうに	4
まぁ	4
まき	4
まして	4
までも	4
まとって	4
みず	4
みせる	4
みなさい	4
みなした	4
みれ	4
むこう	4
むだ	4
めちゃめちゃ	4
もうすぐ	4
もしか	4
もしかして	4
もらいたかった	4
もらいます	4
もらえない	4
やがった	4
やってた	4
やばい	4
やめなけれ	4
やめよう	4
やらなけれ	4
やりましょう	4
やります	4
やんだ	4
よいです	4
ようやく	4
よくなかった	4
よらず	4
よらない	4
ろうそく	4
わぁ	4
わが国	4
わっと	4
アジア	4
アッパー	4
アップルパイ	4
アトランティス	4
アヒル	4
アホ	4
アリバイ	4
アルジェリア	4
アルプス	4
イタリア人	4
イチジク	4
イワン	4
エミリー	4
エルファバ	4
オオカミ	4
オッパイ	4
オレンジ色	4
オートバイ	4
カッと	4
カバー	4
カレー	4
カーチス	4
ガイド	4
ガソリン	4
ガンダルフ	4
ガールフレンド	4
キロ	4
ギャング	4
クリップ	4
グズグズ	4
ケイティ	4
ケモナー	4
ケリー	4
コミュニケーション	4
コラ	4
コンピュータ	4
コーラ	4
サツキ	4
サボった	4
サリー	4
シチュー	4
シマ	4
ショパン	4
ジャイアンツ	4
ジーンズ	4
スイス	4
スカーフ	4
スタック	4
スプーン	4
セールスマン	4
タイ	4
ダイヤモンド	4
ダム	4
チェックイン	4
チップ	4
テッド	4
テリー	4
テレビ番組	4
デイブ	4
デザート	4
トトロ	4
ナチ	4
ナプキン	4
ハイキング	4
ハト	4
ハハハ	4
ハンドル	4
バカだ	4
バカ野郎	4
バッテリー	4
バラーラデーヴァ	4
バンザーイ	4
バーフバリ	4
パス	4
パスタ	4
パンチ	4
パンツ	4
パンフレット	4
ビタミンＣ	4
ビデオ	4
ピア	4
ファイル	4
ファッション	4
フィンランド	4
フランク	4
ブドウ	4
ブラック	4
プロ	4
プロフィール写真	4
ヘブライ語	4
ベス	4
ベルリン	4
ホワイト	4
ボランティア	4
ボランティア活動	4
ポスト	4
ポテト	4
ポーラ	4
マイル	4
マイロ	4
マラソン	4
マーラ	4
ミサ	4
ミニスカート	4
ミュージカル	4
ミン	4
ヨガ	4
ラグビー	4
ラジュー	4
レッスン	4
ロケット	4
ロジャー	4
ロブスター	4
ロマンス	4
ワシ	4
ワシントン	4
ヴェルマ･ケリー	4
一員	4
一家	4
一層	4
一流	4
一目惚れ	4
一節	4
万人	4
上向き	4
下がる	4
下げる	4
下した	4
下ろした	4
不可欠で	4
不可能で	4
不注意だった	4
与えよう	4
世界一周旅行	4
両腕	4
中国人	4
中庭	4
中華料理	4
乏しい	4
乗り込んだ	4
乗り遅れた	4
乗れます	4
乗船	4
乾杯	4
予備	4
予防接種	4
二分	4
二日酔い	4
二階	4
些細	4
亡くした	4
亡くなり	4
交替	4
交通量	4
人手	4
人殺し	4
人民	4
人種	4
仕事場	4
付き	4
付き合い	4
付き合ってる	4
以内	4
仰向け	4
休んだら	4
会いたくない	4
伝わる	4
伴う	4
伸ばして	4
伸びて	4
位	4
低いです	4
住民	4
体育館	4
体験	4
何本	4
何色	4
何語	4
余る	4
作りました	4
作成	4
使えない	4
依頼	4
侵入	4
便利	4
保留	4
保護	4
個人的	4
個性	4
倒した	4
倒産	4
値札	4
偉い	4
停留所	4
傷つける	4
傾いて	4
働かない	4
働きます	4
像	4
僕ら	4
優先	4
優秀	4
兆候	4
先ず	4
免れた	4
兎	4
入れ	4
入れといて	4
入れなさい	4
入れます	4
入場	4
入手	4
入試	4
全世界	4
全財産	4
全速力	4
兵	4
内気	4
内閣	4
再会	4
冷静で	4
凄く	4
処刑	4
処置	4
凧	4
出かけます	4
出しなさい	4
出します	4
出せなかった	4
出なかった	4
出会う	4
出口	4
出来	4
出血	4
分る	4
切りなさい	4
切れる	4
切望	4
判決	4
別荘	4
利く	4
刺す	4
削減	4
創造力	4
加わる	4
努めなさい	4
動いた	4
動いてる	4
動機	4
動詞	4
勘弁	4
勝ち	4
勝って	4
勝つだろう	4
勢い	4
勤勉さ	4
包み	4
医学	4
十時	4
半数	4
卒業生	4
単なる	4
単に	4
単位	4
危険です	4
厄介者	4
厨房	4
参って	4
参ります	4
参照	4
反	4
反抗	4
収めた	4
収容	4
取り上げた	4
取り戻す	4
受けなけれ	4
受けやすい	4
口座	4
口紅	4
口調	4
古く	4
叩いて	4
叫んで	4
可能だ	4
叶った	4
合ってる	4
合わなかった	4
同じです	4
同然だ	4
同級生	4
吐いて	4
向かう	4
呆れた	4
咲いた	4
哀れ	4
嗅覚	4
困る	4
囲む	4
図	4
国々	4
国王	4
国際的	4
土砂降り	4
在宅	4
地下	4
地下室	4
地平線	4
垣根	4
埋める	4
基礎	4
塗る	4
増える	4
墜落	4
壊れて	4
壊れてる	4
変えない	4
夕べ	4
夕焼け	4
外して	4
多けれ	4
多大	4
多量	4
夜中	4
大きくて	4
大佐	4
大変だった	4
大嫌いです	4
大成功	4
大気汚染	4
大笑い	4
大西洋	4
天使	4
天国	4
失せろ	4
失明	4
奥様	4
奨学金	4
女子	4
好かれて	4
始めます	4
始めよう	4
嬉しく	4
嬉しそう	4
子供向け	4
子羊	4
存じます	4
孤児	4
学識	4
孫	4
守らない	4
守るべきだ	4
守れ	4
安っぽい	4
安全です	4
宗	4
宗教	4
容赦なく	4
宿	4
寄りかかって	4
寒いです	4
寒くて	4
寒気	4
寝なさい	4
寝ました	4
寝坊	4
寮	4
対象	4
尊重	4
小学校	4
少佐	4
就く	4
居ない	4
居場所	4
居間	4
屈辱	4
届いて	4
届けた	4
峠	4
左折	4
市内	4
布	4
幅	4
干し草	4
平均	4
平等	4
平行	4
平野	4
年頃	4
幸福だ	4
幻想	4
広がった	4
広がり	4
広まった	4
広告	4
建築家	4
引き継いだ	4
引き起こした	4
引退	4
弱者	4
強くて	4
弾いてる	4
当分	4
当選	4
影響力	4
待たせて	4
待ちして	4
従った	4
得て	4
復習	4
微笑んだ	4
心配で	4
心配ない	4
必死	4
忙しいです	4
応じる	4
応募	4
忠実で	4
怒らせた	4
怖かった	4
怖がって	4
怖くて	4
思えた	4
思ったら	4
思わず	4
怠る	4
急激	4
恥ずかしくて	4
息切れ	4
悩まされた	4
悪くて	4
悲しかった	4
愚かで	4
愛想	4
感心	4
感染	4
憲法	4
成り	4
成人	4
戦争中	4
戦車	4
戦闘	4
戻した	4
所有	4
手伝おう	4
手伝わせて	4
手助け	4
手渡した	4
手話	4
手足	4
扱った	4
承知	4
抜く	4
押し入った	4
拒絶	4
招いて	4
招かれた	4
拝見	4
持たないだろう	4
振る舞った	4
捜す	4
捨てて	4
捨てる	4
掛かって	4
掛けた	4
掛けて	4
推理小説	4
掲示	4
提供	4
搭乗	4
撤回	4
支払った	4
支援	4
改革	4
教え方	4
教皇	4
散髪	4
整頓	4
文学	4
文法	4
文通	4
料理人	4
斜め	4
断念	4
新婚旅行	4
日付	4
日本史	4
日本料理	4
早朝	4
昆虫	4
明かした	4
明けまして	4
明らかだ	4
明らかで	4
明るみ	4
映画スター	4
時刻表	4
時勢	4
晴れ	4
暑くて	4
暖冬	4
暖房	4
暮らしたい	4
暮れて	4
曲がれ	4
書かなけれ	4
書こう	4
書斎	4
最寄り	4
最終	4
最終決定	4
有り	4
有能で	4
服装	4
期間	4
木の葉	4
木曜日	4
木材	4
木造	4
未だ	4
本日	4
本部	4
来たり	4
来春	4
枕	4
林檎	4
枯れて	4
梅雨	4
植民地	4
植野	4
業績	4
極端	4
楽しめ	4
楽しめる	4
標識	4
権力	4
権限	4
檻	4
次々	4
欲しがる	4
歓呼	4
止まる	4
正しく	4
歩いたら	4
歩ける	4
歯磨き	4
歯科医	4
残忍	4
殴った	4
段々	4
段階	4
殺される	4
殺して	4
母国語	4
毎度	4
比べれ	4
気付いて	4
水平線	4
水泡	4
水素	4
汁	4
汚す	4
決まって	4
決め	4
沈んで	4
治ります	4
泡	4
泣かない	4
注ぐ	4
注射	4
洗いなさい	4
洗車	4
活気	4
活用	4
流し	4
流れた	4
浮かぶ	4
浴びる	4
浴室	4
海老	4
消える	4
消せ	4
混んで	4
減少	4
減量	4
温度	4
温暖で	4
満ちた	4
溺れ	4
滑って	4
漏れた	4
演奏者	4
漫画本	4
潔白で	4
激怒	4
濡れてる	4
灰色	4
無くなって	4
無茶	4
無駄だった	4
片づけなさい	4
片付けて	4
片付けなさい	4
牧師	4
特有	4
犯して	4
狂った	4
独り	4
独り言	4
独力	4
狼	4
猛烈	4
猟犬	4
献血	4
王国	4
現れる	4
現代	4
生	4
生きがい	4
生きた	4
生き残る	4
生き物	4
生まれる	4
生物学者	4
由来	4
申請	4
申込書	4
男女	4
異議	4
疑った	4
痛く	4
発	4
発車	4
登って	4
白く	4
白ワイン	4
百	4
百科事典	4
皇帝	4
盗もう	4
目撃	4
直せる	4
看護	4
眞人	4
真面目	4
着物	4
知れない	4
示さなかった	4
科学技術	4
稲	4
稼いだ	4
空いた	4
立ちました	4
立ち去った	4
立ち寄って	4
立ち寄りください	4
立派だ	4
競技	4
第41章	4
答	4
答えなさい	4
答えられる	4
管理者	4
箸	4
精力	4
精神的	4
約18人	4
約31人	4
約44人	4
約52人	4
約55人	4
約60人	4
約62人	4
約92人	4
約96人	4
約98人	4
級友	4
素敵だ	4
終わらせた	4
終わらせよう	4
終わらせる	4
終わらない	4
終了	4
経営者	4
経済学	4
経由	4
結絃	4
統制	4
継いだ	4
緊急事態	4
総理大臣	4
繰り返す	4
罠	4
美也子	4
美味しかった	4
群れ	4
羽	4
習ってる	4
翻訳家	4
考えてる	4
考えられて	4
考えれ	4
考え方	4
聞いたら	4
聞かない	4
聞かれた	4
聞きます	4
肉体的	4
背広	4
背後	4
自力	4
自発的	4
船乗り	4
良家	4
苦	4
苦手です	4
落ちない	4
落ち込んで	4
落とす	4
虐待	4
血圧	4
行かれました	4
行きたかった	4
行事	4
衝撃	4
衰え	4
袖	4
被災者	4
裏返し	4
製造	4
襲って	4
要ります	4
要領	4
見せ	4
見つからない	4
見つけました	4
見るべきだった	4
見掛け	4
見解	4
見通し	4
覚えてるだろ	4
覚える	4
親しく	4
親指	4
解こう	4
解散	4
解決法	4
触れた	4
触れて	4
言っただろう	4
言わぬ	4
討議	4
記者会見	4
訪れました	4
許し下さい	4
許す	4
証人	4
試み	4
試着	4
試練	4
話さない	4
話してる	4
話し合う	4
話し合った	4
話し相手	4
認めないだろう	4
認識	4
誓う	4
誓った	4
読まない	4
読みたい	4
読み書き	4
読め	4
調和	4
論争	4
講堂	4
講演者	4
謝る	4
警備員	4
豆腐	4
豊か	4
負けない	4
負った	4
販売	4
貴様	4
貴社	4
貼って	4
賢明で	4
赤らめた	4
走れ	4
走れる	4
走者	4
起こして	4
起こったら	4
踊る	4
身体	4
身分証明書	4
身振り	4
転んだ	4
軽視	4
載って	4
輸入品	4
辞める	4
農夫	4
返せ	4
返って	4
返却	4
迷う	4
迷路	4
追って	4
送り	4
逃げよう	4
逆らう	4
通信	4
通知	4
通訳	4
速度	4
進め	4
進めた	4
進化論	4
進路	4
遅かった	4
遅れず	4
運び	4
運動会	4
運営	4
過ぎ	4
過ぎた	4
道案内	4
達した	4
適	4
適切	4
遭った	4
選びます	4
遺産	4
邪悪	4
部品	4
部隊	4
郵便受け	4
都	4
酸	4
重ねて	4
重要です	4
野球選手	4
金庫	4
金額	4
釣る	4
鉄道	4
銀	4
長時間	4
閉まって	4
閉めなさい	4
開かれる	4
開きます	4
開けました	4
間に合った	4
間食	4
降ってる	4
降るだろう	4
降ろした	4
陥って	4
陳述	4
陽気	4
隠してる	4
隠す	4
集会	4
集合	4
雇って	4
難しくて	4
難しすぎて	4
雪かき	4
雪だるま	4
電灯	4
非	4
面会	4
面接	4
面白くない	4
面目	4
面積	4
革命	4
預かって	4
頼み	4
頼みました	4
飛べない	4
食べたいです	4
食べよう	4
食べれる	4
食料品	4
飢えて	4
飲酒	4
飲酒運転	4
飾って	4
飾る	4
香水	4
駆け	4
騎士	4
騒がしい	4
騙された	4
驚かせた	4
高かった	4
高度	4
高校時代	4
髪型	4
髭	4
魅了	4
鳴らした	4
鶏肉	4
鷹	4
鹿	4
麻薬	4
黒人	4
11	3
22	3
23	3
35人	3
47人	3
50	3
51	3
52	3
54	3
85人	3
86人	3
91	3
98	3
―	3
ぁ	3
ああいう	3
あいつら	3
あえて	3
あかり	3
あがった	3
あく	3
あけまして	3
あげて	3
あご	3
あす	3
あっという間	3
あふれた	3
あふれて	3
あぶら	3
あら探し	3
あるだろ	3
あれば	3
あわてて	3
あんたら	3
あッ	3
いいかげん	3
いかにも	3
いこう	3
いずれ	3
いたしまして	3
いたしましょう	3
いたずらっ子	3
いただいて	3
いただきたい	3
いただけました	3
いっぱいです	3
いつまで	3
いと	3
いやがった	3
いやだ	3
いよう	3
いらっしゃる	3
いられた	3
いれた	3
いれば	3
うお	3
うけた	3
うさぎ	3
うっ	3
うつされた	3
うとうと	3
うるせえ	3
うれしいです	3
うれしそうだった	3
うわあ	3
うわっ	3
うわ～	3
うんと	3
ええー	3
おあがり	3
おありです	3
おいら	3
おうち	3
おおい	3
おかあさん	3
おかしかった	3
おきます	3
おこして	3
おしっこ	3
おしゃべりだ	3
おっ	3
おてんば	3
おとうさん	3
おとぎ話	3
おばさん	3
おもう	3
おやじ	3
およそ	3
および	3
おる	3
お上手です	3
お代わり	3
お便り	3
お化け屋敷	3
お口	3
お喋り	3
お土産	3
お塩	3
お天気	3
お好み	3
お子	3
お客さん	3
お尻	3
お手紙	3
お揃い	3
お断り	3
お水	3
お祖父	3
お祭り	3
お米	3
お見送り	3
お詫び	3
お越し	3
お部屋	3
お隣さん	3
かう	3
かかるだろう	3
かがんで	3
かけられて	3
かすんで	3
かせぐ	3
かた	3
かっ	3
かっこいい	3
かっと	3
かまう	3
かむ	3
かゆい	3
からかう	3
からだ	3
きいた	3
きかなかった	3
きちん	3
きった	3
きつくて	3
きょうだい	3
きょろきょろ	3
ぎらぎら	3
く	3
くうき	3
くしゃみ	3
くそったれ	3
くたくただ	3
くださいます	3
くださいません	3
くねくね	3
くるでしょう	3
くれるでしょう	3
くわない	3
くんない	3
ぐるぐる	3
こく	3
こすり	3
こった	3
こなす	3
この記事	3
こまって	3
こりゃ	3
こわかった	3
ごちそうさま	3
ご予定	3
ご住所	3
ご免	3
ご多分	3
ご存じです	3
ご案内	3
ご注意	3
ご近所	3
ご馳走様	3
ささやいた	3
さすがに	3
させたい	3
させない	3
させなさい	3
させよう	3
させられた	3
さっと	3
さびしく	3
さぼる	3
されなかった	3
されるべきだ	3
されるべきで	3
さわる	3
ざらざら	3
しかず	3
したじゃない	3
しつこい	3
しとる	3
しにくい	3
しみ	3
しゃべり	3
じゃま	3
じろじろ	3
すぎ	3
すぎて	3
すぐれた	3
すすり泣き	3
すずめ	3
すべすべ	3
すまない	3
すら	3
すると	3
するべきで	3
すんで	3
すんな	3
せがんだ	3
せめて	3
そうか	3
そうそう	3
そそぐ	3
その他	3
そり	3
それなり	3
たがらない	3
たがり	3
たがる	3
たたき	3
ただちに	3
たてて	3
たとえば	3
たとえる	3
たびたび	3
たまらない	3
ためた	3
だそうだ	3
だったら	3
だまって	3
だめだ	3
だらしない	3
ちくしょう	3
ちらり	3
っぱなし	3
ついてた	3
つかまって	3
つかみ	3
つきます	3
つきやすい	3
つくせ	3
つけます	3
つけられて	3
つづけて	3
つぶら	3
つまずいて	3
づけた	3
づつ	3
てっぺん	3
ても	3
でかい	3
でっ	3
でる	3
とかく	3
となり	3
ともに	3
とらえた	3
とりなさい	3
とんだ	3
どいつ	3
どのぐらい	3
どのような	3
どれほど	3
どんより	3
どん底	3
ないだろ	3
ないでしょ	3
なくなった	3
なくなっちゃった	3
なけなし	3
なければ	3
なぞ	3
なのに	3
なまり	3
なめた	3
なめて	3
なられた	3
なるほど	3
なれて	3
なんだか	3
なんでしょう	3
にぎやか	3
にこにこ	3
にこやかだ	3
にらみ	3
ねこ	3
ねずみ	3
ねば	3
のけた	3
のけて	3
のせた	3
のど	3
ののしった	3
のろい	3
はしご	3
はずした	3
はやく	3
ひ	3
ひかない	3
ひきました	3
ひざまずいて	3
ひそめた	3
ひとりひとり	3
ひなた	3
ひび	3
ひも	3
ひょっと	3
ふさわしい	3
ふだん	3
ふつう	3
ふるまう	3
ぶち	3
ぶつけた	3
ほころび	3
ほしいです	3
ほっそり	3
ほどほど	3
ほほえんだ	3
ほん	3
ほんとう	3
ほんとに	3
ぼう	3
ぽっちゃり	3
まあまあ	3
まいた	3
まっさかさま	3
まとめて	3
まる	3
まれ	3
まわった	3
みなかった	3
みなして	3
みましょう	3
む	3
むいて	3
むかって	3
むずかしい	3
めがね	3
めちゃ	3
めんどり	3
もしも	3
もちろんです	3
もどって	3
もらいたいです	3
もらいました	3
もらえるだろう	3
もらわない	3
やがって	3
やすやすと	3
やましい	3
やめ	3
やや	3
やらなきゃ	3
やりました	3
やん	3
やんだり	3
やんで	3
ゆえに	3
ゆで卵	3
よぉ	3
よかっ	3
よしなさい	3
よらなかった	3
わかり	3
わかるだろう	3
わき	3
わずかに	3
わたって	3
わっ	3
わるい	3
をつく	3
んち	3
アイスランド	3
アイドル	3
アウト	3
アクセサリー	3
アスベル	3
アチィ	3
アッチ	3
アナウンサー	3
アバンティカ	3
アライグマ	3
アルバム	3
アルファベット	3
アルメニア	3
アンタ	3
イエス	3
イスラム	3
イチ	3
イメージ	3
インストール	3
インターンシップ	3
インフレ	3
ウイスキー	3
ウェイター	3
ウソつき	3
ウンコ頭	3
ウール	3
エイリアン	3
エスコート	3
エスペラント	3
エビ	3
エリザベス	3
オズ	3
オーナー	3
カタギ	3
カッタッパ	3
カップケーキ	3
カルフォルニア	3
ガタガタ	3
ガム	3
ガルカ	3
ガレージ	3
キツネ	3
キノコ	3
キャ	3
キャーッ	3
キリン	3
ギャンブル	3
ギリギリ	3
クマ	3
クラクラ	3
クラシック音楽	3
クラスメート	3
クリーム	3
クーラー	3
グイド	3
グロリア	3
ケチ	3
ケチャップ	3
コ	3
コイツ	3
コック	3
コレクション	3
コレラ	3
コンビニ	3
コーデル	3
コード	3
ゴミ	3
ゴラム	3
ゴル	3
ゴルフクラブ	3
ゴンドール	3
ゴールキーパー	3
サツ	3
サーバー	3
シェイクスピア	3
シェークスピア	3
シャンパン	3
シューズ	3
ショッピングセンター	3
シリアル	3
シングル	3
シヴァ神	3
ジェイ	3
ジェリー	3
ジャケット	3
ジャンクフード	3
ジャーナリスト	3
ジョーン	3
ジル	3
ジーパン	3
スウェーデン	3
スタイル	3
スタジアム	3
ステージ	3
スハース	3
スペアキー	3
スポット	3
スポーツマン	3
スメアゴル	3
スー	3
ソレ	3
ソン・ソレ	3
ソース	3
タイミング	3
タイル	3
タトゥー	3
ダチョウ	3
ダニエル	3
ダンサー	3
チェック	3
チェット	3
チクチク	3
チャイム	3
チャトール	3
チャンピオン	3
チャールズ	3
チョーク	3
ティッシュ	3
テックス	3
テムズ川	3
テント	3
テンポ	3
テープ	3
デカ	3
デブ	3
デマ	3
デモ隊	3
トラブル	3
トルコ	3
トーマス	3
ドラマ	3
ドーラ	3
ナウシカ	3
ニ	3
ニノ	3
ニンニク	3
ネイティブ	3
ネッサ	3
ノリック	3
ハガキ	3
ハナ	3
ハハハハ	3
ハム	3
ハンサム	3
ハンバーガー	3
ハンマー	3
バイト	3
バイバイ	3
バスケ	3
バスケット	3
バスルーム	3
バレた	3
バレーボール	3
バン	3
バー	3
パキスタン	3
パジャマ	3
パズル	3
パン屋	3
パーシュカ	3
パート	3
ヒマ	3
ヒリヒリ	3
ヒーロー	3
ビビった	3
ビリー	3
ビン	3
ピカソ	3
ピラミッド	3
ピント	3
フィアンセ	3
フィエロ	3
フェイスブック	3
フェリー	3
フライドポテト	3
フルーツ	3
フレッド	3
フ～ン	3
ブログ	3
ブロンド	3
プリンター	3
プロポーズ	3
ヘリコプター	3
ヘルメット	3
ベビーカー	3
ベルト	3
ベン	3
ペニシリン	3
ホラ	3
ボトル	3
ボーイ	3
ボーイフレンド	3
ポチ	3
ポット	3
ポップコーン	3
マイペース	3
マダム	3
マックス	3
マネージャー	3
マンダリー	3
マーカス	3
マーガリン	3
マーガレット	3
ムスカ	3
メディア	3
メニュー	3
メンチ	3
メールアドレス	3
モスクワ	3
モタモタ	3
モノ	3
モンブラン	3
ユリ	3
ヨハンセン	3
ヨーロッパ人	3
リムジン	3
リンク	3
リーダー	3
ルイ	3
レンタカー	3
ロイ	3
ロック	3
ロミオ	3
ワラワラ	3
ヴァイオリン	3
ヴァーニャ	3
一か八か	3
一ヶ月	3
一人っきり	3
一人息子	3
一人暮らし	3
一分	3
一団	3
一年中	3
一所懸命	3
一斉	3
一族	3
一昨日	3
一時的	3
一服	3
一発	3
丁度	3
七	3
三回	3
三日前	3
三日間	3
三時	3
上がり	3
上がります	3
上京	3
上達	3
下す	3
下りて	3
下ろして	3
下宿	3
下手で	3
下手です	3
不作	3
不可能です	3
不思議で	3
不正	3
世界一周	3
世界的	3
両者	3
両足	3
両頬	3
丸	3
丸い	3
丸太	3
主治医	3
主要	3
乗せる	3
乗ってた	3
乗りたい	3
乗りました	3
乗り遅れる	3
乗馬	3
乾燥	3
了解	3
予報	3
予測	3
争い	3
事故現場	3
二倍	3
二千冊	3
二台	3
二回	3
二酸化炭素	3
五	3
五人	3
亡くなって	3
交信	3
交差	3
交差点	3
交通規則	3
京子	3
人びと	3
人形使い	3
人格	3
人格者	3
人混み	3
仇	3
仕事ぶり	3
仕事仲間	3
仕打ち	3
付き合う	3
付き添われて	3
付け	3
付けられる	3
代金	3
以て	3
仲良し	3
任せろ	3
任務	3
伏せろ	3
休もう	3
会いしたい	3
会いたくて	3
会ったら	3
会ってる	3
会わない	3
会釈	3
伝えたい	3
伸びた	3
伺いして	3
伺って	3
似	3
似合ってる	3
低く	3
住んだ	3
佐原	3
体中	3
体操	3
体育	3
何人か	3
何日間	3
何番	3
何階	3
余暇	3
作ろう	3
作動	3
作戦	3
作曲家	3
作業	3
使いなさい	3
使おう	3
使われる	3
來た	3
例外	3
侍	3
依存	3
依頼人	3
促進	3
保険	3
信じ	3
信奉者	3
倍	3
倒れて	3
借りたい	3
値上げ	3
停止	3
停車	3
健二	3
健全	3
健康上	3
健康診断	3
偽物	3
備えなけれ	3
傷つけた	3
傷みやすい	3
傾けた	3
働かされた	3
働かなけれ	3
元どおり	3
元気そう	3
元気だ	3
充電器	3
先輩	3
先週末	3
先頭	3
光って	3
光栄	3
光栄です	3
党	3
入りたい	3
入れてる	3
入れるべきだ	3
入れれ	3
入れろ	3
入口	3
入国目的	3
入念	3
入札	3
入賞	3
全国民	3
全焼	3
全精力	3
八	3
八時	3
公平で	3
六時	3
共	3
共有	3
共通	3
共通点	3
兵隊	3
内側	3
内密	3
再起動	3
再開	3
冷えて	3
冷たく	3
冷める	3
冷凍	3
凄い	3
凍った	3
凝って	3
処方	3
処方箋	3
出かけたい	3
出される	3
出しました	3
出せる	3
出そう	3
出たら	3
出てる	3
出勤	3
出版社	3
出産	3
刀	3
分かり	3
分かれ	3
分厚い	3
分配	3
切りました	3
切れ	3
切れた	3
初日	3
判明	3
別々	3
別れる	3
利	3
利き方	3
利口だ	3
利害	3
利息	3
利点	3
制限速度	3
刻々と	3
刻まれて	3
剃った	3
削除	3
前方	3
前日	3
前触れ	3
創造	3
力いっぱい	3
功績	3
加えた	3
努めた	3
努めて	3
励まして	3
労働組合	3
効いた	3
効きます	3
勇敢で	3
勉強家	3
動作	3
動画	3
動議	3
勝る	3
勝負	3
勤務	3
包まれて	3
北	3
北極	3
十人	3
十代	3
十分だ	3
十分で	3
十分でしょう	3
十分です	3
十分に	3
卒倒	3
卒業式	3
単刀直入	3
危険性	3
即座	3
厄介	3
厚い	3
原文	3
原案	3
厳禁	3
去って	3
参考	3
又	3
及ばない	3
及ぶ	3
双方	3
反乱	3
反響	3
収める	3
収支	3
取ります	3
取り戻した	3
取り消す	3
取り返し	3
取れた	3
受けさせた	3
受けました	3
受け入れる	3
受け取る	3
受信	3
口振り	3
口答え	3
古城	3
句	3
叩いた	3
叩く	3
召し上がって	3
召し上がります	3
可能です	3
右側	3
右側通行	3
司	3
合わせなさい	3
同志	3
同然	3
名づけた	3
名古屋	3
名字	3
名所	3
向かない	3
向け	3
吠え	3
否	3
否や	3
吹く	3
告げる	3
味見	3
呼びました	3
呼びます	3
呼べ	3
和解	3
和食	3
咲いて	3
咳払い	3
品質	3
哲学	3
商店	3
問い	3
善	3
喜ばせよう	3
営業	3
嘘つき	3
噛む	3
器具	3
四つ	3
四方	3
四月	3
回ります	3
回答	3
団結	3
困らせる	3
困難だ	3
困難で	3
囲まれた	3
固い	3
固く	3
固めて	3
固定観念	3
土	3
土台	3
土壇場	3
在ります	3
地上	3
地所	3
地点	3
坊や	3
垂直	3
埋め合わせ	3
城壁	3
基づく	3
基本	3
堅い	3
堤防	3
報いる	3
塗られて	3
増して	3
増す	3
増大	3
壊れちゃった	3
売った	3
売り上げ	3
売れて	3
売却	3
変わったら	3
変わり目	3
変わり者	3
変装	3
夏子	3
夕立	3
夕食前	3
外した	3
外交官	3
外務大臣	3
夜空	3
夜通し	3
大あくび	3
大きすぎます	3
大きな	3
大した	3
大ファン	3
大切で	3
大喜び	3
大地震	3
大学時代	3
大家	3
大昔	3
大気	3
大水	3
大流行	3
大袈裟	3
大阪駅	3
大騒ぎ	3
太い	3
失くした	3
奥寺	3
奮闘	3
好きでした	3
好意	3
如かず	3
妨げ	3
始め	3
始めましょう	3
始末	3
始発電車	3
始終	3
姑	3
姓	3
嫁	3
嫌いで	3
嫌われて	3
孤児院	3
孤独だった	3
学び	3
学びました	3
学ぶべきだ	3
宇宙人	3
宇宙飛行士	3
安定	3
完全に	3
完売	3
完璧だ	3
宜しく	3
宮殿	3
宰相殿	3
家々	3
家出	3
家庭的	3
宿る	3
宿泊	3
寄せた	3
寄せる	3
寄って	3
寄る	3
密告	3
寛大で	3
寝そべって	3
寝ない	3
寝よう	3
寝込んで	3
対して	3
対照的	3
専門外	3
射て	3
尋ね	3
尋ねて	3
小さいです	3
小さく	3
小便	3
小判	3
小包	3
小学生	3
小指	3
小脇	3
少なくない	3
就いた	3
就職	3
尻	3
居所	3
届きました	3
展開	3
崇高	3
崩れる	3
崩壊	3
川井	3
川沿い	3
川田	3
州	3
巣	3
工具箱	3
工学	3
左側通行	3
差し	3
巻いて	3
市民	3
市民権	3
帝国	3
師匠	3
帰らなけれ	3
帰れる	3
帰国	3
常	3
常食	3
幕	3
平らげた	3
平手打ち	3
年上です	3
年中	3
幸せそうだった	3
幸福です	3
幾何学	3
広くて	3
広まって	3
広島	3
度胸	3
座	3
座布団	3
庭師	3
廃墟	3
廊下	3
延ばす	3
弁当	3
弁解	3
弓	3
引き取った	3
引っ越した	3
弟子	3
張った	3
強化	3
強烈	3
強調	3
弾	3
弾いた	3
当たり前	3
当事者	3
当店	3
当面	3
形成	3
役員	3
役目	3
待たされる	3
待たせた	3
待ってろ	3
後れ	3
後世	3
従うべきだ	3
従わなけれ	3
得なかった	3
得られる	3
御多分	3
御用心	3
徳	3
心理学	3
心臓発作	3
心配だった	3
心配事	3
必要なら	3
忍耐力	3
忘れてた	3
応援	3
怒らせて	3
怖がる	3
思い出させた	3
思い切った	3
思え	3
思えない	3
思われた	3
急がない	3
性質	3
怪しい	3
恋愛	3
恐れ	3
恥じた	3
恥ずかしく	3
恥ずかしそう	3
悪いです	3
悲嘆	3
惜しい	3
愛着	3
愛読	3
感じない	3
感嘆	3
感想	3
慎重	3
慰めて	3
慰められた	3
憤慨	3
懇願	3
懸念	3
成り行き	3
戦	3
戦士	3
戦後	3
戦闘機	3
戸口	3
戻したい	3
戻りたい	3
戻りなさい	3
戻ります	3
戻れ	3
所得税	3
所持品	3
所有者	3
手入れ	3
手帳	3
手当	3
手荷物	3
手配	3
打撃	3
打者	3
扱いにくい	3
扱われた	3
技術	3
技術者	3
抑えた	3
抑える	3
抑圧	3
投げて	3
投資	3
折る	3
抜け目	3
抜け道	3
抜群	3
抱きしめた	3
担任	3
拡張	3
拾う	3
持たない	3
持ちます	3
持ち上げられない	3
持ち物	3
持つべきです	3
持て	3
持てる	3
指さした	3
指揮	3
挙げた	3
振られた	3
振り	3
振る舞って	3
捕まえる	3
捕まった	3
捜し	3
捨てろ	3
掃除機	3
授業料	3
排除	3
掘った	3
探検	3
探検家	3
接戦	3
接着剤	3
接触	3
接近	3
控え目	3
掴む	3
揃える	3
揚げる	3
握った	3
揺れた	3
搾取	3
擁護	3
操作	3
操縦	3
支店	3
支払う	3
改正	3
放る	3
放火	3
政治活動	3
政界	3
故国	3
救世主	3
教養	3
数千	3
数字	3
数年前	3
数日	3
整いました	3
敷いて	3
文体	3
文法的	3
断固	3
新作	3
新時代	3
新薬	3
方針	3
旅立った	3
旅行中	3
日の出	3
日暮らし	3
日本中	3
日本文化	3
早々	3
早口	3
早合点	3
早退	3
旺盛だ	3
昇給	3
明後日	3
星占い	3
映して	3
昼ごはん	3
時代遅れだ	3
時刻	3
時期	3
晩御飯	3
普及	3
暇だった	3
暑く	3
暖めた	3
書いてる	3
書き方	3
書き留めて	3
書けて	3
最低	3
最大の	3
最新	3
最新の	3
最新式	3
最高峰	3
月旅行	3
有ります	3
有り余る	3
有効です	3
有毒で	3
有罪だ	3
服用	3
期末レポート	3
木々	3
木星	3
未亡人	3
本人	3
本名	3
本土	3
本当だろう	3
本来	3
本調子	3
杖	3
束縛	3
来そうだ	3
来よう	3
来られた	3
来られる	3
来れそう	3
板	3
果たす	3
柵	3
栄光	3
栄養	3
株式市場	3
核兵器	3
根っから	3
根本的	3
森林	3
植えて	3
植物学	3
業	3
楽しくない	3
楽しませて	3
楽しみました	3
楽しむ	3
楽しんでる	3
楽器	3
標的	3
機内	3
機知	3
機能	3
次第に	3
欲	3
歌えます	3
歌える	3
止めなさい	3
止めろ	3
止んだ	3
正常	3
正式	3
正直さ	3
正解	3
正面	3
歩きにくい	3
歩き回った	3
歩行者	3
死なれた	3
死ね	3
死んでる	3
死亡	3
死人	3
死体	3
死後	3
残らず	3
残念です	3
殴って	3
殴られたい	3
殺し屋	3
殺人罪	3
殿	3
民衆	3
気の毒	3
気体	3
気前	3
気合	3
気持ちいい	3
気絶	3
気苦労	3
水不足	3
水中	3
水着	3
水道	3
氷山	3
氷点下	3
永久	3
永束	3
汚れた	3
決まる	3
決めました	3
沈もう	3
沈没	3
沖	3
油断	3
治す	3
治療法	3
泊めて	3
泣かないで	3
注いで	3
注意深い	3
泳いでる	3
流れ星	3
浅い	3
浮気	3
浴槽	3
浸って	3
消息	3
消滅	3
消費税	3
消防車	3
液体	3
涼しく	3
深さ	3
混合物	3
添付	3
清潔	3
渇いた	3
済ます	3
済ませて	3
渋滞	3
減る	3
満点	3
満足だ	3
溺れて	3
溺れる	3
滅多に	3
漁業	3
演劇	3
潔白	3
潮	3
激痛	3
濡れ衣	3
火山	3
無	3
無事だ	3
無作法	3
無作為	3
無実	3
無料	3
無理だった	3
無理やり	3
無罪で	3
無邪気	3
焦点	3
焼けた	3
煙突	3
照明	3
燃え	3
燃料	3
片づけて	3
牛肉	3
物思い	3
特徴	3
犯し	3
犯罪者	3
狂ってる	3
狙い	3
狙う	3
狙ってる	3
独り占め	3
独自	3
独身	3
独身です	3
狸	3
獅子	3
獲得	3
獲物	3
玉ねぎ	3
王位	3
王者	3
現状	3
球	3
環境問題	3
甘党	3
生きられない	3
生き方	3
生き残った	3
生き甲斐	3
生け花	3
生じる	3
生む	3
生存	3
生意気	3
生死	3
生活様式	3
産む	3
産んだ	3
甥	3
用いられる	3
用件	3
申し	3
申します	3
申し分	3
画面	3
留める	3
留守だった	3
異存	3
異論	3
疲れきった	3
病気でした	3
痛めて	3
癒す	3
発つ	3
発射	3
発展	3
発展途上国	3
発行	3
発達	3
白状	3
的外れだ	3
益々	3
盗人	3
盛り	3
盛んに	3
監視	3
目つき	3
目下	3
目指して	3
目的地	3
目立った	3
直し	3
直したい	3
直った	3
直前	3
直子	3
直射日光	3
直感	3
相撲	3
相続	3
看板	3
看病	3
真夜中	3
真柴	3
真面目で	3
眠い	3
眠れ	3
眺めた	3
眺める	3
着手	3
着陸	3
睡眠不足	3
瞬間	3
知らせる	3
知らせ下さい	3
知性	3
短期間	3
研究所	3
硝子	3
確かめる	3
確実だ	3
磨いた	3
示す	3
社交的	3
祖国	3
祖父母	3
神様	3
神聖	3
祟り	3
祭り	3
禁じられて	3
禁煙席	3
秘めて	3
移る	3
稼いで	3
穏やかだった	3
空けて	3
空っぽだった	3
空軍	3
突き	3
突っ込んだ	3
窃盗	3
立ちこめて	3
立ち上がった	3
立ち止まって	3
端	3
競売	3
笑ってる	3
笑わない	3
第17章	3
第70章	3
第73章	3
第77章	3
第78章	3
第79章	3
第83章	3
第89章	3
第二次世界大戦	3
等しい	3
筋肉	3
答えろ	3
策	3
箇所	3
簡単でした	3
粘土	3
約13人	3
約16人	3
約39人	3
約50人	3
約64人	3
約70人	3
約91人	3
約93人	3
約束通り	3
素早い	3
素晴らしかった	3
素直	3
素質	3
紫	3
細菌	3
終わっちゃう	3
終日	3
終電	3
組んだ	3
経つ	3
経営陣	3
経済的	3
経費	3
結び	3
結婚生活	3
結晶	3
給仕	3
統治	3
絶えず	3
絶えて	3
絶対的	3
続けるだろう	3
綺麗だ	3
綿密	3
緊急	3
締めて	3
縄	3
繁盛	3
繰り返して	3
置いたら	3
置きなさい	3
置きました	3
置き忘れて	3
置け	3
美しくない	3
美容院	3
美的	3
美穂	3
美貌	3
羨ましい	3
義体	3
義理	3
翌日	3
老けて	3
老女	3
老後	3
考えさせて	3
考えなけれ	3
考えなさい	3
耐えて	3
耕一	3
聖なる	3
聞こえなかった	3
職員	3
肉体	3
肛門	3
育つ	3
肺	3
肺がん	3
肺炎	3
胸ぐら	3
脅迫	3
脈	3
脱線	3
腐る	3
臆病	3
臆病だ	3
臨時	3
自分勝手	3
自制	3
自由貿易	3
至急	3
航空会社	3
航行	3
艇	3
良質	3
色彩	3
花壇	3
芽	3
若いです	3
若かった	3
苦しんだ	3
英作文	3
英国人	3
英文	3
英訳	3
苺	3
茶碗	3
茶色	3
茹で	3
荒地	3
落ち着く	3
落ち込んでる	3
著しく	3
葬式	3
蒸し暑い	3
蒸し暑かった	3
蓄えた	3
蓋	3
蔵書	3
薄い	3
藁	3
虹	3
蛍	3
蝙蝠	3
行かないで	3
行かなかった	3
行かなくて	3
行きたくない	3
行けない	3
行っちゃった	3
行っても	3
行われた	3
行われて	3
行儀	3
行方	3
表れて	3
表面	3
袁世卿	3
被害者	3
裂いた	3
装備	3
裏側	3
裸足	3
襲った	3
要点	3
見え	3
見えません	3
見かけました	3
見せなさい	3
見せる	3
見つかる	3
見てた	3
見られた	3
見られなかった	3
見られる	3
見るべきだ	3
見分ける	3
見失って	3
見張る	3
見捨て	3
見晴らし	3
見舞い	3
見覚え	3
視線	3
覚えやすい	3
覚ました	3
覚ます	3
親切だった	3
親類	3
観光バス	3
観光案内所	3
解けなかった	3
解らない	3
解答	3
言いたかった	3
言いましょう	3
言います	3
言いわけ	3
言い争って	3
言い分	3
言い換えれ	3
言うべき	3
言わせて	3
言わせる	3
言わないで	3
言わん	3
言及	3
訂正	3
計った	3
訪ねます	3
許さなかった	3
許された	3
許し	3
許した	3
許せない	3
訴えて	3
詐欺師	3
評	3
詰めて	3
話さなけれ	3
話される	3
話しください	3
話してた	3
誉めた	3
誉める	3
認められた	3
誕生日プレゼント	3
誘って	3
誘拐	3
語り	3
語学	3
語彙	3
誠実さ	3
読み方	3
読み終わった	3
読めます	3
読もう	3
読んでる	3
調整	3
請求	3
論点	3
論語	3
諦めた	3
謝るべきだ	3
議員	3
議題	3
譲った	3
譲って	3
谷間	3
豪雨	3
負えない	3
負ける	3
貢献	3
貧しかった	3
貧乏	3
貫通	3
貯蓄	3
貰った	3
貴し	3
貴重品	3
買います	3
買っちゃった	3
買わなくちゃ	3
買わなけれ	3
貸さなかった	3
貸し借り	3
賄賂	3
資源	3
資金不足	3
賞金稼ぎ	3
賢そう	3
賭け	3
賭ける	3
贅沢	3
起きなけれ	3
起きなさい	3
超えて	3
足し算	3
踏み	3
身震い	3
軌道	3
転げ落ちた	3
転職	3
軽く	3
載せた	3
輝く	3
辛抱	3
農家	3
込み	3
迎える	3
近づかないで	3
返した	3
迫って	3
追いかけた	3
追いつく	3
追う	3
追え	3
追った	3
追求	3
追跡	3
退屈だ	3
退屈だった	3
退屈で	3
退院	3
送りたい	3
逃れる	3
逆	3
通う	3
通じて	3
通す	3
通そう	3
通行人	3
通路	3
通路側	3
速さ	3
遅かれ早かれ	3
遊ばない	3
遊歩道	3
運動不足	3
運動選手	3
運転免許証	3
過ごして	3
過失	3
過程	3
道理	3
違った	3
遠いです	3
遠くない	3
遠ざかって	3
適して	3
適任だ	3
適任者	3
選びなさい	3
遺書	3
邪魔で	3
郊外	3
部分的	3
部族	3
郵便箱	3
酔っ払って	3
酔っ払ってた	3
醜い	3
重くて	3
重ねる	3
重病	3
重視	3
野心	3
野獣	3
野球チーム	3
野球部	3
金銭	3
金髪	3
鈍い	3
銀座	3
銀色	3
銃声	3
鍵盤	3
鎮めた	3
鐘	3
長いです	3
長くて	3
長所	3
長持ち	3
長電話	3
閉まった	3
閉まります	3
閉店	3
閉鎖	3
開かれた	3
開きました	3
開封	3
開業	3
開発	3
間もなく	3
間違いなく	3
間違える	3
間違ってる	3
関与	3
関連	3
閣下	3
降ったら	3
降ったり	3
降られて	3
降りそうだ	3
降ります	3
降りろ	3
降ろして	3
降伏	3
陛下	3
陣	3
除いて	3
陸	3
陸地	3
階下	3
随分	3
隔離	3
隠そう	3
雄弁	3
離さない	3
離さないで	3
離して	3
難し	3
難しくない	3
難しすぎる	3
難色	3
雨漏り	3
電報	3
電柱	3
電気自動車	3
電源	3
電話口	3
電話帳	3
震えて	3
露骨	3
青年時代	3
静まり	3
非番	3
面識	3
革	3
頂けます	3
順調	3
順調だ	3
頑固	3
頑張れ	3
頻繁	3
頼る	3
頼れる	3
風向き	3
飛ばされた	3
飛べる	3
飛んだ	3
飛行機事故	3
食った	3
食べたく	3
食べられた	3
食べれます	3
食中毒	3
食品	3
食器	3
食糧	3
飢え死に	3
飲みなさい	3
飲み水	3
飲めない	3
飲んでた	3
飲物	3
飼い	3
飼い犬	3
飼ってる	3
飽きた	3
養わなけれ	3
馬鹿だった	3
馬鹿で	3
駄目です	3
騒ぎ	3
騒ぐ	3
騙した	3
驚嘆	3
骨董品	3
高すぎる	3
高価で	3
高橋博士	3
高級車	3
高血圧	3
魂	3
魅力的だ	3
鳴いた	3
鳴き声	3
麻酔	3
黒衣	3
黙ってて	3
鼠	3
Ａ	3
Ｍ	3
+	2
13	2
21	2
26	2
28	2
29	2
30	2
40	2
41	2
55	2
81	2
86	2
92	2
あい	2
あいて	2
あけおめ	2
あける	2
あげたい	2
あげたら	2
あげられた	2
あげれ	2
あこがれて	2
あたった	2
あだ	2
あっさり	2
あったそうだ	2
あつい	2
あつまった	2
あてがった	2
あてはまる	2
あどけない	2
あの日	2
あばよ	2
あやうく	2
あやして	2
あらあら	2
あらかじめ	2
ありえない	2
ありがたい	2
ありがたく	2
ありです	2
ありの	2
あるいは	2
あわて	2
あわない	2
いいじゃない	2
いいました	2
いえども	2
いえない	2
いえる	2
いかん	2
いき	2
いきなさい	2
いきなり	2
いきません	2
いくぶん	2
いたかった	2
いたしかた	2
いただく	2
いたわりなさい	2
いちいち	2
いちげん	2
いっかく	2
いっただろう	2
いったら	2
いつ頃	2
いなきゃ	2
いまいましい	2
いますぐ	2
いやしく	2
いらっしゃいません	2
いらねえ	2
いられます	2
いるそうだ	2
いわ	2
いわれる	2
ううっ	2
うっせー	2
うつ	2
うつつ	2
うなぎ	2
うぬぼれて	2
うねる	2
うまかった	2
うまそうだろ	2
うめいた	2
うらやんだ	2
うれしくない	2
うわぁ	2
えぇ	2
えくぼ	2
えず	2
えて	2
えッ	2
えーと	2
おいしくて	2
おいしそう	2
おおっ	2
おかあ様	2
おかえり	2
おきゃくさま	2
おくさん	2
おくった	2
おくべきだった	2
おくれ	2
おこう	2
おこした	2
おさまった	2
おしぼり	2
おしゃれ	2
おそい	2
おたく	2
おちる	2
おっしゃいます	2
おっしゃって	2
おつかい	2
おつかれさま	2
おでこ	2
おとし	2
おとりください	2
おねがい	2
おべっか	2
おぼしき	2
おまわり	2
おもしろうない	2
おもしろかった	2
おや	2
およばざる	2
おられる	2
おりた	2
おろした	2
おウチ	2
おソノ	2
おニュー	2
おーい	2
お人好しだ	2
お会いした	2
お似合い	2
お使い	2
お供	2
お借り	2
お元気です	2
お出まし	2
お化け	2
お医者様	2
お取りください	2
お取り下さい	2
お告げ	2
お好き	2
お好み焼き	2
お嬢さん	2
お子さん	2
お忘れです	2
お持ちです	2
お探しです	2
お正月	2
お母様	2
お父上	2
お爺さん	2
お祝い	2
お箸	2
お節介	2
お薬	2
お袋	2
お見事	2
お返し	2
お釣り	2
かあさん	2
かいてる	2
かえす	2
かえる	2
かかりません	2
かかれた	2
かかれます	2
かかわる	2
かがめて	2
かぎ	2
かぎり	2
かけたい	2
かけない	2
かけなさい	2
かけました	2
かけられた	2
かじ	2
かじった	2
かぞえられる	2
かたき	2
かたず	2
かっさい	2
かなう	2
かなった	2
かならず	2
かぶらず	2
かぶる	2
かまって	2
かまわない	2
かめ	2
からかってる	2
からす	2
かわり	2
かんこどり	2
かんだ	2
かんで	2
がな	2
がんばった	2
きこえた	2
きそうだ	2
きっぷ	2
きてる	2
きまった	2
きょと	2
きらいで	2
きり	2
きれない	2
ぎこちない	2
ぎゅっと	2
ぎょっと	2
ぎりぎり	2
くすぐったかった	2
くそっ	2
くたばれ	2
くっきり	2
くっした	2
くっついて	2
くび	2
くま	2
くよくよ	2
くれないだろう	2
くわえて	2
ぐい	2
ぐずぐず	2
けっこう	2
けんもほろろ	2
げろ	2
こうした	2
こうに	2
こすった	2
こたえた	2
こだわらない	2
こだわる	2
こつ	2
ことなった	2
ことわざ	2
こねる	2
この間	2
こぶ	2
こぶし	2
こぼした	2
こめて	2
これぐらい	2
こわれた	2
こんがり	2
こんばんは	2
ごう慢	2
ごくろうさま	2
ごみ	2
ごめんだ	2
ごゆっくり	2
ご主人様	2
ご伝言	2
ご助力	2
ご存知	2
ご存知でした	2
ご心配	2
ご搭乗	2
ご滞在	2
ご用件	2
ご自宅	2
ご苦労	2
ご苦労さま	2
ご褒美	2
ご返事	2
ご迷惑	2
さえずって	2
さがした	2
さがして	2
さけ	2
さし	2
さしあたり	2
さした	2
させます	2
させろ	2
さびしい	2
さまして	2
さめる	2
さらされた	2
されてる	2
されやすい	2
さ～ん	2
ざまあみろ	2
しかった	2
しがみついて	2
しきたり	2
しきりに	2
しすぎた	2
しそう	2
しそうだった	2
したそうで	2
したそうです	2
しただ	2
したまえ	2
したり	2
しっかりと	2
しつこく	2
しつつある	2
してます	2
しと	2
しないでしょう	2
しびれ	2
しびれて	2
しぼる	2
しまいなさい	2
しまえ	2
しませんでした	2
しみた	2
しみました	2
しゃべれます	2
しり	2
しるし	2
しんねん	2
じっくり	2
じめじめ	2
じゃなく	2
じゃねぇ	2
じゅうたん	2
じゅうにん	2
すいた	2
すかしっ屁	2
すかせて	2
すき	2
すき焼き	2
すぎたる	2
すくすく	2
すぐさま	2
すぐれて	2
すごした	2
すし	2
すたれて	2
すっぱい	2
すてきだ	2
すばやい	2
すばらしかった	2
すます	2
すらすら	2
するべきだろう	2
すわった	2
すわって	2
ず	2
ずうずうしく	2
ずるい	2
せた	2
せっせと	2
せられる	2
せる	2
そうだった	2
そうだろ	2
そっけない	2
そのうえ	2
そのため	2
そばかす	2
そよ風	2
そる	2
それとなく	2
そろって	2
そろり	2
たいらげた	2
たがった	2
たがってる	2
たずねる	2
たた	2
たちます	2
たちまち	2
たっぷりと	2
たとえられる	2
たのんだ	2
たまった	2
ためる	2
たゆまぬ	2
たらふく	2
たり	2
たる	2
だけれど	2
だして	2
だったそうだ	2
だったでしょう	2
だまされた	2
だまされました	2
だます	2
だまれ	2
ちっとも	2
ちなみに	2
ちのり	2
ちらりと	2
ちり	2
っつって	2
ついだ	2
ついで	2
つかまえる	2
つきまとって	2
つくした	2
つくった	2
つくづく	2
つくられて	2
つけてる	2
つけない	2
つけよう	2
つけられた	2
つけられる	2
つた	2
つついて	2
つながれて	2
つなぐ	2
つばめ	2
つぶした	2
つぶやいた	2
つぶれた	2
つぼ	2
つまらぬ	2
つまんない	2
つらく	2
つれ	2
てめぇ	2
てん	2
できちゃった	2
できねえ	2
できるだけ	2
とおした	2
とげた	2
とっつきにくい	2
とぶ	2
とらない	2
とらぬ	2
とられて	2
とらわれる	2
とりかえし	2
とりたいです	2
とりで	2
とりました	2
とります	2
とれない	2
と思ってる	2
どくん	2
どっさり	2
ないじゃない	2
なおさら	2
なさいました	2
なさそうだ	2
なさった	2
なさって	2
なされて	2
なされます	2
なされる	2
なぞなぞ	2
なったでしょう	2
なったり	2
なついた	2
なでなで	2
なにもの	2
ならねえ	2
なるであろう	2
なれなかった	2
なれなれしく	2
なんざ	2
なんじゃない	2
なんぞ	2
なんだい	2
な～に	2
にっこり	2
にんにく	2
に来る	2
に着いた	2
ぬかす	2
ぬかるみ	2
ぬれて	2
ねらい	2
ねらいなさい	2
ねらって	2
ねー	2
のって	2
のびて	2
のぼって	2
のまされた	2
のめり込んで	2
のらくら	2
のんで	2
のんびり	2
はいって	2
はいて	2
はいる	2
はかない	2
はかり	2
はけ	2
はげしい	2
はじめ	2
はじめなさい	2
はじめまして	2
はずさないで	2
はずれた	2
はたらいた	2
はちく	2
はちみつ	2
はね	2
はねた	2
はねられる	2
はばたかせた	2
はめる	2
はやって	2
はらわた	2
ばらばら	2
ばれてた	2
ぱっと	2
ひきだし	2
ひきとった	2
ひげ	2
ひそひそ	2
ひそめる	2
ひっかかった	2
ひっぱたいた	2
ひとこと	2
ひとり旅	2
ひと口	2
ひと月	2
ひと雨	2
ひどすぎる	2
ひなびた	2
ひまわり	2
ひょっとして	2
ひらけ	2
ひる	2
ひろい	2
ひんしゅく	2
びしょ濡れ	2
ぴたり	2
ぴんと	2
ふく	2
ふざけないで	2
ふざけんな	2
ふみつぶした	2
ふむ	2
ふるまい	2
ふるまった	2
ぶかぶかだ	2
ぶっ殺して	2
ぶつけて	2
ぶつける	2
ぶどう酒	2
ぶらついて	2
ぶり	2
へたくそだ	2
べそ	2
べっぴんさん	2
べらぼうに	2
べ～っ	2
ほうれん草	2
ほえる	2
ほっぺ	2
ほとぼり	2
ほめた	2
ほめる	2
ほんろう	2
ま	2
まいりましょう	2
まいります	2
まく	2
まくる	2
まごついた	2
まだまだ	2
まちがえた	2
まちまちだ	2
まった	2
まったくない	2
まって	2
まとめた	2
まわして	2
みえた	2
みえなかった	2
みかけ	2
みじめ	2
みすぼらしい	2
みたいだった	2
みたいです	2
みたく	2
みたまえ	2
みっちゃん	2
みるべきだった	2
みるみる	2
むかつく	2
むずかしくない	2
むずむず	2
むだだった	2
むだです	2
むなしく	2
めいめい	2
めぐって	2
めった	2
めんどう	2
めん鳥	2
もうけ	2
もぐもぐ	2
もぐる	2
もたれた	2
もった	2
もってこいの	2
もっとも	2
もつ	2
もどるでしょう	2
ものすごい	2
もやした	2
もらい	2
もらうべきだ	2
もらえた	2
もらわねば	2
もれず	2
やいなや	2
やかましくない	2
やかん	2
やきもき	2
やきもち	2
やけに	2
やさしく	2
やさしくありません	2
やすく	2
やせて	2
やだ	2
やってん	2
やっぱ	2
やめたい	2
やめました	2
やめます	2
やられる	2
やらん	2
やり直せる	2
やり直そう	2
やるじゃない	2
やわらげる	2
やーしょー	2
ゆえ	2
ゆく	2
ゆずった	2
ゆりかご	2
ゆるい	2
よいだろう	2
よき	2
よくて	2
よけい	2
よさ	2
よしみ	2
よそ	2
よそよそしかった	2
よそ者	2
よほど	2
よみがえった	2
よめない	2
よります	2
らっしゃ	2
らっしゃい	2
らっしゃる	2
られ	2
られないだろう	2
りっぱ	2
れて	2
ろくに	2
わ…んっ	2
わあ	2
わからなく	2
わからなくて	2
わかるでしょう	2
わが家	2
わくわく	2
わさび	2
わずかな	2
わずらって	2
わたり	2
わめいたり	2
わらう	2
われら	2
わんぱく	2
を持ってる	2
を着て	2
を着る	2
んっ	2
んば	2
アインシュタイン	2
アキラ	2
アクセント	2
アグネス	2
アザラシ	2
アシカ	2
アシタカ	2
アジト	2
アスピリン	2
アップ	2
アトレーユ	2
アドプト	2
アドレス	2
アヒル口	2
アホくさい	2
アメリカ史	2
アラビア	2
アリ	2
アリゾナ	2
アルド	2
アルバイト	2
アルバート	2
アルファベット順	2
アルプス山脈	2
アレックス	2
アンクレット	2
アンティーク	2
アンディ	2
アンディー	2
アーリーズウェル	2
イェーイ	2
イエスマン	2
イカれ	2
イケメン	2
イス	2
イスラム教	2
イスラム教徒	2
イタリア料理	2
イタリア空軍	2
イブ	2
イベント	2
イポ	2
イメージチェンジ	2
イライジャ師	2
イラン	2
インカ族	2
インスタントラーメン	2
インナー	2
イ夕ロ	2
ゥ	2
ウェイモンド	2
ウェブカメラ	2
ウエスト	2
ウォズニアック	2
ウミガメ	2
ウンザリ	2
エイズ	2
エジソン	2
エジプト	2
エジプト人	2
エッセイ	2
エド	2
エドガー・ドガ	2
エドワード	2
エプロン	2
エベレスト	2
エベレスト山	2
エミ	2
エリア	2
エルサ	2
エルフ	2
エルフィー	2
エレン	2
エンジェル･アイ	2
エヴァ	2
オウム	2
オランダ語	2
オリンピック	2
オルガン	2
オレンジジュース	2
オーケストラ	2
オーストリア	2
オーッ	2
オーバー	2
オーロラ	2
カイ	2
カイロ	2
カウボーイ	2
カウンター	2
カゴ	2
カス	2
カタツムリ	2
カネ	2
カブ	2
カブール	2
カボチャ	2
カメラマン	2
カモ	2
カリキュラム	2
カレブ	2
カーペット	2
ガイドブック	2
ガウン	2
ガクガク	2
ガソリンスタンド	2
ガラガラ	2
ガラガラ蛇	2
ガラクタ	2
ガリレオ	2
ガルニク	2
ガンシップ	2
キッチン	2
キム	2
キャベツ	2
キャンディー	2
キリコ	2
キリスト	2
キリスト教	2
キレた	2
キレイだ	2
キンカン	2
ギャグ	2
ギリシャ人	2
クイ	2
クイズ	2
クジラ	2
クソったれ	2
クソッタレ	2
クソ野郎	2
クタクタだった	2
クマジーノ	2
クラリス	2
クリス	2
クリスチャン	2
クリスマスイブ	2
クリスマスカード	2
クリーニング	2
クレオ	2
クレオパトラ	2
クレジット	2
クローバー	2
グラント	2
グリーン球場	2
グル	2
ケイコ	2
ケビン	2
ケリ	2
ゲイ	2
ゲット	2
ゲート	2
コウモリ	2
コカイン	2
ココア	2
コダマ	2
コツ	2
コンタクト	2
コントロール	2
コース	2
コーヒーカップ	2
コーラスガール	2
ゴホっ	2
ゴマ	2
ゴリアテ	2
ゴルフ狂	2
ゴロツキ	2
ゴースト	2
サイクリング	2
サイコー	2
サイレン	2
サクランボ	2
サケ	2
サックス	2
サベージ	2
サポート	2
サメ	2
サリマン	2
サンバ	2
サンプル	2
サーカス	2
サーフィン	2
ザメンホフ	2
ザ・ベストテン	2
シカ	2
シシ神	2
シドニー	2
シャトルバス	2
シャンプー	2
シュミット	2
ショッピング	2
ショー	2
ショーティ	2
ショートヘア	2
シンボル	2
シーズン	2
シート	2
シーフード	2
ジェイン	2
ジェフリー	2
ジジイ	2
ジャマイカ	2
ジャム	2
ジャンプ	2
ジュディ	2
ジュース	2
ジュースパフ	2
ジョアンナ	2
ジョジョ	2
ジョスエ	2
ジョナス	2
ジョニー	2
ジリ	2
スアン	2
スイカ	2
スイスイ	2
スグリ	2
スター	2
スチュワーデス	2
ステキ	2
ステレオ	2
スト	2
ストップ	2
ストロベリーアイス	2
ストーブ	2
スナウト	2
スパゲッティ	2
スピード違反	2
スペシャル	2
スポンジ	2
スライド	2
スリッパ	2
スリム	2
スリムだ	2
スーパーマーケット	2
セレステ	2
ゼフ	2
ソファ	2
ソリ	2
ソンレン	2
ソーセージ	2
タイタニック	2
タイトル	2
タイピスト	2
タイム	2
タイ料理	2
タコ	2
タタリ神	2
タダ	2
タニナ	2
タロットカード	2
タロー	2
タンカー	2
ダイヤル	2
ダウン	2
ダチ	2
ダニー	2
ダレン	2
ダン	2
ダンスパーティー	2
チアガール	2
チェイス	2
チェスター区	2
チェリーフラズル	2
チキショー	2
チキン	2
チビ	2
チャンネル	2
チューリップ	2
チンチン	2
ツイッター	2
ツインズ	2
ツルツル	2
ティミー	2
ティム	2
テキーラ	2
テディベア	2
テニスウェア	2
テニスクラブ	2
テニスコート	2
テレビゲーム	2
テレビドラマ	2
テレビ局	2
テロリスト	2
テーマ	2
ディエゴ	2
ディック	2
ディーゼル	2
デザイナー	2
デッドヒート	2
デビッド	2
ト	2
トウモロコシ	2
トップ	2
トマシン	2
トマス	2
トマト	2
トルメキア	2
トロル	2
トースト	2
トーナメント	2
ドカーン	2
ドキドキ	2
ドッと	2
ドライバー	2
ドライヤー	2
ドラゴンズ	2
ドラッグ	2
ドラム	2
ナオコ	2
ナチス	2
ナックルズ	2
ニオイ	2
ニック	2
ニュージーランド	2
ニンジン	2
ネイサン	2
ネタ	2
ノブ	2
ノーチラス	2
ハイカー	2
ハイタッチ	2
ハゲタカ	2
ハドソン川	2
ハネムーン	2
ハムレット	2
ハラペコでしょう	2
ハリ	2
ハリネズミ	2
ハローウィン	2
ハンガリー語	2
ハンググライディング	2
ハンサムだ	2
ハンディキャップ	2
ハーコート	2
ハート	2
ハードル	2
ハーバード	2
ハーバード大学	2
ハープ	2
バイオリニスト	2
バイロン	2
バケツ	2
バタン	2
バック	2
バックパック	2
バブル	2
バラック	2
バランス	2
バリー	2
バルコニー	2
バレリーナ	2
バーゲン	2
バーテンダー	2
バーベキュー	2
パイ	2
パク・ダソン	2
パコ	2
パッカード	2
パディントン	2
パトカー	2
パトリック	2
パニック	2
パブ	2
パンク・ロック	2
パンプキンパイ	2
パールの	2
ヒト	2
ヒルトンホテル	2
ヒロイン	2
ヒンシュク	2
ヒント	2
ビスケット	2
ビックリ	2
ビラ	2
ビートルズ	2
ピアス	2
ピクルス	2
ピストル	2
ピピン	2
ピーター	2
ピート	2
ファラミア	2
ファーマー	2
フィルム	2
フェンス	2
フクロウ	2
フッソ	2
フフっ	2
フライト	2
フラフラ	2
フラミンゴ	2
フランス人	2
フランス料理	2
フランス語版	2
フランス革命	2
フリ	2
フレーダー	2
フロイト	2
ブサイク	2
ブラウザ	2
ブラシ	2
ブラスバンド	2
ブラブラ	2
ブルー	2
ブルース	2
ブロンディ	2
ブンブン	2
ブーム	2
プライド	2
プリン	2
プレー	2
プログラマー	2
プログラミング	2
プロペラ機	2
プロ野球	2
ヘッドコーチ	2
ヘボ	2
ヘラクレス	2
ヘルム	2
ヘンリー	2
ベタベタ	2
ベック	2
ベトナム	2
ベルベル語	2
ベーグル	2
ペリー	2
ペンドラゴン	2
ホチキス	2
ホッと	2
ホッチキス	2
ホット	2
ホットドッグ	2
ホノルル	2
ホントです	2
ホーム	2
ホームズ	2
ホームラン	2
ボイル	2
ボウリング	2
ボクサー	2
ボコボコ	2
ボリューム	2
ボロ	2
ボロボロ	2
ボンネット	2
ボード	2
ポイント	2
ポカポカ	2
ポストカード	2
ポッケ	2
ポルトガル語	2
ポンド	2
マイカー	2
マイロ・ザッチ	2
マウス	2
マシ	2
マジで	2
マジメ	2
マス	2
マスター	2
マック	2
マッジ	2
マットレス	2
マネ	2
マラベラ	2
マルコ	2
マルコムＸ	2
マルティネス	2
マレーシア	2
マンガ	2
マンゴーアイス	2
ミイラ	2
ミッション	2
ミミズ	2
ミーティング	2
ムスリム	2
メアド	2
メアリ	2
メイスン	2
メルマガ	2
モルドール	2
モルモット	2
モーラ	2
ヤッて	2
ヤバい	2
ユニフォーム	2
ユライア	2
ユーザー	2
ヨハネ	2
ライト	2
ライフスタイル	2
ライン	2
ライン川	2
ラガフ	2
ラシャン	2
ラストーギ	2
ラッピング	2
ラップ	2
ラブレター	2
ラムドン	2
ラム酒	2
ランクイン	2
ランチョルダース	2
ランプ	2
ラース	2
ラーメン	2
リタリン	2
リトル	2
リフレッシュ	2
リリー	2
ルノワ	2
レイプ	2
レイモンド	2
レインコート	2
レジ	2
レスラー	2
レモネード	2
レンジ	2
レンチ	2
レーガン	2
ロキシー	2
ロゴ	2
ロサンゼルス	2
ロックンロール	2
ロビー	2
ロルフィ	2
ローズ	2
ローマ法王	2
ローラースケート	2
ローリー	2
ローレン	2
ローン	2
ワイングラス	2
ワン	2
ン	2
ヴァリイ	2
ヴォラピュク語	2
一マイル	2
一万ドル	2
一両日中	2
一人ぼっち	2
一人旅	2
一介	2
一体全体	2
一例	2
一卵性双生児	2
一台	2
一周	2
一定	2
一帯	2
一息	2
一押し	2
一昨年	2
一時	2
一曲	2
一月	2
一杯だった	2
一滴	2
一目ぼれ	2
一矢	2
一種	2
一緒だ	2
一緒だった	2
一緒です	2
一般公開	2
一角	2
一言一句	2
一躍	2
一通	2
一部分	2
一針	2
七原	2
七転八倒	2
七面鳥	2
万国	2
万物	2
万端	2
三	2
三つ	2
三倍	2
三分	2
三奥	2
三年間	2
三度	2
三文	2
三本	2
三杯	2
三部	2
三階	2
上がらない	2
上げず	2
上げなさい	2
上げろ	2
上った	2
上なく	2
上回って	2
上座	2
上役	2
上手だった	2
上手で	2
上映	2
上機嫌だ	2
上流階級	2
上海	2
上空	2
上等	2
下がれ	2
下りた	2
下りる	2
下ろす	2
下界	2
下見	2
下部	2
下院議員	2
不公平だ	2
不利	2
不利だ	2
不利だった	2
不十分だ	2
不可欠	2
不可欠です	2
不可能だった	2
不名誉	2
不味い	2
不当	2
不振	2
不時	2
不景気	2
不正行為	2
不治	2
不法	2
不注意だ	2
不潔	2
与え	2
与えよ	2
与えられる	2
与えるべきで	2
世界市民	2
世界記録	2
世紀	2
世間体	2
世間知らずだ	2
両国間	2
並ぶ	2
並べた	2
並木道	2
中古	2
中古車	2
中和	2
中国料理	2
中央	2
中心地	2
中心的	2
中断	2
中華	2
中華料理店	2
中退	2
中途	2
中途半端	2
丸一日	2
丸太小屋	2
主に	2
主婦	2
主題	2
主食	2
久しい	2
久しく	2
乗じて	2
乗せた	2
乗せます	2
乗ったら	2
乗ってる	2
乗らなけれ	2
乗ります	2
乗り出す	2
乗り切った	2
乗り換え	2
乗り換えなさい	2
乗り換える	2
乗り物	2
乗り越えて	2
乗り込んで	2
乗り遅れない	2
乗り間違えた	2
乗ろう	2
乗務員	2
乗員	2
九ページ	2
九州	2
乱す	2
乳	2
乾いた	2
乾いて	2
乾かして	2
予告	2
予定通り	2
予想通り	2
予期	2
予算	2
予約席	2
予防	2
事前	2
事務員	2
二匹	2
二年	2
二年前	2
二日間	2
二流	2
二番目	2
五分	2
井上	2
亡くなったそうです	2
亡くなられた	2
亡くなりました	2
亡くなる	2
交わり	2
交互	2
交通違反切符	2
人手不足	2
人権	2
人気者	2
人生経験	2
人種的	2
人達	2
人間相手	2
人間関係	2
今すぐ	2
今にも	2
今や	2
介	2
仔犬	2
仕えた	2
仕える	2
仕上げた	2
仕上げる	2
仕事中毒	2
仕事納め	2
仕立て	2
仕立てて	2
仕送り	2
他方	2
付けられない	2
付けろ	2
付け込んだ	2
付箋	2
仙台	2
代わった	2
仮定	2
仲直り	2
任せ	2
任せます	2
企て	2
伊藤博士	2
伍	2
伏せて	2
休みました	2
休める	2
休息	2
休養	2
会いした	2
会いたかった	2
会います	2
会っちゃった	2
会わなけれ	2
会場	2
会衆	2
会費	2
会長	2
伝えください	2
伝えられる	2
伝った	2
伝って	2
伝染病	2
伴った	2
伴わない	2
伴奏	2
伸ばす	2
似合い	2
似合って	2
似通って	2
住まい	2
住みごこち	2
住みたくない	2
住めない	2
住居	2
体温	2
体面	2
何かしら	2
何となく	2
何らか	2
何件	2
何分	2
何匹	2
何曜日	2
何気なく	2
何点	2
何物	2
何百万	2
何百万ドル	2
何秒	2
余り	2
余りある	2
余儀なく	2
作られた	2
作りたい	2
作れる	2
作曲	2
作者	2
使いたけれ	2
使わない	2
使わないで	2
使わなけれ	2
使命	2
例年	2
例文	2
供述	2
侵害	2
便利でした	2
便利です	2
保存	2
保守的だ	2
保管	2
保証人	2
保釈中	2
保障	2
信じなかった	2
信じられます	2
信じれ	2
修学旅行	2
修業	2
倒壊	2
借りして	2
借りてる	2
借りよう	2
借りられる	2
値引き	2
倹約	2
倹約家	2
停学	2
停電	2
健在です	2
健康そう	2
健康状態	2
健康的です	2
偽り	2
傍	2
傘下	2
催させられた	2
傲慢	2
傷ついた	2
傷つきやすい	2
傷めた	2
傷んだ	2
傷んでる	2
傾けて	2
働かざる	2
働かせた	2
働かなくて	2
働きすぎて	2
働き手	2
働くべきだ	2
働け	2
働こう	2
償います	2
償う	2
優る	2
儲かる	2
元々	2
元カノ	2
元暁大橋	2
元気そうだ	2
元気で	2
元気でした	2
元気やった	2
充分	2
充電	2
充電中	2
兆し	2
先導	2
先祖	2
光った	2
光ってる	2
光陰	2
免税品	2
免許	2
免許証	2
入らず	2
入らないで	2
入らねえ	2
入られた	2
入りません	2
入り込んで	2
入るべからず	2
入れなかった	2
入れました	2
入れましょう	2
入れよ	2
入れられた	2
入れるべきだった	2
入れるべきです	2
入れ墨	2
入国カード	2
入浴	2
入金	2
全国	2
全市	2
全文	2
全責任	2
全速前進	2
全面的	2
公会堂	2
公共	2
公団	2
公民権運動	2
公表	2
公金	2
六	2
六時半	2
六月	2
共和国	2
具体化	2
典型的	2
典子	2
内向的だ	2
内心	2
内科医	2
再生	2
冒涜	2
冬至	2
冷えた	2
冷やす	2
凝らして	2
処	2
処女作	2
処罰	2
凧揚げ	2
出くわした	2
出くわす	2
出さない	2
出しっぱなし	2
出たい	2
出たく	2
出なくて	2
出られない	2
出られる	2
出掛けた	2
出来たそうだ	2
出来ました	2
出演	2
出演者	2
出火原因	2
出生数	2
出航	2
出迎え	2
出鼻	2
分かつ	2
分からせる	2
分かりました	2
分かりません	2
分かりやすい	2
分かるだろ	2
分かれた	2
分かれろ	2
分けた	2
分け前	2
分ってる	2
分与	2
分析	2
分量	2
切っちゃった	2
切らす	2
切りつめなけれ	2
切り倒された	2
切り倒した	2
切り傷	2
切れてる	2
切れなかった	2
切れ味	2
切手収集	2
刈って	2
刑期	2
刑罰	2
初	2
初対面	2
初期費用	2
別れました	2
別人	2
別物	2
利かせて	2
利けない	2
利口で	2
利己的	2
制作	2
制圧	2
制度	2
制裁	2
券	2
刺激	2
刻み	2
剃る	2
削る	2
前世	2
前作	2
前兆	2
前回	2
前払い	2
剣道	2
剥いで	2
剥奪	2
割らない	2
割り込んで	2
割る	2
創設	2
創造的	2
劇作家	2
劉備	2
力一杯	2
加え	2
加える	2
加わって	2
加入	2
劣って	2
劣等感	2
助けたい	2
助けなけれ	2
助けよう	2
助けろ	2
効率性	2
勇者	2
勉学	2
動かした	2
動かしてる	2
動かせ	2
動かない	2
動かなかった	2
動物学	2
務めた	2
勝ちたい	2
勝とう	2
勝者	2
募集	2
勤勉だ	2
勤務中	2
勧めします	2
勧めます	2
勲章	2
勿論	2
化	2
化け物	2
化石燃料	2
北方領土	2
北極地方	2
区分	2
医学部	2
医療	2
十五人	2
十字架	2
十年間	2
千ドル	2
半袖	2
卑劣	2
卒論	2
協力者	2
単純	2
博多駅	2
占領	2
危うい	2
却下	2
厚かましい	2
厚かましく	2
厚く	2
原子力発電所	2
原子爆弾	2
厳しいです	2
去り	2
去りました	2
及ばざる	2
反する	2
反る	2
反対側	2
反撃	2
収まった	2
収集	2
取ってる	2
取っ手	2
取り下さい	2
取り付かれて	2
取り付けられて	2
取り入れられて	2
取り囲んで	2
取り壊される	2
取り戻そう	2
取り替えて	2
取り消した	2
取り消して	2
取り組んで	2
取り返した	2
取り除かれた	2
取り除きなさい	2
取るべきです	2
取れ	2
取れちゃった	2
受かるだろう	2
受けてる	2
受けなかった	2
受けなくて	2
受け取ったら	2
受け取って	2
受け取るだろう	2
受け継いだ	2
受付	2
受諾	2
口ぶり	2
口元	2
口喧嘩	2
口車	2
古今	2
古代ギリシャ	2
古来	2
句読点	2
叫び	2
叫ぶ	2
召し	2
召して	2
召し上がりません	2
召し上がれ	2
召し使い	2
可	2
可愛らしい	2
可笑しい	2
可能で	2
可能でしょう	2
台湾	2
叱って	2
右折	2
右耳	2
号外	2
司書	2
各々	2
各地	2
合います	2
合わす	2
合わせた	2
合唱	2
合理的だ	2
合計	2
同じく	2
同じで	2
同一視	2
同化	2
同封	2
同情心	2
同時通訳	2
名人	2
名付けた	2
名付けたかった	2
名札	2
名無し	2
名簿	2
名高い	2
吐いた	2
向いたら	2
向かい合って	2
向き合って	2
向って	2
向上	2
吠えた	2
吠えて	2
含みます	2
含む	2
吸います	2
吸ってる	2
吸収	2
吹き出した	2
吹き飛ばされた	2
吹雪	2
告知	2
告解	2
告訴	2
呪った	2
呪文	2
味わい	2
味わいたい	2
味噌汁	2
呼べる	2
呼ぼう	2
命じられた	2
命懸け	2
和らいだ	2
和らぐ	2
和服	2
咲きます	2
哺乳動物	2
唱えた	2
商才	2
商談	2
問い合わせ	2
問う	2
問わず	2
問われた	2
問題外	2
善人	2
善意	2
善良	2
善行	2
喉元	2
喋る	2
喋れます	2
喘息	2
喜ばす	2
喜びました	2
喜ぶでしょう	2
喪	2
喫煙席	2
喫煙者	2
喰らえ	2
営業部長	2
噛もう	2
噛んだ	2
器用で	2
噴火	2
囀り	2
四	2
四人	2
四奥様	2
四季	2
四文字	2
四本足	2
回	2
回る	2
回れ	2
回顧	2
因果	2
団体	2
団子	2
困ってる	2
困らない	2
囲った	2
固有の	2
国中	2
国会議員	2
国内	2
国外	2
国籍	2
国際語	2
園遊会	2
土壌	2
土手	2
圧倒	2
地球上	2
坊ちゃん	2
坊主	2
垂れて	2
執事	2
基準	2
堕落	2
堪能だ	2
報われる	2
報酬	2
塗布	2
塗装	2
塞がらなかった	2
塩味	2
塩気	2
塩辛い	2
塵	2
境遇	2
増やした	2
壊された	2
壊し	2
壊しちゃった	2
壊せ	2
壊れたら	2
壊れやすい	2
壊滅	2
声援	2
声高く	2
売ってる	2
売らざる	2
売り物	2
売れた	2
売れ行き	2
売国奴	2
売春宿	2
変え	2
変えたい	2
変えません	2
変えられた	2
変じて	2
変った	2
変わってる	2
変わりつつある	2
変わりやすい	2
変動	2
変態	2
変換	2
外す	2
外せる	2
外交関係	2
外出中	2
外国旅行	2
外国製品	2
外科医	2
外車	2
外部	2
多かれ少なかれ	2
多くて	2
多摩動物園	2
夜ご飯	2
夜景	2
夜行性	2
夜陰	2
夢中だった	2
大きすぎる	2
大丈夫だった	2
大事です	2
大企業	2
大使	2
大儀	2
大反対だ	2
大嘘つき	2
大失敗	2
大好きだった	2
大好きで	2
大尉	2
大差	2
大当たり	2
大手	2
大敵	2
大望	2
大木	2
大概	2
大洪水	2
大火	2
大火事	2
大火災	2
大理石	2
大男	2
大目	2
大粒	2
大胆	2
大臣	2
大金持ちだっ	2
天ぷら	2
天然パーマ	2
天狗	2
太鼓	2
夫婦	2
失い	2
失いました	2
失われた	2
失敬	2
失業中	2
失業者	2
失礼だ	2
失脚	2
失言	2
奪い	2
奪われ	2
奪われる	2
好き放題	2
好まない	2
好天	2
如し	2
妊娠中絶	2
妖精	2
妨げた	2
妨げる	2
妨害	2
姉ちゃん	2
始まるでしょう	2
始めました	2
委員	2
娼婦	2
婚約者	2
嫉妬深く	2
嫌いだった	2
嫌がらせ	2
嬉しそうだった	2
子どもっぽい	2
子供時代	2
子女	2
子守	2
子猫	2
孤独だ	2
学びたい	2
学べ	2
学業	2
学費	2
学長	2
宇宙船	2
守らなくて	2
守り	2
安かった	2
安らか	2
安全だ	2
安堵	2
安売り	2
安物	2
安静	2
定かで	2
定住	2
定期的に	2
実家	2
実施	2
実演	2
実証	2
実話	2
実際的	2
客室乗務員	2
宣告	2
宣誓就任	2
家中	2
家内	2
家政婦	2
家柄	2
家計	2
容態	2
容赦	2
宿屋	2
寂しいです	2
寂しかった	2
寄った	2
寄りかかった	2
寄港	2
密室	2
密接	2
富裕	2
寒くない	2
寒すぎる	2
寒暖計	2
寛大	2
寝	2
寝かしつけて	2
寝させて	2
寝ず	2
寝なきゃ	2
寝なけれ	2
寝不足	2
寝言	2
寝転がれ	2
寝過ごした	2
審議	2
寸法	2
寺院	2
対する	2
対抗	2
対照	2
対立	2
封	2
封印	2
専門	2
射る	2
射撃	2
将来性	2
尋ねる	2
尋問	2
導師	2
小さかった	2
小休止	2
小汚い	2
小犬	2
小規模	2
小言	2
小論文	2
小道	2
小雨	2
小食	2
小骨	2
少なく	2
少数民族	2
少数派	2
尽くさなけれ	2
尽くして	2
尽力	2
尾けた	2
尾行	2
局面	2
居た	2
居て	2
居なかった	2
居心地	2
届きます	2
届けて	2
屋根裏	2
履いてる	2
履き	2
履き心地	2
履く	2
山々	2
山分け	2
山形	2
山田博士	2
岸	2
崇拝	2
崩し	2
崩れた	2
左目	2
左端	2
左腕	2
巧みだ	2
巨乳	2
巨額	2
差し出した	2
巻き込まれた	2
巻く	2
布地	2
師走	2
帰ったら	2
帰らない	2
帰らぬ	2
帰れ	2
帰れます	2
常習犯	2
帽子屋	2
干して	2
干ばつ	2
平叙文	2
平和的	2
平気で	2
平等で	2
平行線	2
平謝り	2
年下	2
年代物	2
年月	2
年老いた	2
年老いて	2
年貢	2
年輩	2
年金	2
年間	2
幸いです	2
幸せそうだ	2
幸運だ	2
幼すぎる	2
幼児	2
幾つか	2
幾らか	2
幾千	2
幾多	2
幾夜	2
広がって	2
広げて	2
広さ	2
店員	2
座りなさい	2
座りました	2
座り心地	2
座れ	2
延着	2
建った	2
建って	2
建てて	2
建築学	2
建設	2
建設中	2
建設計画	2
建造物	2
弁論	2
弁護	2
式典	2
引かない	2
引きずって	2
引きやすい	2
引き分け	2
引き受けよう	2
引き寄せられる	2
引き立て	2
引き返す	2
引き金	2
引き離した	2
引けない	2
引ける	2
引っ張った	2
引っ張って	2
弱かった	2
弱く	2
弱って	2
張って	2
強かった	2
強奪	2
強者	2
弾圧	2
当たり	2
当てて	2
当然の	2
当社比	2
形跡	2
彫刻	2
役者	2
往復	2
往復切符	2
征服	2
待た	2
待たされた	2
待たず	2
待たせいたしました	2
待たなけれ	2
待ちました	2
待ち合わせ	2
待ってた	2
待合室	2
後ずさり	2
後方	2
後部	2
従いなさい	2
従わ	2
従わざる	2
従わなかった	2
従わねば	2
得ました	2
得られない	2
得られなかった	2
御多幸	2
御座いました	2
御意見	2
御馳走様	2
復帰	2
復讐	2
微乳	2
微笑んで	2
心理的	2
心細い	2
心配です	2
必要ない	2
必需品	2
忍んで	2
志す	2
志願	2
忘れてる	2
忘れろ	2
忙しそうだ	2
忙しそうだった	2
忙殺	2
応える	2
応じて	2
応募者	2
応接室	2
忠実	2
快方	2
快楽	2
快適	2
怒らせない	2
怒らせる	2
怒鳴り	2
怖がってる	2
怖がらす	2
思いきって	2
思いたい	2
思いどおり	2
思い付いた	2
思い出させる	2
思い出せない	2
思い切って	2
思い切り	2
思い込んで	2
思われます	2
思案	2
思考	2
怠ける	2
怠った	2
怠って	2
怠惰で	2
怠慢	2
急ぎ	2
急斜面	2
急行	2
急騰	2
性	2
性的	2
怪物	2
恋しい	2
恐れてる	2
恐れる	2
恐竜	2
恐縮	2
恥ずかしくない	2
恥ずかしさ	2
恨み	2
恩	2
恩人	2
恩義	2
恵み	2
恵一	2
悔やんで	2
患って	2
悩まされて	2
悪そう	2
悪事	2
悪人	2
悪党	2
悪化	2
悪友	2
悪女	2
悪意	2
悪態	2
悪戦苦闘	2
悪気	2
悪趣味	2
悲しそうだった	2
悲報	2
悲惨	2
悲観的	2
想定	2
意義深い	2
愚痴	2
愛しい	2
愛国者	2
愛車	2
感じました	2
感じられた	2
感動的	2
感嘆符	2
感情的	2
慌てて	2
慣らす	2
慣れます	2
慣れるでしょう	2
慰め	2
慰めよう	2
憂うつ	2
憂鬱	2
憎しみ	2
憤怒	2
憶えてる	2
成さない	2
成した	2
成った	2
成って	2
成らず	2
成る	2
成年	2
成果	2
我が国	2
我が子	2
我が身	2
我ら	2
或る	2
戦え	2
戦さ	2
戦って	2
戻す	2
戻らなかった	2
戻りました	2
戻るべきだ	2
所得	2
所為	2
手ごろ	2
手ぶら	2
手伝いなさい	2
手伝いました	2
手伝いましょう	2
手伝います	2
手伝わなけれ	2
手元	2
手品	2
手品師	2
手投げ弾	2
手持ち	2
手探り	2
手放した	2
手数料	2
手料理	2
手本	2
手短	2
手触り	2
手遅れ	2
手間	2
手首	2
打たれる	2
打ち上げた	2
打ち合わせ	2
打ち所	2
打ち明けた	2
打ち明けて	2
打て	2
払いましょう	2
払え	2
扮装	2
扱いましょう	2
扱います	2
扱う	2
扱うべきだ	2
扱わなけれ	2
扱われる	2
承ります	2
抑え	2
投げる	2
投げ売り	2
投獄	2
抗争	2
折	2
折って	2
折り返し	2
抜いた	2
抜かす	2
抜き	2
抜ける	2
抱えた	2
抱き	2
抱きついた	2
押した	2
押し入ろう	2
押し開けよう	2
抽出	2
担当	2
拍手喝采	2
拒む	2
拒んだ	2
招かざる	2
招く	2
拡大	2
拭いた	2
拳銃	2
拾って	2
持たせて	2
持たれ	2
持ちあわせ	2
持ちします	2
持ちです	2
持ち上げられる	2
持ち上げる	2
持ち合わせ	2
持ち味	2
持ち込み	2
持ち込んで	2
持場	2
指先	2
指図	2
挑んだ	2
挑戦	2
挙げる	2
挟む	2
振ってる	2
振り回して	2
振り返って	2
振る	2
挿入語句	2
捕らえて	2
捕らぬ	2
捜してる	2
捧げた	2
掌	2
排気ガス	2
掘り下げて	2
掛け	2
掛けました	2
掛ける	2
掟	2
探してた	2
探偵小説	2
接続	2
控えてる	2
推定	2
推理	2
掴んだ	2
掴んで	2
揃えろ	2
描かれて	2
描けた	2
描写	2
提案事項	2
提灯	2
握り	2
揺られて	2
揺りかご	2
揺れて	2
揺れる	2
損なった	2
損なわれた	2
損害賠償	2
携帯電話	2
摂った	2
摘んで	2
撃たれる	2
撃ち	2
撮り	2
撮りました	2
撮影	2
擦り減った	2
支える	2
支払わなけれ	2
支持者	2
支障	2
改革案	2
攻撃的	2
放す	2
放って	2
放り投げた	2
放免	2
放棄	2
放縦	2
政策	2
故に	2
故意	2
敏感で	2
救い	2
救える	2
救出	2
救援	2
敗れた	2
敗北	2
教えてる	2
教えられる	2
教職	2
教訓	2
散って	2
散らかって	2
散らばった	2
散る	2
散策	2
敬う	2
敬語	2
数える	2
数十人	2
数千人	2
数名	2
数年	2
数時間	2
数本	2
数枚	2
数種	2
数軒	2
整えなきゃ	2
整って	2
整備士	2
敷いた	2
敷居	2
文字どおり	2
文字通り	2
文明	2
文無し	2
料金表	2
断じて	2
断り方	2
断言	2
新作映画	2
新党	2
新刊	2
新刊本	2
新型車	2
新宿駅	2
新聞配達	2
新製品	2
新計画	2
方向音痴	2
方方	2
旅人	2
旋回	2
日なた	2
日取り	2
日常	2
日本経済	2
日本車	2
日本酒	2
日焼け止め	2
日程	2
日記帳	2
日課	2
早すぎる	2
早まった	2
早めの	2
早急	2
早期	2
旬	2
旱魃	2
昇り	2
明ける	2
明らかだった	2
明るいです	2
明るかった	2
昏睡状態	2
易	2
易く	2
易し	2
易しい	2
昔々	2
映す	2
映った	2
春休み	2
春眠	2
昼ご飯	2
時たま	2
時分	2
時間つぶし	2
景品	2
晴れるでしょう	2
晴天	2
暁	2
暇です	2
暇潰し	2
暑いです	2
暖かかった	2
暗かった	2
暗がり	2
暗くて	2
暗くなった	2
暗号	2
暗殺	2
暮らせ	2
暮れた	2
暴風	2
暴風雨	2
曇り	2
更新	2
書きましょう	2
書き物	2
書け	2
書けなかった	2
書ける	2
書店	2
曹操	2
替えて	2
替わって	2
最小限	2
最年長	2
最悪だ	2
最新作	2
最終列車	2
最終幕	2
最高傑作	2
最高裁	2
月々	2
月収	2
月末	2
有り金	2
有り難う	2
有利	2
有利だ	2
有力者	2
有名で	2
有数	2
有望	2
有用	2
有益	2
有難う	2
服す	2
服従	2
朕	2
望んでる	2
朝飯前	2
木曜	2
木登り	2
木立	2
未熟児	2
未解決	2
未遂	2
末っ子	2
本当だった	2
本心	2
本社	2
本能	2
本質的	2
札	2
村中	2
来なけれ	2
来ません	2
来やがった	2
来れ	2
杭	2
東京都民	2
東加古川	2
東西	2
松	2
果実	2
枯れた	2
染まった	2
柔らかく	2
柔らかくて	2
柿	2
校則	2
校舎	2
校長先生	2
核心	2
桑田	2
梅	2
梅エキス	2
梅雨入り	2
梨	2
梯子	2
森林火災	2
植えた	2
植物園	2
検索	2
検索エンジン	2
業者	2
極まりない	2
楽々	2
楽しませる	2
楽だ	2
楽園	2
構う	2
構え	2
構えた	2
槍	2
模範	2
権兵衛	2
橋本	2
欠いて	2
欠勤	2
欠航	2
次回	2
欲しいです	2
欲しく	2
欲しくて	2
欲しくない	2
歌ってる	2
歌声	2
歓声	2
止まり	2
止まります	2
止めない	2
止められない	2
止めるべきだ	2
止んで	2
正体	2
正確さ	2
正確だ	2
正確で	2
正装	2
武力	2
歩かなけれ	2
歩きました	2
歩け	2
歩けない	2
歩けます	2
歩み	2
歩み寄って	2
歩行	2
歩道橋	2
歯止め	2
歯石	2
歯茎	2
歯車	2
歴史上	2
歴史学	2
歴史的	2
死すべき	2
死ななかった	2
死にかけてる	2
死んじゃう	2
死んじゃった	2
死去	2
死因	2
死守	2
死者数	2
残されて	2
残らない	2
残り物	2
残業	2
残骸	2
殴られた	2
殴る	2
殺さない	2
殺されて	2
殺し	2
殺せる	2
殺人犯	2
殺害	2
殺虫剤	2
殻	2
母ちゃん	2
母国	2
母語	2
毎日曜日	2
比べた	2
比例	2
比較的	2
毛嫌い	2
毛織物	2
民主的	2
気がかり	2
気さく	2
気づきました	2
気に入り	2
気まぐれ	2
気付かなかった	2
気分転換	2
気前よく	2
気球	2
気軽	2
気難しそう	2
水たまり	2
水曜日	2
水泳大会	2
水浸し	2
水瓶	2
水色	2
氾濫	2
求め	2
求めよう	2
汝	2
江戸時代	2
決まってる	2
決まらない	2
決まりました	2
決めなくて	2
決めなさい	2
決めよう	2
決勝	2
決壊	2
決闘	2
沈魚落雁	2
沖縄	2
沸かして	2
治した	2
治らない	2
沿岸	2
法王	2
法的	2
泣きます	2
泣き面	2
泥まみれ	2
注	2
注いだ	2
洗います	2
洗うべきです	2
洗ったら	2
洗わせた	2
洗剤	2
洞察力	2
洞穴	2
洩れず	2
活字	2
派手	2
流された	2
流す	2
流れる	2
流行遅れ	2
浅瀬	2
浮き名	2
浮く	2
浴び	2
浴びます	2
海がめ	2
海域	2
海岸沿い	2
海苔	2
海面	2
消し	2
消化	2
消耗	2
消費者	2
深まる	2
深める	2
深夜	2
混ぜて	2
混んでる	2
添わなかった	2
添削	2
渇き	2
渋って	2
減らした	2
減らす	2
減税	2
渡れます	2
温かく	2
温める	2
測った	2
湧き	2
湿度	2
湿気	2
満たした	2
満員です	2
満室	2
満席です	2
満足です	2
源	2
溢れかえって	2
溶かして	2
溺死	2
滄海	2
滅ぼした	2
滑走路	2
漁師	2
漏れず	2
演じる	2
演奏会	2
演技	2
潔く	2
潜ったら	2
潮時	2
火元	2
火花	2
灰皿	2
炎上	2
点検	2
無け	2
無けれ	2
無傷で	2
無効	2
無心	2
無料だ	2
無料です	2
無断	2
無理です	2
無理矢理	2
無知で	2
無色	2
無責任	2
無重力	2
無鉄砲で	2
無関心	2
無関心だ	2
焦げて	2
焦って	2
然も	2
焼き	2
焼き立て	2
焼けて	2
焼け野原	2
煌々と	2
照り付けた	2
照会	2
煮えくり返る	2
熟した	2
熟して	2
熟睡	2
熱り	2
熱帯	2
熱望	2
燃えてる	2
燃やす	2
爆弾処理班	2
爆睡	2
爆破	2
爆笑	2
爪先立ち	2
父ちゃん	2
片手	2
片目	2
片親	2
片言	2
牧草地	2
物体	2
物理学者	2
物覚え	2
物資	2
特別賞	2
特定	2
犠牲者	2
犬小屋	2
狂う	2
狂って	2
独りぼっち	2
独奏	2
独学	2
独房	2
独特の	2
独自の	2
独裁者	2
猟師	2
献身	2
猿芝居	2
獣	2
獣医	2
玄米	2
玄関先	2
率先	2
玩具	2
珍味	2
現さなかった	2
現れなかった	2
現住所	2
現地人	2
現役	2
現行犯	2
現象	2
理事	2
理念	2
理性	2
理科	2
瑠璃鶇	2
瓜二つ	2
甘えて	2
甘すぎる	2
甘ったるい	2
生えて	2
生かす	2
生きたい	2
生き字引	2
生やしたら	2
生んだ	2
生存本能	2
生理	2
産まない	2
産出	2
産卵	2
用心	2
田中博士	2
田舎道	2
由	2
甲殻類	2
申し出た	2
申告	2
男子生徒	2
町長	2
画廊	2
画竜点睛	2
留まる	2
留めて	2
留守番電話	2
畜生	2
番線	2
疑問視	2
疑念	2
疲れてる	2
疲れました	2
疲労	2
疲労感	2
病む	2
病弱	2
病状	2
痒い	2
痕跡	2
痘痕	2
痛かっ	2
痛かった	2
痛かったでしょう	2
痛くない	2
痛み止め	2
痛めました	2
療法	2
癒して	2
発ちます	2
発作	2
発売	2
発揮	2
発送	2
発露	2
登場	2
登校	2
白目	2
白身	2
白髪	2
百地三太夫	2
的外れ	2
皆様	2
皮算用	2
皮肉	2
盗った	2
盗って	2
盗まれちゃった	2
盗られた	2
盗聴	2
盛大	2
目もと	2
目上	2
目撃者	2
目的語	2
目立ち	2
目立つ	2
目覚まし	2
目覚める	2
直さない	2
直径	2
直後	2
直接税	2
直美	2
直行	2
直視	2
相当の	2
相手方	2
相棒	2
相談相手	2
相違	2
省く	2
真っ暗	2
真っ暗だった	2
真っ白	2
真っ白だ	2
真っ赤だった	2
真っ青	2
真っ青だった	2
真ん前	2
真下	2
真中	2
真実味	2
真実性	2
真東	2
眠かった	2
眠そうだ	2
着くでしょう	2
着てた	2
着なさい	2
着ました	2
着替え	2
着替えなきゃ	2
着用	2
知らされて	2
知らせください	2
知らせました	2
知らぬ	2
知りたかった	2
知りました	2
知り合う	2
知れ渡った	2
知的	2
知能	2
短くて	2
短すぎない	2
短所	2
石ころ	2
石橋	2
石油王	2
石田	2
石頭	2
砂利	2
砂浜	2
砕け	2
破って	2
破らない	2
破片	2
破裂	2
確かだった	2
確かめた	2
確かめたい	2
確かめなさい	2
確かめました	2
確立	2
磔	2
示しなさい	2
示しましょう	2
礼儀	2
礼儀正しく	2
社	2
社員	2
祈ります	2
祈ろう	2
祖先	2
神々	2
神田	2
神社	2
神秘	2
神経質	2
禍	2
福	2
福祉	2
私事	2
私物	2
私立探偵	2
秋也	2
秘訣	2
称えて	2
移した	2
移す	2
移った	2
移って	2
移れ	2
移動	2
稀	2
程なく	2
程蝶衣	2
程遠い	2
税制改革	2
種族	2
穀物	2
積もって	2
積んだ	2
穏やか	2
穏和だ	2
穴居人	2
究極	2
空けろ	2
空だった	2
空っぽだ	2
空です	2
突き出て	2
突き進んだ	2
突入	2
突如	2
窓口	2
窓際	2
窮乏	2
立たなかった	2
立ちすくんだ	2
立ちなさい	2
立ち上がり	2
立ち去って	2
立ち去らせた	2
立ち向かうべきだ	2
立ち止まった	2
立ってる	2
立てれ	2
競争力	2
競馬	2
竹内	2
笑ったり	2
笑ってた	2
笑み	2
笑わなかった	2
笑われた	2
笑われる	2
笑窪	2
第12章	2
第13章	2
第18章	2
第19章	2
第80章	2
第84章	2
第一人者	2
第一子	2
筆者	2
筆舌	2
筆記用具	2
筆跡	2
筈	2
筋	2
答えました	2
答えよ	2
答えよう	2
箍	2
箔	2
算出	2
管理	2
簡単です	2
簡単に	2
簡潔	2
簡素	2
粉	2
粉薬	2
粘り強い	2
精	2
糞	2
糧	2
紀子	2
約3.5km	2
約61人	2
約63人	2
約73人	2
約74人	2
約90人	2
約94人	2
約97人	2
紅葉	2
紐	2
純金	2
紛争	2
素人	2
細部	2
終えたら	2
終えます	2
終えよう	2
終わらせたい	2
終わらせなさい	2
終わります	2
終結	2
組	2
組み立て	2
組む	2
組合	2
絆	2
経て	2
経歴	2
経済状態	2
経過	2
結ぶ	2
結んだ	2
絵の具	2
絵葉書	2
絶えない	2
絶好	2
絶頂	2
絹	2
継ぐだろう	2
継母	2
続くでしょう	2
続けなけれ	2
続けなさい	2
網羅	2
綴じる	2
総員	2
緒	2
線路	2
締めなさい	2
締める	2
編んじゃった	2
縁起	2
縄梯子	2
縛られて	2
縫う	2
繁栄	2
繊細	2
繰り返した	2
缶詰	2
罪悪感	2
置いといて	2
置かれて	2
罰金	2
羊毛	2
美しいでしょう	2
美味しいです	2
美男子	2
羽目	2
習いました	2
老い	2
老練	2
老齢	2
考えざる	2
考えない	2
考えなかった	2
考えねば	2
考えまい	2
考えられる	2
考えろ	2
考え過ぎだ	2
耐えた	2
耐えられなかった	2
耐えろ	2
耐え難い	2
耐え難かった	2
耐久性	2
耳抜き	2
聞いたろ	2
聞いてた	2
聞かせた	2
聞かなかった	2
聞き覚え	2
聞き飽きた	2
聞くべきだった	2
聞けなかった	2
聞こえてる	2
聴いてる	2
聴力	2
肉体労働	2
肥沃で	2
胆石	2
背丈	2
背筋	2
胡麻	2
胸倉	2
能	2
能率	2
脅されて	2
脅し	2
脅した	2
脱げ	2
脱獄	2
脱税	2
脱走	2
脳	2
腐海	2
腕利き	2
腕力	2
腕組	2
腫れてる	2
腰掛け	2
臍	2
臥薪嘗胆	2
自国	2
自室	2
自尊心	2
自席	2
自業自得	2
自活	2
自由だ	2
自転車通勤	2
至る	2
致します	2
舟	2
舵	2
船内	2
船田	2
良かったです	2
良き	2
良くて	2
良けれ	2
良さそう	2
良書	2
色即是空	2
色合い	2
芝刈り	2
花嫁	2
花屋	2
花札	2
花火	2
花粉症	2
花見	2
芸当	2
苗字	2
苛立って	2
若さ	2
若すぎる	2
若そう	2
若人	2
苦しむ	2
苦しんでる	2
苦悩	2
英字新聞	2
英語力	2
茹でて	2
荒い	2
荒れて	2
荒れる	2
荷	2
荷台	2
菜食主義者	2
落ちちゃった	2
落ち着かせる	2
落ち着き	2
落っこちた	2
落とさない	2
落とされました	2
落書き	2
落第	2
落胆	2
落葉	2
葉巻	2
著書	2
葵	2
蒸気	2
蒸発	2
蓄え	2
蓄積	2
薄く	2
薔薇	2
薪	2
薬局	2
藪	2
虎子	2
虎穴	2
虚偽	2
虚構	2
蜜	2
蜜蜂	2
融合	2
蟻	2
血液	2
行かせる	2
行きたがって	2
行き先	2
行くでしょう	2
行くべき	2
行くべきだ	2
行くべきで	2
行ってた	2
行われました	2
行われます	2
行儀作法	2
行列	2
行楽シーズン	2
衣類	2
衣食	2
表示	2
表紙	2
表象	2
衰えた	2
衰えて	2
衰弱	2
被って	2
被験者	2
裁判所	2
裂け目	2
装って	2
装置	2
装飾	2
裏切る	2
裏庭	2
裏手	2
補償	2
補助	2
補給	2
製造年月日	2
複数	2
複製	2
複雑骨折	2
襤褸	2
襲撃	2
西部劇	2
要	2
要った	2
要約	2
覆って	2
覆われた	2
見えなくなった	2
見えるだろう	2
見かけなかった	2
見かけます	2
見かける	2
見ず	2
見せかけ	2
見せたい	2
見せたくない	2
見せましょう	2
見たいです	2
見たくない	2
見つかったら	2
見つかって	2
見つからなかった	2
見てて	2
見とれて	2
見なけれ	2
見なして	2
見ませんでした	2
見られて	2
見られます	2
見れる	2
見下ろした	2
見事だ	2
見合わせた	2
見地	2
見守って	2
見本	2
見積もって	2
見送った	2
見送る	2
見逃して	2
見頃	2
規制	2
規則正しく	2
規律	2
視点	2
覚えず	2
覚えなきゃ	2
覚めて	2
親しいです	2
観点	2
角度	2
解いて	2
解ける	2
解体	2
解除	2
触れないで	2
触発	2
触覚	2
言いなり	2
言いません	2
言い当て	2
言い表せない	2
言うだろう	2
言うべきで	2
言えなかった	2
言えば	2
言えます	2
言ったじゃない	2
言ったでしょ	2
言ったでしょう	2
言わなかったろう	2
言わなきゃ	2
言語学	2
言語能力	2
計って	2
計り	2
訊いて	2
訓練士	2
記念碑	2
訛り	2
訪ねました	2
訪ねる	2
訪れ	2
訪れたい	2
訪れて	2
訪れます	2
設けた	2
設定	2
設計図	2
許さない	2
許されて	2
許されない	2
許さん	2
許しください	2
訳した	2
訳して	2
訳す	2
訳せない	2
訴える	2
訴訟	2
診断	2
詐欺	2
試した	2
試そう	2
試合中	2
試験中	2
詫びた	2
詰まって	2
詰まる	2
詰めた	2
話されます	2
話しかけられない	2
話しした	2
話しましょう	2
話し中	2
話し合わない	2
話すべきだ	2
話者	2
誉めて	2
認めない	2
認められない	2
認めろ	2
誓って	2
誓わせた	2
語句	2
説得力	2
説明書	2
読まなかった	2
読まれて	2
読まれました	2
読みやすい	2
読んだり	2
読んでた	2
読んでも	2
調理	2
調節	2
請求書	2
論じて	2
論破	2
諸君	2
謝らない	2
謝らなけれ	2
謝りなさい	2
識別	2
警備	2
警戒	2
豊かだ	2
豊作	2
豊富	2
豚	2
象徴	2
負えなかった	2
負かした	2
負けよう	2
負債	2
負担	2
財政上	2
貧しさ	2
貧乏で	2
貪欲	2
貫いた	2
責める	2
責任感	2
責任者	2
貯めて	2
貯金口座	2
貰う	2
貴重	2
買いたかった	2
買い物リスト	2
買えた	2
買ってる	2
買わない	2
買わねば	2
買収	2
資産	2
資金	2
賑やか	2
賢く	2
賢明だ	2
質問攻め	2
質素	2
購読	2
贅沢品	2
赤々と	2
赤ヒゲ	2
赤坂	2
赤字	2
赤毛	2
赤道下	2
赤面	2
赦免	2
走ってる	2
走りやすい	2
起きました	2
起こってる	2
起こらなかった	2
起こりうるだろう	2
起こりそうだ	2
起立	2
超	2
越えた	2
越えました	2
越える	2
越した	2
越して	2
趣	2
足す	2
足せます	2
足らない	2
足りなかった	2
足りなく	2
足音	2
跪け	2
路線	2
踊った	2
踊って	2
踊らねえ	2
踏む	2
踏んだ	2
踏んで	2
踵	2
蹴飛ばした	2
身元	2
身動き	2
車庫	2
車輪	2
軍曹	2
転勤	2
転落	2
輝かせて	2
輝かなく	2
輪	2
辛うじて	2
辛口	2
辛抱強く	2
辞めて	2
辞表	2
込まれた	2
迅速	2
迎えください	2
迎え下さい	2
近いです	2
近ごろ	2
近づかない	2
近づき	2
近よらぬ	2
近付いて	2
近寄って	2
近眼	2
近視眼的すぎる	2
近道	2
返さなけれ	2
返し	2
返信	2
返金	2
迫った	2
述べて	2
述べなさい	2
述べる	2
迷える	2
迷わない	2
迷信	2
追いかける	2
追いつこう	2
追放	2
退いた	2
退却	2
退学	2
送られた	2
送られて	2
送りました	2
送信	2
送別会	2
逃がして	2
逃げちゃった	2
逃げない	2
逃げれ	2
逃げ去った	2
逃した	2
逆さま	2
逆らって	2
途端	2
通ってる	2
通り過ぎた	2
通り過ぎて	2
通り道	2
通れない	2
通れる	2
通報	2
通行	2
通行止め	2
通行禁止	2
通話機	2
造った	2
造られた	2
造られて	2
連続	2
連続殺人犯	2
週給	2
進める	2
進んでる	2
進学	2
進行	2
遅くて	2
遅すぎます	2
遅れました	2
遅れるだろう	2
遊びなさい	2
遊んでた	2
運ばれた	2
運べない	2
運動神経	2
運転中	2
過ぎたる	2
過ごします	2
過信	2
過小評価	2
過度	2
過激	2
道化	2
道順	2
達するだろう	2
達者で	2
違うでしょ	2
違反	2
遠からずだ	2
遠吠え	2
遠回し	2
遠回り	2
遠慮なく	2
遠足	2
遠路はるばる	2
遠近法	2
適度	2
適当だ	2
適当に	2
適応	2
遮断	2
選ばれる	2
選択肢	2
遺体	2
遺憾	2
遺留品	2
遺言状	2
遺跡	2
避けよう	2
避けられない	2
避難	2
避難所	2
邪魔立て	2
郡刑務所	2
部署	2
郵便局員	2
郵便屋さん	2
郵送	2
郷里	2
都会生活	2
配布	2
配置	2
酔ってた	2
酔ってる	2
酔っ払い	2
酸っぱい	2
重傷	2
重税	2
野	2
野外コンサート	2
野次馬	2
野生	2
野蛮	2
野蛮人	2
量って	2
金づち	2
金もうけ	2
金使い	2
金子	2
金持ちだった	2
金時計	2
金棒	2
金槌	2
金科玉条	2
金貨	2
金銭面	2
針仕事	2
釣り糸	2
鈴木博士	2
鉄板焼き	2
鉱山	2
銀行マン	2
銀行家	2
銀行強盗	2
銘柄	2
鋤	2
鎖	2
鎮圧	2
長女	2
長続き	2
長野	2
長髪	2
閉じる	2
閉まってる	2
閉め	2
閉めろ	2
閉会	2
開かなかった	2
開かれて	2
開きなさい	2
閑古鳥	2
間に合わない	2
間中	2
間近です	2
間違いない	2
間違う	2
間違えます	2
間隔	2
関わる	2
関税	2
闇	2
防衛	2
防衛線	2
降りたら	2
降りなけれ	2
降りやすい	2
降りよう	2
降臨	2
限られて	2
陣地	2
除け	2
除名	2
除外	2
除草剤	2
陰口	2
陶器	2
険しい	2
隔て	2
隕石	2
障子	2
隠されて	2
隠しやがった	2
隠れてる	2
隣国	2
隣近所	2
雀	2
集まり	2
集まる	2
集まれ	2
集めてる	2
雇い主	2
雇う	2
雉	2
雑用	2
離党	2
難しいだろう	2
雨模様	2
雨脚	2
電力会社	2
電卓	2
電気ストーブ	2
電池	2
電球	2
電線	2
電話ボックス	2
震えた	2
震える	2
霊媒師	2
露	2
露天風呂	2
霹靂	2
青ざめて	2
青天	2
青春	2
青春時代	2
青色	2
静寂	2
非凡	2
非常事態	2
非常口	2
非常時	2
面会謝絶	2
面倒事	2
面前	2
面白く	2
面白くて	2
面白そう	2
面舵	2
面食らった	2
鞘	2
音量	2
響き	2
頂き	2
頂けません	2
順	2
預け	2
預けた	2
預けて	2
預ける	2
頑張れる	2
領域	2
頭皮	2
頭脳	2
頭角	2
頭部	2
頭韻	2
頼った	2
頼める	2
頼んだら	2
顎	2
顎ひげ	2
願います	2
願う	2
願望	2
類似	2
顧問弁護士	2
顧客	2
風味	2
風潮	2
風船	2
飛び去った	2
飛び越えた	2
飛び降りた	2
飛行場	2
飛行艇乗り	2
食い	2
食べきれない	2
食べたくない	2
食べなかった	2
食べなきゃ	2
食べなくて	2
食べれ	2
食べ終わった	2
食わせる	2
食わない	2
食事制限	2
食事療法	2
食生活	2
飢えてる	2
飲まれます	2
飲まれる	2
飲み込み	2
飲み込んだ	2
飲める	2
飲んじゃ	2
飲食物	2
飼育	2
飾らない	2
養えない	2
餓えた	2
首輪	2
馬鹿じゃない	2
馬鹿だ	2
駄々	2
駆けよって	2
駆け落ち	2
騎手	2
騒がしく	2
騙して	2
騙す	2
驚きました	2
骸骨	2
高すぎない	2
高まった	2
高品質	2
高熱	2
高速道路	2
高騰	2
鬼ごっこ	2
魅力的で	2
魔	2
魔力	2
魔術	2
鮭	2
鯉	2
鱗	2
鳴いて	2
鳴かず	2
鳴ってる	2
鳴らして	2
鳴らす	2
鳴動	2
鴨	2
麻原	2
麻痺	2
麻薬中毒	2
麻雀	2
麿	2
黄色く	2
黄金	2
黒く	2
黒猫	2
黙った	2
黙る	2
鼻水	2
鼻血	2
？！	2
Ａ社	2
Ｂ	2
ＢＰＮ	2
ＣＤプレーヤー	2
ＤＪ	2
ＦＢＩ	2
Ｈ	2
～～	2
--	1
1ミリ	1
43	1
44	1
45	1
48	1
53	1
57	1
59	1
62	1
64	1
67	1
76	1
77	1
93	1
95	1
99	1
A.M.9時	1
DNS	1
ggrks	1
kwsk	1
·	1
α	1
——	1
□	1
々	1
〝	1
〟	1
あああ	1
あああああ	1
ああん	1
ああー	1
ああーー	1
ああーーーー	1
あいうえお	1
あいた	1
あいだ	1
あいちゃった	1
あいてる	1
あいまい	1
あいました	1
あいます	1
あいみつ	1
あうだろう	1
あうん	1
あえいで	1
あえる	1
あおく	1
あおなにしお	1
あおられた	1
あおられて	1
あおり	1
あお向け	1
あかあかと	1
あかちゃん	1
あかつき	1
あかねさす	1
あかんかった	1
あがって	1
あがります	1
あがる	1
あき	1
あきて	1
あきなって	1
あきらめ	1
あきらめさせた	1
あきらめざる	1
あきらめないで	1
あきらめました	1
あきらめません	1
あくどい	1
あぐら	1
あけなさい	1
あげあし	1
あげく	1
あげたいそうだ	1
あげなけれ	1
あげられねば	1
あげられる	1
あげるだろう	1
あげれる	1
あげろ	1
あこがれ	1
あこがれる	1
あさがすみ	1
あさって	1
あざだらけ	1
あざむこう	1
あざわらう	1
あざ笑い	1
あざ笑った	1
あざ笑って	1
あしからず	1
あしかれ	1
あしひきの	1
あしびき	1
あしらった	1
あずかり	1
あそばれて	1
あたしゃ	1
あたたかい	1
あたたかく	1
あたらせて	1
あたり下さい	1
あだ名	1
あちらこちら	1
あっけなく	1
あったっけ	1
あったらしい	1
あっている	1
あっと	1
あつあつ	1
あつかましく	1
あでやか	1
あと知恵	1
あながち	1
あなたがた	1
あなた方	1
あなた達	1
あなどって	1
あのさ	1
あのねえ	1
あばた	1
あびて	1
あびらうんけん	1
あびらうんけんそわか	1
あふれる	1
あふれん	1
あぶられた	1
あほだ	1
あほんだら	1
あまい	1
あまりに	1
あまりにも	1
あめ	1
あや	1
あやうからず	1
あらがね	1
あらず	1
あらたまの	1
あらためて	1
あらっ	1
あらね	1
あらわ	1
あらわした	1
あらわして	1
あらわす	1
あら捜し	1
あら玉	1
ありあり	1
ありうべき	1
ありえないだろ	1
ありえる	1
ありえるだろう	1
ありがた	1
ありがたみ	1
ありがちだろ	1
ありそうだ	1
ありそうだった	1
ありたい	1
ありったけ	1
ありつく	1
ありなん	1
ありのまま	1
ありましたら	1
ありんす	1
あるいた	1
あるそうだ	1
あるそうです	1
あるだろう	1
あるていど	1
あるでしょ	1
あるでしょう	1
あるべき	1
あるまじき	1
ある日	1
ある程度	1
あれぇ	1
あれこれ	1
あれっ	1
あれほど	1
あれます	1
あれら	1
あわされた	1
あわせた	1
あわただしかった	1
あわてもの	1
あわれ	1
あん	1
あんぜん	1
あんたん	1
あんね	1
あーあ	1
あーっ	1
あ～っ	1
あ～～っ	1
いいかげんに	1
いいます	1
いいや	1
いい加減だ	1
いえいえ	1
いえば	1
いおう	1
いかせて	1
いかだ	1
いかないだろう	1
いかなきゃ	1
いかなくて	1
いかねば	1
いかれ	1
いかれちまった	1
いがみあって	1
いきおい	1
いきつけ	1
いきほひ	1
いきましょう	1
いきられない	1
いくさ	1
いくでしょう	1
いくばく	1
いけそう	1
いけないだ	1
いけね	1
いけねえ	1
いけます	1
いけるでしょう	1
いけん	1
いさかい	1
いさめた	1
いざこざ	1
いざしらず	1
いじったら	1
いじって	1
いじめた	1
いじめて	1
いじめてた	1
いじられる	1
いじわる	1
いそぎ	1
いたがる	1
いたく	1
いたくない	1
いたしかねます	1
いたしました	1
いたずらっぽく	1
いただい	1
いただいた	1
いただいてる	1
いただきました	1
いただきません	1
いただけ	1
いただけない	1
いただけますでしょう	1
いただける	1
いただけるでしょう	1
いただけれ	1
いたで	1
いたでしょう	1
いたなかった	1
いたるところ	1
いたわった	1
いだけ	1
いち	1
いちかばちか	1
いちがんにそくさんたんしりき	1
いちげき	1
いちご	1
いちごいちえ	1
いちごいちゑ	1
いちごまつだい	1
いちごん	1
いちごんいっく	1
いちじく	1
いちど	1
いちにち	1
いちばんはずれ	1
いちゃつくな	1
いっ	1
いっかい	1
いっきに	1
いっけんらくちゃく	1
いっしょに	1
いっせいに	1
いっぱいで	1
いっぱいの	1
いつくしみ	1
いつごろ	1
いつしか	1
いつもの	1
いづれ	1
いてっ	1
いです	1
いとわない	1
いな	1
いないで	1
いないでしょう	1
いないみたい	1
いなか	1
いなくなった	1
いなくなっちゃ	1
いなくなって	1
いなめない	1
いぬ	1
いのしし	1
いのち	1
いは	1
いびつ	1
いまきた	1
いまだ	1
いやいや	1
いやしない	1
いやだった	1
いやらしい	1
いよ	1
いらして	1
いらしゃいました	1
いらず	1
いらだって	1
いらっしゃいました	1
いらっしゃった	1
いらっしゃらない	1
いらっしゃることでしょう	1
いらっしゃるでしょう	1
いらっしゃるらしい	1
いられ	1
いられたら	1
いられません	1
いります	1
いりません	1
いるそうで	1
いるそうです	1
いるだ	1
いるのでしょう	1
いるべきで	1
いるみたいだ	1
いるんだろう	1
いれかえる	1
いれず	1
いれもの	1
いろいろと	1
いろいろの	1
いろり	1
いわずもがな	1
いんぎん	1
いんしょうしつだい	1
いん石	1
い～っぱい	1
ぅ	1
うあっ	1
うあッ	1
うううあっ	1
うおーっ	1
うかうか	1
うけたまわります	1
うけとめた	1
うごかない	1
うごけなかった	1
うざすぎて	1
うしろ	1
うじゃうじゃ	1
うず	1
うずうず	1
うせやがれ	1
うせろ	1
うたう	1
うたたね	1
うたた寝	1
うたないで	1
うだっちゃう	1
うだつ	1
うちひしがれた	1
うちら	1
うっかり者	1
うっせえ	1
うっとうしい	1
うつり	1
うつろ	1
うつ病	1
うなぎ上り	1
うなされた	1
うなずいて	1
うなずき	1
うなり	1
うぬぼれ	1
うばって	1
うぽつ	1
うま	1
うまいそうだ	1
うまいで	1
うまいらしい	1
うまくいく	1
うまくいって	1
うまこ	1
うまそうだ	1
うようよ	1
うらやましかった	1
うるうる	1
うるさく	1
うるさくて	1
うるさ～い	1
うるせぇ	1
うれしそうだ	1
うれし涙	1
うろこ	1
うろたえた	1
うろちょろ	1
うろついて	1
うろついてた	1
うろついてる	1
うろつき	1
うろ覚え	1
うわあっ	1
うわ～っ	1
うわ～ん	1
うんざりだ	1
うんとお金	1
うーん	1
うーんっ	1
う～	1
う～む	1
えぇっ	1
ええいっ	1
えええー	1
ええっ	1
ええと	1
えき	1
えぐい	1
えた	1
えぬ	1
えび	1
えびたい	1
えません	1
えも	1
えらい	1
えらく	1
えりもと	1
える	1
えん	1
えんぎ	1
えんぴつ	1
えーい	1
えーっと	1
え～	1
え～い	1
え～っと	1
おぃ	1
おいおい	1
おいくつ	1
おいくら	1
おいしく	1
おいしくありませんでした	1
おいとま	1
おいは	1
おうさま	1
おう吐物	1
おえ	1
おえず	1
おえて	1
おえました	1
おおう	1
おおおう	1
おおかれ	1
おおき	1
おおきな	1
おおく	1
おおごと	1
おおった	1
おおって	1
おおむね	1
おおわれた	1
おおわれて	1
おかけしました	1
おかげさま	1
おかし	1
おかしくて	1
おかしそう	1
おかした	1
おかない	1
おかねえ	1
おかまいなく	1
おきた	1
おきました	1
おきましょう	1
おきる	1
おくつろぎ下さい	1
おくべき	1
おくべきでした	1
おくれた	1
おこせ	1
おこった	1
おこったら	1
おこってんの	1
おこなった	1
おさえた	1
おさまって	1
おさまる	1
おさめといて	1
おさめどき	1
おし	1
おしかける	1
おしたら	1
おしとやか	1
おしなべて	1
おしま	1
おしまい	1
おしろ	1
おじゃま	1
おじゃる	1
おせじ	1
おそく	1
おそすぎる	1
おそれいります	1
おそれて	1
おそわれた	1
おたがい	1
おたがいさま	1
おたまじゃくし	1
おちいった	1
おちいって	1
おちいる	1
おちた	1
おちつかないで	1
おちゃのこさいさい	1
おちょくってる	1
おっきい	1
おっくう	1
おっしゃった	1
おっしゃりたい	1
おっす	1
おっと	1
おっぱい	1
おつかまり下さい	1
おつもり	1
おてなみ	1
おてんば娘	1
おでん	1
おとこ	1
おとして	1
おとつい	1
おとなしい	1
おとろえた	1
おどして	1
おなかいっぱいです	1
おなかすいた	1
おなら	1
おにぎり	1
おねえちゃん	1
おねがいします	1
おねしょ	1
おねだり	1
おの	1
おのおの	1
おのれ	1
おはし	1
おはーひゃん	1
おばあ	1
おばけ	1
おびえなかった	1
おびただしい	1
おびて	1
おぶって	1
おぼえ	1
おぼえず	1
おぼえて	1
おぼれ	1
おま	1
おまちかね	1
おみごとです	1
おめえ	1
おめでたい	1
おめでとうございます	1
おもいです	1
おもいます	1
おもくるしく	1
おもしれぇ	1
おもしろいだろう	1
おもしろかったです	1
おもしろがった	1
おもしろく	1
おもしろくて	1
おもしろくない	1
おもしろけれ	1
おもに	1
おもわれ	1
おもわれた	1
おやすい	1
おやっ	1
おやりなさい	1
およぎ	1
おられた	1
おらん	1
おり	1
おれたち	1
おれぬ	1
おろか者	1
おろそか	1
おわ	1
おわかりです	1
おわっ	1
おわび	1
おわり	1
おんあびらうんけん	1
おんそらそばていえいそわか	1
おんな	1
おんぼろ	1
おジャマ	1
おー	1
お三方	1
お上がりください	1
お世話さま	1
お世辞	1
お久しぶり	1
お互いさま	1
お互い様	1
お人形	1
お代	1
お会い	1
お伝えください	1
お伝え下さい	1
お伴	1
お伺い	1
お住まいです	1
お便所	1
お値打ち品	1
お偉い	1
お元気	1
お先	1
お入れください	1
お出しください	1
お出で	1
お出汁	1
お勘定	1
お化粧	1
お友だち	1
お友達	1
お召しもの	1
お召し上がりください	1
お名前	1
お吸い	1
お味	1
お呼びいただけません	1
お団子	1
お国	1
お大事に	1
お好きで	1
お好きです	1
お好み焼き屋	1
お姉ちゃ	1
お姉ちゃ～ん	1
お姑	1
お婆さん	1
お婆ちゃん	1
お嫁さん	1
お嬢	1
お嬢様	1
お孝ちゃん	1
お孫さん	1
お守り	1
お寄りください	1
お小遣い	1
お届け	1
お屋敷	1
お巡り	1
お巡りさん	1
お布団	1
お平ら	1
お年	1
お庭	1
お弁当	1
お役	1
お待ち	1
お得	1
お得じゃない	1
お得です	1
お心遣い	1
お忘れなく	1
お急ぎください	1
お手のもの	1
お手の物	1
お手並み	1
お手伝いさん	1
お手製	1
お手間	1
お持ち	1
お持ちなさい	1
お掛けなさい	1
お探し	1
お探しで	1
お日様	1
お旺盛	1
お昼ごはん	1
お暇	1
お暇です	1
お札	1
お構いなく	1
お正月休み	1
お母さま	1
お母ちゃん	1
お決まり	1
お泊まり会	1
お泊り	1
お洒落	1
お涙頂戴	1
お済み	1
お済みです	1
お湯割り	1
お父さま	1
お父さ～ん	1
お爺ちゃん	1
お疑い	1
お疲れ様	1
お砂糖	1
お祈り	1
お祖母	1
お祭り騒ぎ	1
お立ち	1
お粥	1
お終い	1
お締めください	1
お聞き	1
お聞きします	1
お肌	1
お茶色	1
お荷物	1
お薦め	1
お見せ	1
お見積もり	1
お見舞い	1
お計らい	1
お許しください	1
お許し下さい	1
お詰めください	1
お誕生日カード	1
お説教	1
お豊	1
お買い上げ	1
お買い得だ	1
お買い得です	1
お買い物	1
お越しください	1
お迎え	1
お返事	1
お送り	1
お送りしました	1
お送りしましょう	1
お連れ	1
お遊び	1
お遍路	1
お過ごしでした	1
お酢	1
お金もち	1
お金持ちだ	1
お金持ちだった	1
お金持ちです	1
お釜	1
お鍋	1
お門違い	1
お隣同士	1
お電話	1
お電話番号	1
お風邪	1
お食べ下さい	1
お餅	1
お馬	1
お魚	1
お～い	1
かいかつ	1
かいしん	1
かいつまんで	1
かえ	1
かえて	1
かえろう	1
かお	1
かおなし	1
かかえて	1
かかかけ	1
かかげた	1
かかす	1
かからない	1
かからなかった	1
かかり	1
かかりそう	1
かかりそうです	1
かかりたい	1
かかりたかった	1
かかりましょう	1
かかるべきです	1
かかれて	1
かかろう	1
かがみ	1
かがめた	1
かき	1
かきとめさせて	1
かきます	1
かきむしり	1
かき回した	1
かき回す	1
かき方	1
かき混ぜ	1
かき混ぜて	1
かぎらない	1
かくして	1
かくだろう	1
かくれました	1
かくれんぼ	1
かけがえ	1
かけさせます	1
かけした	1
かけして	1
かけしました	1
かけしまして	1
かけすぎます	1
かけずり	1
かけたくない	1
かけてる	1
かけときなさい	1
かけないで	1
かけなかった	1
かけなけれ	1
かけましょう	1
かけるべきだ	1
かけろ	1
かけ引き	1
かけ込んだ	1
かけ離れた	1
かさ	1
かさない	1
かさなかった	1
かさんで	1
かざる	1
かし	1
かしこまりました	1
かしこも	1
かして	1
かじかんで	1
かじりついて	1
かすか	1
かすぎ	1
かすれ声	1
かせいだ	1
かたづけた	1
かたづけたくない	1
かたづける	1
かたづけるでしょう	1
かたみ	1
かたわれ	1
かたわれ時	1
かっさらえ	1
かった	1
かって	1
かっとして	1
かつら	1
かでん	1
かどうか	1
かなぁ～	1
かないます	1
かなえて	1
かなえられた	1
かなた	1
かなづち	1
かなわぬ	1
かねぇ	1
かねがね	1
かねて	1
かねない	1
かねます	1
かねる	1
かの	1
かのじょ	1
かぶせなさい	1
かぶり	1
かぶれ	1
かぼちゃプリン	1
かま	1
かまけて	1
かまじいさん	1
かまない	1
かまれた	1
かまれました	1
かまわず	1
かまわないでしょう	1
かまわん	1
かみがみ	1
かみそり	1
かみついた	1
かみつく	1
かみなさい	1
かみ合って	1
かゆく	1
からかった	1
からかって	1
からから	1
からかわれた	1
からかわれる	1
からがら	1
からきし	1
からまりやすい	1
からみつきます	1
かりたい	1
かれて	1
かれら	1
かろう	1
かわいいだろ	1
かわいいです	1
かわいがって	1
かわいがり過ぎる	1
かわいくて	1
かわいさ	1
かわいらしく	1
かわかして	1
かわして	1
かわった	1
かわったら	1
かわって	1
かわりばんこ	1
かわる	1
かんかん	1
かんがえた	1
かんがえて	1
かんたんだった	1
かんのん	1
かんむり	1
か弱い	1
か弱かった	1
があいて	1
がいい	1
がいこつ	1
がいしゅういっしょく	1
がいっそう	1
がかり	1
がきれる	1
がくぜん	1
がけっぷち	1
がけるべきだ	1
がしんしょうたん	1
がたがた	1
がちょう	1
がっくり	1
がった	1
がっつり	1
がつかない	1
がばっと	1
がぶり	1
がぶ飲み	1
がみがみ	1
がめついです	1
がら	1
がりがり	1
がる	1
がんばります	1
がんばれ	1
が入って	1
が入ってた	1
が入ってる	1
が出る	1
が見えます	1
が見える	1
が高まった	1
きかせて	1
きかなく	1
きき	1
ききすぎて	1
きけ	1
きける	1
きこえる	1
きざ	1
きざみ	1
きじょう	1
きじょうくうろん	1
きそう	1
きたい	1
きたえて	1
きたしました	1
きたす	1
きたない	1
きたまえ	1
きたり	1
きたりする	1
きたる	1
きちがい	1
きっかり	1
きって	1
きつく	1
きつすぎて	1
きつすぎる	1
きつそうだった	1
きつね	1
きづいた	1
きづいて	1
きてもらえません	1
きてもらって	1
きなかった	1
きの	1
きま	1
きません	1
きませんでした	1
きまって	1
きまり	1
きまり仕事	1
きめ	1
きめた	1
きも	1
きゅうり	1
きよめたまへ	1
きらきら	1
きらって	1
きりぬけた	1
きれいだろ	1
きれいでしょう	1
きれい好き	1
きれた	1
きれなかった	1
きれなく	1
きわどい	1
きんがしんねん	1
きんだ	1
ぎこちなく	1
ぎょう	1
くいしばって	1
くう	1
くうそくぜしき	1
くうろん	1
くぎひろい	1
くくる	1
くさ	1
くさい	1
くさっ	1
くさって	1
くさりやすい	1
くされブタ	1
くし	1
くしゃくしゃ	1
くじ	1
くじいた	1
くじく	1
くじけた	1
くじけて	1
くすくす	1
くすぐった	1
くすぐったい	1
くすぐったがり屋	1
くすぐりっこ	1
くずかご	1
くずした	1
くそ扱い	1
くたくたで	1
くたくたです	1
くたばり	1
くたばる	1
くたびれ	1
くたびれた	1
くだ	1
くだけろ	1
くださいませ	1
くださっ	1
くださってる	1
くださる	1
くだらねぇ	1
くっきりと	1
くっついちゃった	1
くっつけて	1
くっ付いて	1
くつろいだ	1
くつろぎ	1
くつろぐ	1
くつろげない	1
くどくど	1
くばる	1
くべて	1
くべなさい	1
くべろ	1
くまなく	1
くみ取る	1
くもった	1
くらうだろう	1
くらくら	1
くらし	1
くらして	1
くらっちまった	1
くらべ	1
くらました	1
くらんで	1
くりゃ	1
くるいそう	1
くるぶし	1
くるんと	1
くれそう	1
くれたじゃない	1
くれただろう	1
くれたら	1
くれてる	1
くれぬ	1
くれん	1
くろやき	1
くわしく	1
くんで	1
くん付け	1
ぐいぐい	1
ぐず	1
ぐちゃぐちゃすぎて	1
ぐったり	1
ぐっと	1
ぐぬう	1
ぐらぐら	1
ぐらつき	1
ぐるり	1
ぐるりと	1
けいぐん	1
けいこうぎゅうご	1
けいせいぎゃくてん	1
けた	1
けち	1
けちけち	1
けちだ	1
けつかる	1
けども	1
けはい	1
けれ	1
げのげ	1
げんきです	1
げんこつ	1
こうにか	1
こうも	1
こがれて	1
こきゅう	1
こきょう	1
こけ	1
ここぞとばかりに	1
ここまで	1
ここら	1
ここら辺	1
こじ開けた	1
こすって	1
こそこそ	1
こそばゆい	1
こたえ	1
こだました	1
こだわりすぎ	1
こっくり	1
こっけい	1
こってり	1
こっぴどく	1
こつこつ	1
ことごとく	1
ことし	1
ことよろ	1
ことわり	1
こないだろう	1
こなけれ	1
こなし	1
こなした	1
こなせない	1
こねて	1
このうえなく	1
このごろ	1
こばん	1
こびて	1
こぼして	1
こぼす	1
こぼすで	1
こぼれた	1
こま	1
こもった	1
こもって	1
こよう	1
こようっと	1
こよっと	1
こらえた	1
こらえる	1
こられた	1
こられます	1
こられる	1
こりゃあ	1
これからも	1
これくらい	1
これっぱかし	1
これ以外	1
ころがった	1
ころころ	1
ころび	1
こわい	1
こわがって	1
こわがる	1
こわした	1
こわれて	1
ごうが	1
ごきげんです	1
ごきげんよう	1
ごきょうだい	1
ごしうしやうさま	1
ごしゅうしょうさま	1
ごじっぽひゃっぽ	1
ごじゅっぽひゃっぽ	1
ごった返す	1
ごとく	1
ごほうび	1
ごま	1
ごまかし	1
ごまかした	1
ごまかして	1
ごまかせ	1
ごますり	1
ごみごみ	1
ごめ	1
ごもっともです	1
ごろり	1
ごんす	1
ご不明	1
ご予約	1
ご依頼	1
ご出産	1
ご出発	1
ご利用	1
ご到着	1
ご勝手	1
ご協力	1
ご厄介	1
ご多幸	1
ご子息	1
ご存じで	1
ご存じでしょう	1
ご存知でしょう	1
ご存知の	1
ご就任	1
ご帰宅	1
ご忠告	1
ご愁傷さま	1
ご愁傷様	1
ご感想	1
ご承知	1
ご招待	1
ご旅行	1
ご栄転	1
ご気分	1
ご無事	1
ご無沙汰	1
ご理解	1
ご用心	1
ご精	1
ご紹介	1
ご縁	1
ご考慮	1
ご職業	1
ご自分	1
ご自愛	1
ご苦労様	1
ご親切です	1
ご親族	1
ご試着	1
ご誕生	1
ご読了	1
ご請求	1
ご質問	1
ご返信	1
ご連絡先	1
ご都合	1
ご静聴	1
ご馳走	1
さい	1
さいて	1
さいわい	1
さう	1
さえた	1
さえて	1
さおり	1
さかな	1
さかのぼった	1
さかのぼって	1
さかのぼる	1
さがし	1
さがれ	1
さき	1
さくや	1
ささ	1
ささい	1
ささげられた	1
ささやか	1
ささやく	1
さされて	1
さざ波	1
さしかけた	1
さしました	1
さすけ	1
させたかった	1
させたくない	1
させねえ	1
させました	1
させましょう	1
させよ	1
させられました	1
させられる	1
させるだろう	1
させるでしょう	1
させんな	1
さそった	1
さぞ	1
さぞかし	1
さつまいも	1
さながら	1
さばける	1
さびて	1
さぼって	1
さました	1
さまよった	1
さまよって	1
さみ	1
さみしくない	1
さめた	1
さめない	1
さや	1
さよこ	1
さらされて	1
さらす	1
さらった	1
さらっと	1
さらわれた	1
さらわれる	1
されず	1
されたい	1
されちゃった	1
されないだろう	1
されません	1
されよう	1
されるで	1
されるでしょう	1
されるべきです	1
されろ	1
さわぎ	1
さわって	1
さわやか	1
さわやかだ	1
さんさんと	1
さんどめ	1
ざこ	1
ざっくばらんだ	1
ざっくばらんな	1
ざっくり	1
ざぶん	1
ざまあ	1
ざらです	1
しあわなけれ	1
しえない	1
しえる	1
しおり	1
しかしながら	1
しかたない	1
しかねます	1
しかねません	1
しかめた	1
しかめっ面	1
しかられた	1
しかられる	1
しかりつけられた	1
しかれる	1
しかろう	1
しがない	1
しがみつく	1
しきそくぜくう	1
しきれない	1
しくじる	1
しこたま	1
しごおわ	1
しごと	1
しし	1
しすぎ	1
しすぎだ	1
しずく	1
しずめよう	1
しそうです	1
したきゃ	1
したくなかった	1
したくなった	1
したけれ	1
したたる	1
したる	1
したれ	1
したんだ	1
したんや	1
しだした	1
しちじゅうごにち	1
しちまえ	1
しちゃ	1
しった	1
しって	1
しっている	1
しっぱい	1
しっぱなし	1
しっぺ返し	1
しっぽ	1
しつけ	1
しつけられて	1
しづらいです	1
してただろ	1
してて	1
してるでしょ	1
してん	1
してんだ	1
しでかす	1
しといて	1
しとかない	1
しときなさい	1
しとく	1
しとくべきだった	1
しなくっちゃ	1
しなくなった	1
しなければ	1
しなさ	1
しなさった	1
しねえ	1
しねえだろ	1
しねえで	1
しのいで	1
しばし	1
しばって	1
しばふ	1
しびれてる	1
しぶしぶ	1
しぼった	1
しまいます	1
しまおう	1
しまっただろう	1
しまったでしょう	1
しまわない	1
しみじみ	1
しみだらけ	1
しみます	1
しみ込んだ	1
しめ	1
しめて	1
しめる	1
しもネタ	1
しゃくし	1
しゃにむ	1
しゃぶれ	1
しゃべった	1
しゃべって	1
しゃべらない	1
しゃべりすぎる	1
しゃべりまくる	1
しゃべれたら	1
しゃべれない	1
しゃべれる	1
しやがった	1
しやがんだ	1
しやすいです	1
しゅんと	1
しゅんみん	1
しょうしょう	1
しょうじき	1
しょうめい	1
しょぎょうむじょう	1
しょってたつ	1
しょっぱ	1
しょっぱくて	1
しょっぱすぎる	1
しょんぼり	1
しょーちゃん	1
しようじゃない	1
しよぎやうむじやう	1
しらか	1
しらかはよふね	1
しらかわよふね	1
しらかわよぶね	1
しらけて	1
しらせ	1
しらせた	1
しらない	1
しらべましょう	1
しられて	1
しらん	1
しりきれとんぼ	1
しりもち	1
しれ	1
しれぬ	1
しれん	1
しろたえ	1
しわ	1
しんけつ	1
しんじゅ	1
しんず	1
しんどい	1
し下さい	1
し損ずる	1
し難い	1
じいん	1
じか	1
じて	1
じふにん	1
じふにんとはら	1
じゃぁ	1
じゃありません	1
じゃが	1
じゃがいも	1
じゃくり	1
じゃけんしょう	1
じゃないだろ	1
じゃないでしょ	1
じゃないでしょう	1
じゃないらしい	1
じゃなかったら	1
じゃね	1
じゃまする	1
じゃれあってる	1
じゃー	1
じょうしきてき	1
じょうず	1
じょうだん	1
じろり	1
すいか	1
すいじせん	1
すいてる	1
すう	1
すえ	1
すかない	1
すきだらけだ	1
すきっ腹	1
すぎません	1
すぎんだ	1
すく	1
すくなかれ	1
すくむ	1
すくめました	1
すくんだ	1
すぐれない	1
すごしました	1
すごす	1
すごすべきだ	1
すさまじい	1
すすった	1
すすみ具合	1
すすめて	1
すすめる	1
すすり泣いて	1
すする	1
すっからかんだった	1
すっきり	1
すっごく	1
すっご～い	1
すった	1
すって	1
すっぱく	1
すっぱすぎて	1
すっぽり	1
すっぽん	1
すで	1
すなわち	1
すね毛	1
すばしこく	1
すべきです	1
すべし	1
すべった	1
すべって	1
すべり	1
すべりおりた	1
すませ	1
すませた	1
すませなさい	1
すまなかった	1
すまね	1
すまん	1
すみ	1
すみませんでした	1
すみやか	1
すむ	1
すらっと	1
すりきり	1
すり抜け	1
するそうだ	1
するだ	1
するで	1
するであろう	1
するべき	1
すれすれ	1
すれ違った	1
すわない	1
すん	1
すんごい	1
すんだら	1
ずごい	1
ずに	1
ずばぬけた	1
ずばり	1
ずば抜けて	1
ずぶ濡れ	1
ずぶ濡れです	1
ずらして	1
ずる賢い	1
ずれて	1
ずーっと	1
ず～っと	1
せいけい	1
せいこう	1
せいせい	1
せうせう	1
せかせか	1
せがんで	1
せきじょう	1
せきたて	1
せき止め	1
せき風邪	1
せこい	1
せしました	1
せしめる	1
せたい	1
せっかちだ	1
せて	1
せぬ	1
せびった	1
せびって	1
せまい	1
せや	1
せられず	1
せりふ	1
せわしげに	1
せん	1
せんさく	1
せんに	1
せんぺんいちりつ	1
せんぺんばんか	1
せーの	1
ぜいぜい	1
ぜいたくぶり	1
ぜつゆる	1
ぜめ	1
ぜん	1
ぜんぶ	1
ぜんりゃく	1
ぜ～んぶ	1
そ	1
そいつら	1
そういえば	1
そういった	1
そうかいそうでん	1
そうじ	1
そうだっけ	1
そうっと	1
そうで	1
そうです	1
そお	1
そこなう	1
そこなった	1
そこなわれた	1
そこなわれる	1
そこねた	1
そこら	1
そだろ	1
そっくりです	1
そっくりの	1
そっけなかった	1
そっけなく	1
そって	1
そつ	1
そで	1
そなえなくて	1
そのように	1
そばだて	1
そびえ	1
そぶり	1
そむいて	1
そむけた	1
そむけて	1
そめる	1
そもそも	1
そよいだ	1
そらした	1
そらせて	1
そります	1
それた	1
それゆえ	1
それ程	1
そろう	1
そろえて	1
そろばん	1
そわそわ	1
そんでも	1
そんなふうに	1
そんなら	1
そんのうじょうい	1
そん中	1
そマ	1
そ～	1
そ～お	1
ぞうきん	1
ぞくぞく	1
ぞっこんな	1
ぞろ目	1
ぞん	1
ぞんざいだった	1
たいがい	1
たいがん	1
たいくつだ	1
たいこ	1
たいごうたい	1
たいして	1
たいせつ	1
たいへんだ	1
たえて	1
たえられない	1
たえられます	1
たか	1
たかく	1
たから	1
たかり	1
たがやされた	1
たがやした	1
たがらなかった	1
たき火	1
たくましい	1
たくらんで	1
たくわえた	1
たくわえる	1
たぐいまれ	1
たけぇ	1
たけて	1
たけなわ	1
たしかに	1
たしなさい	1
たしゅたよう	1
たすけて	1
たそがれ	1
たたかえる	1
たたきあげた	1
たたきつけた	1
たたけ	1
たたずんで	1
たたない	1
たたんで	1
たださず	1
ただただ	1
ただろう	1
たちどころ	1
たちなさい	1
たったら	1
たでしょ	1
たどり着く	1
たどれ	1
たな	1
たなごころ	1
たのしかったです	1
たのしみ	1
たのまれる	1
たのみ	1
たびに	1
たべ	1
たべた	1
たべなさい	1
たべられます	1
たべる	1
たまげた	1
たまちる	1
たまって	1
たまねぎ	1
たまらなく	1
たむろ	1
ためて	1
ために	1
ためらいました	1
ためらった	1
ためらって	1
ためらわず	1
ため池	1
ため込んだ	1
たもって	1
たやすい	1
たやすく	1
たより	1
たらたら	1
たらったったったー	1
たわわ	1
たわんだ	1
たんじゃない	1
たんです	1
たんと	1
たーき	1
だいい	1
だいいち	1
だいぶん	1
だえ	1
だけれ	1
だけれども	1
だされた	1
だしたい	1
だしだ	1
だせ	1
だそうです	1
だだ	1
だだっ広い	1
だち	1
だったそうです	1
だっただろう	1
だったみたい	1
だったり	1
だったんだろう	1
だぶだぶだ	1
だぼだぼだ	1
だまされて	1
だまされやすい	1
だまし	1
だました	1
だめだったろう	1
だめです	1
だらけて	1
だらし	1
だらしなさ	1
だんけつ	1
だんしょうしゅぎ	1
だんぜん	1
だーれ	1
ち	1
ちいさ	1
ちぇっ	1
ちえ	1
ちがって	1
ちっ	1
ちっこい	1
ちっちゃな	1
ちなんだ	1
ちひろ	1
ちゃ～ん	1
ちゅう	1
ちゅっと	1
ちょう	1
ちょっかい	1
ちょっぴり	1
ちょろちょろ	1
ちょん切る	1
ちらかし	1
ちり紙	1
ちる	1
ちんこ	1
ちんぽ	1
ちんまり	1
っから	1
っしゃった	1
っつう	1
っつーか	1
っていう	1
っと	1
っぱな	1
ついたり	1
ついている	1
ついてった	1
つうか	1
つうずる	1
つえ	1
つかえる	1
つかなく	1
つかぬ	1
つかの間	1
つかまえて	1
つかまっちゃった	1
つかまりなさい	1
つかまる	1
つかめ	1
つかもう	1
つかれた	1
つかれました	1
つかんだら	1
つきあい	1
つきあう	1
つきあって	1
つきすぎて	1
つきとめなけれ	1
つきとめる	1
つきまして	1
つきません	1
つきまとう	1
つきもの	1
つきものだ	1
つぎましょう	1
つぎ込んだ	1
つぎ込んで	1
つくして	1
つくす	1
つくらなけれ	1
つくりあげた	1
つくりました	1
つくろって	1
つくんだ	1
つけあがる	1
つけすぎ	1
つけたんだろう	1
つけっぱなし	1
つけてた	1
つけといて	1
つけなかった	1
つけねば	1
つけねばならない	1
つけました	1
つけられてる	1
つけ加え	1
つけ込む	1
つじつま	1
つっこんだ	1
つっちゃった	1
つつじ	1
つつましい	1
つつむ	1
つづり	1
つづり字	1
つないだ	1
つないでる	1
つながった	1
つながって	1
つながる	1
つながるだろう	1
つなぎ	1
つなぎ服	1
つなぐでしょう	1
つねに	1
つば	1
つぶす	1
つぶせ	1
つぶそう	1
つぶって	1
つぶる	1
つぶれるでしょう	1
つべこべ	1
つまずいちゃった	1
つままれる	1
つまみなさい	1
つまみ出す	1
つまみ出せ	1
つまようじ	1
つまらなかった	1
つまりそうだ	1
つまんだら	1
つまんで	1
つま先	1
つむって	1
つめあと	1
つめて	1
つもって	1
つもれ	1
つゆしらず	1
つらいでしょう	1
つらくて	1
つらつ	1
つらよごし	1
つる	1
つるまにゃいかん	1
つるむ	1
つるんつるんだった	1
つるんで	1
つる草	1
つんで	1
つー	1
つーか	1
てがかり	1
てこ	1
てこずらせた	1
てだま	1
てのひら	1
ては	1
てば	1
てふ	1
てやあっ	1
てんじやうてんげゆいがどくそん	1
てんじょうてんげ	1
てんで	1
てんぷら	1
であって	1
である	1
でかけないで	1
でかけます	1
できず	1
できそこなう	1
できたろ	1
できないだ	1
できないでしょう	1
できなかったでしょう	1
できなくなった	1
できませんでした	1
できるだろ	1
できるべきだ	1
でき始めた	1
でくの坊	1
でこぼこだ	1
でしたら	1
ですます	1
でっけぇ	1
でっち上げ	1
でっち上げた	1
でっち上げる	1
でやんす	1
でんごん	1
で行ってる	1
という	1
とうさん	1
とうちゃん	1
とうとし	1
とうもろこし	1
とおく	1
とおって	1
とかした	1
とかわいい	1
とがって	1
とがめた	1
とがめないでしょう	1
とがめられた	1
とがらせる	1
ときく	1
ときなさい	1
ときに	1
とくと	1
とけた	1
とける	1
とげ	1
とげとげしい	1
ところどころ	1
として	1
とっておきたまえ	1
とってる	1
とっぷりと	1
とっ捕まえた	1
とどいて	1
とどまった	1
とどまって	1
とどまらざる	1
とどめ	1
となえた	1
とばしやがって	1
とび	1
とびきり	1
とびます	1
とび色	1
とべ	1
とまって	1
とまってる	1
とまりました	1
とめて	1
とめられた	1
とめられて	1
ともかく	1
とやかく	1
とらないで	1
とらなかった	1
とらなくて	1
とらなけれ	1
とられる	1
とりあげられて	1
とりかかった	1
とりください	1
とりこ	1
とりこんだ	1
とりまく	1
とりもどした	1
とり入った	1
とれた	1
とれなかった	1
とれるでしょう	1
とろい	1
とんでも	1
とんと	1
とんとん	1
とんとんと	1
とんとん拍子	1
とんねる	1
とんぼ返り	1
と思う	1
と思って	1
どあっ	1
どうかして	1
どうかしている	1
どうかたばこ	1
どうぎやうににん	1
どうぎょう	1
どうに	1
どう猛	1
どお	1
どおし	1
どかして	1
どかっと	1
どぎも	1
どことなく	1
どこまでも	1
どさっと	1
どしん	1
どたん場	1
どっと	1
どない	1
どなたか	1
どなり	1
どなる	1
どれどれ	1
どろ	1
どろぼう	1
どんちゃん騒ぎ	1
どんなだった	1
ないた	1
ないだ	1
ないだろう	1
ないで	1
ないみたい	1
ないや	1
ないんです	1
なう	1
なうぼ	1
なおした	1
なおしなさい	1
なおす	1
なかったでしょ	1
ながめ	1
ながらえて	1
ながれて	1
なきゃ	1
なくし	1
なくしたって	1
なくす	1
なくちゃ	1
なくなってた	1
なくなり	1
なぐった	1
なけ	1
なさそうだった	1
なさってる	1
なさない	1
なさなかった	1
なさりたい	1
なさる	1
なしだ	1
なして	1
なじんだ	1
なすぎだ	1
なぜか	1
なぞめいた	1
なだめて	1
なったきた	1
なったそうです	1
なっちゃった	1
なっとる	1
なつかしい	1
なで	1
なな	1
なにする	1
なにも	1
なにより	1
なの	1
なので	1
なべ	1
なべ物	1
なほ	1
なまえ	1
なまけがちで	1
なまけて	1
なまけ者	1
なまった	1
なまんだぶ	1
なみだ	1
なむ	1
なむあみだぶつ	1
なむみょうほうれんげきょう	1
なむめうほふれんげきやう	1
なめたら	1
なめらか	1
ならでは	1
ならないだろう	1
ならないで	1
ならないでしょう	1
ならなかっただろう	1
ならなく	1
ならなくちゃ	1
ならなけれ	1
ならね	1
なられました	1
ならんで	1
なりがって	1
なりけり	1
なりそう	1
なりそうで	1
なりそうです	1
なりたく	1
なりだす	1
なりつつある	1
なりまして	1
なり得る	1
なるそうだ	1
なるべきだ	1
なれた	1
なれたら	1
なれまい	1
なんさい	1
なんちゅう	1
なんでもっと	1
なんとか	1
なんとなく	1
なんな	1
なんまんだぶ	1
なんまんだー	1
なァ	1
にあう	1
にあきらめかかった	1
にあるみたい	1
にえくりかえる	1
におちいった	1
にかかって	1
にぎってて	1
にぎりなさい	1
にくい	1
にくかった	1
にくけりゃ	1
にげる	1
にこっと	1
にこり	1
にしき	1
にじ	1
にじみ	1
にじみ続ける	1
にじんだ	1
にじんで	1
にする	1
につないで	1
につまずく	1
にもたれて	1
にゃ	1
にゃんにゃん	1
にょぜがもん	1
にらみつけた	1
にらんだ	1
にらんで	1
にらんでる	1
にわか仕立て	1
にん	1
に乗ってた	1
に入れました	1
に出かける	1
に合った	1
に合わない	1
に向かった	1
に従って	1
に着きます	1
に着く	1
に至った	1
に行こう	1
ぬいて	1
ぬいで	1
ぬく	1
ぬぐ	1
ぬぐった	1
ぬけて	1
ぬった	1
ぬるめ	1
ぬれず	1
ぬれちゃった	1
ねえねえ	1
ねじ	1
ねじ回し	1
ねたんで	1
ねばねば	1
ねむれ	1
ねもは	1
ねらった	1
ねんぐ	1
ねんざ	1
ねんぴ	1
ねんぴかんのんりきとうじんだんだんえ	1
ねんぴくわんおんりき	1
ねんぶつ	1
のう	1
のうぼ	1
のうよういんそう	1
のうわさ	1
のおかげ	1
のがす	1
のがれたそうです	1
のこぎり	1
のこさず	1
のこす	1
のこりもの	1
のせて	1
のぞいた	1
のぞいて	1
のぞける	1
のぞむ	1
のたれ死に	1
のち	1
のっく	1
のっぽさん	1
ののしる	1
のびのび	1
のぼった	1
のぼりだ	1
のます	1
のみ込む	1
のめされた	1
のりづけ	1
のる	1
のろくて	1
のろし	1
のん	1
のんき	1
のんきだ	1
のんだ	1
の意味	1
の方	1
はあはあ	1
はいえ	1
はいけません	1
はいた	1
はいられた	1
はいりません	1
はいろんな	1
はえかけて	1
はかどって	1
はかどってます	1
はかないで	1
はかり方	1
はがせ	1
はきなさい	1
はき違えて	1
はく	1
はぐれない	1
はげ始めた	1
はし	1
はしる	1
はじく	1
はじめました	1
はじめる	1
はずして	1
はずす	1
はずみ	1
はずめますて	1
はずれ	1
はずれて	1
はずんだ	1
はたいて	1
はたさなけれ	1
はたした	1
はためいた	1
はだか	1
はだし	1
はっ	1
はった	1
はって	1
はっははー	1
はっはー	1
はな	1
はなから	1
はなす	1
はなれた	1
はねて	1
はは	1
ははるか	1
はばたきして	1
はまっている	1
はまりません	1
はめた	1
はめられた	1
はや	1
はやいです	1
はやった	1
はよ	1
はらいなさい	1
はりせんぼん	1
はりつけ	1
はるかに	1
はれた	1
はれて	1
はれました	1
はんで	1
はーあ	1
は～い	1
ばあば	1
ばかじゃない	1
ばかだ	1
ばかな	1
ばか者	1
ばか騒ぎ	1
ばくち	1
ばじとうふう	1
ばたばた	1
ばたん	1
ばっか	1
ばっちい	1
ばら	1
ばらまいた	1
ばら色	1
ばれた	1
ばん	1
ばんこく	1
ばんざ～い	1
ばんじきゅうす	1
ばんじまして	1
ばんだい	1
ぱって	1
ひいじいちゃん	1
ひいたら	1
ひかせた	1
ひかり	1
ひかれそう	1
ひかれた	1
ひき	1
ひきつります	1
ひきます	1
ひきません	1
ひきやすい	1
ひき方	1
ひき殺される	1
ひくい	1
ひけ	1
ひけらかす	1
ひける	1
ひざまずいてる	1
ひざまずく	1
ひざまづいて	1
ひざもと	1
ひしめいとる	1
ひじょう	1
ひずみ	1
ひそかに	1
ひっかいた	1
ひっかかる	1
ひっかけた	1
ひっきりなし	1
ひっそり	1
ひっつく	1
ひっぱって	1
ひっぱりだこ	1
ひつじ	1
ひつよう	1
ひとえ	1
ひとしお	1
ひとたまり	1
ひとっ走り	1
ひとつ目	1
ひとの	1
ひとは	1
ひとはだ	1
ひとびん	1
ひとまとめ	1
ひとめ	1
ひとも	1
ひとりきり	1
ひと時	1
ひと目	1
ひと箱	1
ひと舐め	1
ひと言	1
ひどくて	1
ひどすぎた	1
ひな	1
ひな鳥	1
ひねった	1
ひねって	1
ひのもと	1
ひもじそう	1
ひゃくせん	1
ひやっ	1
ひょうざん	1
ひら	1
ひらいた	1
ひらく	1
ひらめき	1
ひりひり	1
ひるがえす	1
ひるまず	1
ひろし	1
ひろった	1
ひん	1
ひんとか	1
ひんやり	1
びくびく	1
びしょびしょだ	1
びしょ濡れだった	1
びちょびちょだ	1
びっしょり	1
びょうき	1
びらか	1
びらかした	1
びり	1
びりびり	1
びん	1
ぴかぴか	1
ぴったりだ	1
ぴったりの	1
ぴょこん	1
ふcきょう	1
ふいた	1
ふいつ	1
ふいて	1
ふうん	1
ふかい	1
ふかした	1
ふかして	1
ふかふか	1
ふきこぼれて	1
ふきとる	1
ふきなさい	1
ふきます	1
ふきん	1
ふき取って	1
ふくらませて	1
ふくらんでる	1
ふくろ	1
ふけった	1
ふけり	1
ふける	1
ふこうちゅう	1
ふさいだ	1
ふさいで	1
ふさがった	1
ふさがないで	1
ふさぎ	1
ふさふさ	1
ふさわしいだろう	1
ふさわしくありません	1
ふさわしくなかった	1
ふざけた	1
ふざけて	1
ふざける	1
ふたつ	1
ふち	1
ふっと	1
ふつうの	1
ふとって	1
ふね	1
ふふふ	1
ふみつけ	1
ふやけて	1
ふらず	1
ふらっと	1
ふらふら	1
ふられたく	1
ふられて	1
ふりかえった	1
ふりしぼって	1
ふる	1
ふるさと	1
ふるまいなさい	1
ふるわせ	1
ふれた	1
ふれて	1
ふん	1
ふんばり	1
ふんわり	1
ぶかい	1
ぶかぶかです	1
ぶた	1
ぶちまけて	1
ぶってる	1
ぶってんじゃねえ	1
ぶっ倒れる	1
ぶっ壊しただ	1
ぶっ放せ	1
ぶっ殺す	1
ぶっ飛ばして	1
ぶつかる	1
ぶつぶつ	1
ぶどう	1
ぶらついた	1
ぶるぶる	1
ぶんしつひんぴん	1
ぶん殴られる	1
ぶん殴りたい	1
ぷん	1
ぷんぷん	1
へぇ	1
へぇ～	1
へえ	1
へえ～	1
へたです	1
へっちゃら	1
へって	1
へってる	1
へばりついて	1
へび	1
へべれけ	1
へる	1
へッ	1
べく	1
べつに	1
べとべと	1
べらべら	1
べらぼうめ	1
べろ	1
べろっと	1
べろんべろん	1
べーっと	1
ぺらぺらじゃない	1
ほうり	1
ほえつく	1
ほくろ	1
ほこりだらけ	1
ほこりだらけだった	1
ほざく	1
ほしくて	1
ほた	1
ほっておいた	1
ほっといて	1
ほっときなさい	1
ほてった	1
ほとり	1
ほどいて	1
ほどかない	1
ほどきやがれ	1
ほどく	1
ほね	1
ほねおり	1
ほのか	1
ほほ	1
ほほぉ	1
ほほほ	1
ほめない	1
ほめられる	1
ほれぼれ	1
ほんとだ	1
ほ～ら	1
ぼうず	1
ぼうっとして	1
ぼう然	1
ぼそぼそ	1
ぼた雪	1
ぼちゃぼちゃ	1
ぼってる	1
ぼろぼろ	1
ぼんやり者	1
ぽちゃぽちゃ	1
ぽん	1
まいちまった	1
まいった	1
まいて	1
まいど	1
まかせする	1
まかせた	1
まかせとけ	1
まがって	1
まきました	1
まぎれて	1
まくった	1
まこと	1
まことに	1
まごついて	1
まさ	1
まざまざ	1
まざる	1
ましだった	1
ましてや	1
まじない	1
まじない師	1
まじめ	1
まじり	1
まずいだろう	1
まずかった	1
まずく	1
まずそう	1
またいだ	1
またがって	1
または	1
まち	1
まちがう	1
まちがえました	1
まちください	1
まっか	1
まっすぐの	1
まっとう	1
まつわりついた	1
まといついて	1
まとまった	1
まとまり	1
まとめられて	1
まともに	1
まに	1
まねる	1
まま母	1
まめ	1
まもって	1
まもらなくて	1
まりや	1
まれだ	1
まれで	1
まれなり	1
まわって	1
まわりみち	1
まんまと	1
みうちゅうびゅう	1
みかけたら	1
みがきなさい	1
みがく	1
みごと	1
みじけっ	1
みすぼらしかった	1
みずから	1
みずぼうそう	1
みせて	1
みたいじゃない	1
みたいだろ	1
みたいな	1
みっかみ	1
みつかって	1
みつけた	1
みつける	1
みつめて	1
みとめた	1
みどり	1
みどり色	1
みない	1
みなきゃ	1
みなさま	1
みなされた	1
みなされて	1
みなされます	1
みのった	1
みのらない	1
みはじ	1
みます	1
みません	1
みみ	1
みられない	1
みられます	1
みるべきだ	1
みるべし	1
みわける	1
むいた	1
むかえください	1
むかしっから	1
むかむか	1
むがむちゅう	1
むきなさい	1
むける	1
むさぼり	1
むし	1
むしばまれた	1
むしばんで	1
むすぶ	1
むず	1
むずかしくて	1
むせる	1
むとんじゃく	1
むなぐら	1
めいじょうしがたい	1
めいずる	1
めいた	1
めくった	1
めくって	1
めくれて	1
めぐらした	1
めげた	1
めざして	1
めざましく	1
めだった	1
めちゃうまだ	1
めっそう	1
めまい	1
めり込んだ	1
めんどくさぁ	1
めんどくさい	1
もぅ	1
もうけた	1
もうちっと	1
もうれしいだろう	1
もうろく	1
もがいた	1
もぎ	1
もくず	1
もぐり込んだ	1
もぐれ	1
もじどおり	1
もたせ	1
もたない	1
もたらさなかった	1
もたらされた	1
もたれかかった	1
もたれて	1
もたれます	1
もち	1
もちぐされ	1
もちろんだ	1
もち馬	1
もったいない	1
もったいぶった	1
もってろ	1
もっともだった	1
もつかなかった	1
もつべきだ	1
もつれて	1
もてなし	1
もてなした	1
もてる	1
もとこぉ	1
もとより	1
もどりなさい	1
もどれ	1
もに	1
ものごと	1
ものすごく	1
もののけ姬	1
もむ	1
もめ	1
もめごと	1
もめて	1
もや	1
もらいたく	1
もらいなさい	1
もらいましょう	1
もらうでしょう	1
もらえ	1
もらえないです	1
もらえなかった	1
もらえれ	1
もらおう	1
もらったら	1
もらってる	1
もらわなきゃ	1
もらわなくちゃ	1
もらわなけれ	1
もり	1
もろと	1
もんどうむよう	1
ゃ	1
やああ	1
やかましい	1
やかましく	1
やかましくなった	1
やがる	1
やきもち焼き	1
やく	1
やぐら	1
やけあと	1
やけいし	1
やけど	1
やけ食い	1
やさし	1
やさしいです	1
やさしくなかった	1
やさしくなん	1
やさしすぎました	1
やさしすぎる	1
やし	1
やじった	1
やすみ	1
やすやす	1
やすらか	1
やすり	1
やせられる	1
やせる	1
やたらと	1
やっかい	1
やっけ	1
やったじゃない	1
やっちまえ	1
やっつけた	1
やっつけろ	1
やっている	1
やってない	1
やっぱりだった	1
やとわなきゃ	1
やなくて	1
やねん	1
やばそう	1
やぶらない	1
やぶられた	1
やま	1
やまと	1
やまれず	1
やまれない	1
やまれぬ	1
やむえない	1
やむだろう	1
やめたいです	1
やめとき	1
やめとく	1
やめなきゃ	1
やめねえ	1
やめましょう	1
やめられる	1
やめるだ	1
やめろぉー	1
やらせた	1
やらないで	1
やらなかった	1
やらなくちゃ	1
やらなくて	1
やらねば	1
やられそうだ	1
やりきれない	1
やりくり	1
やりすぎだ	1
やりすぎる	1
やりそうだ	1
やりたくない	1
やりとげた	1
やりとり	1
やりまん	1
やりゃあ	1
やりやがった	1
やり取り	1
やり合う	1
やり手	1
やり直さなけれ	1
やり直した	1
やり直して	1
やり直す	1
やり終えました	1
やり込める	1
やり返す	1
やり遂げた	1
やり遂げる	1
やるだろ	1
やるべきで	1
やるべきです	1
やれただろう	1
やれない	1
やれやれ	1
やろ	1
やわらかい	1
やんか	1
やんけ	1
やんちゃ	1
やんや	1
ゆ	1
ゆいがどくそん	1
ゆうびむかん	1
ゆかり	1
ゆがめて	1
ゆくゆく	1
ゆだんたいてき	1
ゆっくりだった	1
ゆったり	1
ゆづ	1
ゆでれ	1
ゆびきりげんまん	1
ゆみ	1
ゆやいちどう	1
ゆる	1
ゆるさない	1
ゆるせぬ	1
ゆるんで	1
ゆれた	1
ゆれる	1
よいでしょう	1
ようす	1
ようする	1
ように	1
よかっただろ	1
よかれ	1
よかろう	1
よぎります	1
よくないらしい	1
よくも	1
よくよく	1
よこす	1
よじ登った	1
よじ登って	1
よじ登り	1
よす	1
よせる	1
よそ者扱い	1
よそ行き	1
よだつ	1
よだれ	1
よっ	1
よっしゃ	1
よった	1
よったりだ	1
よっぽど	1
よどんで	1
よぱらった	1
よぶ	1
よまない	1
よむ	1
よめ無い	1
よりどころ	1
より下さい	1
よろけた	1
よろこび	1
よろこんで	1
よろしゅうございます	1
よんだ	1
よんで	1
よー	1
よーい	1
よ～し	1
らい	1
らくだ	1
らくらく	1
らしくない	1
らしくないだろう	1
らした	1
らしった	1
らすまい	1
らち	1
らった	1
られず	1
られないで	1
られます	1
られる	1
り	1
りか	1
りき	1
りこうで	1
りよう	1
りん	1
りんかつくっせい	1
りんさん	1
るかに	1
るつぼ	1
れちゃう	1
れば	1
ろうどうしゃ	1
ろくでなし	1
ろんご	1
ろんごしらず	1
ろんごよみ	1
ろーぷ	1
わああああっ	1
わいろ	1
わかく	1
わかったら	1
わかってるでしょ	1
わからず	1
わからせた	1
わかりだ	1
わかりにくい	1
わかりやすい	1
わかるだろ	1
わか雨	1
わがままだった	1
わがままで	1
わがままの	1
わがみ	1
わが社	1
わきばら	1
わきめ	1
わき腹	1
わけぎ	1
わけなく	1
わすれて	1
わず	1
わずかだ	1
わずらいました	1
わたい	1
わたる	1
わっははは	1
わな	1
わび	1
わびた	1
わめいた	1
わめいてた	1
わる	1
わーい	1
をつかまえた	1
を着た	1
を知ってる	1
を示した	1
を見かけた	1
を見つめた	1
を見守るだろう	1
を進めました	1
を集めた	1
んず	1
んとす	1
アァー	1
アイ	1
アイオワ	1
アイシャドウ	1
アイスコーヒー	1
アイススケート	1
アイツ	1
アイドリング	1
アイラ	1
アイリーン	1
アイルランド	1
アイルランド系	1
アイロンがけ	1
アウトサイダース	1
アウトドア	1
アオサギ	1
アカシア通り	1
アガァー	1
アキナ	1
アキレス	1
アクション	1
アクセス	1
アクトギャメット	1
アシスタント	1
アジアゾウ	1
アジア諸国	1
アジズ	1
アスパラ	1
アスラム	1
アセる	1
アタシ	1
アダム	1
アチチッ	1
アップル	1
アップルケーキ	1
アッラーフ・アクバル	1
アテネ人	1
アトランティス人	1
アトーレ	1
アナタ	1
アニキ	1
アニメ	1
アニメキャラ	1
アニメーション	1
アニラ	1
アニー	1
アハ	1
アハハ	1
アハハハ	1
アハハハハ	1
アパート暮らし	1
アフィ	1
アフガニスタン	1
アフリカゾウ	1
アフリカ人	1
アプリ	1
アポ	1
アポロ劇場	1
アマゾナス州	1
アマチュア	1
アムステルダム	1
アメリカドル	1
アメリカン	1
アメリカ化	1
アメリカ大使館	1
アメリカ文学	1
アメリカ映画	1
アメリカ野郎	1
アメリカ風	1
アラジン	1
アラスカ	1
アラバホー族	1
アラブ	1
アラブ諸国	1
アラー	1
アリエル	1
アリスター	1
アルカリ	1
アルカン・サーカス	1
アルコール類	1
アルタクス	1
アルパカ	1
アルマシー	1
アルマシー伯爵	1
アルミ	1
アルメニア語	1
アル中	1
アレクサンドレッタ	1
アレッシア	1
アレルギー体質	1
アレン	1
アレンジ	1
アンカラ	1
アンクル	1
アンケート用紙	1
アンゲラ	1
アンジェラ・デービス	1
アンソニー	1
アンティーク家具	1
アンテナ	1
アンドリュース	1
アンドレア	1
アンドレアス	1
アンナマリア	1
アンニュイ	1
アンブラーン・ダスカ	1
アンブリ村	1
アンポンタン	1
アヴァリック	1
ア・ゲ・ル	1
アーチェリー	1
アーティスト	1
アーニー	1
アーノルド	1
アームチェア	1
アーモンド	1
アーモンドケーキ	1
アールグレイ	1
アーロン	1
アーー	1
イ	1
イイ	1
イエス・キリスト	1
イエロー	1
イカ	1
イカす	1
イギリス文学	1
イギリス海峡	1
イギリス英語	1
イグニッション	1
イケてる	1
イシカワ	1
イシュタル	1
イシルドゥア	1
イスカンダリア	1
イスラエル	1
イスラエル人	1
イタズラ	1
イタリア製	1
イタ公	1
イチャイチャ	1
イチョウ	1
イッラッラー	1
イテっ	1
イデフィックス	1
イヌ	1
イノシシ	1
イヒヒ	1
イブニングドレス	1
イベント会場	1
イム	1
イメージカラー	1
イヤホン	1
イラついて	1
イライヒ	1
イラスト	1
イラーハ	1
イリーナ	1
イン	1
インカ帝国	1
インスピレーション	1
インターセプト	1
インターネット中毒	1
インディ	1
インディアン	1
インドネシア語	1
インド・ヨーロッパ語族	1
インプット	1
インベーダー	1
イヴォンヌ	1
イーゴ	1
イースター	1
イースト菌	1
イード	1
イーヤ	1
イーロン・マスク	1
イ･スア	1
ウィキペディア	1
ウィクショナリー	1
ウィザード	1
ウィスキィー	1
ウィスキー	1
ウィックフィールド	1
ウィラ	1
ウィリアム	1
ウィルソン	1
ウィンザー城	1
ウィンタースポーツ	1
ウィンドウ	1
ウィーン	1
ウインタースポーツ	1
ウインドー	1
ウウッ	1
ウェイル	1
ウェスト	1
ウェストハンプトン	1
ウェストポーチ	1
ウェブデザイン	1
ウェーター	1
ウエイター	1
ウエイトレス	1
ウエディングドレス	1
ウォッカ	1
ウォレス	1
ウォンモ	1
ウォー	1
ウォーキング	1
ウォータースライダー	1
ウクライナ人	1
ウジン	1
ウスターソース	1
ウチ	1
ウッド	1
ウハハハハ	1
ウフっ	1
ウフーラ	1
ウベアイスクリーム	1
ウラニウム	1
ウロウロ	1
ウロチョロ	1
ウワ	1
ウー	1
ウーバー	1
エアロビクス	1
エイエイ・オー	1
エイミー	1
エキサイティングだった	1
エキス	1
エクアドル	1
エクレア	1
エケチット	1
エコノミーサイズ	1
エゴイスト	1
エサ	1
エジプト料理	1
エスカレート	1
エステ	1
エステル	1
エスプレッソドピオ	1
エチオピア	1
エックス線	1
エッチ	1
エディ	1
エディス	1
エディット・ピアフ	1
エドナ	1
エネルギッシュ	1
エネルギー源	1
エネルギー資源	1
エヘン	1
エボシ	1
エミリー一家	1
エミリー･ガードナー	1
エミール	1
エメラルド	1
エリック	1
エリート	1
エルザ	1
エルフィ	1
エレベーター係	1
エロ漫画	1
エンジニア	1
エンジンルーム	1
エンスト	1
エンターテイナー	1
エンタープライズ	1
エントリー	1
エンドウ豆	1
エンドレス	1
エンパナーダ	1
エンピツ	1
エヴリン	1
エージェント	1
オイル	1
オイルショック	1
オジアン	1
オス	1
オスギリアス	1
オススメ	1
オスマン語	1
オズフィット	1
オズ中	1
オタク	1
オッ	1
オッせー	1
オックスフォード	1
オックスフード	1
オック語	1
オニオングラタンスープ	1
オノ	1
オフ	1
オフィス	1
オフェリア	1
オブラート	1
オプション	1
オペラ歌手	1
オミッド	1
オムツ	1
オムライス	1
オムレツ	1
オメー	1
オヤジ	1
オラ	1
オランダ大使館	1
オリエンタルホテル	1
オリビエロ	1
オリンピック会場	1
オリンポス	1
オリーブオイル	1
オレェ	1
オンアラハシャノウ	1
オンカカカビサンマエイソワカ	1
オンタリオ湖岸	1
オンマイタレイヤソワカ	1
オンライン	1
オークション	1
オークランド	1
オーク材	1
オーケー	1
オースト	1
オーストラリア人	1
オーダーメード	1
オーディオガイド	1
オートミール	1
オートミールクッキー	1
オードリー	1
オードリー・ラミレス	1
オーバーシューズ	1
オープン	1
オープンソース	1
オールド･クリスチャンズ	1
オ～イ	1
カイリー・ミノーグ	1
カインドリー	1
カウンター席	1
カカシ	1
カキ	1
カシ	1
カジ	1
カスタマイズ	1
カスティリア	1
カスミソウ	1
カタくない	1
カタカタ	1
カダザン語	1
カチャカチャ	1
カチン	1
カッコ	1
カッコいい	1
カッコいいでしょ	1
カッコいいです	1
カッコよかった	1
カッコよく	1
カッコウ	1
カッターマシン	1
カッチーン	1
カップラーメン	1
カナヅチ	1
カナビス	1
カヌー	1
カビ	1
カビた	1
カビル語	1
カフワ・アラビーヤ	1
カブトムシ	1
カプセルホテル	1
カプール	1
カベイラ	1
カマ	1
カメ	1
カモメ	1
カラカラ	1
カラカラや	1
カラバッジオ	1
カラヒー	1
カラフルだ	1
カリフォルニア	1
カリブ海	1
カルシウム	1
カルダペス	1
カルバート	1
カルマ	1
カルラ	1
カレーライス	1
カロリー	1
カン	1
カンニングペーパー	1
カンバ	1
カンボジア	1
カンマ	1
カヴァー	1
カーシャ	1
カーディナル	1
カーネーション	1
カール・コー	1
カーワックス	1
ガイコツ	1
ガガ	1
ガキゃー	1
ガキンチョ	1
ガキ仲間	1
ガストン	1
ガス代	1
ガス欠	1
ガソリン価格	1
ガタ	1
ガタガタだった	1
ガチガチ	1
ガチッ	1
ガチャガチャ	1
ガチョウ	1
ガッと	1
ガッコ	1
ガハハ	1
ガラガラだ	1
ガリア	1
ガンジス	1
ガン細胞	1
ガーデニング	1
ガードレール	1
ガーランド	1
ガーリックトースト	1
キキー	1
キジョン	1
キタノ	1
キダ	1
キチキチだ	1
キック	1
キットカット	1
キッド	1
キツイでしょ	1
キツネ狩り	1
キテク	1
キボンヌ	1
キミ	1
キムチチゲ	1
キモい	1
キモイ	1
キモス	1
キャサリン	1
キャッ	1
キャッチ	1
キャッチボール	1
キャデラック	1
キャリーバッグ	1
キャロル	1
キャンパス	1
キャンベラ	1
キャンペーン	1
キャー	1
キャ～っ	1
キャ～～	1
キュウリ	1
キューバ	1
キヨ	1
キラキラ	1
キリス･ウンゴル	1
キレちゃった	1
キレる	1
キングサイズ	1
キーウ	1
キーウィ	1
キーツ	1
キーボード	1
ギザ	1
ギセル	1
ギタリスト	1
ギフトショップ	1
ギプス	1
ギムリ	1
ギャラクシー	1
ギャラリー	1
ギャンブラー	1
ギリシア	1
ギリシア人	1
ギリシャ	1
ギリシャ神話	1
クアレ	1
クオリティ	1
クシ	1
クジ	1
クセ	1
クソっ	1
クソジジイ	1
クソッ	1
クソハゲ	1
クソバカ	1
クソ野朗め	1
クソ頭	1
クッ	1
クック	1
クッソ	1
クライアント	1
クラシック	1
クラシックカー	1
クラスメイト	1
クラス会	1
クラッグ	1
クラブ活動	1
クララ	1
クリスタル	1
クリスマスイヴ	1
クリスマスツリー	1
クリスマス・マーケット	1
クリスマス前	1
クリック	1
クリニック	1
クリミア	1
クリーニング代	1
クリーニング屋	1
クリームチーズ	1
クリーンルーム	1
クルミ	1
クレイジー	1
クレカ	1
クレジット会社	1
クレッグ	1
クレーター	1
クレーム	1
クロ	1
クロアチア	1
クロエ	1
クロトワ	1
クロード・ベッカー	1
クーパー	1
ググれ	1
ググレ	1
グッドタイミング	1
グミ	1
グラウンド	1
グラタン	1
グラフ	1
グランド	1
グランド・キャニオン	1
グランマンマーレ	1
グリメリー	1
グリンダ・ザ・グッド	1
グリーンランド	1
グルジア語	1
グルテン	1
グレイ	1
グレゴリー・ペック	1
グレタ	1
グレッグ	1
グレン	1
グレー	1
グレース	1
グレートブリテン	1
グロバサ	1
グーグルアイ	1
ケ	1
ケイン	1
ケダモノ	1
ケチだ	1
ケチって	1
ケット	1
ケニア	1
ケリー･シスターズ	1
ケンカ	1
ケンチャン	1
ケント	1
ケー	1
ケージ	1
ケーブルカー	1
ケ～イ	1
ゲイツ	1
ゲス野郎	1
ゲリラ	1
ゲーシャ	1
ゲームオーバー	1
コオロギ	1
コケ	1
コケコッコー	1
ココ	1
コショウ	1
コスト高	1
コチェリニチェスカヤ	1
コットンブラウス	1
コパコバナ	1
コペンハーゲン	1
コミュニティー	1
コミュ力	1
コメディアン	1
コラッ	1
コラム	1
コラー	1
コリー	1
コレっ	1
コレクトコール	1
コレステロール値	1
コレット	1
コロンビア	1
コロンブス	1
コンクリート	1
コンコルド機	1
コンサーティーナ	1
コンセプト	1
コンセント	1
コンタクトレンズ	1
コンディション	1
コントラスト	1
コントローラー	1
コンドーム	1
コンパクトディスク	1
コンビニエンスストア	1
コンピューターゲーム	1
コンピュータープログラマー	1
コンピューター会社	1
コンピューター用品	1
コンレイ	1
コーク	1
コーシャ	1
コーチ	1
コート掛け	1
コードネーム	1
コーネリアス	1
コーヒーポット	1
コーヒーミル	1
コーヒー店	1
コーヒー牛乳	1
コーベン	1
コーラス	1
コールセルフライ	1
コールドゲーム	1
コーンウォール	1
ゴシップ	1
ゴッホ	1
ゴツイ	1
ゴボウ	1
ゴマすり	1
ゴミ収集車	1
ゴミ捨て場	1
ゴミ箱	1
ゴミ置き場	1
ゴム	1
ゴム手袋	1
ゴルファー	1
ゴルフボール	1
ゴルフ場	1
ゴング	1
ゴーストハック	1
ゴースト・イン・ザ・シェル	1
ゴールデンウィーク	1
ゴールデンパラシュート	1
ゴール前	1
サ	1
サイド	1
サイフ	1
サウンド	1
サギ男	1
サクラメント	1
サクリスタル	1
ササ	1
サザンプトン	1
サッと	1
サッカークラブ	1
サッカーチーム	1
サッカーファン	1
サッカーボール	1
サッカー選手	1
サッカー部	1
サッポー	1
サドル	1
サノ	1
サバいて	1
サビ抜き	1
サブアド	1
サブポッド	1
サボって	1
サボテン	1
サマーワンピ	1
サムスン	1
サムワイズ	1
サヤちん	1
サラ	1
サラサラ	1
サルタン	1
サルティコバ	1
サルファ剤	1
サルマン	1
サロン	1
サンザシ	1
サンタクロース	1
サンタモニカ	1
サンダル	1
サンティーニ	1
サンディエゴ	1
サンドラ	1
サ・チョルソン	1
サー	1
サーカス小屋	1
サーシャ	1
サード	1
サーバ	1
サーモン	1
ザクロ	1
ザチャリー	1
ザル	1
シェパード	1
シカト	1
シカンダー	1
シザム	1
シス	1
シティガイドマップ	1
シマウマ	1
シモン	1
シャイだった	1
シャイです	1
シャキーラ	1
シャッター	1
シャバーズ	1
シャフト	1
シャベル	1
シャボン玉	1
シャンデリア	1
シャンペン	1
シャーペン	1
シュッテ	1
シュメール人	1
シュワシュワ	1
シュヴァイツァー	1
ショック死	1
ショパンコンクール	1
ショーウインドウ	1
ショート	1
ショートケーキ	1
ショートスカート	1
シラントロ	1
シリヤ	1
シルク	1
シルバニト	1
シロオニタケ	1
シロクマ	1
シロナガスクジラ	1
シワ	1
シンガプラム	1
シンガー	1
シンク	1
シンディ	1
シンデレラ	1
シンプル	1
シヴァ	1
シヴァガミ	1
シヴドゥ	1
シーン	1
シ～っ	1
ジイジ	1
ジェイク	1
ジェスチャー	1
ジェファーソン・デビス	1
ジェミニ･コロッケ懸賞	1
ジェントルマン	1
ジェームス	1
ジェームズ	1
ジェームズ・ボンド	1
ジオキャッシング	1
ジグザグ	1
ジコ坊	1
ジジ	1
ジニー	1
ジビエ	1
ジブチ	1
ジブチ人	1
ジブラルタル	1
ジブラルタル海峡	1
ジプシー	1
ジミー・マルカム	1
ジム・ウォラー	1
ジャガ	1
ジャクソン	1
ジャクージ	1
ジャストサイズ	1
ジャスミン	1
ジャズシンガー	1
ジャッカル	1
ジャネット	1
ジャパン・タイムズ	1
ジャン	1
ジャングル	1
ジャンプ･シート	1
ジャンル	1
ジャー	1
ジャーマン・シェパード	1
ジャーン	1
ジュディー	1
ジュニア	1
ジュネーブ	1
ジュバ	1
ジュピター	1
ジュリエット	1
ジョシュア	1
ジョセフ	1
ジョッキ	1
ジョン・オールマン	1
ジョン・Ｔ・パルティー	1
ジョーイ	1
ジョーカー	1
ジョーダン	1
ジリジリ	1
ジロジロ	1
ジーコ	1
ジーザス	1
ジープ	1
ジーン	1
スぺ何とか	1
スィート	1
スイマー	1
スイレン	1
スイングドア	1
スイーツ	1
スウェーデン語	1
スエット	1
スカイダイビング	1
スカイツリー	1
スカイプ	1
スキャナ	1
スキューバ	1
スキル	1
スギ	1
スクラップ	1
スケーター	1
スコッティ・ベケット	1
スコット	1
スコットランド	1
スコット・ホール	1
スゴい	1
スズメ	1
スズメバチ	1
スタジオジブリ	1
スタメン	1
スタンガン	1
スタンダード	1
スタントマン	1
スタート	1
スッキリ	1
スティーブ	1
スティーブン・キング	1
スティーヴ	1
ステキでしょ	1
ステパン	1
ステーキ売人	1
ストッキング	1
ストック	1
ストライキ	1
ストライク	1
ストライダー	1
ストライプ	1
ストラップレス	1
ストレッチ	1
ストレート	1
スナック菓子	1
スノボー	1
スバル	1
スパイク	1
スパゲティー	1
スパーク音	1
スピノザ	1
スフィンクス	1
スプライト	1
スプリンクラー	1
スペアタイヤ	1
スペイン文学	1
スペイン料理	1
スペイン語翻訳	1
スペル	1
スペースシャトル	1
スポック	1
スポットライト	1
スポンサー	1
スポーツ新聞	1
スポーツ欄	1
スポーツ選手	1
スマイルマーク	1
スマギナ	1
スマート	1
スマートハウス	1
スミ	1
スミス家	1
スミレ	1
スムーズ	1
スモッグ	1
スモモ	1
スモーク	1
スモークサーモン	1
スラスター	1
スラスラ	1
スラム	1
スリップ	1
スリル	1
スリー	1
スリーサイズ	1
スレスレ	1
スローン	1
スローン・スクエア	1
スヴェン	1
スージー	1
スーパーヒーロー	1
スーパーフライ	1
スーパーマン	1
ズドーン	1
ズバリ	1
ズラ	1
ズラかれ	1
ズル休み	1
ズレてた	1
ズームイン	1
ズールー族	1
セイディ	1
セキュリティ	1
セクシー	1
セクシーだ	1
セッティング	1
セット	1
セヌーラ	1
セブン	1
セメント	1
セラピスト	1
セリフ	1
セルフサービス	1
セロテープ	1
センサー	1
センサ局	1
センセイ	1
センセーション	1
セーフ	1
セーフティボックス	1
セールス	1
セールス班	1
セール中	1
ゼ	1
ソウスケ	1
ソク	1
ソシオパス	1
ソニー	1
ソビエト通り	1
ソフィ	1
ソフト	1
ソフトウェア	1
ソフトドリンク	1
ソプラノ歌手	1
ソラリス	1
ソリティア	1
ソロ	1
ソープ	1
ソ連崩壊後	1
ゾウ	1
ゾクゾク	1
ゾクッ	1
ゾッ	1
タイタニック号	1
タイポ	1
タイムアップ	1
タイムマシン	1
タイムマシーン	1
タイヤン・シェン	1
タイラー･ダーデン	1
タオル姿	1
タガログ語	1
タクシ一	1
タジク語	1
タスク	1
タソケ	1
タタラ場	1
タダです	1
タッチ	1
タトエバ星	1
タヒチ島	1
タフだ	1
タブマン	1
タブー	1
タミー	1
タムタム	1
タメ口	1
タルティーヌ	1
タルト	1
タレント	1
タンク	1
タンパク質	1
タンポポ	1
ダ	1
ダイアル	1
ダイアン	1
ダイス	1
ダイニング	1
ダイブ	1
ダウンタウン	1
ダウンロード	1
ダサい	1
ダック	1
ダニーラ	1
ダヘ	1
ダベって	1
ダメだった	1
ダメでしょ	1
ダラス	1
ダラダラ	1
ダルトン兄弟	1
ダンス･ ミュージック	1
ダンテ	1
ダンナ	1
ダンボール	1
ダース	1
ダーニャ	1
ダーリン	1
チェッカー盤	1
チェックアウト	1
チェックインカウンター	1
チェルシー	1
チェンソー	1
チクった	1
チケット代	1
チスタリー	1
チャイ	1
チャイナタウン	1
チャウ	1
チャットルーム	1
チャリティーコンサート	1
チャリ通	1
チャンコン	1
チャンプ	1
チャーター	1
チャーチル	1
チャーリー	1
チャーリーチャップリン	1
チュウ	1
チュウチュウ	1
チュルク語	1
チュンチュン	1
チュー	1
チューインガム	1
チョウ	1
チョコレートアイスクリーム	1
チョコレートキャンディー	1
チョット	1
チョナンアサン	1
チョナンアサン駅	1
チョベリグ	1
チョベリバ	1
チョモランマ	1
チンピラ	1
チンポ	1
チーター	1
チームメンバー	1
チームワーク	1
ツァオ	1
ツイて	1
ツイてる	1
ツォユン	1
ツケ	1
ツタ	1
ツバメ	1
ツボ	1
ツンボ	1
ツー	1
ツーリング	1
ツールバー	1
ツーン	1
ティナ	1
ティースプーン	1
ティーン	1
テイラー	1
テキスト	1
テク	1
テクノロジー	1
テジョン	1
テスト文	1
テスト飛行	1
テッシー	1
テニスプレイヤー	1
テニスプレーヤー	1
テニスボール	1
テニス選手	1
テニス部	1
テネシー州警察	1
テヘラン	1
テリア犬	1
テリー・テイト	1
テレビスター	1
テレビニュース	1
テレビ用	1
テレビ講座	1
テーブルクロス	1
テーブル席	1
テーブル掛け	1
デアンドラ	1
ディアドラ	1
ディスコ	1
ディズニー動画	1
ディナーパーティー	1
ディラモンド	1
ディローン	1
ディーゼルエンジン	1
ディーラー	1
ディーン	1
デイビッド	1
デイブ・ボイル	1
デイモン	1
デイヴィッド	1
デイヴィッド・コパフィールド	1
デイヴィッド・コパフィールド夫人	1
デウスデッヂ	1
デカフェ	1
デコード	1
デスクトップ	1
デスクワーク	1
デトロイト	1
デニス	1
デバッグ	1
デビー	1
デメリット	1
デンマーク人	1
デーツ	1
トイレトレーニング	1
トゥルー・ブルー	1
トゥーコ	1
トゥーサン	1
トウモコロシ	1
トカゲ	1
トキ	1
トキポナ	1
トゲ	1
トコトン	1
トシキ	1
トッド	1
トッピング	1
トマトジュース	1
トマトスープ	1
トムバッド	1
トム・ジャクソン	1
トム・フィッシャー	1
トヨタ	1
トライ	1
トライデント	1
トラウマ治療ケーキ	1
トラベラーズ・チェック	1
トランジスター	1
トランペット	1
トリック	1
トリビューン紙	1
トルコ語	1
トルメキア兵	1
トレイシー	1
トレンブレー	1
トレーシー	1
トレーニング	1
トレーラーハウス	1
トロフィー	1
トンガリ耳	1
トング	1
トントン	1
トンプソン	1
トンボ	1
トンボ返り	1
トースター	1
トーニ	1
トーム	1
ドアノブ	1
ドアベル	1
ドアマット	1
ドア枠	1
ドイツ軍	1
ドゥ･ムーラン	1
ドクター・マーカス	1
ドシー	1
ドストエフスキー	1
ドッキリ	1
ドック	1
ドッグフード	1
ドブネズミ	1
ドラ	1
ドライビングスクール	1
ドライマン	1
ドラゴン	1
ドラフト	1
ドリル	1
ドリーム	1
ドル安	1
ドロシー	1
ドロッ	1
ドロップ	1
ドロドロ	1
ドンピシャだ	1
ドン・ジョーンズ	1
ドン百姓	1
ドーディ	1
ドーン	1
ド肝	1
ナイスワン	1
ナイン	1
ナインティーナイン	1
ナイーブだった	1
ナゴ	1
ナシ	1
ナシメント	1
ナズグル	1
ナタデココ	1
ナタナエル	1
ナタリー	1
ナタ・デ・ココ	1
ナット･キング･コール	1
ナップサック	1
ナツメグ	1
ナポリ	1
ナポレオン	1
ナムグン	1
ナメ	1
ナワリヌイ	1
ナンド	1
ナンバープレート	1
ナンバー賭博	1
ナンマンダブ	1
ナース	1
ニガ	1
ニガー	1
ニキータ・フルシチョフ	1
ニコ	1
ニコッ	1
ニコニコ	1
ニコル	1
ニッキー	1
ニット	1
ニトログリセリン	1
ニハド	1
ニヒっ	1
ニヒヒヒ	1
ニャンコ	1
ニューオーリンズ	1
ニュース記事	1
ニューモデル	1
ニューヨークタイムズ	1
ニューヨーク州	1
ニューヨーク市	1
ヌル	1
ヌワンダ	1
ヌーディストビーチ	1
ネイサン・Ｍ・ジャニス少佐	1
ネイト	1
ネガティブ	1
ネザーポータル	1
ネジ	1
ネタバレ	1
ネタ切れ	1
ネッサローズボク	1
ネットゲーム	1
ネッド	1
ネパール	1
ノシブタ	1
ノックアウト	1
ノリコ	1
ノリノリ	1
ノリノリだ	1
ノンフィクション作家	1
ノー	1
ノーカン	1
ノースカロライナ	1
ノートルダム大聖堂内	1
ノーベル物理学賞	1
ノーベル賞	1
ハ	1
ハアッ	1
ハイ	1
ハイウエイ	1
ハイジャック犯	1
ハイスペック	1
ハイセンス	1
ハウザー	1
ハクチョウ	1
ハゲ	1
ハゲて	1
ハサン	1
ハチミツ	1
ハッ…	1
ハッキリ	1
ハッキング	1
ハック	1
ハッピーエンド	1
ハッピーニューイヤー	1
ハニー	1
ハハ	1
ハムエッグ	1
ハムスター	1
ハメられた	1
ハリウッド	1
ハリウッドスター	1
ハリス	1
ハリー杉山	1
ハル	1
ハロウィン	1
ハロウィーン	1
ハロルド	1
ハロー	1
ハワードＵ	1
ハンサムで	1
ハンタイ	1
ハンター	1
ハント	1
ハンドクリーム	1
ハーグ	1
ハーコート事務所	1
ハーディ	1
ハート・マシン	1
ハードロック	1
ハーモニカ	1
ハーロー	1
バア	1
バイ	1
バイアノ	1
バイセクシュアルだった	1
バイト先	1
バイブレーション	1
バインミー	1
バカじゃねー	1
バカだった	1
バクスター	1
バザー	1
バスタオル	1
バスチアン	1
バスツアー	1
バスティアン	1
バス通学	1
バタバタ	1
バタースコッチ	1
バッチリ	1
バッティング	1
バット	1
バッド	1
バッハ	1
バトミントン	1
バトン	1
バトー	1
バドミントン	1
バドラ	1
バナナケース	1
ババ	1
バラした	1
バラして	1
バラそう	1
バリケード	1
バリバリ	1
バルトロメオ	1
バルト海	1
バルバ	1
バルバソチーウ	1
バルビツール	1
バルベリーニ広場	1
バレたら	1
バレエ	1
バレル	1
バレーボールチーム	1
バンクーバー	1
バンジージャンプ	1
バンピー	1
バーべキュー	1
バーコード	1
バースデイプレゼント	1
バースデーケーキ	1
バート	1
バード	1
バーニャ	1
バーフ	1
バーボン	1
バーマン	1
パウル	1
パエリア	1
パク	1
パジャマ姿	1
パタン	1
パターン	1
パチン	1
パッと	1
パッションフルーツケーキ	1
パッツィ	1
パテ	1
パティ・デューク	1
パティー	1
パトリシア	1
パトロール	1
パトロールカー	1
パパイア	1
パパサウス	1
パブロ	1
パペット	1
パラソル	1
パラダイス	1
パリアティブケア	1
パリスヒルトン	1
パワー	1
パンくず	1
パンケーキ	1
パンパン	1
パン生地	1
パン職人	1
パー	1
パーカー	1
パークリッジ行き	1
パートタイマー	1
パートタイム	1
パープル	1
パーヴェル	1
ヒイ	1
ヒゲ剃り	1
ヒゲ面	1
ヒステリック	1
ヒット	1
ヒットラー	1
ヒッピー	1
ヒトラー	1
ヒドイ	1
ヒナ	1
ヒビ	1
ヒマです	1
ヒマシ油	1
ヒミ	1
ヒューズ	1
ヒルダ	1
ヒルトン・ホテル	1
ヒロコ	1
ヒロミ	1
ヒンズー教徒	1
ヒンドゥー	1
ヒーター	1
ビ	1
ビかみくだいて	1
ビクビク	1
ビザカード	1
ビシッと	1
ビジネス	1
ビスクドール	1
ビタミン	1
ビタ一文	1
ビデオカメラ	1
ビデオゲーム	1
ビニー	1
ビニール袋	1
ビバ	1
ビビってる	1
ビビる	1
ビフテキ	1
ビュウビュウ	1
ビリ	1
ビリビリ	1
ビリー･フリン	1
ビル･カーソン	1
ビーチボール	1
ビーフ	1
ビール代	1
ピエール	1
ピカイチ	1
ピクトン	1
ピザパーティー	1
ピザ屋	1
ピストン	1
ピッコロ	1
ピッタリ	1
ピニャータ	1
ピョン	1
ピリッ	1
ピリピリ	1
ピンぞろ	1
ピンキリ	1
ピンポン	1
ピーナッツ	1
ピーナッツアレルギー	1
ピーマン	1
ピーラー	1
ファイト	1
ファイト･クラブ	1
ファイルザムービー	1
ファイヴ	1
ファシスト	1
ファシズム雑誌	1
ファジィ理論	1
ファスナー	1
ファック	1
ファディル	1
ファビオ	1
ファブリツィオ	1
ファラオ	1
ファランプ	1
ファルコン	1
ファンレター	1
ファート	1
フィクション	1
フィリップ	1
フィンガーズ	1
フィンランド人	1
フィート	1
フィーニャ	1
フェアベール	1
フェラ	1
フォックス	1
フォルダー	1
フォワード	1
フォント	1
フォー	1
フォークソング	1
フォーゲル	1
フォース	1
フォード社	1
フォーマルです	1
フグ	1
フック	1
フットワーク	1
フッフフ	1
フツーの	1
フフ	1
フラれて	1
フライ	1
フラグ	1
フラッシュ	1
フラップター	1
フラワーアレンジメント	1
フランキー	1
フランクリン	1
フランシ	1
フランシス	1
フランスン	1
フランス大統領	1
フランス文学	1
フランス語留学	1
フランツ	1
フラー	1
フリン	1
フリーキック	1
フリーマーケット	1
フルジ	1
フル操業	1
フル稼働	1
フレンチトースト	1
フロリダ	1
フロントガラス	1
フロント部分	1
フワフワの	1
フン	1
フンスク	1
フンパ	1
フーッ	1
ブカレスト	1
ブキャナン	1
ブザー	1
ブス	1
ブタ箱	1
ブタ野郎	1
ブチ	1
ブッてん	1
ブックマーク	1
ブッシュ	1
ブッダガヤ	1
ブッ殺せ	1
ブドウジュース	1
ブドウ酒	1
ブドー	1
ブブゼラ	1
ブライダル	1
ブラインド	1
ブラウザー	1
ブラウス	1
ブラジルポルトガル語	1
ブラジル葡語	1
ブラックリスト	1
ブラッド	1
ブラボー	1
ブランデー	1
ブランド	1
ブランド品	1
ブリキ	1
ブリッジ	1
ブリーフケース	1
ブルトドー	1
ブルドーザー	1
ブルータス	1
ブルーベリーマフィン	1
ブレイズ	1
ブレザー	1
ブレン	1
ブレンダン・ハリス	1
ブロッコリー	1
ブローチ	1
ブーメラン	1
ブーン	1
プア	1
プエルトリコ	1
プチン	1
プッシー	1
プディング	1
プライバシー	1
プラス	1
プラスアルファ	1
プラスチック	1
プラスチック製	1
プラスドライバー	1
プラットホーム	1
プラトー	1
プランクトン	1
プリマス大学	1
プリンス	1
プリーツ	1
プレイ	1
プレイヤー	1
プレインイングリッシュ	1
プレス	1
プレッシャー	1
プレッツェル	1
プレーン	1
プログラム	1
プロペラ	1
プーシキン	1
プーチン	1
ヘ	1
ヘアドライヤー	1
ヘアピン	1
ヘイ	1
ヘッ	1
ヘッドスカーフ	1
ヘッドフォン	1
ヘッドホン	1
ヘッヘヘヘ	1
ヘニー･ヤングマン	1
ヘビースモーカー	1
ヘビー級	1
ヘヘヘ	1
ヘヘヘヘ	1
ヘボ軍隊	1
ヘマ	1
ヘミングウェイ	1
ヘルガ	1
ヘルシンキ	1
ヘルシーだ	1
ヘルニア	1
ヘルペス	1
ヘレナ・マルコス	1
ヘレン・ケラー	1
ヘロイン	1
ヘヴィ	1
ヘーボ	1
ベアー	1
ベイビー	1
ベッカム	1
ベッキー	1
ベッシー	1
ベトナム戦争	1
ベニス	1
ベニチオ	1
ベネ	1
ベビーシッター	1
ベビーシート	1
ベランダ	1
ベルベル人	1
ベルボーイ	1
ベロ	1
ベロベロ	1
ベンダー	1
ベークドビーン	1
ベーコン	1
ベーコンエッグ	1
ベートーベン	1
ペアリー	1
ペクトーレ	1
ペコペコ	1
ペゴティ	1
ペジテ	1
ペスト	1
ペテン	1
ペテン師	1
ペトローブナ	1
ペドロ	1
ペニー	1
ペラペラ	1
ペリカン	1
ペルシャ語	1
ペロペロキャンディ	1
ペロリ	1
ペンキ塗り	1
ペンケース	1
ペンダント	1
ペンパル	1
ペンフレンド	1
ページ数	1
ペース	1
ペーター	1
ホカホカです	1
ホジェ	1
ホストファミリー	1
ホッ	1
ホックリー	1
ホットケーキ	1
ホットソース	1
ホットチョコ	1
ホットチョコレート	1
ホッパー	1
ホッホッホッ	1
ホテル アドリアーノ	1
ホビット	1
ホビット庄	1
ホピ語	1
ホラー映画	1
ホルヘ	1
ホワイトブレッド	1
ホワイトボード	1
ホンダ	1
ホントに	1
ホントの	1
ホンミョンボ	1
ホームシック	1
ホームスクーリング	1
ホームレス	1
ボ	1
ボイス	1
ボイスチャット	1
ボケ	1
ボケてる	1
ボサッと	1
ボストンマラソン	1
ボタンホール	1
ボディーガード	1
ボディーボード	1
ボトリオレピス	1
ボヤボヤ	1
ボヤール	1
ボルト	1
ボロボロの	1
ボロミア	1
ボンッ	1
ボーイスカウト	1
ボーナス	1
ボーラ	1
ボールさばき	1
ボールガール	1
ボールペン	1
ボールボーイ	1
ボール遊び	1
ポイ	1
ポイントカード	1
ポエム	1
ポケットモンスター	1
ポケモンゴー	1
ポタポタ	1
ポッキーゲーム	1
ポッピ	1
ポップ	1
ポテチ	1
ポテトチップ	1
ポテトチップス	1
ポマト	1
ポルトガル	1
ポルトガル人	1
ポルノ映画	1
ポルノ映画館	1
ポロシャツ	1
ポンプ	1
ポーシャ	1
ポージー	1
ポーズ	1
ポーター	1
ポーランド人	1
ポーリー	1
マイアミ	1
マイケル	1
マイケル・ジャクソン	1
マイナスドライバー	1
マイホーム	1
マイヤー	1
マウリシオ	1
マウントアップ	1
マエストロ	1
マクガン	1
マグカップ	1
マグロ	1
マザー・テレサ	1
マシだろう	1
マシュマロ	1
マシン	1
マジック	1
マスコット	1
マスコミ	1
マスターカード	1
マセロアレズ	1
マチアス	1
マチュー	1
マッサージ	1
マッシュルーム	1
マッターホルン	1
マッダレーナ	1
マッチ箱	1
マドリード	1
マドンナ	1
マナリ	1
マナーモード	1
マニア	1
マヌケ	1
マヒト	1
マフィア	1
マヘンドラ	1
ママ熊	1
マメ	1
マヤ族	1
マヨネーズ	1
マリ	1
マリア・サラ	1
マリオ	1
マリオン	1
マリブ	1
マリー	1
マリーナ	1
マルクス	1
マルコーニ	1
マルサンダ	1
マルセーユ	1
マルチェッロ	1
マレーナ	1
マンゴママ	1
マンゴー	1
マンション	1
マンション用地	1
マンタ	1
マンチカン	1
マンモス	1
マーカム	1
マーカー	1
マーク・ワトニー	1
マーケット	1
マーシー	1
マーマレード	1
マーロー	1
マーヴィン	1
ミア	1
ミイラとり	1
ミイラ取り	1
ミキ	1
ミキサー	1
ミケランジェロ	1
ミサゴ	1
ミシェル	1
ミシシッピ川	1
ミスってた	1
ミスタ・ピンク	1
ミスタ・ブルー	1
ミスター･シャドー	1
ミスティー	1
ミステリアス	1
ミステリー	1
ミスプリント	1
ミス・スージー	1
ミス・トロットウッド	1
ミッキー・コナーズ	1
ミッション・コントール	1
ミッチ	1
ミツバチ	1
ミディアム	1
ミディアムレア	1
ミナス・ティリス	1
ミニー	1
ミネラル	1
ミヒ	1
ミヒジン	1
ミホ	1
ミャンマー	1
ミュート	1
ミラノ	1
ミリシア	1
ミルクティー	1
ミルトン	1
ミレー	1
ミンスク	1
ミーチャ	1
ミートソース	1
ミートボール	1
ミートボールパスタ	1
ミートローフ	1
ムカついて	1
ムカデ人間	1
ムカムカ	1
ムショ	1
ムスビ	1
ムチャ	1
ムハンマドゥン	1
ム所	1
メイク	1
メイト	1
メイド	1
メキシコ人	1
メザボッタ	1
メシ	1
メシ当番	1
メス	1
メソメソ	1
メタルマン	1
メダリスト	1
メトロカード	1
メニス	1
メラニー	1
メリ	1
メリア	1
メリクリ	1
メリサ	1
メリット	1
メリークリ	1
メリークリスマス	1
メルアド	1
メルセデス	1
メロディー	1
メロン	1
メンテナンス	1
メーター	1
メーリ	1
メールボックス	1
メ～イ	1
モスク	1
モップ	1
モテモテだった	1
モデム	1
モデル・ガン	1
モニカ	1
モハメド･アリ	1
モハンド	1
モメ事	1
モモ	1
モリエラ	1
モレク神	1
モンダン	1
モンテ･クリスト伯爵	1
モントリオール	1
モンリシャール	1
モーター	1
モートン	1
モーリーン	1
ヤ	1
ヤりたい	1
ヤギ	1
ヤクザ	1
ヤダ	1
ヤッた	1
ヤッホ	1
ヤバくない	1
ヤバそうだ	1
ヤバイ	1
ヤマ	1
ヤリ	1
ヤリチン	1
ヤレる	1
ヤワじゃない	1
ヤーマス	1
ユタ州	1
ユダ	1
ユダヤじん	1
ユダヤ人ニュース	1
ユダヤ系アメリカ人	1
ユッタ	1
ユパ	1
ユミ	1
ユー	1
ユーザー名	1
ユーフォー	1
ヨアヒム	1
ヨシエ	1
ヨシオ	1
ヨーキー	1
ヨーコ	1
ライザセック	1
ライター	1
ライトハウス	1
ライトビール	1
ライトブルー	1
ライバル	1
ライフル	1
ライフワーク	1
ライブ	1
ライム病	1
ラウンジ	1
ラグビー選手	1
ラザニア	1
ラザーロ・ザメンホフ	1
ラジウム	1
ラジオ用	1
ラジコン	1
ラストチャンス	1
ラストーギ家	1
ラスベガス	1
ラスールッラー	1
ラズベリー	1
ラダック	1
ラッキー	1
ラッキーだ	1
ラッキーだった	1
ラッシュ	1
ラッシュアワー	1
ラッシュ時	1
ラッパスイセン	1
ラピュタ探索	1
ラファエル	1
ラフプラン	1
ラブ	1
ラブコメ	1
ラマ	1
ラム	1
ララミー	1
ラン	1
ランク付け	1
ランス	1
ランチョ	1
ランドリー	1
ランドルフ社	1
ランドー	1
ランブータン	1
ラー	1
ラージウーン	1
リアル	1
リオデジャネイロ	1
リオ・デュアルテ	1
リクエスト	1
リサイクル	1
リスニング	1
リズム	1
リズム感	1
リップ	1
リッラーヒ	1
リツコ	1
リトアニア語	1
リトル・ジョン	1
リナックス	1
リニューアル	1
リハ	1
リバプール	1
リビア	1
リベリア共和国	1
リベート	1
リモート	1
リャマ	1
リュシータ	1
リュシータ・トエル・ウル	1
リヨン	1
リラ	1
リライアント	1
リレー	1
リンカーン・センター	1
リング	1
リンドバーグ	1
リー	1
リー・マービン	1
リー嬢	1
ルイザ	1
ルシフェラ・ヴァンパレラ	1
ルター派	1
ルックス	1
ルパート	1
ルビー	1
ルビーニ	1
ルフトハンザ	1
ルミ	1
ルンバ	1
ルー	1
ルーター	1
ルート	1
ルームサービス	1
ルームメイト	1
ルーユエ	1
レア	1
レオンチン	1
レシピ	1
レシート	1
レジスタンス	1
レジャー観	1
レスボス島	1
レズ	1
レズビアン	1
レセプション	1
レタス	1
レッカー	1
レバノン料理	1
レベッカ	1
レポーター	1
レミー	1
レンズ	1
レンズ豆	1
レンタル	1
レントゲン	1
レントゲン写真	1
レ・クレック	1
レ・ミゼラブル	1
レース・トラック	1
レーズン	1
レーダー	1
レーベル	1
ロ	1
ロイド	1
ロイヤルホテル	1
ロウソク	1
ロキシー･ハート	1
ロク	1
ログイン情報	1
ロザリン	1
ロシア経済	1
ロシア革命	1
ロシャ	1
ロジバン	1
ロス	1
ロッカー	1
ロッキー	1
ロックジョー	1
ロックミュージシャン	1
ロック音楽	1
ロッテルダム	1
ロッド	1
ロナルド・マクドナルド	1
ロバ	1
ロビンソン	1
ロベルト･カネッサ	1
ロホス	1
ロマンチックだ	1
ロマン派	1
ロミーナ	1
ロング	1
ロングスカート	1
ロングドレス	1
ロンドンタワー	1
ローク	1
ローザ	1
ローストポーク	1
ロード	1
ローナ	1
ローハン	1
ローブ	1
ローブロー	1
ローマ数字	1
ローマ軍	1
ローラ	1
ローラ・インガルス	1
ロールスロイス	1
ワ	1
ワイシャツ	1
ワイセツ物陳列	1
ワイヤ	1
ワインクーラー	1
ワクワク	1
ワズ	1
ワッ	1
ワッと	1
ワックスがけ	1
ワッフル	1
ワナ	1
ワニ	1
ワルツ	1
ワンコ	1
ワンダーミュージックショップ	1
ワンド	1
ワンワン	1
ワー	1
ワーォ	1
ワーオ	1
ワーッ	1
ヴァル	1
ヴァン湖	1
ヴィクトル･ユゴー	1
ヴィチョー	1
ヴィットリノ	1
ヴィトカ	1
ヴィトン	1
ヴィーガン	1
ヴェネツィア	1
ヴェルマ	1
・・	1
一キロ	1
一ドル	1
一ポンド	1
一ヶ月間	1
一丁	1
一人ぼっちだった	1
一人前	1
一人部屋	1
一件落着	1
一任	1
一位	1
一個	1
一倍半	1
一儲け	1
一列前	1
一刻	1
一千万円	1
一口	1
一同	1
一回り	1
一因	1
一国二制度	1
一塁手	1
一大危機	1
一姫	1
一字一句	1
一字千金	1
一家族	1
一年半前	1
一年間	1
一度きり	1
一応	1
一括払い	1
一挙手一投足	1
一握り	1
一文なし	1
一斉に	1
一斤	1
一新	1
一方通行	1
一旗	1
一日一善	1
一時的で	1
一時解雇	1
一時間半	1
一晩	1
一期一会	1
一期末代	1
一本調子	1
一本道	1
一束	1
一段	1
一段と	1
一段落	1
一気に	1
一汁三菜	1
一泡	1
一流大学	1
一溜まり	1
一瓶	1
一生懸命だ	1
一番乗り	1
一番列車	1
一番星	1
一癖	1
一目散	1
一目瞭然で	1
一眼二足三胆四力	1
一瞬	1
一石二鳥	1
一票	1
一秒	1
一筆	1
一等	1
一糸	1
一組	1
一網打尽	1
一緒だったろ	1
一羽	1
一興	1
一般大衆	1
一般的で	1
一般開放	1
一葉	1
一衣帯水	1
一袋	1
一覧	1
一語	1
一財産	1
一貫	1
一足	1
一踏ん張り	1
一軒	1
一輪	1
一輪車	1
一途	1
一途です	1
一通り	1
一部門	1
一陣	1
一隻	1
一風	1
一風呂	1
一騎	1
一鶴	1
丁寧さ	1
丁重	1
七ポンド	1
七十五日	1
七原秋也	1
七国山	1
七夕	1
七時	1
万が一	1
万事休す	1
万代	1
万全	1
万引き	1
万緑叢中	1
万能だ	1
万能薬	1
万雷	1
丈	1
丈夫だ	1
三々五々	1
三つ子	1
三カ国語	1
三キロ	1
三ポンド	1
三ヶ月	1
三ヶ月前	1
三位	1
三個	1
三分間	1
三十	1
三十六計	1
三十分	1
三台	1
三味線	1
三塁打	1
三奥様	1
三宅	1
三局	1
三度目	1
三才年上	1
三拍子	1
三振	1
三日	1
三日三晩	1
三日坊主	1
三時間	1
三歳	1
三点差	1
三百人	1
三角	1
三角形	1
三週間前	1
三郎	1
三頭筋	1
上々です	1
上あご	1
上がりすぎ	1
上がれ	1
上がれます	1
上がれる	1
上がろう	1
上げ	1
上げない	1
上げなけれ	1
上げます	1
上げよ	1
上の空	1
上まわって	1
上もなく	1
上りました	1
上る	1
上下	1
上出来	1
上半身裸だった	1
上告	1
上品	1
上回る	1
上手くいってます	1
上手くいってる	1
上手なれ	1
上書き	1
上梓	1
上機嫌だった	1
上気	1
上湿度	1
上等じゃない	1
上等だ	1
上等です	1
上等の	1
上衣	1
上質です	1
上部	1
上部前方	1
上野	1
上野公園	1
上野駅	1
上院議員	1
上陸	1
下がってろ	1
下げない	1
下げなけれ	1
下さいます	1
下さって	1
下さる	1
下された	1
下します	1
下った	1
下ったら	1
下り	1
下り坂	1
下る	1
下れ	1
下ろされた	1
下ろし	1
下位候補者	1
下働き	1
下取り	1
下女	1
下戸	1
下手くそ	1
下敷き	1
下水溝	1
下水道	1
下流	1
下町	1
下痢	1
下着	1
下積み	1
下船	1
下落	1
下記	1
下院	1
下階	1
下頷	1
不一	1
不作だった	1
不作法	1
不便だ	1
不便だろう	1
不倫	1
不公平	1
不公平だった	1
不公平だろ	1
不公平なく	1
不動だ	1
不動産	1
不十分	1
不可解	1
不和	1
不品行	1
不問	1
不器用です	1
不器量で	1
不在だった	1
不在中	1
不始末	1
不安そう	1
不定詞	1
不審	1
不従順	1
不得已	1
不得意だ	1
不得手だ	1
不快	1
不快感	1
不悪	1
不愉快	1
不意に	1
不成功	1
不整脈	1
不明だ	1
不明朗でした	1
不景気だ	1
不服です	1
不格好だ	1
不機嫌	1
不機嫌だった	1
不正出血	1
不正取引	1
不正直	1
不正直だ	1
不注意で	1
不測	1
不眠症	1
不穏	1
不自由だ	1
不自由ない	1
不良品	1
不良少年	1
不良株	1
不規則です	1
不親切	1
不評	1
不誠実だ	1
不調	1
不貞	1
不通	1
不運	1
不運でした	1
不適切だ	1
不適格だ	1
不釣り合いで	1
与えなかったろう	1
与えなさい	1
与えられるでしょう	1
与えるでしょう	1
与えるべき	1
与って	1
与党	1
世慣れた	1
世界各地	1
世界旅行	1
世界経済	1
世界観	1
世界語	1
世直し	1
世間一般	1
世間並み	1
両側	1
両天秤	1
両極端	1
両翼	1
両脚	1
両膝	1
並	1
並ばされた	1
並びました	1
並べて	1
並べられて	1
中ほど	1
中らず	1
中佐	1
中傷	1
中内	1
中国史	1
中国製	1
中央階段	1
中学校	1
中学生	1
中尉	1
中川	1
中性的	1
中村	1
中東	1
中立	1
中耳炎	1
中華飯店	1
中間	1
中間航路	1
串かつ	1
丸め	1
丸める	1
丸焼き	1
丸焼け	1
丸腰	1
丸薬	1
丸裸で	1
主たる	1
主な	1
主人公	1
主任	1
主任技師	1
主導権	1
主役	1
主旨	1
主演	1
主演女優	1
主要点	1
主要目標	1
主語	1
主題別	1
久々	1
久しぶりです	1
久しぶりの	1
久美	1
之	1
乍ら	1
乗せなさい	1
乗っ取った	1
乗っ取り	1
乗り出した	1
乗り出して	1
乗り合わせた	1
乗り場	1
乗り捨て	1
乗り捨てて	1
乗り捨てる	1
乗り換えて	1
乗り継ぎ	1
乗り継ぎ便	1
乗り越えた	1
乗り越える	1
乗り込みました	1
乗り遅れて	1
乗り遅れないよう	1
乗り過ごしちゃった	1
乗り違えた	1
乗り間違える	1
乗り降り	1
乗れなかった	1
乗用車	1
乙女	1
九	1
九死	1
九生	1
九針	1
乞う	1
乞食	1
乱れて	1
乱射事件	1
乱暴	1
乱気流	1
乱用	1
乳母	1
乳母日傘	1
乳母車	1
乳脂	1
乳腺炎	1
乾く	1
亀	1
予め	1
予定変更	1
予知	1
予約注文	1
予約済み	1
予見	1
争いごと	1
争えぬ	1
争った	1
事なかれ主義	1
事例	1
事務効率	1
事務弁護士	1
事務用品関係	1
事務能力	1
事実上	1
事故って	1
事故原因	1
事細かに	1
二つ折り	1
二つ目	1
二の腕	1
二の舞	1
二ヶ月	1
二人三脚	1
二列	1
二十人	1
二十歳	1
二千円	1
二千十一年	1
二太郎	1
二奥様	1
二度目	1
二手	1
二日	1
二日前	1
二時間	1
二本	1
二束三文	1
二条城	1
二枚目	1
二機	1
二歳	1
二番街	1
二百万円	1
二種類	1
二線	1
二羽	1
二者択一	1
二股	1
二連銃	1
二週間	1
二重	1
二重あご	1
二重人格	1
二院	1
互いに	1
互換性	1
五つ木通り	1
五ドル札	1
五ヶ国語	1
五分五分だ	1
五十	1
五十人	1
五十歩	1
五十歩百歩	1
五千円	1
五大湖	1
五年	1
五時	1
五時半	1
五時間	1
五機	1
五歳	1
五百万円	1
井底	1
井底之蛙	1
井戸掘り	1
亜美	1
亜酸化窒素	1
亡き	1
亡く	1
亡くして	1
亡び	1
亡命	1
亡者	1
交じってる	1
交じり合って	1
交わした	1
交わして	1
交わす	1
交付	1
交合	1
交換台	1
交換手	1
交換条件	1
交渉ごと	1
交渉事	1
交渉役	1
交通信号	1
交通規制	1
交通違反	1
交際	1
交響吹奏楽団	1
京劇	1
京都旅行	1
亭主	1
人さらい	1
人事課	1
人使い	1
人口問題	1
人口増加	1
人喰い鬼	1
人妻	1
人工乳	1
人工内耳	1
人工知能	1
人工衛星	1
人差し指	1
人当たり	1
人後	1
人恋しかった	1
人懐っこい	1
人数	1
人文科学	1
人権擁護団体	1
人気だ	1
人気歌手	1
人生観	1
人界	1
人相書き	1
人知	1
人種分離教育	1
人質	1
人通り	1
人造	1
人選	1
人里離れた	1
人間性	1
人間生活	1
人間的だ	1
人間社会	1
人食い	1
仁義	1
仇同士	1
仇討ち	1
今しも	1
今どき	1
今夏	1
今学期	1
今日中	1
今時	1
今更	1
今月末	1
介入	1
介護人	1
仏	1
仏像	1
仏教	1
仏英辞典	1
仏蘭西	1
仏語	1
仏閣	1
仕えて	1
仕上がり	1
仕上がるでしょう	1
仕上げ	1
仕上げたかった	1
仕上げちゃう	1
仕上げられます	1
仕事上	1
仕事熱心だ	1
仕事着	1
仕事終わり	1
仕事量	1
仕切られて	1
仕切り壁	1
仕官	1
仕掛け	1
仕掛けて	1
仕掛けるべきだ	1
仕業	1
仕立屋	1
仕舞って	1
他社	1
付いてる	1
付いてるだろ	1
付かない	1
付かなかった	1
付かります	1
付かれて	1
付かれました	1
付きました	1
付きます	1
付き合いたい	1
付き合いにくい	1
付き物	1
付けてる	1
付けないで	1
付けなけれ	1
付けました	1
付けられた	1
付けられて	1
付けるべき	1
付けるべきだ	1
付す	1
付加価値税	1
付属品	1
付属病院	1
仙人掌	1
代々木公園	1
代えて	1
代えられない	1
代って	1
代り	1
代わる	1
代価	1
代償	1
代弁者	1
代役	1
代打	1
代替日	1
代理人	1
代用	1
代用品	1
代表者	1
以って	1
以降	1
仮病	1
仮眠	1
仮装	1
仮説	1
仮釈放	1
仰々しい	1
仰いだ	1
仰ぎ見る	1
仰せ	1
仰ってる	1
仰天	1
仲介役	1
仲間割れ	1
仲間喧嘩	1
任せざる	1
任せして	1
任せします	1
任せなさい	1
任せよう	1
任せられる	1
任せる	1
任ぜられた	1
任務完了	1
任期	1
企んでる	1
企業収益	1
伊勢エビ	1
伊太利	1
伊藤太郎	1
伊豆	1
伐採	1
休ませ	1
休まなくて	1
休みたいです	1
休みなさい	1
休みましょう	1
休みます	1
休みません	1
休み前	1
休むだろう	1
休めなさい	1
休んでる	1
休会	1
休兵	1
休憩中	1
休戦条件	1
休暇用刑務所	1
休校	1
休職中	1
会いしたいです	1
会いしました	1
会いしましょう	1
会いします	1
会いたいです	1
会いまして	1
会えなくて	1
会えます	1
会えません	1
会えるでしょう	1
会ったり	1
会わせて	1
会わないで	1
会わなかった	1
会わなくて	1
会得	1
会心	1
会社員	1
会社気付	1
会社福祉事業	1
会社間	1
会見	1
会計	1
会計係	1
会計簿	1
会議中	1
会議室	1
会長選挙	1
会館	1
伝えいただけます	1
伝えして	1
伝えたいです	1
伝えます	1
伝えられた	1
伝えられて	1
伝えられない	1
伝えるべきだ	1
伝わった	1
伝わり	1
伝承	1
伝染	1
伝統的	1
伝言板	1
伝記	1
伝説	1
伝道	1
伝達	1
伯父	1
伴わなけれ	1
伴侶	1
伸ばしました	1
伸ばせ	1
伸びる	1
伸べた	1
伸べて	1
伸る	1
伺い	1
伺いしたい	1
伺いたい	1
伺いたく	1
伺いました	1
伺いましよう	1
伺います	1
似たり	1
似たりよったりだった	1
似つかわしい	1
似合いそうです	1
似合うだろう	1
似合うでしょう	1
似合った	1
似合わ	1
低くて	1
低すぎだろ	1
低すぎて	1
低下	1
低脂肪乳	1
住みついた	1
住みません	1
住み心地	1
住め	1
住めそう	1
住めたら	1
住んだら	1
住人	1
住吉祭	1
住宅事情	1
住宅街	1
住宅計画	1
住家	1
住所録	1
住環境	1
佐渡	1
佐藤博士	1
体つき	1
体内温度	1
体勢	1
体格	1
体罰	1
何か国語	1
何か月	1
何ごと	1
何しろ	1
何ていう	1
何でも	1
何も	1
何もの	1
何やかや	1
何やら	1
何より	1
何ら	1
何れ	1
何マイル	1
何世紀	1
何便	1
何処か	1
何十人	1
何十冊	1
何千キロ	1
何卒	1
何台	1
何号棟	1
何味	1
何年生	1
何年目	1
何年間	1
何度か	1
何座	1
何月何日	1
何様	1
何泊	1
何番線	1
何百	1
何社目	1
何社製	1
何組	1
何羽	1
何軒	1
何週間	1
何階建て	1
余	1
余って	1
余りない	1
余り客	1
余分	1
余命	1
余所者	1
余計に	1
作らず	1
作らせる	1
作られました	1
作りごと	1
作ります	1
作りませんでした	1
作りやがった	1
作り話	1
作るでしょう	1
作るべきで	1
作れ	1
作業員	1
作業着	1
作用	1
佳人	1
佳子	1
使いいただけます	1
使いください	1
使いこなせる	1
使いしない	1
使いすぎて	1
使いたかっ	1
使いやすい	1
使い下さい	1
使い古された	1
使い慣れた	1
使い果たした	1
使い果たして	1
使い物	1
使うべきで	1
使えなく	1
使ったら	1
使ったり	1
使っちゃった	1
使わせて	1
使わなかった	1
使われてる	1
使用中	1
來なさい	1
例えられて	1
例える	1
例年通り	1
供	1
供えられて	1
供給過剰	1
供花	1
供述書	1
依って	1
依らず	1
依らない	1
依る	1
依然	1
価する	1
価値観	1
侮る	1
侵攻	1
侵犯	1
侵略	1
便せん	1
便乗	1
便利で	1
便座	1
便槽	1
係り	1
係わる	1
促した	1
俗世界	1
保たねばならない	1
保ち	1
保って	1
保つ	1
保存情報	1
保守的だった	1
保有	1
保母	1
保護回路	1
保護者	1
保釈金	1
保険業務	1
保険証	1
保険詐欺	1
保険金	1
信じがたかった	1
信じさせた	1
信じたら	1
信じないだろう	1
信じなくちゃ	1
信じなさい	1
信じました	1
信じられないだろ	1
信じるだろう	1
信じろ	1
信ず	1
信二	1
信仰深い	1
信憑性	1
信条	1
信管	1
信頼性	1
修めた	1
修理工	1
修理本部	1
修理状況	1
修繕	1
修道院	1
俯いて	1
俳句	1
俺ら	1
俺達	1
倉敷	1
個人差	1
個人情報	1
個体発生	1
個室	1
個性的	1
個所	1
倒す	1
倒せます	1
倒せる	1
倒れ	1
倒れてる	1
倒れました	1
倒れるだろう	1
倒れ込んだ	1
候補	1
借りいたします	1
借りてて	1
借りない	1
借りました	1
借ります	1
借りられた	1
借りられます	1
借りれる	1
借り切った	1
借財	1
借金払い	1
値上がり	1
値下げ	1
値崩れ	1
値打ち	1
倦怠	1
偉く	1
偉そう	1
偉人	1
偉大だ	1
偏頭痛	1
停まらない	1
停まれ	1
停めた	1
停めなさい	1
停止信号	1
停泊	1
健作	1
健全です	1
健康そうだった	1
健康そうです	1
健康です	1
健康保険カード	1
健康的	1
健康的だ	1
健忘症	1
健脚で	1
健闘	1
側転	1
側近	1
偶数	1
偶然だった	1
偽善者	1
偽者	1
偽証罪	1
傍聴人	1
傍若無人	1
傑作	1
備え	1
備えよ	1
備えよう	1
備えるべきだ	1
備え付けた	1
備え付けて	1
備わって	1
催されます	1
催される	1
催されるだろう	1
催した	1
催します	1
催し物	1
催す	1
催促	1
催涙弾	1
傲慢さ	1
傲慢だ	1
債務返済能力	1
債権	1
傷つけたい	1
傷つけたくない	1
傷つけて	1
傷つけなかった	1
傷む	1
傷んでた	1
傷付けさせたくない	1
傷害	1
傷痕	1
傾けなかった	1
傾ける	1
傾げる	1
傾城	1
傾注	1
働いたら	1
働いてた	1
働かせて	1
働かなく	1
働かねば	1
働きすぎだ	1
働きすぎです	1
働きたい	1
働きなさい	1
働きました	1
働きません	1
働けない	1
働けなかった	1
僧侶	1
儂	1
償い	1
償えない	1
償った	1
償われた	1
優しかった	1
優しくて	1
優しさ	1
優先順位	1
優勝作品	1
優勝者	1
優柔不断	1
優秀だ	1
優秀高校	1
優等生	1
優紀子	1
優美だった	1
儲けたい	1
元カレ	1
元彼	1
元気さ	1
元気そうで	1
元気そうです	1
元気だったらしい	1
元気づけられる	1
元気一杯だった	1
元氣だ	1
元祖	1
元素	1
元通り	1
兄上	1
兄弟姉妹	1
充て	1
充実	1
充血	1
先々	1
先んずれば	1
先制	1
先延ばし	1
先手	1
先払い	1
先方	1
先決	1
先着順	1
先程	1
先約	1
先細り	1
先見	1
先見の明	1
先頭打者	1
光らせる	1
光る	1
光栄でした	1
光線	1
免ぜられない	1
免れる	1
免税	1
免職	1
免除	1
児童心理学	1
児童心理学専攻	1
党員	1
入ったそうだ	1
入ったでしょ	1
入っちゃった	1
入ってた	1
入らなかった	1
入られる	1
入りください	1
入り日	1
入り用	1
入り組んで	1
入り頂きなさい	1
入るそうだ	1
入れさせる	1
入れず	1
入れたい	1
入れなくちゃ	1
入れなくて	1
入れられます	1
入れんな	1
入れ換える	1
入れ替える	1
入れ歯	1
入れ違い	1
入会	1
入党	1
入場料	1
入学式	1
入室禁止	1
入浴中	1
入浸って	1
入港	1
入籍	1
入退院	1
入選	1
全	1
全う	1
全体的	1
全俺	1
全力疾走	1
全品	1
全問	1
全国的	1
全工場	1
全市民	1
全席	1
全従業員	1
全快	1
全景	1
全権	1
全社員	1
全米	1
全編	1
全角	1
全貌	1
全部です	1
全隊	1
全領土	1
全額	1
全館	1
八つ	1
八万	1
八年	1
八月	1
八歳	1
八百	1
八百長	1
公	1
公人	1
公共交通機関	1
公害	1
公害問題	1
公平だ	1
公式	1
公正	1
公正で	1
公立学校	1
公衆電話	1
公言	1
六ヶ所	1
六人	1
六人分	1
六冊	1
六十	1
六十分	1
六月号	1
六歳	1
共同	1
共同声明	1
共和党候補	1
共振	1
共生	1
共産主義	1
共産主義者	1
共通語	1
兵庫	1
其れ	1
其れ丈	1
其丈	1
具	1
具体的で	1
典型	1
兼	1
内出血	1
内向的	1
内弁慶	1
内政問題	1
内気だ	1
内気で	1
内科	1
内紛	1
内緒話	1
内臓抜き	1
内装	1
内輪げんか	1
内部	1
円周	1
円山川	1
円形	1
円盤	1
冊	1
再三	1
再充電	1
再利用	1
再婚	1
再放送	1
再生利用	1
再発明	1
再発給	1
再発行	1
再確認	1
再編成	1
再考	1
再選	1
冒さないで	1
冒さねば	1
冒して	1
冒険もの	1
冒険家	1
冒険心	1
冒険物語	1
冒険的	1
冗談事	1
写させて	1
写し	1
写した	1
写真写り	1
写真判定	1
写真撮影	1
写真撮影禁止	1
写真機	1
冠	1
冬休み	1
冬季	1
冬支度	1
冬用	1
冬眠中	1
冷えたん	1
冷える	1
冷え性	1
冷たくない	1
冷めちゃった	1
冷めて	1
冷めない	1
冷めやすい	1
冷やして	1
冷やしなさい	1
冷ややかだった	1
冷や水	1
冷凍室	1
冷凍食品	1
冷凍魚	1
冷却	1
冷夏	1
冷徹で	1
冷戦	1
冷房	1
冷淡	1
冷笑的だ	1
冷酷だ	1
冷静だった	1
凍って	1
凍ってる	1
凍てついた	1
凍り付いた	1
凍死	1
凍死寸前	1
凍結	1
凝る	1
凡俗	1
凡打	1
凡退	1
処せられるべきだ	1
処女	1
処女航海	1
凪	1
凪いで	1
凶作	1
凶器	1
凶暴だった	1
凶状	1
凸凹	1
凹み	1
出かかってる	1
出かけする	1
出かけない	1
出かけなきゃ	1
出かけなくて	1
出かけました	1
出かけましょう	1
出かけません	1
出かけられなかった	1
出かけるべきで	1
出きる	1
出くわし	1
出くわしました	1
出くわすだろう	1
出さなかったら	1
出さなくちゃ	1
出さなけれ	1
出されてる	1
出しすぎだ	1
出しすぎて	1
出したい	1
出したら	1
出しちゃ	1
出してた	1
出すべきだ	1
出ず	1
出ずれ	1
出せない	1
出そうだった	1
出たがってる	1
出ちゃいかん	1
出ちゃう	1
出で	1
出なく	1
出なけれ	1
出なさい	1
出ません	1
出ませんでした	1
出やすい	1
出んかった	1
出世作	1
出会いました	1
出会えた	1
出入	1
出入り	1
出入り口	1
出典	1
出前	1
出向く	1
出回った	1
出場	1
出塁	1
出奇制勝	1
出席者多数	1
出張中	1
出所	1
出掛けて	1
出掛けない	1
出掛ける	1
出来ただろう	1
出来ちゃった	1
出来ないだろう	1
出来なく	1
出来ません	1
出来れ	1
出来上がった	1
出来上がり	1
出来栄え	1
出来過ぎて	1
出没	1
出港	1
出版者	1
出獄	1
出生地	1
出生率	1
出産予定日	1
出盛り	1
出社	1
出納帳	1
出花	1
出費	1
出資	1
出身地	1
出身者	1
出迎える	1
出逢った	1
刃	1
刃物研ぎ	1
分かち	1
分かってた	1
分からず	1
分からせた	1
分からん	1
分かれる	1
分かれ道	1
分かんない	1
分けて	1
分けなけれ	1
分けられた	1
分けるべきじゃない	1
分け合う	1
分った	1
分らない	1
分り	1
分冊	1
分割	1
分子	1
分相応の	1
分裂	1
分離	1
切っちゃう	1
切ない	1
切に	1
切ら	1
切らず	1
切らせて	1
切らない	1
切らないで	1
切らなかった	1
切らなきゃ	1
切りあった	1
切ります	1
切り倒され	1
切り出す	1
切り分ける	1
切り抜いた	1
切り抜け	1
切り抜けて	1
切り抜けなくて	1
切り抜けられなかった	1
切り抜ける	1
切り盛り	1
切り立った	1
切り詰めざる	1
切り詰められるだろう	1
切り詰める	1
切り詰めるでしょう	1
切り開いた	1
切り離されて	1
切り離して	1
切れそう	1
切れない	1
切れねえ	1
切れました	1
切れます	1
切れ間	1
切手帳	1
切断	1
切符代	1
切符売り場	1
切羽	1
刈った	1
刈ってる	1
刈り入れる	1
刈る	1
刈入れ	1
刊行	1
刎頚	1
刎頚之交	1
刎頸	1
刑法	1
列挙	1
初めまして	1
初心	1
初恋	1
初日の出	1
初期	1
初来日	1
初犯者	1
初登頂	1
初笑い	1
初級者	1
初耳	1
判って	1
判定	1
判断力	1
別だ	1
別れたい	1
別れたでしょ	1
別れて	1
別れなけれ	1
別れよう	1
別れ話	1
別格	1
別紙	1
別館	1
利かない	1
利けなかった	1
利口そうだ	1
利子	1
利己一点張り	1
利用条件	1
利用者	1
到底	1
到来	1
制	1
制す	1
制定	1
制限	1
刺された	1
刺されちゃった	1
刺した	1
刺しちゃった	1
刺し傷	1
刺し殺されました	1
刺殺	1
刺繍品	1
刺身	1
刻まれた	1
刻みて	1
刻んだ	1
刻んで	1
剃って	1
剃ってる	1
剃ります	1
剃刀	1
則ち	1
前代未聞	1
前任者	1
前例	1
前借り	1
前兆現象	1
前列	1
前向き	1
前売り券	1
前後	1
前掛け	1
前略	1
前科者	1
前線	1
前置き	1
前者	1
前言撤回	1
前記	1
前評判	1
前途有望の	1
前面ガラス	1
剛速球	1
剣幕	1
剣歯虎	1
剥いだ	1
剥がれ	1
剥く	1
剪定	1
副作用	1
副大統領	1
副官	1
割いて	1
割に	1
割らせた	1
割りました	1
割り切れない	1
割り振った	1
割れそう	1
割れそうだ	1
割れちゃった	1
割れて	1
割れてる	1
割れました	1
割れる	1
割れ得る	1
割れ目	1
割合	1
割引	1
創り	1
創る	1
創造活動	1
創造的精神	1
創造説	1
劇的	1
力くらべ	1
力仕事	1
力士	1
力尽きて	1
力強い	1
力持ちだ	1
力添え	1
力説	1
力量	1
功罪	1
加えといて	1
加えます	1
加わり	1
加わりたい	1
加法	1
加減	1
加算	1
加藤	1
加藤先生	1
加速	1
劣らぬ	1
劣ります	1
劣化	1
助かりました	1
助かる	1
助けあげた	1
助けただろ	1
助けなきゃ	1
助けました	1
助けます	1
助けられました	1
助けられる	1
助け合わなきゃ	1
助け合わねばならない	1
励んで	1
労	1
労使紛争	1
労働	1
労働コスト	1
労働力不足	1
労働条件	1
労働法	1
労働者階級	1
労力	1
労務費用	1
労苦	1
効いて	1
効かなく	1
効きすぎて	1
効きました	1
効力	1
効率的	1
勅使河原	1
勇敢さ	1
勇敢そうだ	1
勇敢だ	1
勇敢でした	1
勉強意欲	1
動かされた	1
動かし	1
動かして	1
動かしなさい	1
動かせなかった	1
動かそう	1
動かないで	1
動きました	1
動きません	1
動き方	1
動け	1
動けない	1
動ける	1
動じなかった	1
動力	1
動向	1
動悸	1
動物虐待防止会	1
動物類	1
勘当	1
勘違い	1
務め	1
勝たなけれ	1
勝たん	1
勝ちます	1
勝ち取った	1
勝ち取られる	1
勝ち取る	1
勝ち得た	1
勝ち負け	1
勝ってる	1
勝てるだろう	1
勝子	1
勝手気まま	1
勝敗	1
勝算	1
募る	1
募金	1
勢力	1
勢力範囲	1
勤しもう	1
勤めます	1
勤め口	1
勤労	1
勤勉です	1
勤務先	1
勧められた	1
匂う	1
包む	1
包んだ	1
包囲	1
包帯	1
包装紙	1
化かし合い	1
化けて	1
化学反応	1
化学式	1
化学薬品	1
化石	1
化粧かぶれ	1
北京	1
北側	1
北半球	1
北極探検	1
北欧	1
北海	1
北西部	1
北部	1
北風	1
匙	1
区間賞	1
医学会	1
医学的	1
医学研究	1
医師団	1
医療用	1
医院内	1
匿名	1
十トン	1
十ドル	1
十一時	1
十一歳	1
十七歳	1
十二	1
十二人	1
十二分	1
十人十色	1
十冊	1
十和田湖	1
十四	1
十字	1
十字路	1
十年来	1
十把一絡げ	1
十時七分	1
十月二十日	1
十歳	1
十腹	1
十針	1
千乗	1
千人	1
千代の富士	1
千円	1
千変万化	1
千篇一律	1
千編一律	1
半	1
半々	1
半ズボン	1
半ダース	1
半リットル	1
半不死	1
半年間	1
半時	1
半時間	1
半端ない	1
半魚人	1
卑屈	1
卑怯	1
卑怯者	1
卒業証書	1
卒業試験	1
協会	1
協力的で	1
協定	1
協議	1
南アフリカ	1
南カリフォルニア	1
南スーダン	1
南フランス	1
南極	1
南無	1
南無妙法蓮華経	1
南無阿弥豆腐	1
南無阿弥陀仏	1
南米	1
南部	1
南駅	1
単刀直入だ	1
単独	1
単純すぎる	1
単純だった	1
単純明快	1
単細胞	1
単細胞生物	1
単調	1
単調です	1
単車	1
博した	1
博多	1
博打	1
博識	1
占拠	1
卯年	1
印刷	1
印刷ミス	1
印象的	1
危うき	1
危なかった	1
危篤だ	1
危険すぎます	1
危険だった	1
危険で	1
危険なく	1
危険人物	1
危険防止	1
即	1
即効性	1
即売	1
即席パーティ	1
即決	1
即金	1
卵アレルギー	1
卵サンド	1
卸売り業者	1
卸売物価	1
卿	1
厄介払い	1
厄介者扱い	1
厚化粧	1
原住民	1
原作	1
原価	1
原典	1
原則	1
原始人	1
原子	1
原子炉	1
原形	1
原本	1
原材料	1
原水爆	1
原油	1
原理	1
原野	1
厳しかった	1
厳しくない	1
厳しさ	1
厳しすぎる	1
厳に	1
厳守	1
去らなけれ	1
去られて	1
去られる	1
去ります	1
去ろう	1
参った	1
参りました	1
参る	1
参ろう	1
参謀長	1
参議院選挙	1
及ばず	1
及び	1
及ぼさなかった	1
及ぼす	1
及ぼすでしょう	1
及第	1
友好的	1
友好的だ	1
友達付き合い	1
反す	1
反り	1
反之	1
反対だった	1
反対派	1
反射	1
反徒	1
反戦デモ	1
反抗期	1
反映	1
反核エネルギー運動	1
反論	1
反逆者	1
反革命分子	1
反駁	1
収めました	1
収入内	1
収穫期	1
収穫高	1
収納室	1
収納庫	1
収賄事件	1
叔父さん	1
取ってた	1
取って代わった	1
取って代わられた	1
取っといて	1
取っ組み合い	1
取らせません	1
取らなかった	1
取らなくて	1
取られちゃった	1
取られて	1
取られる	1
取りください	1
取りそろえて	1
取りはずして	1
取りました	1
取りも直さず	1
取りやめ	1
取りやめたい	1
取り上げて	1
取り上げよ	1
取り上げる	1
取り乱さず	1
取り仕切って	1
取り付けた	1
取り付けます	1
取り付けよう	1
取り入った	1
取り入れ	1
取り出します	1
取り出そう	1
取り分け	1
取り去った	1
取り合って	1
取り壊された	1
取り外します	1
取り寄せ	1
取り急ぎ	1
取り戻さなけれ	1
取り戻したい	1
取り戻すだろう	1
取り戻せない	1
取り扱い	1
取り扱う	1
取り押さえた	1
取り掛かった	1
取り替えた	1
取り柄	1
取り残されて	1
取り残した	1
取り決め	1
取り消された	1
取り消しなさい	1
取り消しましょう	1
取り消します	1
取り消せます	1
取り消そう	1
取り組まなけれ	1
取り調べ	1
取り込まれる	1
取り込む	1
取り返さなけれ	1
取り返そう	1
取り除いた	1
取り除いて	1
取り除かねば	1
取るだろう	1
取るべきだ	1
取れかかってる	1
取れそう	1
取れそうだ	1
取れない	1
取れなくなった	1
取れるだろう	1
取引き	1
取引銀行	1
取引関係	1
取扱い説明書	1
取材	1
取締役	1
取調べ	1
受かったら	1
受かって	1
受からなくて	1
受かりました	1
受けさせたい	1
受けついだ	1
受けない	1
受けないで	1
受けます	1
受けるだろう	1
受けるでしょう	1
受け付けます	1
受け付けません	1
受け付け係	1
受け入れてる	1
受け入れなけれ	1
受け入れました	1
受け入れます	1
受け入れよ	1
受け入れよう	1
受け入れられた	1
受け入れられる	1
受け入れられるだろ	1
受け入れ施設	1
受け取らなかった	1
受け取らなくて	1
受け取り	1
受け取りください	1
受け取るべき	1
受け取れ	1
受け取れます	1
受け取ろう	1
受け継いで	1
受け継がれて	1
受け継ぐ	1
受付係	1
受動態	1
受取り	1
受取人	1
受理	1
口げんか	1
口ひげ	1
口伝え	1
口先	1
口内炎	1
口出し	1
口実	1
口数	1
口止め	1
口添え	1
口語的	1
口説いて	1
口述	1
口頭	1
古びた	1
古今無双	1
古代	1
古代ギリシア	1
古代ローマ	1
古代ローマ人	1
古代中国	1
古代建築物	1
古典	1
古小屋	1
古文書	1
古新聞	1
古本屋	1
古着	1
古里	1
古銭	1
古雑誌	1
叩かない	1
叩かれた	1
叩かれたい	1
叩きつけた	1
召しました	1
召し上がり下さい	1
召使	1
召使い	1
召喚	1
召喚状	1
召集	1
可否	1
可惜身命	1
可愛いです	1
可愛かっ	1
可愛かった	1
可愛がって	1
可愛がられた	1
可能でした	1
可能なら	1
台本	1
叱り	1
叱る	1
右腕	1
右足	1
叶いました	1
叶えて	1
叶える	1
号令	1
司令官	1
司法書士	1
吃音	1
各人各様	1
各所	1
各種	1
各自	1
各色間	1
各隊	1
各駅停車	1
合いたい	1
合い言葉	1
合うだろう	1
合うでしょう	1
合うべきで	1
合え	1
合わ	1
合わせます	1
合わせよう	1
合わないでしょう	1
合わなけれ	1
合体	1
合併事業	1
合唱コン	1
合格点	1
合法化	1
合法的	1
合法的だ	1
合流	1
合理的	1
吉川元春	1
吉雄	1
吊られて	1
吊革	1
同いだ	1
同じだった	1
同じなんです	1
同世代	1
同伴	1
同姓同名	1
同席	1
同床異夢	1
同性	1
同性婚	1
同意見	1
同感	1
同時代	1
同時代人	1
同時進行	1
同書	1
同期	1
同業者	1
同様で	1
同権	1
同然だった	1
同然で	1
同盟国	1
同盟軍	1
同社	1
同程度	1
同窓会	1
同等だ	1
同行二人	1
同調	1
同軸上	1
同類	1
名づけました	1
名づけられた	1
名づけられました	1
名乗ってる	1
名付けたい	1
名付けました	1
名付けられた	1
名代	1
名俳優	1
名刺	1
名医	1
名手	1
名演技	1
名状	1
名目上	1
名講義	1
吐いたら	1
吐いたり	1
吐いちゃいそうだった	1
吐かせて	1
吐息	1
吐血	1
向かい側	1
向かうだろう	1
向き	1
向けた	1
向けたら	1
向けなさい	1
向ける	1
向こう見ず	1
君子	1
君臨	1
君自身	1
吟味	1
吠え掛かる	1
否めない	1
否定的	1
否認	1
含みません	1
含め	1
含めて	1
吸いたい	1
吸いやがった	1
吸い出して	1
吸い込まない	1
吸い込んで	1
吸い過ぎない	1
吸えます	1
吸ったり	1
吸わない	1
吸わないです	1
吸収合併	1
吸収性縫合糸	1
吸血鬼	1
吹かせる	1
吹かない	1
吹きつけた	1
吹きつけられた	1
吹きつのった	1
吹きます	1
吹き出して	1
吹き方	1
吹き止んだ	1
吹き消した	1
吹き込んで	1
吹き返した	1
吹き飛ばした	1
吹き飛ばす	1
吹き飛ぶ	1
吹き鳴らせ	1
吹っかけた	1
吹っ飛ばし	1
吼えたり	1
吼える	1
呆気	1
呆然	1
呈	1
呉	1
呉れて	1
告げ	1
告げて	1
告げなさい	1
呑む	1
呑気で	1
呑舟	1
周	1
周瑜	1
呪って	1
呪わ	1
呪われて	1
呼ばれた	1
呼ばれます	1
呼ばわり	1
呼びいただけません	1
呼びかけた	1
呼びください	1
呼びです	1
呼びなさい	1
呼びましょう	1
呼びよせる	1
呼び出す	1
呼び名	1
呼び声	1
呼び鈴	1
呼ぶべきだ	1
呼べない	1
呼べなかった	1
呼べば	1
呼んだっけ	1
呼んだら	1
呼吸困難	1
呼吸機能	1
命がけ	1
命取り	1
命名	1
命拾い	1
命日	1
命運	1
和らいできました	1
和らげた	1
和んだ	1
和子	1
和平交渉	1
和文	1
和歌山	1
和洋折衷	1
和紙	1
和菓子	1
和議	1
和風リキュール	1
咎めた	1
咬む	1
咲き	1
咲き誇りし	1
咲き誇る	1
咲こう	1
咳止め	1
哀しんだ	1
哀れみ	1
哀れんだ	1
哀哀	1
哀毀骨立	1
哀糸豪竹	1
哀鳴	1
哀鴻遍野	1
品行方正	1
哲学者	1
哺乳類	1
唆す	1
唐揚げ	1
唖然	1
唯我独尊	1
唵蘇羅薩縛帝曳娑婆訶	1
唵訶訶訶尾娑摩曳娑婆訶	1
唵阿毘羅吽欠	1
唾	1
啄木	1
商って	1
商品券	1
商売上手だ	1
商売敵	1
商売経験	1
商用ビザ	1
問い合わせて	1
問おう	1
問われない	1
問われる	1
問答無用	1
問題提起	1
問題点	1
啾啾	1
善くない	1
善し	1
善ならざる	1
善良だ	1
喉鳴り	1
喋った	1
喋って	1
喋ってる	1
喋らなかった	1
喋り	1
喋りすぎだ	1
喋りまくった	1
喋り方	1
喋れる	1
喘ぐ	1
喚く	1
喜ばしく	1
喜ばせた	1
喜ばせる	1
喜ばそう	1
喜ばない	1
喜ばなかった	1
喜ばれる	1
喜んでる	1
喜劇	1
喝采	1
喧嘩別れ	1
営む	1
営んで	1
営利	1
営業所	1
営業活動	1
嗅いで	1
嘆願書	1
嘘っぽいだった	1
嘘話	1
嘲笑った	1
噛まない	1
噛みついた	1
噛みついてる	1
噛みつきたい	1
噛みつく	1
噛みます	1
噛み付いた	1
噛み付こう	1
噛み切って	1
噛んで	1
器用だ	1
器量	1
噴水	1
嚢中	1
囁いた	1
四つんばい	1
四つ折り	1
四つ葉	1
四つ足	1
四ドル	1
四倍	1
四十	1
四十七人	1
四十歳	1
四半期	1
四国	1
四天王寺	1
四奥	1
四年生	1
四時	1
四種類	1
四苦八苦	1
四葉	1
回しなさい	1
回す	1
回らなきゃ	1
回りくどい	1
回り込んで	1
回収	1
回想	1
回想記	1
回数	1
回線	1
因って	1
因る	1
因小失大	1
因縁	1
団員	1
団地	1
困らせた	1
困り	1
困りました	1
困惑	1
困窮	1
囲い	1
囲みなさい	1
囲んだ	1
図った	1
図らん	1
図星	1
図書館カード	1
図解	1
固いです	1
固まった	1
固まって	1
固まります	1
固めた	1
固められて	1
固ゆで	1
固唾	1
固守	1
固定	1
固有	1
国信慶時	1
国内問題	1
国内線	1
国務省	1
国務長官	1
国土	1
国家主義	1
国家的	1
国家財政	1
国政	1
国旗	1
国有化	1
国歌	1
国民的	1
国番号	1
国立公園	1
国花	1
国連	1
国際サンド･クラブ	1
国際人	1
国際情勢	1
国際政治	1
国際社会	1
国際言語	1
国際貿易	1
国際貿易見本市	1
国際連盟	1
国際関係論	1
土地勘	1
土日	1
土葬	1
圧制	1
圧政的	1
在らん	1
在り	1
在る	1
在庫	1
在籍	1
在籍中	1
地の利	1
地上軍	1
地上部隊	1
地下施設	1
地下牢	1
地中海	1
地主	1
地価	1
地元仲間	1
地元住民	1
地名	1
地味	1
地団太	1
地団駄	1
地図上	1
地域社会	1
地歴	1
地滑り事故	1
地獄耳	1
地球人	1
地理学	1
地表	1
地軸	1
地雷	1
地震国	1
坂道	1
均一料金	1
均整	1
均等	1
坊ず	1
坊主頭	1
坐り下さい	1
垂直線	1
垢	1
垢抜けした	1
垣	1
垣根越し	1
埃まみれ	1
埋めさせられる	1
埋めた	1
埋めない	1
埋めなさい	1
埋められて	1
埋められる	1
埋め合わせなけれ	1
埋め合わせる	1
城中	1
城崎	1
埒	1
埠頭	1
執り行われた	1
執務室	1
執着	1
執筆	1
基地	1
基本要素	1
堂々	1
堂堂	1
堅かった	1
堅く	1
堅くて	1
堅くなけれ	1
堕としおって	1
堪えない	1
堪えなかった	1
堪える	1
堪え得る	1
堪忍袋	1
報い	1
報いて	1
報いられなかった	1
報じた	1
報じて	1
報われた	1
報奨金	1
報復	1
報道記者	1
報道部	1
場違いだった	1
場面	1
塗らせた	1
塗りたくった	1
塗り立て	1
塗るだろう	1
塗れる	1
塚森	1
塞いだ	1
塞いでる	1
塞がる	1
塞ぎ込んで	1
塞げ	1
塩梅	1
塩漬け醗酵キャベツ	1
塩辛すぎて	1
填まり込んだ	1
塾	1
境	1
境界線	1
墓	1
増	1
増え	1
増えつつある	1
増えました	1
増した	1
増します	1
増やす	1
増水	1
増発	1
増額	1
墨	1
墺太利	1
壁掛け	1
壁画	1
壁紙	1
壊さない	1
壊されました	1
壊れ	1
壊れる	1
壊れ易い	1
壊れ物	1
壊滅的で	1
士官候補生	1
壮行会	1
壮観	1
声優	1
声明	1
声楽家	1
声調言語	1
声高らか	1
売ったら	1
売ってた	1
売ってて	1
売らない	1
売られた	1
売られて	1
売られる	1
売りたい	1
売り切れた	1
売り場	1
売り手	1
売れ	1
売れてる	1
売れました	1
売れるだろう	1
売ろう	1
売上	1
売女	1
売行き	1
売買	1
壷	1
変えなけれ	1
変えました	1
変えられて	1
変えられない	1
変えられる	1
変って	1
変で	1
変ね	1
変わってるだ	1
変わります	1
変わるだろう	1
変人	1
変態映画	1
変色	1
変貌	1
変身	1
変革	1
夏中	1
夏草	1
夏頃	1
夕刻	1
夕闇	1
夕食中	1
外された	1
外れて	1
外れる	1
外交対話	1
外交辞令	1
外人	1
外側	1
外出許可	1
外国なまり	1
外国人女性	1
外国人学生	1
外国人旅行客	1
外国人留学生	1
外国援助	1
外国製	1
外堀	1
外敵	1
外来思想	1
外泊	1
外相	1
外見	1
外貨	1
外遊び	1
外道	1
外野	1
多	1
多々	1
多し	1
多すぎた	1
多すぎます	1
多勢	1
多多益益	1
多年	1
多様性	1
多生	1
多発	1
多種	1
多種多様	1
多言	1
多面的	1
夜ふかし	1
夜メッセジー	1
夜会服	1
夜具	1
夜明け前	1
夜更け	1
夜目	1
夜遅い	1
夜間	1
夜間外出禁止令	1
夢中でした	1
夢見	1
大々的	1
大い	1
大きいだろ	1
大きくありません	1
大きくなった	1
大きすぎ	1
大きすぎました	1
大けが	1
大げさ	1
大っ	1
大っ嫌いだった	1
大ハズレ	1
大ババ	1
大丈夫だそう	1
大丈夫だって	1
大丈夫でしょう	1
大丈夫なん	1
大事件	1
大事業	1
大人っぽい	1
大人っぽく	1
大人びて	1
大人数	1
大仏	1
大会社	1
大修理	1
大停電	1
大儲け	1
大出世	1
大出血	1
大勝利	1
大卒	1
大反対で	1
大口注文	1
大司教	1
大同小異	1
大喝采	1
大型	1
大型台風	1
大型船	1
大売り出し	1
大多数	1
大女優	1
大好物	1
大好評	1
大嫌いだった	1
大学卒業	1
大学対抗	1
大学教育	1
大学構内	1
大学者	1
大富豪	1
大層	1
大山	1
大嵐	1
大志	1
大急ぎ	1
大成	1
大手術	1
大打撃	1
大損	1
大政治家	1
大文字	1
大日本帝国	1
大暴落	1
大根	1
大欠陥	1
大汗	1
大洋	1
大混乱	1
大満足だ	1
大物	1
大特急	1
大王	1
大病	1
大科学者	1
大空	1
大競技会	1
大統領候補者	1
大群	1
大聴衆	1
大胆だ	1
大船	1
大英博物館	1
大草原	1
大蔵大臣	1
大衆デモ	1
大衆食堂	1
大行列	1
大規模	1
大親友	1
大詩人	1
大賛成だ	1
大赦	1
大軍	1
大邸宅	1
大都会	1
大酒	1
大野	1
大量注文	1
大金持ちだそうだ	1
大阪人	1
大阪市	1
大陸横断飛行	1
大震災被災者	1
大食	1
大食い	1
大馬鹿野郎	1
大麦	1
天上天下	1
天上天下唯我独尊	1
天下	1
天下一品	1
天井裏	1
天地無用	1
天変地異	1
天寿	1
天文台	1
天文学	1
天文学者	1
天朝さま	1
天然物	1
天皇	1
天皇陛下	1
天窓	1
天網恢恢	1
天衣無縫	1
太った	1
太っちゃった	1
太ってた	1
太りぎみ	1
太る	1
太れる	1
太刀	1
太刀打ち	1
太古	1
太平洋	1
太平洋横断	1
太陰月	1
太陽エネルギー	1
太陽電池	1
夫人	1
夫婦げんか	1
夫婦二人三脚	1
夫婦水入らず	1
失くしちゃった	1
失ったら	1
失わせた	1
失わない	1
失われて	1
失われます	1
失恋	1
失意	1
失敗者	1
失望的	1
失業者数	1
失礼です	1
失神	1
失策	1
失血	1
失踪	1
失踪者	1
奇なり	1
奇妙だ	1
奇行	1
奇跡的	1
奈良見物	1
奈落	1
奏者	1
契機	1
奔放	1
奥まった	1
奥方	1
奨めします	1
奪われて	1
奮戦	1
奮発	1
女々しい	1
女っ気	1
女のコ	1
女主人公	1
女人	1
女優風	1
女友達	1
女史	1
女子バレー	1
女子供	1
女子生徒	1
女子高生	1
女心	1
女性優先	1
女性差別撤廃	1
女性恐怖症	1
女性詩人	1
奴ら	1
奴隷制	1
奴隷制度	1
奴隷開放	1
好かない	1
好かれてる	1
好かれます	1
好かれる	1
好きじゃなかった	1
好きだったでしょう	1
好きでしょ	1
好きらしい	1
好き同士	1
好き好き	1
好き嫌い	1
好まざる	1
好ましい	1
好みます	1
好んだ	1
好んで	1
好事	1
好意的	1
好意的で	1
好成績	1
好条件	1
好評	1
好転	1
好運	1
好青年	1
如是	1
妊娠検査	1
妖怪	1
妙だ	1
妙に	1
妥当	1
妨げられない	1
妻帯者	1
姉妹校	1
姉妹編	1
姉妹都市	1
始まってない	1
始まりました	1
始まろう	1
始めたら	1
始めてる	1
始めなけれ	1
始めまして	1
始められます	1
始めるだろう	1
始めるべき	1
始めるべきだ	1
始めるべきです	1
始発	1
始発列車	1
委せる	1
委ねた	1
委任	1
姪	1
姫	1
姫君	1
姫草ユリ子	1
姫路城	1
姫路駅	1
姿勢	1
娘婿	1
婚姻無効	1
婚礼	1
婦人警官	1
婦警	1
嫁がせた	1
嫉妬深い	1
嫌がった	1
嫌だった	1
嫌だろ	1
嫌って	1
嫌です	1
嫌なら	1
嫌らしい	1
嫌われる	1
嫌悪感	1
嬉しいです	1
嬉しかった	1
嬉しそうだ	1
嬉しん	1
子ギツネ	1
子ネコ	1
子供っぽい	1
子供扱い	1
子取り	1
子子子子子子子子子子子子	1
子育て	1
子豚	1
字引	1
存分に	1
存在感	1
存続	1
孤	1
孤独感	1
孤独死	1
孤立	1
学	1
学ばなくて	1
学びたかった	1
学びたく	1
学びて	1
学びなさい	1
学びます	1
学びやすい	1
学べない	1
学べる	1
学んでる	1
学位	1
学問的	1
学園祭	1
学期末	1
学校帰り	1
学校教員	1
学校新聞	1
学校生活	1
学校用	1
学校給食	1
学校長	1
学業成績	1
学生ビザ	1
学生服	1
学生番号	1
学生自治委員会	1
学生証	1
学生運動熱	1
学科	1
学級委員長	1
学習者	1
学術会議	1
学食	1
宅	1
宅建	1
宇宙技術	1
守	1
守らなかった	1
守らなきゃ	1
守らねば	1
守られた	1
守られない	1
守りなさい	1
守りましょう	1
守るだ	1
守るだろう	1
守るでしょう	1
守れた	1
守れない	1
守れる	1
守ろう	1
守衛	1
安いです	1
安くて	1
安らかで	1
安価だ	1
安価だった	1
安全でしょ	1
安全委員会	1
安全点検	1
安全確認	1
安全装置	1
安全運転	1
安城三尉	1
安居危思	1
安心だ	1
安心です	1
安心感	1
安息	1
安楽	1
安田	1
安車蒲輪	1
安閑恬静	1
完熟トマト	1
完璧だった	1
完璧で	1
完璧主義者	1
完膚	1
完膚無き	1
完読	1
宗教上	1
宗教心	1
宗教戦争	1
宗教的	1
宗教間	1
宙	1
定まった	1
定め	1
定めた	1
定年	1
定期	1
定期便	1
定期購読	1
定期購読予約	1
定義	1
定規	1
定評	1
宛先	1
宝箱	1
実る	1
実体験	1
実在	1
実感	1
実態	1
実戦	1
実数	1
実業家	1
実物そっくりだ	1
実生活	1
実用的で	1
実益	1
実直	1
実習期間	1
実行不可能	1
実行不可能だ	1
実行可能	1
実質的	1
実践	1
実践的	1
実際に	1
実験体	1
実験用	1
客人	1
宣伝	1
宣伝ポスター	1
宣伝活動	1
宣戦	1
宣戦布告	1
宣教師	1
宣言	1
室内	1
宮沢りえ	1
宮澤賢治	1
害した	1
宴会	1
宴会場	1
宵	1
家主	1
家宅捜索	1
家宝	1
家屋	1
家庭愛	1
家庭教師	1
家庭料理	1
家庭環境	1
家庭的だ	1
家庭訪問	1
家政学	1
家族全員	1
家族団欒	1
家畜	1
家系	1
容体	1
容易い	1
容易です	1
容易ならぬ	1
容貌	1
宿代	1
宿帳	1
宿泊手続き	1
宿泊費	1
寂しいでしょう	1
寂しがって	1
寂しく	1
寂しくない	1
寂しそうだった	1
寄ってたかって	1
寄り	1
寄りください	1
寄りたい	1
寄れ	1
寄ろう	1
寄与	1
寄贈	1
密か	1
密かに	1
密集	1
富む	1
富んだ	1
富士山	1
富子	1
富豪	1
寒いじゃろう	1
寒かったです	1
寒がった	1
寒がってる	1
寒がり	1
寒くなった	1
寒し	1
寒冷	1
寒冷で	1
寓話	1
寛恕	1
寝かしつけた	1
寝かしつけました	1
寝かせて	1
寝かせなさい	1
寝かせるだろう	1
寝すぎ	1
寝そべってる	1
寝ちゃいそうだった	1
寝っ転がって	1
寝ついた	1
寝つかない	1
寝てた	1
寝てて	1
寝ないで	1
寝なくちゃ	1
寝ぼけてる	1
寝られる	1
寝れ	1
寝ろ	1
寝入った	1
寝台	1
寝耳	1
寝苦しい	1
寝苦しかった	1
寝転がった	1
寝転がって	1
寝返り	1
寝過ごさない	1
察	1
察し	1
寢こみ	1
審問会	1
審査	1
審美眼	1
審良	1
審議会	1
寸前	1
対し	1
対向車	1
対外貿易	1
対岸	1
対戦	1
対等で	1
対等の	1
寿司屋	1
寿命	1
寿退社	1
封灯中	1
専制君主	1
専務取締役	1
専業主夫	1
専業主婦	1
専用	1
専門学校	1
専門店	1
専門性	1
射した	1
射たれた	1
射よ	1
射んと	1
射殺	1
射落とす	1
将	1
将兵	1
将官	1
将棋	1
将軍閣下	1
尊い	1
尊し	1
尊王攘夷	1
尊皇攘夷	1
尋ねして	1
尋ねなかった	1
尋ねます	1
尋ね者	1
導いた	1
導いて	1
導かれて	1
導く	1
導入	1
小	1
小々	1
小ぎれい	1
小さすぎた	1
小さすぎて	1
小さすぎます	1
小テスト	1
小事	1
小人	1
小僧	1
小冊子	1
小動物	1
小包み	1
小声	1
小娘	1
小小	1
小林	1
小枝	1
小桃	1
小樓	1
小泉	1
小猫	1
小石	1
小突いた	1
小箱	1
小羊	1
小耳	1
小腸	1
小説家兼画家	1
小遣い	1
小部屋	1
小金	1
小雪	1
小額	1
小麦粉	1
小麦色	1
少しずつ	1
少しも	1
少なからぬ	1
少なけれ	1
少尉	1
少少	1
尖らせる	1
就いて	1
就寝	1
就職面接	1
尺	1
尻笑い	1
尻軽女	1
尻込み	1
尼僧	1
尽かして	1
尽き	1
尽きた	1
尽きたら	1
尽きるだろう	1
尽くさなきゃ	1
尽くさねばならない	1
尽くされて	1
尽くし	1
尽くします	1
尽くし難い	1
尽くせない	1
尿	1
局部超銀河団	1
居たい	1
居ただろ	1
居ねえ	1
居ました	1
居られない	1
居れない	1
居合わせた	1
居合わせなかった	1
居合道	1
居眠り	1
居眠り運転	1
居酒屋	1
屈する	1
屈指	1
屈服	1
届	1
届かない	1
届かなかった	1
届けさせた	1
届けしちゃいます	1
届けしましょう	1
届けたでしょ	1
届けます	1
届ける	1
屋内	1
屑	1
展望	1
展示中	1
展示会	1
展示品	1
展覧会	1
屠殺	1
履	1
履いた	1
履きます	1
履けない	1
履歴	1
履行	1
山ほど	1
山中	1
山国	1
山小屋	1
山崎	1
山本	1
山海	1
山火事	1
山犬	1
山積み	1
山羊座	1
山羽	1
山脈	1
山裾	1
山道	1
岐路	1
岐阜	1
岡山	1
岡目八目	1
岸辺	1
峙つ	1
島国	1
島崎	1
島陰	1
崇拝者	1
崖っぷち	1
崩せます	1
崩れ	1
川べり	1
川上	1
川岸	1
川崎	1
川崎病	1
川流れ	1
州政府	1
巣窟	1
工ッフェル塔	1
工事中	1
工場内	1
工場廃棄物	1
工夫	1
工業化	1
工業都市	1
工程	1
工藤甲人	1
工面	1
左右交互	1
左横腹	1
左耳	1
左肩	1
左足首	1
左鮃右鰈	1
巧妙	1
巨万	1
巨大都市	1
巨神兵	1
差	1
差し上げて	1
差し上げなかった	1
差し上げましょう	1
差し上げます	1
差し上げる	1
差し伸べた	1
差し伸べる	1
差し向かって	1
差し込んだ	1
差出人	1
差別問題	1
差別廃止判決	1
差異	1
已まれず	1
已まれない	1
已まれぬ	1
巻かれた	1
巻き	1
巻き起こして	1
巻き込まれて	1
巻き込んだ	1
巻末	1
市営	1
市当局	1
市役所	1
市民大学	1
市立	1
市街地	1
市議会	1
市長選	1
布かれた	1
布告	1
希	1
帝位	1
帝国工科大学	1
帝王	1
師	1
帯びて	1
帰	1
帰す	1
帰らせろ	1
帰らなかった	1
帰らなければ	1
帰りください	1
帰りたいです	1
帰りたがってる	1
帰り道	1
帰るべきだった	1
帰れない	1
帰れなかった	1
帰れなく	1
帰宅途中	1
帰巣本能	1
帰省	1
帰路	1
帰途	1
帳消し	1
帳簿	1
常用	1
常習者	1
常軌	1
常飲	1
幅広い	1
幅広の	1
幌馬車	1
幕開け	1
干します	1
干た	1
干上がった	1
平	1
平だ	1
平ら	1
平らだ	1
平らだった	1
平原	1
平和で	1
平和交渉	1
平和部隊	1
平地	1
平均点	1
平安	1
平山	1
平日	1
平易	1
平気	1
平気だろ	1
平等だ	1
平等の	1
平行です	1
平静	1
年上だ	1
年下だ	1
年下です	1
年中無休	1
年功序列	1
年末	1
年来	1
年次	1
年波	1
年端	1
年輩者	1
年配	1
年鑑	1
年長の	1
年齢的	1
年齢詐称	1
幸いだった	1
幸いで	1
幸いなる	1
幸せじゃない	1
幸せそう	1
幸せそうだろ	1
幸せでした	1
幸せもの	1
幸枝	1
幸福そう	1
幸福そうだ	1
幸福だった	1
幸福に	1
幸運で	1
幹事	1
幻影	1
幻想的だ	1
幻滅	1
幻覚	1
幼児虐待	1
幼年時代	1
幼稚	1
幼稚園	1
幼稚園児	1
幼馴染	1
幼馴染み	1
幽霊屋敷	1
幾分	1
広々	1
広いだろ	1
広かった	1
広がる	1
広げなさい	1
広げよう	1
広まりました	1
広まる	1
広めた	1
広告収入	1
広報	1
広場	1
広大だ	1
広大な	1
広間	1
床板	1
店じまい	1
店内	1
店舗	1
店長	1
度外視	1
度忘れ	1
度肝	1
度胆	1
座ってた	1
座ってる	1
座っときなさい	1
座め	1
座らす	1
座らせた	1
座らせて	1
座り	1
座りください	1
座りたい	1
座ります	1
座ろう	1
座右	1
座標	1
座面	1
庭いじり	1
庭弄り	1
庶民的	1
廃る	1
廃屋	1
廃棄物	1
廃液	1
廃絶	1
廃虚	1
延々と	1
延ばさない	1
延ばさなきゃ	1
延びた	1
延泊	1
延長	1
建つ	1
建て込んで	1
建材	1
建築	1
建築中	1
建築業	1
建築物	1
建築資材	1
建設工事	1
建造	1
建雄	1
弁ず	1
弁舌	1
弄り回す	1
弊害	1
弊社	1
引いたらしい	1
引かないだろう	1
引きこもって	1
引きずり込まれる	1
引きたいです	1
引きなさい	1
引きやすかった	1
引き上げ	1
引き上げさせろ	1
引き倒した	1
引き出します	1
引き出せ	1
引き剥がした	1
引き取りください	1
引き取る	1
引き受けて	1
引き受けました	1
引き受けるべきだ	1
引き換え券	1
引き換え証	1
引き摺って	1
引き止めた	1
引き比べて	1
引き算	1
引き継いで	1
引き継ぐだろう	1
引き続き	1
引き裂いた	1
引き裂き	1
引き裂く	1
引き起こされた	1
引き起こして	1
引き起こしました	1
引き起こすだろう	1
引き起こそう	1
引き込まれる	1
引き離して	1
引くべきで	1
引けば	1
引け目	1
引こう	1
引っかかった	1
引っぱって	1
引っ張る	1
引っ越して	1
引っ越せる	1
引っ越そう	1
引力	1
引取り下さい	1
引越し	1
弦	1
弱くて	1
弱さ	1
弱った	1
弱まって	1
弱み	1
弱める	1
弱気	1
弱気精神	1
弱音	1
張ってる	1
張りたがる	1
張り合う	1
張り方	1
張り裂ける	1
強くなかった	1
強すぎる	1
強そう	1
強そうだ	1
強まる	1
強制的	1
強姦	1
強引	1
強情すぎる	1
強打者	1
強欲	1
強気だ	1
強烈だ	1
強盗事件	1
強硬路線	1
強要	1
強飯	1
弾か	1
弾き方	1
弾き語り	1
弾けません	1
弾み	1
弾む	1
弾切れ	1
当たっちゃった	1
当たらず	1
当たらない	1
当たらなかった	1
当たり前だ	1
当たり前だろ	1
当てずっぽう	1
当てはまります	1
当てる	1
当らず	1
当代随一	1
当前	1
当大学	1
当座	1
当然だろう	1
当直	1
当社	1
当選者	1
彗星	1
形勢	1
形容	1
形式上	1
彫刻家	1
彫琢	1
役人	1
役員評議会	1
役場	1
役立ちます	1
役立った	1
役職	1
往々	1
往来	1
往生	1
往診	1
待たす	1
待たせ	1
待たせしました	1
待たない	1
待たなかった	1
待たれ	1
待たん	1
待ちいただける	1
待ちたい	1
待ちたまえ	1
待ちな	1
待ちはった	1
待ちましょう	1
待ちます	1
待ちやがれ	1
待ち下さい	1
待ち時間	1
待ち望んで	1
待ち遠しい	1
待つべきだ	1
待てる	1
待とう	1
待遇	1
後ずさった	1
後ろめたかった	1
後ろめたさ	1
後ろ向き	1
後ろ手	1
後便	1
後半	1
後回し	1
後援	1
後援者	1
後片付け	1
後者	1
後部出口	1
後部座席	1
徐行	1
徒歩	1
徒歩圏内	1
従うべき	1
従うべきで	1
従わせた	1
従わなくて	1
従妹同士	1
従姉妹	1
従来	1
従者	1
従順だ	1
得だ	1
得ないだろう	1
得ぬ	1
得ません	1
得よう	1
得られて	1
得られないだろう	1
得られます	1
得るだろう	1
得ん	1
得体	1
得意で	1
得意でした	1
得意料理	1
得手	1
得点	1
得票数	1
得策	1
御互い様	1
御兄弟	1
御免	1
御出身	1
御加護	1
御医者	1
御座います	1
御座ろう	1
御役御免	1
御愁傷様	1
御意	1
御手並	1
御手並み	1
御援助	1
御搭乗	1
御案内	1
御構い	1
御構いなく	1
御湯	1
御用	1
御病気	1
御粗末	1
御美事です	1
御苦労様	1
御見事	1
復	1
復唱	1
復旧	1
復活	1
循環	1
微かに	1
微レ存	1
微生物学	1
微笑ましい	1
微笑まず	1
微笑みかけた	1
微笑みかける	1
微笑みました	1
微笑み合った	1
徳万歳	1
徳川家	1
徹する	1
徹底的に	1
心ならずも	1
心地よい	1
心地良い	1
心境	1
心底	1
心持ち	1
心掛けなさい	1
心機一転	1
心理学コース	1
心理学的	1
心細かった	1
心臓病	1
心血	1
心行く	1
心身	1
心配そう	1
心酔	1
必修です	1
必死だった	1
必然	1
必要だっ	1
必要だろう	1
必要でした	1
必要性	1
必須	1
忌まわしい	1
忍ばせて	1
忍び寄った	1
忍び込む	1
忍び込んだ	1
忍ぶ	1
忍者	1
忍耐強い	1
志	1
志げ	1
志望	1
志望者	1
志賀高原	1
志願兵	1
忘るべからず	1
忘れたら	1
忘れっぽく	1
忘れてて	1
忘れないだろう	1
忘れないでしょう	1
忘れないよう	1
忘れません	1
忘れよう	1
忘れられて	1
忘れられる	1
忘恩	1
忙しいだろう	1
忙しいでしょう	1
忙しかったです	1
忙しくない	1
忙しすぎて	1
忙しそう	1
忙し過ぎる	1
応えた	1
応じた	1
応じなかった	1
応じます	1
応じられない	1
応じられません	1
応募者名簿	1
応急	1
応急処置	1
応接間	1
応用	1
応答	1
忠言	1
忠誠	1
忠誠心	1
快い	1
快刀乱麻	1
快挙	1
快活	1
快活で	1
快適だ	1
快適です	1
快適性	1
念仏	1
念彼	1
念願	1
怎	1
怒ったよう	1
怒ってるんだろう	1
怒らせました	1
怒らないで	1
怒られた	1
怒られちゃった	1
怒りっぽかった	1
怒りっぽく	1
怒ります	1
怒るだろう	1
怒濤	1
怒鳴る	1
怖いわ	1
怖がらせた	1
怖がらせたかった	1
怖がらせて	1
怖がらせよう	1
怖がらない	1
怖がり	1
怖く	1
怖れて	1
怖れてる	1
怖れる	1
怖気づく	1
思いがけなかった	1
思いつかない	1
思いつかなかった	1
思いつけます	1
思いとどまらせた	1
思いとどまらせよう	1
思いませんでした	1
思い上がり	1
思い入れ	1
思い出さず	1
思い出させて	1
思い出さなく	1
思い出し	1
思い出しちゃう	1
思い出せ	1
思い出せた	1
思い出せなかった	1
思い出せます	1
思い浮かべます	1
思い詰めすぎ	1
思い違い	1
思うだろう	1
思うでしょう	1
思えて	1
思ってた	1
思わざれ	1
思われ	1
思われてる	1
思わん	1
思索	1
怠り	1
怠惰だ	1
急いて	1
急が	1
急がなけれ	1
急ぎだ	1
急ぎで	1
急ぎなさい	1
急げる	1
急だ	1
急停車	1
急務	1
急増	1
急変	1
急急如律令	1
急性リンパ性白血病	1
急所	1
急死	1
急流	1
急減	1
急行列車	1
急速だ	1
性器	1
性欲	1
性生活	1
性行為	1
怪我人	1
怪獣	1
怪談	1
怯えて	1
恋しく	1
恋しくない	1
恋愛運	1
恋文	1
恋歌	1
恐がる	1
恐く	1
恐くて	1
恐くない	1
恐るべき	1
恐るる	1
恐れず	1
恐れない	1
恐ろし	1
恐ろしく	1
恐ろしくて	1
恐怖心	1
恐怖映画	1
恐縮です	1
恒久的	1
恒心	1
恒産	1
恥さらし	1
恥じるだろう	1
恥じるべきで	1
恥ずかしがりや	1
恥ずかしがり屋	1
恥ずかしがる	1
恨まれる	1
恨む	1
恨んで	1
恩恵	1
恩返し	1
恵まれます	1
恵んで	1
恵子	1
恵美子	1
悔いて	1
悔いなけれ	1
悔しい	1
悔しがった	1
悔やみ	1
悔恨	1
悟った	1
悟って	1
悟り	1
悟る	1
悟るだろう	1
患い	1
患う	1
悩まして	1
悩ませ	1
悩ませた	1
悩み事	1
悪いでしょ	1
悪いみたい	1
悪くない	1
悪くないだろ	1
悪くなってる	1
悪さ	1
悪しからず	1
悪そうだった	1
悪ふざけ	1
悪事千里	1
悪人正機	1
悪夢	1
悪影響	1
悪戯	1
悪木盗泉	1
悪漢	1
悪用	1
悪臭	1
悪貨	1
悪賢い	1
悪質	1
悲しくありません	1
悲しくて	1
悲しさ	1
悲惨だ	1
悲観的だ	1
悲観的で	1
悶え	1
悶着	1
悼んだ	1
情	1
情け	1
情けない	1
情夫	1
情況	1
情状酌量	1
惑わされる	1
惚れ込んで	1
惜しまない	1
惜しみなく	1
惜しんで	1
惨め	1
惨憺たる	1
想い	1
想像力	1
想定外	1
惹かれて	1
惹かれます	1
愉快	1
愉快だ	1
意味深い	1
意図的	1
意地悪で	1
意外	1
意外だ	1
意外と	1
意外に	1
意志疎通	1
意欲	1
意欲的	1
意気	1
意気地なし	1
意気投合	1
意表	1
意訳	1
意識不明	1
意識不明だった	1
愚かさ	1
愚かだった	1
愚かです	1
愚者	1
愚行	1
愛きょう	1
愛し	1
愛らしい	1
愛別離苦	1
愛及屋烏	1
愛国心	1
愛国精神	1
愛多憎生	1
愛情表現	1
愛教会	1
愛敬	1
愛楊葉児	1
愛犬	1
愛猫	1
愛猫家	1
愛用	1
愛知県	1
感じさせて	1
感じなかった	1
感性	1
感慨深い	1
感染患者	1
感染拡大	1
感染症	1
感触	1
感電	1
慇懃	1
慈善募金	1
慈善施設	1
慈悲深い	1
態と	1
態勢	1
慌て者	1
慎み	1
慎みなさい	1
慎もう	1
慎んで	1
慎重で	1
慎重でした	1
慕って	1
慢心	1
慣らされて	1
慣れてる	1
慣れなけれ	1
慰める	1
憂うつだ	1
憂患	1
憂鬱症	1
憎い	1
憎けりゃ	1
憎さ	1
憎み	1
憎む	1
憎んだ	1
憎悪	1
憚る	1
憧れて	1
憧れてる	1
憧れます	1
懐	1
懐中電灯	1
懲らしめて	1
懲りない	1
懲役	1
懸命だった	1
懸命で	1
懸賞金	1
成し遂げました	1
成し遂げよ	1
成すべき	1
成りすまして	1
成り代わる	1
成り立たない	1
成り立ち	1
成り立って	1
成り立つ	1
成人前	1
成功者	1
成果配分方式	1
成熟	1
成田空港	1
成立	1
成績順	1
我慢強くない	1
或いは	1
或は	1
戦ってる	1
戦力外	1
戦勝	1
戦場	1
戦後日本	1
戦禍	1
戦術	1
戴けます	1
戸外	1
戸川	1
戸棚	1
戻しそうだった	1
戻しちゃって	1
戻しといて	1
戻しなさい	1
戻ったら	1
戻ってる	1
戻らない	1
戻らないでしょう	1
戻らなきゃ	1
戻らなけれ	1
戻り	1
戻りたいです	1
戻りません	1
戻れた	1
戻れる	1
房	1
所内	1
所持	1
所有権	1
所産	1
所詮	1
扇	1
扇動	1
扇動家	1
扇風機	1
手おくれ	1
手がかり	1
手ごろだ	1
手すり	1
手だて	1
手っ取り早く	1
手つかず	1
手づよい	1
手なづけて	1
手のひら	1
手ほどき	1
手中	1
手伝	1
手伝いします	1
手伝いたかった	1
手伝うだろう	1
手伝うべきだった	1
手伝え	1
手先	1
手八丁口八丁	1
手八丁口八丁だ	1
手前	1
手前味噌	1
手加減	1
手厚い	1
手厚く	1
手向かう	1
手塩	1
手当たり	1
手当たり次第に	1
手当て	1
手招き	1
手振り	1
手掛かり	1
手掛けて	1
手放さなくて	1
手放す	1
手数	1
手柄	1
手渡したんでしょ	1
手相	1
手続き	1
手綱	1
手習い	1
手腕家	1
手芸	1
手話通訳士	1
手負い	1
手軽	1
手近	1
手遅れです	1
手際よく	1
手順	1
才女	1
才能豊か	1
打たれた	1
打たれて	1
打たれまい	1
打ち	1
打ちこんだ	1
打ちとった	1
打ちます	1
打ち上げられた	1
打ち出し	1
打ち切った	1
打ち勝った	1
打ち勝つ	1
打ち寄せた	1
打ち明け	1
打ち明けなさい	1
打ち明けよう	1
打ち明ける	1
打ち砕いた	1
打ち破った	1
打ち破れ	1
打ち負かした	1
打って	1
打倒	1
打撲	1
打球	1
打解けて	1
打開策	1
払い	1
払いなさい	1
払いのけよう	1
払います	1
払いません	1
払い込んだ	1
払い過ぎだ	1
払うべきだった	1
払うべきで	1
払うべし	1
払えます	1
払ったら	1
払わず	1
払わせた	1
払わなけれ	1
払わねえ	1
払われなかった	1
扱いやすい	1
扱い方	1
扱え	1
扱わなくて	1
扱われるべきで	1
扶養	1
承って	1
承りました	1
技巧	1
技術的	1
技術革新	1
抉じ	1
抑えとく	1
抑えます	1
抑えよう	1
抑えられなかった	1
抑制	1
抑揚	1
投かん	1
投げました	1
投げられた	1
投げ与えた	1
投げ入れた	1
投げ出したら	1
投げ方	1
投げ込んだ	1
投じて	1
投下	1
投手	1
投書	1
投機	1
投票数	1
投稿	1
抗生物質	1
折ったそうだ	1
折り	1
折りたたみベッド	1
折り入って	1
折り合え	1
折り方	1
折り曲げ	1
折り紙	1
折り返せ	1
折り鶴	1
折れた	1
折れちまいやがった	1
折れて	1
折れなかった	1
折衝	1
折鶴	1
抜いてる	1
抜かない	1
抜かり	1
抜かれる	1
抜けた	1
抜けて	1
抜けてる	1
抜けられる	1
抜けろ	1
抜け出した	1
抜け出す	1
抜け出そう	1
抜け羽	1
抜擢	1
抜本的	1
抜歯	1
抜群です	1
披露	1
抱いてる	1
抱えてる	1
抱きしめました	1
抱きます	1
抱き締めた	1
抱き込もう	1
抱く	1
抱け	1
抱擁	1
抵当	1
抵抗力	1
抹消	1
押さえた	1
押さえて	1
押さえる	1
押さなけれ	1
押されて	1
押されない	1
押しあて	1
押しくら饅頭	1
押しちゃ	1
押しなさい	1
押し付けて	1
押し入れ	1
押し分けて	1
押し戻した	1
押し流された	1
押し流されて	1
押し込んだ	1
押し進める	1
押し黙って	1
押せ	1
押入れ	1
抽象画	1
抽象的だ	1
抽象的で	1
担いだ	1
担ぐ	1
担って	1
担当官	1
拇印	1
拉致	1
拍子	1
拍車	1
拒食症	1
拓也	1
拘束力	1
招きたかった	1
招き入れた	1
招待客	1
招待状	1
招集	1
拝んで	1
拝受	1
括りつけた	1
括る	1
括弧	1
拭いて	1
拭きなさい	1
拱く	1
拳	1
拳骨	1
拵える	1
拾いたい	1
拾い上げた	1
拾い集めた	1
拾え	1
持たなく	1
持たなけれ	1
持ちしましょう	1
持ちだした	1
持ちつ持たれつ	1
持ちましょう	1
持ちやすい	1
持ち上がらなかった	1
持ち上げた	1
持ち上げて	1
持ち上げられなかった	1
持ち前	1
持ち去って	1
持ち場	1
持ち家	1
持ち帰って	1
持ち帰りください	1
持ち腐れ	1
持っています	1
持ってたら	1
持ってっちまう	1
持ってない	1
持ってます	1
持つべき	1
持つべきだ	1
指さして	1
指した	1
指す	1
指ぬき	1
指切り拳万	1
指定	1
指導	1
指導員	1
指揮官	1
指紋	1
按甲	1
挑戦者	1
挙げ	1
挙式	1
挟まれた	1
挟みました	1
挫折	1
振らず	1
振り合う	1
振り込め	1
振り込んで	1
振り返った	1
振り返る	1
振るう	1
振るえ	1
振る舞いなさい	1
振る舞う	1
振る舞える	1
振動	1
振舞い	1
振舞って	1
挽く	1
捏造	1
捕った	1
捕まえさせよ	1
捕まえられた	1
捕まったら	1
捕まって	1
捕まらない	1
捕まりました	1
捕まる	1
捕まれ	1
捕らえた	1
捕らえられた	1
捕らえろ	1
捕らわれ	1
捕れた	1
捕獲	1
捕虫網	1
捜査	1
捜査中	1
捜査官	1
捧げたい	1
捧げよう	1
捧げる	1
捨てるべきで	1
捨て鉢	1
据わる	1
捻る	1
捻挫	1
掃き出しちゃう	1
授かって	1
授けた	1
授ける	1
授与	1
授業数	1
排ガス	1
排便	1
排尿時	1
掘って	1
掘られちゃった	1
掘り	1
掘る	1
掘れ	1
掛かった	1
掛かり	1
掛かります	1
掛けください	1
掛けといて	1
掛けないで	1
掛けなさい	1
掛けられた	1
掛けられて	1
掛け合った	1
掛け時計	1
掛け替え	1
掛って	1
採掘	1
採決	1
採点	1
探さなきゃ	1
探さなくちゃ	1
探さなくて	1
探してん	1
探しです	1
探しなさい	1
探し出そう	1
探し回った	1
探し物	1
探そう	1
探検旅行	1
探知	1
接したら	1
接し方	1
接客	1
接着	1
接見	1
控えさせて	1
控えた	1
控えめ	1
控除額	1
推し	1
推し進める	1
推察	1
推薦図書	1
推薦状	1
措置	1
掲げ	1
掲げられて	1
掲げる	1
掴まって	1
掻いた	1
掻いて	1
掻き立てる	1
掻き込んだ	1
掻く	1
揃う	1
揃ってる	1
揉もう	1
描かせる	1
描きました	1
提出期限	1
提督	1
揚げ物	1
揚げ足	1
換えて	1
換気	1
換算	1
握ろう	1
握髪吐哺	1
揺り動かした	1
揺籃	1
損だ	1
損ない	1
損なわなかった	1
損ねて	1
損ねられて	1
損害弁償	1
損害額	1
搬入	1
搬送	1
搭乗券	1
搭乗者	1
携わって	1
搾って	1
搾り	1
摂る	1
摂氏	1
摘まみ	1
摘む	1
摘め	1
摘んだ	1
摘出	1
摩天楼	1
摩擦	1
撃たねえ	1
撃たれただろう	1
撃たれて	1
撃たれまい	1
撃ち込んで	1
撃とう	1
撃破	1
撤した	1
撤退	1
撥ね	1
撥ねられて	1
撥ねられる	1
撫で	1
撮ってる	1
撮らせて	1
撮ります	1
撮れて	1
撮影開始	1
擁護者	1
擂って	1
操る	1
擦りつけました	1
擦りむいた	1
擦り減っちゃった	1
擬似科学	1
擬声語的	1
支えきれない	1
支えきれないだろう	1
支えた	1
支えられて	1
支払いたい	1
支払いました	1
支払え	1
支払えます	1
支払って	1
支払われた	1
支払われる	1
支払われるべき	1
支持政党	1
支社	1
支給	1
支配下	1
支配的だった	1
支配者	1
改ざん	1
改名	1
改宗	1
改札口	1
改造	1
放く	1
放さないで	1
放した	1
放っといて	1
放つ	1
放て	1
放り出した	1
放り込んどけ	1
放射性廃棄物	1
放射線	1
放射能漏れ	1
放映	1
放校処分	1
放水	1
放漫だった	1
放送局	1
放題	1
政党	1
政府調査官	1
政府関係者	1
政敵	1
政治形態	1
政治組織	1
故	1
敏感だ	1
敏感肌	1
敏腕だった	1
救い出した	1
救い出せ	1
救わねば	1
救助員	1
救助隊	1
救援機	1
敗けて	1
敗戦	1
教え	1
教えたろ	1
教えます	1
教えられて	1
教えられるべきで	1
教えるでしょう	1
教えるべきだ	1
教えるべきです	1
教え子	1
教わった	1
教官	1
教授法	1
教科	1
教習所	1
教職員	1
教育問題	1
教育奨学金	1
教育委員会	1
教育的	1
教育的だ	1
敢えて	1
敢行	1
散々	1
散らかす	1
散らす	1
散らばって	1
散り散り	1
散れ	1
散会	1
散弾銃	1
敬いなさい	1
敬わなけれ	1
敬三	1
敬服	1
敬虔	1
数々	1
数えられます	1
数か月	1
数カ所	1
数ドル	1
数冊	1
数匹	1
数十年	1
数千ドル	1
数台	1
数奇	1
数学オタク	1
数学的	1
数度	1
数式	1
数日前	1
数日間	1
数百万	1
数県	1
数箇所	1
数羽	1
数週間前	1
整う	1
整えた	1
整えて	1
整えなさい	1
整えろ	1
整備	1
整備工場	1
整列隊形	1
整形手術	1
整然	1
敵影	1
敷ける	1
敷地	1
敷物	1
數	1
文化施設	1
文化活動	1
文化省	1
文化祭	1
文化遺産	1
文型	1
文学作品	1
文学化	1
文学批評	1
文学者	1
文房具	1
文才	1
文明化	1
文武両道	1
文殊	1
文法ミス	1
文法事項	1
文法的に	1
文綉	1
文豪風	1
文質彬彬	1
斎藤健	1
斜めです	1
斜めの	1
斜視	1
斥候	1
断ち	1
断ち切るべきだ	1
断つ	1
断られた	1
断りたい	1
断りなく	1
断りなさい	1
断るべきで	1
断れ	1
断章取義	1
断続的	1
断罪	1
斯く	1
新	1
新しいです	1
新しき	1
新しく	1
新たな	1
新チーム	1
新事業	1
新人	1
新任	1
新任教師	1
新住所	1
新入生	1
新内閣	1
新刊書	1
新制度	1
新品	1
新型	1
新型自動車	1
新婦	1
新学期	1
新宿	1
新幹線	1
新思想	1
新提案	1
新政策	1
新曲	1
新書	1
新月	1
新東京国際空港	1
新校舎	1
新潟	1
新玉	1
新王	1
新生活	1
新発見	1
新税法案	1
新種	1
新築	1
新米	1
新素材	1
新聞売り	1
新聞記事	1
新聞記者	1
新製品開発	1
新調	1
新車同然	1
新雪	1
新鮮だ	1
方位磁石	1
方便	1
方角	1
施された	1
施せ	1
施設	1
旅券	1
旅客	1
旅客機	1
旅慣れて	1
旅支度	1
旅立つ	1
旅行代理店	1
旅行保険	1
既往歴	1
日ごと	1
日なたぼっこ	1
日の入り	1
日の本	1
日中合弁	1
日光浴	1
日刊新聞	1
日向	1
日和	1
日夜	1
日常会話	1
日常生活	1
日本一周旅行	1
日本人女性	1
日本人観光客	1
日本会合	1
日本政府	1
日本標準時	1
日本男児	1
日本英語検定協会	1
日本軍	1
日本風	1
日毎	1
日没	1
日没前	1
日没後	1
日焼け後	1
日米	1
日給制	1
日西	1
日陰	1
旧	1
旧い	1
旧世界	1
旧跡	1
旨い	1
旨かった	1
旨味	1
早いです	1
早かった	1
早くない	1
早けれ	1
早すぎます	1
早とちり	1
早める	1
早トチリ	1
早口だ	1
早咲き	1
早婚	1
早春	1
早晩	1
早熟	1
早熟れ	1
早腐り	1
早起きです	1
早速	1
早鐘	1
早食い	1
昆曲	1
昆虫採集	1
昇った	1
昇って	1
昇ります	1
昇るだろう	1
昇れ	1
昇格	1
明	1
明かして	1
明かしなさい	1
明かす	1
明く	1
明くる	1
明けそう	1
明けて	1
明け渡した	1
明らかです	1
明らかなる	1
明り	1
明るくする	1
明るくて	1
明るくない	1
明るけりゃ	1
明るさ	1
明る過ぎる	1
明子	1
明明後日	1
明星	1
明朗	1
明朗快活	1
明治時代	1
明白だ	1
明白だった	1
明白で	1
明確	1
明確さ	1
明確で	1
明赤色	1
昔日	1
星空	1
映し	1
映って	1
映像	1
映画俳優	1
映画情報	1
映良	1
春子	1
昨シーズン	1
昨秋	1
是	1
昼めし	1
昼休み	1
昼夜	1
昼夜逆転	1
昼時	1
昼食代	1
昼食後	1
昼飯代	1
時として	1
時代劇	1
時代遅れ	1
時代遅れで	1
時制	1
時刻通り	1
時差通勤	1
時機	1
時点	1
時節	1
時計会社	1
時間内	1
時間切れ	1
時間割	1
時間単位	1
時鳥	1
晏嬰	1
晏子	1
晒	1
晒す	1
晦ます	1
晩さん会	1
晩婚化傾向	1
晩飯	1
晩餐会	1
普通だ	1
普通で	1
普通です	1
普通外科医	1
晴らす	1
晴れて	1
晴れ渡って	1
晴れ着	1
晴天続き	1
晴雨	1
暇だっ	1
暇つぶし	1
暇で	1
暇でしょう	1
暑くるしかった	1
暑すぎだ	1
暑すぎて	1
暖かいらしい	1
暖かくて	1
暖かだった	1
暖まる	1
暖房装置	1
暖簾	1
暗	1
暗いです	1
暗くない	1
暗すぎて	1
暗すぎる	1
暗ました	1
暗やみ	1
暗唱	1
暗証番号	1
暗雲低迷	1
暗香疎影	1
暗香蓊葧	1
暮らさざる	1
暮らさなけれ	1
暮らしてます	1
暮らしてる	1
暮らしました	1
暮らせる	1
暴かれた	1
暴きかねない	1
暴れとる	1
暴力禁止	1
暴言	1
暴言罪	1
暴走族	1
暴露	1
曇っちゃった	1
曇って	1
曇ってる	1
曖昧だ	1
曖昧で	1
曜	1
曩謨	1
曲がっちゃった	1
曲がり	1
曲がりなさい	1
曲がりなり	1
曲げる	1
曲は	1
曲学阿世	1
曲芸	1
更ける	1
更に	1
書いとく	1
書かなかった	1
書かねば	1
書きください	1
書きたいです	1
書きつけ	1
書き入れた	1
書き写させられました	1
書き写された	1
書き写した	1
書き加える	1
書き取った	1
書き換えた	1
書き直さなけれ	1
書き直した	1
書き直すべきです	1
書き込まなくて	1
書き込み	1
書き込む	1
書き込め	1
書き込んだ	1
書き込んで	1
書くだろう	1
書くべき	1
書けた	1
書けてる	1
書けない	1
書棚	1
書留	1
書籍	1
書道	1
書面	1
書類偽造専攻	1
書類整理	1
曹徳喜	1
替え芯	1
替わった	1
替わりました	1
最下位	1
最低の	1
最北部	1
最古	1
最大問題	1
最小構成単位	1
最年少	1
最後尾	1
最悪で	1
最悪です	1
最愛	1
最新型	1
最新流行	1
最終コーナー	1
最終バス	1
最終校正	1
最終案	1
最終的	1
最適任者	1
最重要だ	1
最高会議	1
最高潮	1
最高点	1
月ぎめ	1
月一	1
月夜	1
月給	1
月賦	1
月面	1
有	1
有する	1
有った	1
有って	1
有りそう	1
有りません	1
有れば	1
有備無患	1
有力	1
有力候補	1
有効だ	1
有効期限	1
有名だった	1
有害	1
有害だ	1
有意義	1
有機体	1
有無	1
有益です	1
有給休暇	1
有能だった	1
服代	1
服装様式	1
朗報	1
朗読	1
望ましい	1
望まない	1
望み通り	1
望めない	1
望めなかった	1
望んだ	1
望遠鏡作り	1
朝シャワー	1
朝シャン	1
朝型人間	1
朝日	1
朝霞	1
朝食後	1
朝飯	1
朝鮮語	1
期待はずれだ	1
期待通り	1
期限	1
期限切れ	1
木こり	1
木っ端みじん	1
木下	1
木乃伊	1
木乃伊取り	1
木村	1
木蔭	1
木造建築物	1
木陰	1
木靴	1
未回答	1
未婚	1
未就学児	1
未成年者	1
未払い	1
未来人	1
未決で	1
未決定	1
未決定で	1
未熟だ	1
未熟者	1
未発掘	1
未知	1
未舗装	1
未開	1
未雨綢繆	1
末えい	1
本国	1
本場	1
本当じゃない	1
本当でした	1
本性	1
本拠	1
本校	1
本格的	1
本格的だ	1
本番	1
本社所在地	1
本管	1
本籍地	1
本船	1
本通り	1
本音	1
本題	1
本館	1
札入れ	1
札幌	1
机上	1
机上空論	1
朽木糞牆	1
杉村	1
李下	1
杏奈	1
材木	1
村外れ	1
村民	1
杓子	1
束	1
束ねた	1
来させよう	1
来そう	1
来たかった	1
来たでしょ	1
来たみたい	1
来たるべき	1
来ちゃ	1
来ないで	1
来ないらしい	1
来なかったら	1
来なきゃ	1
来ませんでした	1
来られ	1
来るだろ	1
来るでしょ	1
来るべき	1
来るべきで	1
来れます	1
来ん	1
来客	1
来日	1
東ドイツ	1
東京タワー	1
東京ドーム	1
東京・大阪間	1
東京特許許可局	1
東京育ち	1
東京近郊	1
東北地方	1
東南アジア諸国連合	1
東南部	1
東大	1
東奔西走	1
東岸	1
東方	1
東海道線	1
東風	1
杳	1
松山市駅	1
松川	1
板前	1
林道	1
果たさなけれ	1
果たして	1
果たしなさい	1
果たします	1
果たすべきで	1
果たせ	1
果汁	1
枝流	1
枡	1
枯れ	1
枯れ葉	1
枯木	1
枯葉	1
架け橋	1
架空	1
柑橘系	1
柑橘類	1
染み	1
染めた	1
染料	1
柔らかかった	1
柔軟	1
柔道家	1
柳	1
栄	1
栄え	1
栄える	1
栄誉	1
栄養不足	1
栄養価	1
栓	1
栗	1
栗鼠	1
校	1
校庭	1
校章	1
株価	1
核シェルター	1
核実験	1
核戦争	1
核武装	1
核物理研究所	1
根ざして	1
根回し	1
根幹	1
根性	1
根本	1
根気	1
根気よく	1
根源	1
格好いい	1
格段	1
格段に	1
案じて	1
案ずる	1
案の定	1
案内書	1
案外	1
桑田滄海	1
桑田碧海	1
桜梅桃李	1
桟橋	1
梃子	1
梅干し	1
梅毒	1
梅酒	1
梅雨前線	1
梱包	1
梳かしましょう	1
森川	1
森羅万象	1
棺	1
植えます	1
植えよう	1
植える	1
植木	1
植物体	1
検便	1
検索履歴	1
検討中	1
検診	1
業務	1
業務提携	1
業種	1
楯突きやがった	1
極める	1
極地	1
楼閣	1
楽しいです	1
楽しかったです	1
楽しげ	1
楽しませた	1
楽しませよう	1
楽しまなかった	1
楽しまれた	1
楽しみだ	1
楽しみだろ	1
楽しみなさい	1
楽しみます	1
楽しめたでしょう	1
楽しんでるだろ	1
楽だろ	1
楽で	1
楽勝	1
楽団	1
楽団員	1
楽士	1
楽天的で	1
楽観的だ	1
楽隊	1
構い	1
構えて	1
構わん	1
構想	1
構成単位	1
構築	1
構造	1
槍玉	1
様々な	1
標準以下	1
標準英語	1
模写	1
模型飛行機	1
模造ダイヤモンド	1
権威	1
権威者	1
横っちょ	1
横倒し	1
横切った	1
横切る	1
横断飛行	1
横領	1
樫	1
樹木	1
樹皮	1
樹立	1
橋向こう	1
橙色	1
機内持ち込み	1
機器	1
機械力	1
機械装置	1
櫛	1
櫛風沐雨	1
欠いた	1
欠かさず	1
欠かせない	1
欠ける	1
欠如	1
欠陥	1
欠陥品	1
次週	1
次郎	1
欧米	1
欲し	1
欲しいみたいだ	1
欲しがってた	1
欲しがらない	1
欲張って	1
欲張り	1
欲求不満	1
欺いた	1
欺く	1
欺瞞	1
歌いましょう	1
歌い方	1
歌え	1
歌われる	1
歌唱法	1
歌舞伎	1
歓迎パーティー	1
止って	1
止まらん	1
止まりました	1
止まれず	1
止まれない	1
止まれぬ	1
止め	1
止めさせそう	1
止めさせた	1
止めさせられる	1
止めなきゃ	1
止めなけれ	1
止めるだろう	1
止め方	1
止んでる	1
正さず	1
正させて	1
正さなけれ	1
正しいです	1
正しくありません	1
正しくない	1
正したい	1
正しなさい	1
正す	1
正位置	1
正午前	1
正反対	1
正夫	1
正子	1
正当化	1
正念場	1
正書法	1
正書法改革	1
正直すぎた	1
正直です	1
正確です	1
正統	1
正規表現	1
武	1
武田	1
武装	1
武道	1
歩いたりしない	1
歩いてる	1
歩かん	1
歩きたい	1
歩きません	1
歩き始める	1
歩き方	1
歩けなかった	1
歩けなく	1
歩けぬ	1
歩こう	1
歩行中	1
歩調	1
歩道	1
歪んで	1
歯ブラシ	1
歯並び	1
歯向かう	1
歯垢	1
歯槽膿漏	1
歯磨き粉	1
歳入不足	1
歳取って	1
歴	1
歴史家	1
歴史言語学	1
歴然	1
死せる	1
死なず	1
死なせる	1
死なない	1
死ななけれ	1
死なれて	1
死にそうだ	1
死にそうだった	1
死にたかった	1
死にやがれ	1
死に方	1
死ねっかい	1
死ねる	1
死んだら	1
死亡告知	1
死亡者数	1
死活問題	1
死線	1
死語	1
残された	1
残される	1
残す	1
残すべき	1
残りたい	1
残りなさい	1
残るだろう	1
残るでしょう	1
残忍冷酷	1
残念ながら	1
残業手当	1
残虐	1
残酷	1
残飯	1
殴られて	1
殴られる	1
殴り	1
殴りかかった	1
殴りたい	1
殴り合い	1
殴ろう	1
段	1
段ボール箱	1
段差	1
段落	1
殺させた	1
殺さないで	1
殺さなかった	1
殺され	1
殺されちゃう	1
殺したい	1
殺したら	1
殺しちまえ	1
殺しなさい	1
殺し合える	1
殺すだろう	1
殺すなかれ	1
殺って	1
殺る	1
殺人者	1
殺到	1
殿下	1
殿方	1
母体	1
母君	1
母校	1
母熊	1
毎週末	1
毎食後	1
毒キノコ	1
毒効果	1
毒殺	1
毒菌	1
毒薬	1
比	1
比べ	1
比べたら	1
比べ物	1
比呂乃	1
毛細血管破裂	1
毛遂自薦	1
毛頭	1
氏名	1
民主党	1
民主党員	1
民主国家	1
民間伝承	1
民間機	1
気づいただろ	1
気づいてた	1
気づかれない	1
気づき	1
気づきませ	1
気づくでしょう	1
気づけ	1
気づまり	1
気に入りません	1
気まずそう	1
気乗り	1
気付かず	1
気取りたい	1
気品	1
気圧計	1
気楽で	1
気楽です	1
気流	1
気色悪い	1
気迫	1
気遣って	1
気長	1
水しぶき	1
水だらけ	1
水の泡	1
水ぶくれ	1
水ぼうそう	1
水上攻撃	1
水位	1
水割り	1
水夫	1
水平線上	1
水心	1
水揚げ	1
水没	1
水泳好き	1
水泳部	1
水洗い	1
水浴び	1
水深	1
水滑り台	1
水牛	1
水玉模様	1
水疱瘡	1
水筒	1
水蒸気	1
水質汚染	1
水軍	1
水道水	1
水面	1
氷嚢	1
氷彫刻	1
氷河	1
氷河時代	1
氷解	1
氷風呂	1
永らえる	1
永久的	1
永遠なる	1
求む	1
求めてる	1
求めない	1
求めなけれ	1
求められた	1
求められて	1
求婚	1
汎心論	1
汎神論	1
汗かき	1
汗びっしょりだった	1
汚く	1
汚くなった	1
汚したくない	1
汚ったね	1
汚ねぇ	1
汚ねえ	1
汚らしい	1
汚れ	1
汚れたら	1
汚れてる	1
汚職	1
汚職政治家	1
江南区	1
江戸	1
池田	1
池袋駅	1
決まってるでしょ	1
決まりきった	1
決まりそうだ	1
決まり文句	1
決めたら	1
決めてる	1
決めといて	1
決めない	1
決めないで	1
決めなく	1
決めるべき	1
決勝戦	1
決勝線	1
決定権	1
決着	1
決議	1
決議案	1
汽笛	1
汽船	1
沈み	1
沈められません	1
沖合い	1
没収	1
沢庵	1
河	1
河岸	1
河川	1
河童	1
沸いてる	1
沸かし	1
沸かす	1
油臭い	1
治まった	1
治まります	1
治めた	1
治めて	1
治るだろう	1
治るでしょう	1
沼	1
泉	1
泊まってる	1
泊まり	1
泊まりたい	1
泊まるだろう	1
泊まれる	1
泊まろう	1
法則	1
法外だ	1
法律家	1
法律用語	1
法律的	1
法科	1
法衣	1
泡洗車	1
泡立ち	1
泡立って	1
波打ち際	1
泣いちゃう	1
泣かした	1
泣かせた	1
泣かせて	1
泣かなくても	1
泣きそう	1
泣きそうです	1
泣きだした	1
泣きっ面	1
泣きべそ	1
泣きわめいて	1
泣き上戸	1
泣き崩れた	1
泣き続けた	1
泣き虫	1
泣き通した	1
泣くまい	1
泣け	1
泥だらけだった	1
泥んこ遊び	1
泥酔	1
注意不足	1
注文書	1
注釈	1
泰山	1
泰然自若	1
泳いだら	1
泳ぎたくて	1
泳ぎたくなった	1
泳ぎます	1
泳ぎません	1
泳ぎ手	1
泳げ	1
泳げた	1
泳げなかった	1
泳げるでしょう	1
泳げれ	1
泳ごう	1
泳者	1
洋	1
洋服ダンス	1
洋菓子	1
洋行	1
洗い	1
洗いたい	1
洗いたかった	1
洗いました	1
洗い物	1
洗え	1
洗える	1
洗わない	1
洗わなきゃ	1
洗わなけれ	1
洗われた	1
洗浄水	1
洗濯のり	1
洗濯ダンス	1
洗練	1
洗車場	1
津波	1
活力	1
活動的	1
活動的だ	1
活動計画	1
活発	1
活発で	1
派遣	1
派遣社員	1
派閥内	1
流	1
流さない	1
流されやすい	1
流せ	1
流れます	1
流れ落ちた	1
流出	1
流動体	1
流動的で	1
流星	1
流浪	1
流産	1
流石	1
流行って	1
流行ってる	1
流行り	1
流行歌	1
流行語	1
流転	1
流通チャンネル	1
流麗	1
浅かった	1
浅く	1
浅はかだ	1
浅瀬仇波	1
浅茅生	1
浮いた	1
浮いて	1
浮いてる	1
浮かされて	1
浮かび	1
浮かび上がった	1
浮かべた	1
浮かれて	1
浮き上がって	1
浮き浮き	1
浮んだ	1
浮んで	1
浴	1
浴びたい	1
浴びたら	1
浴びました	1
海ぎわ	1
海外向け	1
海外市場	1
海外派遣	1
海外留学	1
海峡	1
海底	1
海水	1
海水浴場	1
海洋	1
海洋国家	1
海洋生物	1
海老鯛	1
海賊密輸団	1
海路	1
海軍	1
海鮮料理	1
浸かって	1
消えうせろ	1
消えました	1
消えろ	1
消え去った	1
消しました	1
消しゴム	1
消し方	1
消し止められた	1
消し止められました	1
消し飛んで	1
消せる	1
消化器	1
消極的	1
消沈	1
消費量	1
消防署	1
涙もろい	1
液	1
液晶	1
涸れてる	1
涼しんだ	1
淋しい	1
淋しかった	1
淡い	1
淡水	1
淡淡だ	1
淫売	1
深いです	1
深まった	1
深まって	1
深刻だ	1
深刻で	1
深夜便	1
深海	1
混じって	1
混じり	1
混ぜなさい	1
混ぜる	1
混ぜ合わせた	1
混ぜ合わせます	1
混んでた	1
混合	1
混和	1
混戦	1
淹れる	1
添う	1
清き	1
清太	1
清涼飲料	1
清涼飲料水	1
渇	1
渇いて	1
渇いてる	1
渇く	1
渇して	1
済ませられない	1
済ませる	1
済む	1
済んだら	1
済んで	1
済んでる	1
渋々	1
渋った	1
減ってる	1
減ぼす	1
減らしたい	1
減らすべきだ	1
減らず	1
減らそう	1
減り	1
減速	1
渡さなけれ	1
渡し	1
渡したって	1
渡しなさい	1
渡す	1
渡すよう	1
渡せ	1
渡らなけれ	1
渡り	1
渡りたい	1
渡れる	1
渦巻き	1
温まった	1
温め	1
温めます	1
温和だ	1
温和で	1
温室	1
温度差	1
温度計	1
温暖だ	1
游がず	1
渾身	1
湖水	1
湖畔巡り	1
湖面	1
湧きました	1
湯上がり	1
湯気	1
湯水	1
湾	1
湾内	1
湾岸戦争	1
湿って	1
湿っぽい	1
湿らした	1
湿疹	1
満たさなけれ	1
満たされた	1
満たして	1
満たしなさい	1
満ち	1
満ち溢れて	1
満タン	1
満員	1
満員電車	1
満席	1
満腹だった	1
満足げ	1
満足だった	1
満足だろう	1
満足感	1
満車	1
満開だ	1
満開で	1
満開です	1
満面	1
源氏	1
準備中	1
準決勝	1
溜まる	1
溜まれ	1
溜め込んだ	1
溢れた	1
溶かし	1
溶かしなさい	1
溶けて	1
溶ける	1
溺れた	1
滄海桑田	1
滅入っちゃう	1
滅入ってる	1
滅入る	1
滅多	1
滅相	1
滋養	1
滑った	1
滑らか	1
滑らせた	1
滑らせる	1
滑りなさい	1
滑りやすい	1
滑りやすいです	1
滑り降りる	1
滑る	1
滑空	1
滝	1
滞在予定	1
滞在期間	1
滞在目的	1
滲む	1
滴る	1
漁って	1
漁夫	1
漁夫之利	1
漁獲	1
漁船	1
漂って	1
漂流	1
漏らさない	1
漏らしたり	1
漏らしちゃった	1
漏る	1
漏れちゃった	1
漏れて	1
演じて	1
演ずる	1
演奏法	1
演習	1
演説中	1
漢方薬	1
漢詩	1
漫才	1
漫画雑誌	1
漬け	1
漱石	1
潔白だ	1
潜りたい	1
潜り込む	1
潜り込んだ	1
潜る	1
潜在能力	1
潜水夫	1
潮流	1
潰れて	1
澄ます	1
澄んで	1
激しいです	1
激安	1
激烈	1
激突	1
激論	1
濁す	1
濁って	1
濃いすぎる	1
濃かった	1
濃霧	1
濡れちゃった	1
濡れて	1
濡れねずみ	1
濡れ手	1
濡れ鼠	1
瀕	1
瀬戸	1
瀬戸物	1
瀬戸際	1
火加減	1
火勢	1
火曜	1
火渡り	1
火災報知器	1
火照った	1
火蓋	1
火薬	1
火遊び	1
灯す	1
灯り	1
灯台	1
灯油	1
灰	1
灰燼	1
灸	1
災い	1
炊いてる	1
炊き方	1
炊く	1
炎	1
炒めた	1
炭素排出量	1
炭酸水	1
点々と	1
点いた	1
点けたら	1
点けて	1
点けられる	1
点す	1
点灯	1
為す	1
為替レート	1
為替相場	1
烈火	1
烏	1
烏有	1
焚琴煮鶴	1
無かっ	1
無き	1
無くて	1
無くなった	1
無くなり	1
無くなる	1
無しだった	1
無事だった	1
無事で	1
無事です	1
無二	1
無作法だ	1
無作法です	1
無分別	1
無分別だ	1
無効だ	1
無医村	1
無口	1
無口だ	1
無口でした	1
無口です	1
無地	1
無実で	1
無念	1
無意味	1
無意味だ	1
無我夢中	1
無政府主義者	1
無数	1
無敵でした	1
無敵の	1
無断退出	1
無条件	1
無機物	1
無欲	1
無残	1
無理でした	1
無理でしょう	1
無理ない	1
無理強い	1
無礼に	1
無礼者	1
無秩序	1
無線	1
無線機	1
無罪放免	1
無茶だ	1
無茶苦茶だ	1
無言	1
無試験	1
無論	1
無謀	1
無謀運転	1
無遠慮	1
無邪気だ	1
無関心で	1
無限	1
無駄です	1
無駄遣い	1
無駄骨	1
焦げてる	1
焦げ臭い	1
然	1
然もない	1
焼いてる	1
焼かれた	1
焼きたてほやほやだ	1
焼きついた	1
焼きもち	1
焼き付いて	1
焼き加減	1
焼き印	1
焼き払うだ	1
焼き払って	1
焼き払われた	1
焼き方	1
焼き肉	1
焼き餅	1
焼ける	1
焼けるでしょ	1
焼け死んだ	1
焼け石	1
焼け落ちた	1
焼け跡	1
焼こう	1
焼付け	1
焼失	1
焼餅	1
煎じて	1
煙たい	1
煙たかった	1
照って	1
照らされた	1
照らす	1
照り	1
照りつけた	1
照る	1
照れて	1
照ろう	1
照明弾	1
煩い	1
煮えない	1
煮え切らない	1
煮やす	1
熊本	1
熟し	1
熟したりんご	1
熟慮	1
熟考	1
熟語	1
熱いです	1
熱く	1
熱さ	1
熱すぎて	1
熱せられる	1
熱っぽい	1
熱中症	1
熱帯雨林	1
熱弁	1
熱心だ	1
熱意	1
熱気	1
熱湯	1
熱烈	1
熱狂的	1
熱風	1
燃えさかる	1
燃えない	1
燃えにくい	1
燃えやすい	1
燃え上がった	1
燃やして	1
燃料切れ	1
燎原	1
爆撃	1
爆発音	1
爆破予告	1
爆裂	1
爪楊枝	1
父母	1
爺さん	1
爺ちゃん	1
爽やかで	1
牆	1
片っぽ	1
片づけた	1
片づける	1
片付いた	1
片付けない	1
片付けよう	1
片時	1
片棒	1
片親家族	1
片足	1
片頭痛	1
版権	1
牙	1
牛乳瓶メガネ	1
牡丹	1
牡牛	1
牧場	1
物々交換	1
物乞い	1
物忘れ	1
物種	1
物置	1
物腰	1
物言い	1
物語り	1
物販	1
物静か	1
物騒	1
物騒だ	1
特価品	1
特別の	1
特別価格	1
特別展	1
特別税	1
特効薬	1
特性	1
特技	1
特攻	1
特注	1
特異	1
特筆大書	1
特質	1
牽引	1
犬品評会	1
犬好き	1
犬派	1
犯しました	1
犯します	1
犯行現場	1
状況報告	1
狂い	1
狂いそうだ	1
狂信的	1
狂喜	1
狂暴	1
狐裘	1
狗盗	1
狙いつづけて	1
狙え	1
狙える	1
狙って	1
狙われない	1
狢	1
狩った	1
狩る	1
狩人	1
狩猟	1
狩猟者	1
独り暮らし	1
独り立ち	1
独創力	1
独占	1
独占販売権	1
独特	1
独立記念日	1
独裁的	1
独逸	1
狭かったです	1
狭く	1
狭過ぎる	1
猊下	1
猛り	1
猛暑	1
猟	1
猪突猛進	1
猫アレルギー	1
猫派	1
猫舌	1
猶	1
猿公	1
獲りました	1
玄人	1
玄関マット	1
率直で	1
玉子	1
玉座	1
王さま	1
王位継承者	1
王侯貴族	1
王家	1
王手	1
王族	1
王蟲	1
王陛下	1
珈琲	1
珍しく	1
現	1
現された	1
現す	1
現れ	1
現れないだろう	1
現れました	1
現れませんでした	1
現わる	1
現代人	1
現代的	1
現代社会	1
現代絵画	1
現代美術	1
現代音楽	1
現像	1
現在完了	1
現在形	1
現段階	1
現行	1
球体	1
理	1
理不尽だ	1
理容師	1
理想的で	1
理論的	1
理論的背景	1
琴	1
琵琶湖	1
瑕疵	1
瑞西	1
環	1
瓜	1
瓜田	1
瓦礫	1
甘いです	1
甘えた	1
甘かった	1
甘く	1
甘くて	1
甘さ	1
甘み	1
甘やかされすぎて	1
甘やかされた	1
甘やかす	1
甘んじて	1
甘んじる	1
甘味料	1
甚大	1
生々しい	1
生えてる	1
生えない	1
生え抜き	1
生かした	1
生きてた	1
生きてて	1
生きてろ	1
生きない	1
生きなけれ	1
生きねば	1
生きられそうだ	1
生きられないだろう	1
生きられないでしょう	1
生きるべきだ	1
生き埋め	1
生き残り	1
生き残るべきだ	1
生き残れないだろう	1
生き生き	1
生き証人	1
生き返った	1
生き返るでしょう	1
生け捕り	1
生じそうだ	1
生じて	1
生じない	1
生まれたかった	1
生まれ変わったら	1
生まれ故郷	1
生み	1
生み出す	1
生むだろう	1
生やして	1
生れた	1
生中継	1
生協	1
生命体	1
生命保険	1
生命反応	1
生姜	1
生徒会	1
生得的	1
生態系	1
生憎	1
生成	1
生来	1
生活水準	1
生活難	1
生物分類学	1
生物学	1
生物工学	1
生物種	1
生産手段	1
生産技術	1
生産物	1
生産過剰	1
生肉	1
生育	1
生計費	1
生野菜	1
産	1
産まれる	1
産み	1
産みたい	1
産みます	1
産児制限	1
産屋	1
産業人	1
用いた	1
用立てて	1
用途	1
田園	1
田園生活	1
田舎暮らし	1
田舎生活	1
由紀子	1
由香	1
甲斐	1
甲斐性	1
甲板	1
甲殻	1
申しあげて	1
申し上げ	1
申し上げた	1
申し上げる	1
申し分ない	1
申し分なく	1
申し立てて	1
申し訳ない	1
申し訳ないです	1
申し込まれる	1
申し込む	1
申し込むべきだ	1
申し込んだ	1
申し込んで	1
申請書	1
申込用紙	1
男らしい	1
男らしさ	1
男子生徒Ａ	1
男心	1
男装	1
町民	1
町角	1
画	1
画した	1
画集	1
界隈	1
畑違い	1
留まってる	1
留め	1
留めた	1
留めない	1
留学生	1
留守だ	1
留守だろう	1
留守でした	1
留守電	1
留美子	1
畜牛	1
略	1
略さず	1
略して	1
略奪	1
略字	1
番狂わせ	1
番茶	1
異	1
異な	1
異なって	1
異常に	1
異常低温	1
異常気象	1
異性	1
異文化交流	1
異母兄弟	1
異父兄弟	1
異状	1
異状事態	1
異色	1
畳んだ	1
疎い	1
疑いません	1
疑い無い	1
疑わない	1
疑われた	1
疑心暗鬼	1
疑惑	1
疲れきって	1
疲れやすい	1
疲れ果て	1
疵	1
病み上がり	1
病室	1
病後	1
病死	1
病気です	1
病気らしい	1
病気見舞い	1
痒く	1
痛がって	1
痛そうだ	1
痛っ	1
痛めない	1
痛める	1
痛んだ	1
痛んで	1
痛感	1
痛撃	1
痞	1
痩せてた	1
痩せてる	1
痩せれる	1
痺れ	1
痺れた	1
瘴気	1
癇	1
癒し	1
癪	1
発し	1
発する	1
発った	1
発売中	1
発射台	1
発射速度	1
発射音	1
発情	1
発明品	1
発明家	1
発明王	1
発注	1
発熱	1
発狂	1
発疹	1
発砲	1
発砲音	1
発祥	1
発行部数	1
発覚	1
発車時刻	1
発進	1
発電所	1
発音記号	1
登らない	1
登り	1
登りました	1
登るべきじゃない	1
登れ	1
登れない	1
登れる	1
登山家	1
登山者	1
登校前	1
登校途中	1
登記	1
白いです	1
白かった	1
白だ	1
白ぶどう酒	1
白シャツ	1
白ペンキ	1
白兎	1
白妙	1
白川夜船	1
白日	1
白栲	1
白河夜船	1
白波	1
白秋	1
白肉	1
白血病	1
白髪まじり	1
白鳥	1
白黒	1
白黒ぶち	1
百フィート	1
百万ドル	1
百万部	1
百万長者	1
百五十名	1
百人	1
百倍	1
百円	1
百合	1
百歩	1
百歳	1
百獣	1
百聞	1
的はずれだ	1
的はずれだった	1
的中	1
的確だ	1
皆殺し	1
皆無	1
皆無事だった	1
皇居	1
皮一重	1
皮膚	1
皮製	1
皸	1
皹	1
皺	1
盆	1
盆栽	1
益	1
益体	1
盗まない	1
盗まなかった	1
盗まれ	1
盗まれて	1
盗みたく	1
盗み出そう	1
盗み見てる	1
盗め	1
盗品	1
盗泉	1
盗賊	1
盗難	1
盗難届	1
盗難車	1
盛りつけ	1
盛り返して	1
盛んで	1
盛況	1
監禁	1
目ざとい	1
目ざとく	1
目だし帽	1
目の前	1
目まい	1
目当て	1
目指す	1
目指せ	1
目次	1
目立って	1
目糞鼻糞	1
目薬	1
目覚ましい	1
目覚まし時計	1
目覚めさせた	1
目覚めさせよう	1
目覚めた	1
目覚めて	1
目隠し	1
目頭	1
目黒	1
盲人	1
盲目	1
盲目的	1
盲腸	1
直	1
直ぐ	1
直させよう	1
直さなけれ	1
直しなさい	1
直しましょう	1
直す	1
直せ	1
直に	1
直らない	1
直らなけれ	1
直接的	1
直線	1
直角	1
直訳	1
直輸入	1
相	1
相いれない	1
相いれなかった	1
相乗り	1
相争った	1
相互	1
相互理解	1
相互的	1
相反	1
相容れない	1
相対性理論	1
相対速度	1
相応しくない	1
相思相愛	1
相性	1
相性テスト	1
相手チーム	1
相次いで	1
相照らす	1
相碁井目	1
相続人	1
相部屋	1
盾	1
省けます	1
省内	1
省略	1
眉根	1
眉間	1
看て	1
看守	1
真っすぐ	1
真っ先	1
真っ只中	1
真っ暗で	1
真っ白い	1
真っ直ぐ	1
真っ青です	1
真っ黒	1
真っ黒クロスケ	1
真上	1
真剣で	1
真夏日	1
真意	1
真理	1
真由美	1
真空管	1
真綿	1
真顔	1
眠いらしい	1
眠くて	1
眠くない	1
眠くなっちゃう	1
眠そうだった	1
眠たいです	1
眠たく	1
眠たそう	1
眠ってる	1
眠らなきゃ	1
眠らなくちゃ	1
眠りました	1
眠り込んだ	1
眠り込んで	1
眠るべきで	1
眠れた	1
眠れねえ	1
眠れました	1
眠れませんでした	1
眠れる	1
眠れん	1
眠気	1
眦	1
眺められる	1
眼前	1
眼差し	1
眼窩	1
着々と	1
着いちまった	1
着かない	1
着かなかった	1
着き	1
着きたい	1
着きません	1
着けた	1
着けて	1
着けなかった	1
着けなかっただろう	1
着ける	1
着せました	1
着せられた	1
着せる	1
着なかった	1
着なくて	1
着の身着のまま	1
着よう	1
着られる	1
着ろ	1
着信音	1
着地	1
着実	1
着想	1
着替えしなくちゃ	1
着替えて	1
着替えなけれ	1
着替えなさい	1
着替える	1
着物姿	1
着飾って	1
睡眠時無呼吸症候群	1
睡眠時間	1
睡眠薬	1
睾丸ガン	1
瞑った	1
瞑想	1
瞬いた	1
瞼	1
矛盾	1
矢じり	1
矢先	1
矢印	1
矢面	1
知	1
知っってる	1
知ってた	1
知ってたら	1
知ってるだろ	1
知ってるでしょう	1
知ってんの	1
知っとる	1
知つてる	1
知らせなくて	1
知らせなさい	1
知らせろ	1
知らないで	1
知らなかったらしい	1
知らなくて	1
知らなけれ	1
知られる	1
知らんふり	1
知りたがった	1
知りたくて	1
知りたけれ	1
知り合いだ	1
知り合え	1
知り合って	1
知り尽くしてる	1
知るだろう	1
知るべき	1
知るべきだ	1
知れ	1
知れたら	1
知事	1
知覚	1
知識集約産業	1
知里	1
短いです	1
短パン	1
短気だ	1
短編小説	1
短編小説作家	1
短足	1
矯正	1
矯正中	1
石垣	1
石造	1
石達	1
石頭シートウ	1
砂ぼこり	1
砂上	1
砂利道	1
砂時計	1
砂糖づけ	1
砂糖抜き	1
研修生	1
研究範囲	1
砕けた	1
砕けて	1
砕けろ	1
破いた	1
破られた	1
破り	1
破れ	1
破れた	1
破壊力	1
破損	1
破棄	1
破竹	1
破綻	1
破邪顕正	1
硫酸	1
硫黄	1
硬い	1
硬く	1
硬直	1
碇	1
確かです	1
確かめたかった	1
確かめられた	1
確かめるべきだ	1
確保	1
確固	1
確実	1
確実です	1
確実に	1
確率	1
磁気	1
磔はりつけ	1
磨かないで	1
磨かなくて	1
磨き	1
磨きなさい	1
磨くべきだ	1
磨くべきです	1
磨り減って	1
礎	1
示さない	1
示された	1
示します	1
礼儀正しくない	1
礼節	1
社交	1
社会不安	1
社会学	1
社会学的	1
社会的	1
社会的不安	1
社会的問題	1
社会福祉	1
社会言語学	1
社則	1
社長補佐	1
祈りしてる	1
祈りします	1
祈る	1
祈れ	1
祐子	1
祖国愛	1
祖父似	1
祝い	1
祝う	1
祝うべきだ	1
祝して	1
祝った	1
祝って	1
祝宴	1
祝日	1
祝賀会	1
神格化	1
神業	1
神父	1
神経科医	1
神経質で	1
神経質の	1
神経過敏で	1
神話	1
祭り客Ａ	1
祭り客Ｂ	1
祭典	1
祭壇	1
祭気分	1
禁じて	1
禁ずる	1
禁欲生活	1
禁酒	1
禁酒運動	1
禅	1
福岡	1
福田派	1
秀才	1
私服	1
私服警官	1
私生児	1
私立	1
科学的	1
秒読み	1
秘密主義	1
秘密会議	1
秘密基地	1
秘密警察	1
秤	1
秩序	1
称えられた	1
移して	1
移すべきだ	1
移せる	1
移り	1
移り住む	1
移民	1
稀ガス	1
程遠かった	1
税制	1
税制法案	1
税収入	1
税控除	1
税込み	1
税金上	1
種の起源	1
種子	1
稲妻	1
稲穂	1
稼ぎたい	1
稼ぎます	1
稼げたら	1
稽古	1
穀類	1
積まれて	1
積み	1
積み込んだ	1
積もった	1
積もってる	1
積もれ	1
積んでる	1
積極的	1
積雪	1
穏やかだ	1
穏健	1
穴埋め	1
空いてた	1
空かせた	1
空き	1
空きました	1
空き地	1
空き家	1
空き缶	1
空く	1
空けた	1
空ける	1
空っぽで	1
空っぽです	1
空っぽの	1
空前	1
空即是色	1
空威張り	1
空所	1
空模様	1
空欄	1
空気感染	1
空港バス	1
空腹だった	1
空虚	1
空論	1
空費	1
空賊連合	1
空路	1
空飛ぶ	1
突いて	1
突きつけられた	1
突き出し	1
突き出して	1
突き刺さって	1
突き落とされた	1
突く	1
突っ殺す	1
突っ込む	1
突入口	1
突拍子	1
突破	1
窃盗団	1
窃盗犯	1
窒素	1
窓側	1
窓越し	1
窮	1
窮地	1
窮鼠	1
立たされ	1
立たされたら	1
立たせた	1
立ちそうだ	1
立ちます	1
立ち上がる	1
立ち上がれ	1
立ち上げよう	1
立ち入って	1
立ち入り禁止	1
立ち入る	1
立ち去りなさい	1
立ち去る	1
立ち去れ	1
立ち向かう	1
立ち寄りいただき	1
立ち寄ります	1
立ち帰る	1
立ち往生	1
立ち消えた	1
立ち直れないだろう	1
立ち見席	1
立ち話	1
立ち込めて	1
立ったら	1
立つだろう	1
立つでしょう	1
立てかけなさい	1
立ててる	1
立てるだろう	1
立て続け	1
立候補者	1
立入禁止	1
立案	1
立派でした	1
立秋	1
立腹	1
立証	1
竜の巣	1
竜也	1
竜巻	1
竜馬	1
童心	1
竪琴	1
競い	1
競った	1
競争相手	1
競争紙	1
競技会	1
競技場	1
競走	1
竹	1
竹刀	1
笑いかけた	1
笑いすぎ	1
笑いたい	1
笑いたき	1
笑いはじめた	1
笑いました	1
笑い事	1
笑い方	1
笑い死ぬ	1
笑い飛ばした	1
笑え	1
笑えない	1
笑かされた	1
笑ってろ	1
笑わせた	1
笑わせて	1
笑わせる	1
笑わなくて	1
笑われて	1
笑われました	1
笑われるだろう	1
第10章	1
第14章	1
第72章	1
第一ラウンド	1
第一四半期	1
第一歩	1
第一段階	1
第三大隊	1
第二外国語	1
第二次	1
第二次世界対戦	1
第二次大戦	1
筆	1
筆致	1
筆跡学者	1
等しかった	1
等しく	1
筋トレ	1
筋力	1
筋合い	1
答えず	1
答えたでしょう	1
答えなけれ	1
答えにくい	1
答えます	1
答えませんでした	1
答えられない	1
答え難い	1
策動	1
策略	1
箒	1
算数	1
管	1
管制塔	1
管弦楽団	1
管理職	1
箱詰め	1
節	1
節々	1
節制	1
節度	1
節水	1
節穴	1
築いた	1
築き	1
築けた	1
築こう	1
簡単じゃない	1
簡単そうだった	1
簡単でしょ	1
簡明	1
簡潔で	1
簡約版	1
簿記	1
籠	1
籠める	1
米作	1
米価	1
米国人	1
粗い	1
粗品	1
粗末で	1
粘り	1
粟	1
精力的	1
精密検査	1
精巧	1
精液	1
精神分析医	1
精神医学的	1
精神年齢	1
精神状態	1
精神発達	1
精神関連	1
精神障害	1
精神面	1
精算	1
精製	1
精髄	1
糖分	1
糖尿病	1
糖菓	1
糞ったれ	1
糞野郎	1
糠	1
系	1
系図	1
系統発生	1
糾弾	1
紀元前	1
約65人	1
約72人	1
約78人	1
約79人	1
約7人	1
紅の豚	1
紅一点	1
紅潮	1
紆余曲折	1
納めどき	1
納め時	1
納れず	1
納屋	1
純子	1
純真	1
純真げ	1
純粋	1
紙一重	1
紙巻タバコ	1
紙用クリップ	1
紙飛行機	1
紛らした	1
紛らわす	1
紛れて	1
素っ気なく	1
素っ裸	1
素より	1
素手	1
素数	1
素敵でしょう	1
素敵です	1
素晴らしいです	1
素材	1
素直で	1
素通り	1
細々と	1
細いです	1
細か	1
細かった	1
細く	1
細やか	1
細切り	1
細胞	1
細菌感染	1
終え	1
終えず	1
終えたかった	1
終えられて	1
終った	1
終わっちゃった	1
終わら	1
終わらせなきゃ	1
終わらせなけれ	1
終わらないだろう	1
終わりたい	1
終わり際	1
終わるだろう	1
終わるでしょう	1
終わろう	1
終始	1
終戦	1
終止符	1
終演	1
終点	1
終身刑	1
終電車	1
組み合って	1
組み合わせられません	1
組み立てて	1
組み込まれた	1
組み込まれて	1
経ちます	1
経った	1
経営側	1
経営学	1
経営手腕	1
経済力	1
経済情勢	1
経済成長	1
経済病	1
経済的だ	1
経済観念	1
経済面	1
経由地	1
経験豊か	1
経験豊富	1
結ばれた	1
結ばれて	1
結ばれる	1
結びついた	1
結び付けなさい	1
結び目	1
結べます	1
結べる	1
結んで	1
結合	1
結婚前	1
結婚指輪	1
結婚相手	1
結婚記念日	1
結婚証明書	1
結婚資金	1
結末	1
結構だ	1
結界	1
結社	1
結跏趺坐	1
結集	1
絞った	1
絞める	1
絞られた	1
絞られる	1
絞る	1
絞首刑	1
給料日	1
給油	1
絨毯	1
統一	1
統一法王	1
統合	1
統合軍	1
統計	1
統計学	1
統計的	1
統轄	1
絵ハガキ	1
絵具	1
絵本	1
絵筆	1
絶	1
絶えた	1
絶え間	1
絶え間ない	1
絶品	1
絶品だ	1
絶大なる	1
絶対だ	1
絶許	1
絹糸	1
絹製	1
継ぎ目	1
継承者	1
継続	1
続いてて	1
続いてる	1
続かなかった	1
続きます	1
続け	1
続けざま	1
続けたい	1
続けたいだろ	1
続けたかった	1
続けてる	1
続けてるだろ	1
続け下さい	1
続編	1
続行	1
綢繆未雨	1
維持費	1
綯う	1
綱	1
網棚	1
綴り字	1
綾	1
綿	1
綿パン	1
綿毛	1
緊密	1
総出	1
総費用	1
緑チーム	1
緑礬油	1
緒方	1
締まって	1
締まり屋	1
締めた	1
締めなくて	1
締め上げた	1
締め方	1
締切り	1
締結	1
編みます	1
編み物	1
編み込み	1
編んで	1
編集者	1
緩む	1
緩めた	1
緩めて	1
緩和	1
練習問題	1
縁石	1
縁組	1
縄張り	1
縄跳び	1
縛った	1
縛られた	1
縛る	1
縛れ	1
縦	1
縫い	1
縫い物	1
縫えないんだろ	1
縫った	1
縫って	1
縮んじゃった	1
縮んだ	1
縮刷版	1
縮小	1
繁み	1
繁殖	1
繁華街	1
繊細だ	1
繊維	1
繊維産業	1
繊維質	1
繋がって	1
繕う	1
繕った	1
繰り返されない	1
繰り返される	1
繰り返しました	1
缶	1
罅	1
罔し	1
罪人	1
罪滅ぼし	1
置かない	1
置かれた	1
置き	1
置き忘れました	1
署	1
署長	1
罵って	1
罹った	1
美しいです	1
美しき	1
美しくて	1
美しくなかっ	1
美しくなかったら	1
美事です	1
美人だ	1
美人だった	1
美人だったらしい	1
美人で	1
美味い	1
美味しかったです	1
美味しそう	1
美味しそうだった	1
美声	1
美女	1
美容師	1
美徳	1
美智子	1
美術学校	1
美観	1
群	1
群がって	1
羨ましく	1
羨望	1
義	1
義男	1
羽振り	1
羽織ります	1
翌朝	1
習います	1
習うだろう	1
習え	1
習わなきゃ	1
習熟	1
翻弄	1
翻訳機能	1
翻訳者	1
老いた	1
老け	1
老けてる	1
老け込んだ	1
老人ホーム	1
老医師	1
老夫婦	1
老技師	1
老朽化	1
老衰	1
考えさす	1
考えすぎじゃない	1
考えたら	1
考えです	1
考えときましょう	1
考えなきゃ	1
考えなくて	1
考えね	1
考えます	1
考えません	1
考えられた	1
考えられるべき	1
考えるべきです	1
考え下さい	1
考え事	1
考え過ぎてる	1
耐えきれなかった	1
耐え得る	1
耐火住宅	1
耕さなけれ	1
耕した	1
耳あか	1
耳元	1
耳打ち	1
耳掃除	1
耳目	1
耳障りだ	1
聖人	1
聖域	1
聖女	1
聖母	1
聖父	1
聞	1
聞いたでしょ	1
聞えなかった	1
聞かされて	1
聞かされる	1
聞かせください	1
聞かなくて	1
聞かなけれ	1
聞かれない	1
聞かれました	1
聞きください	1
聞きして	1
聞きましょう	1
聞きません	1
聞き下さい	1
聞き入れよう	1
聞き出した	1
聞き耳	1
聞き込み	1
聞き逃した	1
聞くべきでした	1
聞くまい	1
聞ける	1
聞こえとる	1
聞こえました	1
聞こえません	1
聞こえるだろ	1
聞こゆ	1
聡明	1
聡明です	1
聴き	1
聴きたい	1
聴きます	1
聴ける	1
聴こう	1
職務執行	1
職務質問	1
職員Ａ	1
職探し	1
聾唖者	1
聾者	1
肉太	1
肉料理	1
肉眼	1
肉食	1
肉食動物	1
肌着	1
肌身離さず	1
肘	1
肝心	1
肝胆	1
肝臓	1
肝試し	1
肢体	1
肥えた	1
肥えて	1
肥ゆる	1
肩幅	1
肩掛け	1
肩書き	1
肩身	1
肩車	1
肩透かし	1
育ちました	1
育つべきだ	1
育てる	1
肺結核	1
胃ガン	1
胃痛	1
胃癌	1
胃薬	1
胃袋	1
背いた	1
背いて	1
背水	1
背水之陣	1
背泳ぎ	1
胎動	1
胡坐	1
胡桃	1
胡椒	1
胸やけ	1
胸キュン	1
胸三寸	1
胸先三寸	1
胸熱	1
能書き	1
能率的	1
能鷹隠爪	1
脂肪	1
脅かす	1
脅迫写真	1
脇目	1
脇見運転	1
脈拍	1
脚光	1
脚本	1
脚本家	1
脚注	1
脚色	1
脱	1
脱いだら	1
脱ぎます	1
脱ぎ捨て	1
脱ぐ	1
脱した	1
脱力感	1
脱帽	1
脱水症状	1
脱獄囚	1
脱色	1
脱走犯人	1
脱走者	1
脱退	1
脳みそ	1
脳卒中	1
脳外科医	1
脳挫傷	1
腎	1
腐った	1
腐ったりんご	1
腐らせ	1
腐らせる	1
腐りきって	1
腐りやすい	1
腐食	1
腑	1
腕じゅう	1
腕押し	1
腕白小僧	1
腕相撲	1
腕組み	1
腫れ物	1
腰かけて	1
腰かけました	1
腰抜け	1
腰掛けました	1
腸	1
腸チフス	1
腹ばい	1
腹ぺこ	1
腹ペコ	1
腹ペコだった	1
腹痛	1
腹黒い	1
膨らます	1
膨らむ	1
膨れる	1
膾炙	1
臆測	1
臆病で	1
臓器	1
臣民	1
臨んで	1
臨時雇い	1
臨渇掘井	1
臨終	1
自信過剰	1
自信過剰だ	1
自傷行為	1
自分の	1
自分本位	1
自制心	1
自前	1
自動	1
自動的	1
自動販売機	1
自動車メーカー	1
自動車産業	1
自叙伝	1
自家用車	1
自己	1
自己中心的で	1
自己保存	1
自己愛	1
自己批判	1
自己犠牲	1
自愛	1
自暴自棄	1
自然で	1
自然環境	1
自然界	1
自然食品	1
自由主義者	1
自由国家群	1
自由奔放	1
自由社会	1
自由自在だ	1
自立	1
自虐的	1
自虐的だ	1
自覚	1
自説	1
自販機	1
自賛	1
自転車通学	1
自閉症	1
自首	1
臭う	1
臭ぇ	1
至った	1
至って	1
至ら	1
至らなかった	1
至らぬ	1
至れり尽くせりだった	1
至福	1
致しまして	1
致命傷	1
致命的	1
致命的で	1
舅	1
舌戦	1
舎監	1
舐めた	1
舐めちゃう	1
舗装	1
舛添氏	1
舞	1
舞い上がった	1
航海中	1
航空ショー	1
航空便	1
航空券	1
航空専門家	1
航空料金	1
航路	1
船上	1
船便	1
船出	1
船員数	1
船客	1
船室	1
船底	1
船漕いでる	1
船祭り	1
船酔い	1
船頭	1
良いでしょう	1
良くありません	1
良くないです	1
良くなった	1
良さそうだった	1
良好です	1
良子	1
良薬	1
良識	1
良貨	1
色づいて	1
色別	1
色白だ	1
色盲	1
色違い	1
色鉛筆	1
芋虫	1
芍薬	1
芭蕉	1
花々	1
花婿	1
花嫁姿	1
花束	1
花環	1
花粉アレルギー	1
芸	1
芸人	1
芸能界	1
芸術上	1
芸術学校	1
芸術畑	1
苔むさず	1
苗	1
苛々	1
苛まれて	1
若いやつ	1
若ぇ	1
若かりし	1
若くて	1
若けれ	1
若し	1
若すぎない	1
若干名	1
若木	1
若畑家	1
若葉	1
若返った	1
苦し	1
苦しめた	1
苦しめよう	1
苦すぎる	1
苦境	1
苦学	1
苦肉の策	1
英単語	1
英和辞典	1
英文学	1
英文法	1
英語弁論大会	1
英語教師	1
英語教育	1
英語部	1
茂み	1
茂りやすい	1
茂る	1
茜	1
茶色い	1
茶色で	1
茶道	1
茶飯事	1
茶飲み	1
草分け	1
草地	1
草稿	1
草臥れ儲け	1
草草	1
荒っぽくて	1
荒らした	1
荒らしとったん	1
荒れそうだ	1
荒れ地	1
荒れ果てて	1
荒れ狂う	1
荒廃	1
荒玉	1
荒療治	1
荷解き	1
荷造り	1
菊仙チューシェン	1
菌	1
菓子	1
菓子作り	1
菓子類	1
菜園	1
菩提樹	1
華	1
華氏	1
華麗	1
落されました	1
落ち	1
落ちず	1
落ちちゃう	1
落ちつき	1
落ちてる	1
落ちました	1
落ち合おう	1
落ち合った	1
落ち度	1
落ち着かせよう	1
落ち着かない	1
落ち着かなかった	1
落ち葉	1
落ち込み	1
落っこちちゃった	1
落とさないで	1
落とし物	1
落とせ	1
落下	1
落成式	1
落選	1
葉っぱ	1
著しい	1
著作	1
著名	1
葡萄ゼリー	1
葡萄酒	1
葬らなけれ	1
葱	1
蒙った	1
蒲焼き	1
蒸し暑くて	1
蒸し返す	1
蒸気機関車	1
蒸留酒	1
蓄えて	1
蓄えなさい	1
蓄膿症	1
蓼	1
蔡将軍	1
蔵	1
蔵王	1
蔽う	1
薄々	1
薄すぎて	1
薄で	1
薄れて	1
薄明かり	1
薄暗い	1
薄暗くて	1
薄暮れ	1
薄給	1
薄過ぎて	1
薪割り	1
薪小屋	1
薫	1
薬剤師	1
薬品	1
薬物	1
薬物乱用	1
薬物使用	1
薬缶	1
藤村	1
藪蛇	1
蘇って	1
虐殺	1
虚々実々	1
虚仮	1
虚勢	1
虚栄心	1
虚言癖	1
虜	1
蚊帳	1
蚕	1
蚤の市	1
蛇口	1
蛍光ペン	1
蛍光灯	1
蛙鳴蟬噪	1
蛸	1
蛾	1
蜃気楼	1
蜥蜴	1
蝋燭	1
蝕む	1
蝦	1
蝶衣	1
蝿	1
融通	1
蟹	1
蠅取り紙	1
血中酸素濃度	1
血尿	1
血迷う	1
行います	1
行え	1
行える	1
行か	1
行かず	1
行かせない	1
行かせます	1
行かないだろう	1
行かなければ	1
行かね	1
行かねば	1
行かれて	1
行きずり	1
行きたく	1
行きたくて	1
行きたくなくて	1
行きたけれ	1
行きたまえ	1
行きつけ	1
行きつもどりつ	1
行きましょ	1
行きやがれ	1
行き付け	1
行き届いた	1
行き届いて	1
行き当たった	1
行き当たりばったり	1
行き損ねた	1
行き来	1
行き止まり	1
行き詰まった	1
行くだろう	1
行くべきだった	1
行く末	1
行けて	1
行けば	1
行けません	1
行けるだろう	1
行こ	1
行っ	1
行っちゃ	1
行っちゃう	1
行ってきた	1
行っといで	1
行なった	1
行わせる	1
行われないでしょう	1
行われません	1
行われるだろう	1
行動家	1
行商人	1
行方不明の	1
行木	1
行水	1
行間	1
街並み	1
街中	1
街路	1
衛兵	1
衛生学	1
衛生検査官	1
衝動買い	1
衣	1
衣料	1
衣料品店	1
衣料品業界	1
衣錦	1
表した	1
表したい	1
表します	1
表わし	1
表わして	1
表わせない	1
表沙汰	1
表現力豊かだ	1
表面上	1
表面的	1
衰える	1
衰微	1
袂	1
袈裟	1
被った	1
被ってた	1
被る	1
被るべきで	1
被害状況	1
被害額	1
裁縫	1
裂ける	1
装った	1
裏切ったり	1
裏切られた	1
裏切り	1
裏口	1
裏町	1
裏目	1
裏道	1
裏面工作	1
裕美	1
補った	1
補充	1
補助ロケット	1
補填	1
補足	1
裸だ	1
裸だった	1
製	1
製粉場	1
製鉄工場	1
複製品	1
複雑じゃなく	1
複雑だ	1
複雑です	1
複雑炭水化物	1
褒め	1
褒めちぎった	1
褒められて	1
褒美	1
褒賞	1
襟	1
襟首	1
襲い	1
襲いかかった	1
襲う	1
襲おう	1
襲ったり	1
襲われて	1
襲われます	1
西ドイツ	1
西日	1
西日本	1
西洋	1
西洋文化	1
西洋文明	1
西洋薬	1
西洋諸国	1
西海岸	1
西瓜	1
西部	1
要せず	1
要るんだ	1
要因	1
要塞都市	1
要求通り	1
要素	1
覆い	1
覆水	1
覆面	1
覇王	1
見いだした	1
見えてる	1
見えなくなったら	1
見えなけれ	1
見えるでしょう	1
見え見え	1
見え透いた	1
見かけて	1
見かけませんでした	1
見くびる	1
見ず知らず	1
見せいたしましょう	1
見せください	1
見せしよう	1
見せたかった	1
見せない	1
見せなかった	1
見せびらかす	1
見せまい	1
見せろ	1
見せ方	1
見そこなった	1
見たがってる	1
見たく	1
見ただろ	1
見たでしょう	1
見たまえ	1
見たり	1
見ちゃった	1
見つかります	1
見つかれ	1
見つけたい	1
見つけたら	1
見つけなかった	1
見つけなくちゃ	1
見つけなけれ	1
見つけなければ	1
見つけやすい	1
見つけよう	1
見つけられた	1
見つけられて	1
見つけられる	1
見つけるだろう	1
見つけれ	1
見つけろ	1
見つけ出した	1
見つめてる	1
見つめました	1
見てるだろ	1
見といて	1
見ときなさい	1
見とれた	1
見ないで	1
見なされて	1
見られず	1
見られない	1
見るだろう	1
見るべき	1
見るべきです	1
見上げて	1
見上げる	1
見下し	1
見下して	1
見世物	1
見事だった	1
見付かりました	1
見出し	1
見出した	1
見出し語	1
見分けなけれ	1
見分けられない	1
見分けられるでしょう	1
見切り売り	1
見合った	1
見合わせました	1
見回して	1
見守った	1
見守る	1
見守るだろう	1
見守れる	1
見張って	1
見張り	1
見張れ	1
見当たらなかった	1
見当違い	1
見所	1
見抜かれる	1
見捨てるべきで	1
見掛けた	1
見方	1
見本請求	1
見栄	1
見栄え	1
見極める	1
見渡した	1
見渡す	1
見渡せます	1
見直した	1
見直して	1
見破った	1
見積もられて	1
見積もり	1
見積り	1
見習うべき	1
見舞った	1
見落として	1
見込まれて	1
見込んで	1
見返した	1
見送りました	1
見過ごす	1
見間違えた	1
規則正しい	1
規則的	1
規則通り	1
規則違反	1
規定	1
規模	1
視察	1
視聴	1
視聴者	1
視覚効果	1
覗いた	1
覚えてるでしょ	1
覚えときなさい	1
覚えとらん	1
覚えない	1
覚えなく	1
覚えなけれ	1
覚えなさい	1
覚えにくい	1
覚えました	1
覚えよう	1
覚えられる	1
覚まされた	1
覚まして	1
覚まします	1
覚ますだろう	1
覚めたら	1
覚めたりする	1
親しい	1
親しみ	1
親しみやすい	1
親不孝者	1
親切そうだ	1
親切でした	1
親和性	1
親子	1
親密	1
親密です	1
親密度	1
親方	1
親知らず	1
観	1
観て	1
観ない	1
観ました	1
観る	1
観れ	1
観光スポット	1
観光名所	1
観光旅行	1
観光案内書	1
観光者	1
観劇中	1
観念	1
観念的だ	1
観月会	1
観衆	1
観覧車	1
観音力	1
角笛城	1
解かる	1
解きたい	1
解きなさい	1
解きました	1
解きやすかった	1
解けました	1
解けます	1
解った	1
解ってる	1
解剖	1
解明	1
解決可能だろ	1
解決方法	1
解消	1
解読	1
触ったら	1
触っちゃ	1
触らぬ	1
触られる	1
触れたない	1
触れなかった	1
言	1
言いがかり	1
言いそう	1
言いたいです	1
言いたがる	1
言いたまえ	1
言いつけた	1
言いつけられた	1
言いにくい	1
言いやがる	1
言い争い	1
言い争った	1
言い値	1
言い寄る	1
言い張った	1
言い張って	1
言い張る	1
言い残した	1
言い聞かせよう	1
言い表す	1
言い逃れよう	1
言い間違えた	1
言うじゃない	1
言うべきだ	1
言うべきだろう	1
言えず	1
言えて	1
言えッ	1
言っちゃ	1
言ってた	1
言ってるじゃない	1
言ってるだろう	1
言ってるでしょ	1
言っといて	1
言っとくれ	1
言っとん	1
言わ	1
言わさず	1
言わないだろう	1
言わなくて	1
言わなけれ	1
言われ	1
言われぬ	1
言われました	1
言動	1
言明	1
言葉づかい	1
言語学習	1
言語習得	1
言論	1
訃報	1
計らいます	1
計器	1
計算ミス	1
計算機	1
計量	1
訊かれるでしょう	1
訊こう	1
討った	1
討つ	1
討つだろう	1
訓練キャンプ	1
託した	1
記入方法	1
記念式典	1
記述	1
記録面	1
訪ねたら	1
訪ねなさい	1
訪ねるべき	1
訪ねるべきです	1
訪れない	1
訪れられます	1
訪れるだろう	1
訪問客	1
訪問者	1
設定料金	1
許されなかった	1
許しなさい	1
許しません	1
許せ	1
許せば	1
訳さない	1
訳されて	1
訳文	1
訴えたく	1
訴えたら	1
診察券	1
診察台	1
証左	1
証拠不十分	1
詐欺っぽい	1
詐欺メール	1
詐欺結婚	1
評決	1
評論	1
試された	1
試しください	1
試したい	1
試しに	1
試します	1
試みる	1
試写会	1
試合前	1
試用版	1
試着室	1
試運転	1
試食	1
試験期日	1
試験準備	1
試験答案	1
詫びします	1
詰めなけれ	1
詰め込み	1
詰め込んだ	1
詰んだ	1
話さなきゃ	1
話さなくて	1
話しいただけます	1
話しかけない	1
話しかけやすい	1
話しかけられ	1
話しかける	1
話しして	1
話したかった	1
話したくない	1
話したり	1
話しはじめた	1
話しません	1
話しやすい	1
話し合って	1
話し声	1
話し好きだ	1
話し掛けなけれ	1
話し掛けました	1
話し掛ける	1
話すだろう	1
話せた	1
話せたら	1
話せて	1
話せなかった	1
話せれれ	1
話中	1
話術	1
該当	1
詳しいだろ	1
詳しいです	1
誇らしさ	1
誇張	1
誇示	1
誉めず	1
認め	1
認めさせた	1
認めざる	1
認めたい	1
認めなかった	1
認められます	1
認可	1
認知症	1
誓い	1
誓います	1
誓える	1
誓わなけれ	1
誓約書	1
誕生パーティー	1
誕生会	1
誕生日会	1
誘いたい	1
誘う	1
誘おう	1
誘ってる	1
誘わなくちゃ	1
誘われた	1
語られて	1
語られる	1
語りえない	1
語り草	1
語学習得	1
語源	1
語順	1
誠	1
誠実だ	1
誠実で	1
誤った	1
誤る	1
誤字脱字	1
誤差	1
説きさ	1
説き伏せて	1
説き及んだ	1
読まなけれ	1
読まれない	1
読みあげた	1
読みかけて	1
読みかた	1
読みきる	1
読みたかった	1
読みとらなきゃ	1
読みとられて	1
読みやすかった	1
読み終えた	1
読み終わったら	1
読み込み	1
読むべきだ	1
読むべきだった	1
読めん	1
読んだから	1
読んだら	1
読んでて	1
読書クラブ	1
読書会	1
読書好き	1
読書家	1
読書感想文	1
読破	1
読者	1
課せられて	1
課長	1
調べたら	1
調べてた	1
調べなくて	1
調べられた	1
調べるべきだ	1
調合	1
調子よく	1
調子外れ	1
調教師	1
調整不備	1
調査中	1
調査委員会	1
調理中	1
調理場	1
調節レバー	1
談話	1
請いました	1
請け負った	1
請負業者	1
請願	1
論	1
論じあう	1
論じた	1
論じられて	1
論法	1
論理	1
論議	1
諦めないで	1
諦めぬ	1
諦めました	1
諦める	1
諸事実	1
諸刃	1
諸問題	1
諸行無常	1
諺	1
謙虚	1
謙虚だ	1
謙虚で	1
講じなけれ	1
講ずるべきです	1
講師	1
講座	1
謝ってる	1
謝らなきゃ	1
謝らなく	1
謝り	1
謝りました	1
謝ります	1
謝るべきじゃない	1
謝るべきです	1
謝絶	1
謝辞	1
識る	1
警句	1
警告音	1
警察当局	1
警戒心	1
議事進行	1
議席	1
議案	1
譲らなけれ	1
譲り	1
譲りください	1
譲るべきだ	1
護衛	1
讃美歌	1
谷中	1
豆	1
豈	1
豊かで	1
豊かな	1
豊富で	1
豊富です	1
豚肉	1
豚野郎	1
象形文字	1
豪儀だ	1
豪華船	1
豪邸	1
豺狼道	1
貝がら	1
負うた	1
負えないです	1
負えなく	1
負けず	1
負けず劣らず	1
負けず嫌い	1
負けたくない	1
負けなかった	1
負けまい	1
負けました	1
負けられる	1
負け犬	1
負って	1
負わされた	1
負わせた	1
負わなくて	1
負傷者	1
負荷	1
財	1
財力	1
財宝	1
財政援助	1
財政状態	1
財政的	1
財政赤字	1
貧乏だった	1
貧乏でした	1
貧乏人	1
貧乏教師	1
貧民	1
貨物	1
貨物輸送	1
貨車	1
販促活動	1
販売予定	1
販売価格	1
販売機	1
販売車	1
貫く	1
貫禄	1
責められる	1
責めれ	1
貯えた	1
貯めたかった	1
貯める	1
貯金箱	1
貰える	1
貴ガス	1
貴君	1
貴族	1
貴男	1
貴金属	1
買いたけれ	1
買いなさい	1
買い出し	1
買い取った	1
買い替えた	1
買い物客	1
買い被る	1
買うべき	1
買うべきだ	1
買うよう	1
買え	1
買ったそう	1
買ったんだろう	1
買っとかない	1
買わされた	1
買われた	1
買物	1
貸さない	1
貸し	1
貸しした	1
貸しなさい	1
貸しました	1
貸し部屋	1
貸し間	1
貸せ	1
貸そう	1
貸付金	1
貸金業	1
費やして	1
費やそう	1
貼った	1
貼る	1
貿易上	1
貿易摩擦	1
貿易業	1
賃上げ	1
賃料	1
賃貸	1
資料	1
資本参加	1
資本集約産業	1
資産家	1
資質	1
資金援助	1
賛否両論	1
賛成でしょ	1
賛成投票	1
賛辞	1
賞与	1
賞品	1
賢かった	1
賢さ	1
賢明です	1
賢者	1
賣うりだ	1
賭けて	1
賭け事	1
賭け金	1
賭す	1
賭事	1
購入代金	1
購読予約	1
賽	1
贅沢だ	1
贅沢三昧	1
贈って	1
贈りたい	1
贈ろう	1
贈呈	1
贈物	1
贈賄	1
赤かった	1
赤くて	1
赤くない	1
赤くなった	1
赤けりゃ	1
赤だ	1
赤です	1
赤ぶどう酒	1
赤らんだ	1
赤インク	1
赤丸	1
赤井	1
赤信号	1
赤子	1
赤川太郎	1
赤松	1
赤点回避	1
赤縄	1
赤貧戸口	1
赤身	1
走らせた	1
走らせて	1
走らない	1
走らないで	1
走らなくて	1
走り去った	1
走り続ける	1
走り読み	1
走り高跳び	1
走れない	1
走れなかった	1
走ろう	1
走行マイル	1
起きそう	1
起きたら	1
起きちゃう	1
起きてた	1
起きない	1
起きなかったら	1
起きよう	1
起きられる	1
起きろ	1
起き上がる	1
起こさせた	1
起こさせる	1
起こさない	1
起こされた	1
起こし	1
起こしました	1
起こりそう	1
起こりました	1
起こりやすい	1
起こるでしょう	1
起源	1
起爆装置	1
起訴	1
超えた	1
超える	1
超常現象	1
超然	1
超能力	1
超自然的	1
超越	1
超過	1
超高層ビル	1
超高速	1
越えさせまい	1
越えなけれ	1
越しました	1
越権行為	1
趣旨	1
趨勢	1
足がかり	1
足もと	1
足りず	1
足りそうです	1
足りた	1
足りてる	1
足りまい	1
足りる	1
足並み	1
足代	1
足回り	1
足引き	1
足手まとい	1
足早	1
足蹴	1
足高家	1
跡地	1
跡形	1
路上生活	1
路地	1
路線図	1
路線地図	1
路面	1
路面電車	1
跳ね	1
跳び越す	1
跳ぶ	1
跳べる	1
跳んで	1
踊らない	1
踊りだした	1
踊りました	1
踊りません	1
踊り場	1
踊り子	1
踊ろう	1
踏まれた	1
踏みしめる	1
踏みにじった	1
踏みにじられて	1
踏みました	1
踏み倒して	1
踏み入った	1
踏み台	1
踏み消した	1
踏み荒した	1
踏んじゃった	1
踏んだり	1
踏んでる	1
踏ん張った	1
蹴ったり	1
蹴って	1
蹴り	1
蹴る	1
蹴落として	1
蹴飛ばし	1
躊躇	1
躍る	1
身じろぎ	1
身なり	1
身ぶり	1
身ぶるい	1
身代金	1
身体的	1
身体障害者	1
身内	1
身分	1
身分相応	1
身分証明証	1
身勝手	1
身命	1
身投げ	1
身辺	1
身重	1
車イス	1
車両	1
車室	1
車掌	1
軍事上	1
軍事独裁政権	1
軍事的	1
軍事訓練	1
軍師	1
軍病院	1
軍職	1
軍艦	1
軍部	1
軒先	1
軟弱で	1
転々	1
転がして	1
転がす	1
転がって	1
転がり込んだ	1
転がる	1
転ばない	1
転び	1
転ぶ	1
転んじゃう	1
転んでも	1
転倒	1
転向	1
転地療養	1
転居	1
転校生	1
転石	1
転移	1
転覆	1
転載	1
転部	1
軽いです	1
軽はずみだった	1
軽んじた	1
軽井沢	1
軽挙妄動	1
軽減	1
軽率だった	1
軽裘肥馬	1
軽食	1
載せて	1
載せろ	1
載った	1
載ってた	1
載る	1
輝いた	1
輝いてて	1
輝かしい	1
輝かせ	1
輝き	1
輝くだろう	1
輪ゴム	1
輪郭	1
輸入品市場	1
輸入禁止	1
輸出品	1
輸出国	1
輸出業	1
輸血	1
轍	1
轟く	1
轢かれる	1
辛くて	1
辛くない	1
辛抱強かった	1
辛抱強くある	1
辛過ぎる	1
辞	1
辞めたい	1
辞めたく	1
辞めない	1
辞めます	1
辞意	1
辱	1
農作物	1
農場主	1
農業生産高	1
農業関連産業	1
農民	1
込み入った	1
込む	1
込めた	1
込めて	1
込めとく	1
辿り	1
辿る	1
迎えたい	1
迎えて	1
迎えられます	1
近くて	1
近すぎる	1
近づきやすい	1
近づけなさい	1
近づける	1
近づけろ	1
近付いた	1
近付き	1
近付く	1
近付けなかった	1
近付ける	1
近代化	1
近代文学	1
近代的だ	1
近代音楽	1
近寄っちゃ	1
近寄らず	1
近寄る	1
近接レーダー	1
近縁で	1
近著	1
近藤	1
近視	1
近隣諸国	1
返さなくちゃ	1
返さねば	1
返しください	1
返しなさい	1
返せません	1
返らず	1
返却日	1
返報	1
返済	1
返礼	1
返答	1
迫ってた	1
迫られた	1
迫られて	1
迫害	1
迫害者	1
述べさせて	1
述べなかった	1
述べます	1
迷い	1
迷い込んで	1
迷っちゃった	1
迷ってる	1
迷わせて	1
迷惑だ	1
迷惑メール	1
迷惑メールフォルダ	1
迹	1
追いかけ	1
追いかけました	1
追いかけられる	1
追いつくであろう	1
追いつけなかった	1
追いつめられた	1
追いました	1
追いやられた	1
追い出される	1
追い出せ	1
追い剥ぎ	1
追い払った	1
追い払わなけれ	1
追い払われた	1
追い詰めた	1
追い越された	1
追い込んだ	1
追ってた	1
追ってる	1
追われた	1
追われて	1
追われとる	1
追加料金	1
追及	1
追試	1
追試験	1
追跡隊	1
退く	1
退けた	1
退会	1
退学処分	1
退屈そう	1
退屈そうだ	1
退屈でした	1
退屈です	1
退席	1
退社	1
送ってる	1
送っといて	1
送らなきゃ	1
送りください	1
送りします	1
送りたかった	1
送り込め	1
送り返した	1
逃げたら	1
逃げなさい	1
逃げました	1
逃げられる	1
逃げ出した	1
逃げ出して	1
逃げ腰	1
逃げ込んだ	1
逃して	1
逃す	1
逃れた	1
逃れられたら	1
逃亡者	1
逃走	1
逆だ	1
逆に	1
逆上	1
逆上がり	1
逆強姦	1
逆行	1
逆襲	1
逆転	1
透明	1
透明人間	1
逐次反応	1
途上国	1
途方もない	1
途絶えた	1
途轍	1
通	1
通さない	1
通さなけれ	1
通されました	1
通したい	1
通しだった	1
通じ	1
通じさせ	1
通じる	1
通ず	1
通ずる	1
通らない	1
通らなかったです	1
通りがかり	1
通りすぎた	1
通り抜けて	1
通るだろう	1
通るべきだ	1
通れません	1
通わせる	1
通わなきゃ	1
通んない	1
通信システム	1
通信回路	1
通信教育	1
通信簿	1
通信衛星	1
通勤ラッシュ	1
通商	1
通学	1
通学服	1
通常	1
通用	1
通知票	1
通知表	1
通称	1
通話	1
通読	1
通貨	1
速かったろう	1
速やかに	1
速報	1
速攻	1
速記	1
速達	1
造られました	1
造られる	1
造りゃ	1
造反有理	1
造詣	1
造詣深い	1
連休	1
連絡先	1
連邦軍	1
連隊	1
逮捕状	1
週一	1
週一回	1
週刊誌	1
進まない	1
進まなかった	1
進まなけれ	1
進まん	1
進みそうだ	1
進み具合	1
進もう	1
進出	1
進化	1
進展	1
進歩的だ	1
進軍	1
逸	1
逸早く	1
逸話	1
逼迫	1
遂	1
遂げた	1
遂げるでしょう	1
遂に	1
遂行	1
遅	1
遅いでしょ	1
遅し	1
遅すぎた	1
遅すぎる	1
遅らせて	1
遅れてる	1
遅れないで	1
遅刻癖	1
遊ばなけれ	1
遊びたい	1
遊びだす	1
遊びました	1
遊びます	1
遊んじゃ	1
遊園地	1
遊泳禁止	1
遊覧飛行	1
運ばせた	1
運ばせて	1
運ばせました	1
運ばなけれ	1
運ばれて	1
運ばれました	1
運ばれる	1
運びましょう	1
運び込まれた	1
運べ	1
運べなかった	1
運べる	1
運よく	1
運動前	1
運動場	1
運動禁止法	1
運河	1
運良く	1
運行	1
運賃	1
運転免許	1
運転士	1
運転方法	1
運転者	1
過ぎだ	1
過ぎてる	1
過ぎなかった	1
過ぎません	1
過ぎれ	1
過ぎん	1
過ぎ去った	1
過ぎ去って	1
過ごさなけれ	1
過ごしください	1
過ごしたい	1
過ごしたいです	1
過ごしてる	1
過ごせ	1
過ごそう	1
過保護で	1
過激派	1
過熱	1
過熱兆候	1
過言	1
過酷だった	1
過食	1
遏悪揚善	1
道しるべ	1
道ならし	1
道なり	1
道化師	1
道徳上	1
道徳力	1
道端	1
道筋	1
道縁	1
道草	1
道行く	1
道路修理	1
道路地図	1
道路工事	1
達して	1
達しなかった	1
達筆だ	1
達者	1
違いすぎて	1
違うじゃないです	1
違法行為	1
遠かった	1
遠からず	1
遠すぎる	1
遠のき	1
遠のく	1
遠出	1
遠山	1
遠征	1
遠慮無く	1
遠洋航海	1
遠火	1
遠距離恋愛	1
遣り	1
遥か	1
適さなかった	1
適した	1
適ってる	1
適切だ	1
適合	1
適当すぎる	1
適性	1
適材	1
適量	1
遭いました	1
遭う	1
遭難	1
遮った	1
遮って	1
遮られて	1
遷す	1
選ばず	1
選ばなくて	1
選ばれました	1
選ばれるだろう	1
選び	1
選ぶべき	1
選ぶべきだ	1
選べ	1
選べる	1
選り分ける	1
選んだら	1
選任	1
選別	1
選手権	1
選挙公約	1
選挙権	1
遺伝	1
遺失物取扱所	1
遺憾だった	1
遺灰	1
遺言書	1
避けてる	1
避けられなかった	1
避けるべきだ	1
避妊	1
避妊具	1
避妊法	1
避難場	1
避難民	1
還したまえ	1
還元	1
邦画	1
邪魔者	1
邸宅	1
郡	1
部	1
部外者	1
部屋中	1
部屋探し	1
部屋番号	1
部屋着	1
部門	1
郵便ポスト	1
郵便切手	1
郵便局長	1
郵便屋	1
郵便料金	1
郵便番号	1
郵便配達人	1
郵政省	1
郵送料	1
郷愁	1
都市人口	1
都市伝説	1
都市国家	1
都市生活	1
都道府県	1
鄭衛桑間	1
配って	1
配りなさい	1
配るべきだ	1
配偶者	1
配備	1
配剤	1
配役	1
配慮	1
酒屋	1
酒臭い	1
酔いつぶれて	1
酔った	1
酔っぱらい	1
酔っぱらって	1
酔っぱらってた	1
酔っ払う	1
酢	1
酷寒	1
酸っぱく	1
酸性土	1
酸性雨	1
醜悪	1
釈迦	1
里	1
重いです	1
重いん	1
重かった	1
重く	1
重そうです	1
重たい	1
重たすぎる	1
重なって	1
重なる	1
重ねた	1
重ねたいです	1
重み	1
重傷だった	1
重力	1
重力波	1
重圧	1
重大さ	1
重大で	1
重大です	1
重宝	1
重役会	1
重病だ	1
重石	1
重荷	1
重要さ	1
重要視	1
野うさぎ	1
野ウサギ	1
野ブドウ	1
野党	1
野外スポーツ	1
野外パーティー	1
野宿	1
野放し	1
野望	1
野犬	1
野球人	1
野球場	1
野球帽	1
野球試合	1
野生的で	1
野菜スープ	1
野菜栽培	1
野鳥	1
野鳥観察	1
量る	1
金儲け	1
金具	1
金城湯池	1
金床	1
金持ちです	1
金持ちなら	1
金星	1
金晃丸	1
金次第	1
金沢	1
金目当て	1
金色	1
金銭登録機	1
金銭的問題	1
釘付け	1
釘拾い	1
釜	1
釜中	1
針千本	1
釣	1
釣った	1
釣りバカ	1
釣り人	1
釣れなかった	1
釣鐘	1
鈍った	1
鈍感で	1
鈴	1
鉄棒	1
鉄槌	1
鉄片	1
鉄砲	1
鉄道オタク	1
鉄道料金	1
鉄道施設	1
鉄道網	1
鉛	1
鉱山会社	1
鉱物	1
鉱産物	1
銀河	1
銀行員	1
銀行振込	1
銀行詐欺	1
銀行預金	1
銀貨	1
銀髪	1
銅	1
銅像	1
銘ずる	1
銘記	1
鋭くない	1
鋭敏	1
鋳型	1
鋳造	1
鋼	1
錆	1
錆だらけ	1
錆びついて	1
錆びて	1
錆びない	1
錐	1
錠剤	1
錦	1
錬り	1
錯乱	1
鍋物	1
鍛える	1
鍛冶屋	1
鍛練	1
鍛錬	1
鍵束	1
鎌倉	1
鎧	1
鎧袖一触	1
鎬	1
鎮火	1
鎮痛剤	1
鎹	1
鏡花水月	1
鑑定	1
鑑定人	1
鑑賞	1
長	1
長々と	1
長かった	1
長からん	1
長くない	1
長すぎて	1
長すぎる	1
長官	1
長寿	1
長島	1
長崎	1
長患い	1
長旅	1
長期	1
長期予報	1
長期保存	1
長男	1
長話	1
長談義	1
長距離	1
長過ぎる	1
長靴	1
門前雀羅	1
門弟	1
閉じ	1
閉じこもった	1
閉じたい	1
閉じといて	1
閉じられた	1
閉じられました	1
閉じろ	1
閉じ込められる	1
閉めたいです	1
閉めました	1
閉めましょう	1
閉められた	1
閉められて	1
閉める	1
閉口	1
閉山	1
閉月羞花	1
閉経	1
開いてた	1
開いてる	1
開かない	1
開かなかったでしょ	1
開かれます	1
開かれるでしょう	1
開きたい	1
開き始める	1
開けたい	1
開けたり	1
開けっ放し	1
開けなけれ	1
開けましょう	1
開けられないじゃない	1
開けられなかった	1
開けられます	1
開けるべき	1
開けれない	1
開け方	1
開会式	1
開始時間	1
開封後	1
開廷	1
開拓	1
開拓民	1
開拓者	1
開放	1
開港	1
開演	1
開花	1
開通	1
開音節言語	1
開館	1
閑職	1
間に合いました	1
間に合うだろう	1
間に合わせた	1
間に合わなかった	1
間一髪	1
間抜けすぎる	1
間抜けで	1
間接税	1
間違い電話	1
間違え	1
間違えちゃった	1
間違えてる	1
間違えました	1
間違ってた	1
間違わない	1
間隙	1
関わって	1
関係者	1
関心事	1
関東地方	1
関根麻里	1
関節	1
関連性	1
閣僚	1
闇夜	1
闘い	1
闘った	1
闘わねばならなかった	1
防いだ	1
防いで	1
防ぐだろう	1
防具	1
防弾ガラス	1
防御	1
防止対策	1
防水	1
防災無線	1
防疫態勢	1
防臭トラップ	1
防衛問題	1
防衛本能	1
防衛計画	1
阻止	1
阿吽	1
阿毘羅吽欠	1
阿爺	1
阿轆轆地	1
降ってます	1
降らないで	1
降らなかった	1
降らなくて	1
降らなけれ	1
降りかかったら	1
降りそう	1
降りたい	1
降りない	1
降りなきゃ	1
降りなさい	1
降り口	1
降り始めた	1
降り注いで	1
降り続いた	1
降るでしょう	1
降ろう	1
降ろせ	1
降下地域	1
降伏条件	1
降水量	1
降車	1
降雪量	1
限られた	1
限りなく	1
限りません	1
限度	1
限界操業	1
院内感染	1
陣形	1
陣痛中	1
除去	1
除雪	1
陥った	1
陪審員	1
陰性だった	1
陰気	1
陰気だった	1
陰険そう	1
陰陽師	1
陳列	1
陳列台	1
陳情	1
陸上競技会	1
陸軍	1
陸軍士官	1
陸軍大将	1
険悪	1
陽	1
陽射し	1
陽気で	1
隊	1
階級性	1
随時	1
随筆	1
隔たって	1
隙	1
隙間	1
際だって	1
際どい	1
際どかった	1
際立って	1
際限	1
障害物	1
隠さず	1
隠してるでしょ	1
隠し事	1
隠し立て	1
隠せ	1
隠れ	1
隠れたら	1
隠れました	1
隠れろ	1
隠れ場所	1
隠れ家	1
隣接	1
隻	1
雁首	1
雄弁で	1
雄牛	1
雅び	1
集まって	1
集め	1
集めなけれ	1
集めろ	1
集中力	1
集合住宅	1
集配	1
雇えます	1
雇われて	1
雇われてる	1
雇われました	1
雌犬	1
雌鶏	1
雑多	1
雑魚	1
雛	1
離さなかった	1
離す	1
離せない	1
離せなかった	1
離れ	1
離れない	1
離れなけれ	1
離れなさい	1
離れられない	1
離着水	1
離脱	1
離陸寸前	1
難	1
難しくなった	1
難しすぎます	1
難しそう	1
難し過ぎて	1
難局	1
難行苦行	1
難解だ	1
難関	1
雨天	1
雨季	1
雨宿り	1
雨戸	1
雨水	1
雨男	1
雨雲	1
雨風	1
雪下ろし	1
雪合戦	1
雪崩	1
雪折れ	1
雪深い	1
雪玉	1
雪解け	1
雲泥	1
雲行き	1
雲間	1
零下	1
零度	1
零時	1
電力	1
電子レンジ	1
電子工学	1
電気ヒーター	1
電気工学	1
電気技師	1
電気料金	1
電池切れ	1
電話中	1
電話会社	1
電話案内	1
電話機	1
電話網	1
震えさせて	1
震えてる	1
震え上がった	1
震わせた	1
震わせて	1
霊	1
霊安室	1
霊感	1
霊長類	1
霧笛	1
青いです	1
青くて	1
青さ	1
青だ	1
青森	1
青白い	1
青白く	1
青筋	1
青菜	1
青銅	1
静かすぎる	1
静かです	1
静けさ	1
静まった	1
静まりかえって	1
静まれ	1
静岡	1
静穏	1
非ず	1
非公開	1
非合法	1
非売品	1
非常識だ	1
非常階段	1
非現実的	1
面してる	1
面会時間	1
面倒だ	1
面倒でしょ	1
面倒です	1
面白いだろ	1
面白かったです	1
面白がった	1
面白くありません	1
面白そうだった	1
面白み	1
面白れえだろ	1
面白半分	1
革製品	1
靴ひも	1
靴ベラ	1
靴屋	1
鞍	1
鞭打ち	1
韓国人	1
韜み	1
韜む	1
音声ファイル	1
音楽クラブ	1
音楽コンクール	1
音楽会	1
音楽熱	1
音痴	1
音符	1
音読	1
音韻論	1
響いた	1
頂きました	1
頂きます	1
頂戴	1
項目	1
順回路	1
順序	1
順番待ちリスト	1
順調です	1
順風	1
預かった	1
預かっとれ	1
預からせて	1
預かりします	1
預けてる	1
預けれ	1
預言者	1
預金	1
頑丈だ	1
頑丈で	1
頑張り	1
頑張りなさい	1
頑張るべきだった	1
領事館	1
領土	1
頬っ辺	1
頭痛い	1
頭脳明晰だ	1
頻度	1
頼みたい	1
頼み事	1
頼めない	1
頼もう	1
頼りない	1
頼れ	1
題名	1
額縁	1
顔立ち	1
顔見知り	1
顔面蒼白	1
顕微鏡	1
顕著	1
願えます	1
願えません	1
類人猿	1
類義語	1
顰めた	1
顰める	1
顰蹙	1
風前	1
風呂屋	1
風呂掃除	1
風土	1
風声鶴唳	1
風情	1
風景写真	1
風格	1
風邪ぎみ	1
風雨	1
風雲急	1
飛ばし	1
飛ばして	1
飛びおきた	1
飛びかかった	1
飛びかかって	1
飛びついて	1
飛びぬけて	1
飛びます	1
飛び乗って	1
飛び去る	1
飛び回って	1
飛び散って	1
飛び立つ	1
飛び跳ねた	1
飛び跳ねて	1
飛び降りる	1
飛ぶだろ	1
飛べたら	1
飛んでる	1
飛球上	1
飛行士	1
飛行時間	1
飛行機代	1
飛行機旅行	1
飛行船	1
飛行艇	1
食いたい	1
食いつぶして	1
食い止められた	1
食うべからず	1
食え	1
食おう	1
食っちゃった	1
食ってる	1
食べさせたい	1
食べさせて	1
食べさせよう	1
食べさせられた	1
食べすぎ	1
食べすぎない	1
食べず	1
食べたぁ	1
食べたいでしょ	1
食べたかった	1
食べたら	1
食べたり	1
食べちゃお	1
食べちゃおう	1
食べちゃったんだ	1
食べっぷり	1
食べないで	1
食べなけれ	1
食べません	1
食べよっと	1
食べられちゃった	1
食べられます	1
食べられません	1
食べれない	1
食べろ	1
食べ下さい	1
食べ損ねた	1
食べ過ぎ	1
食べ過ぎた	1
食べ過ぎちゃった	1
食べ過ぎない	1
食らえ	1
食らわせた	1
食わす	1
食われた	1
食事付	1
食事代	1
食券	1
食品アレルギー	1
食品会社	1
食器洗い当番	1
食器類	1
食指	1
食料倉庫	1
食料品代	1
食料生産	1
食洗機	1
食物アレルギー	1
食物繊維	1
食用	1
食費	1
飢え	1
飢えたる	1
飢え死にする	1
飲ます	1
飲まず	1
飲ませた	1
飲ませて	1
飲ませない	1
飲まれた	1
飲みきって	1
飲みすぎだ	1
飲みすぎる	1
飲みたいです	1
飲みたくて	1
飲みたくなる	1
飲みにくい	1
飲みました	1
飲みましょう	1
飲みもの	1
飲み干しちゃった	1
飲み歩いて	1
飲み込んじゃった	1
飲み込んで	1
飲むべきだ	1
飲めます	1
飲もう	1
飲んじゃう	1
飲んじゃった	1
飲んじゃって	1
飲んだら	1
飲んだり	1
飲料水	1
飲用水	1
飲食	1
飴玉	1
飼う	1
飼おう	1
飼ってた	1
飼わせて	1
飽きっぽい	1
飽きて	1
飽きる	1
飽き飽き	1
飾られて	1
飾り	1
飾りました	1
餅	1
養われる	1
養子	1
養蜂家	1
養豚	1
餌あげた	1
餌食	1
餓死	1
首位	1
首尾よく	1
首尾一貫	1
首席	1
首筋	1
首脳会談	1
香	1
香ばしさ	1
香港人	1
馬子	1
馬用	1
馬耳東風	1
馬車	1
馬鹿げた	1
馬鹿げてる	1
馬鹿らしい	1
馬鹿らしく	1
馬鹿者	1
馬鹿野郎	1
馬鹿馬鹿	1
馴らされて	1
馴染み	1
馴染めなかった	1
馴染んだ	1
駄目で	1
駆けずり回った	1
駆けっこ	1
駆け上がった	1
駆け出した	1
駆け抜けた	1
駆け足	1
駆け込んだ	1
駆け込んで	1
駆使	1
駆使能力	1
駆逐	1
駐車違反	1
駒	1
駟馬	1
騎乗	1
騒々しい	1
騒々しさ	1
騒いだら	1
騒いで	1
騒がしかった	1
騒がせた	1
騒がない	1
騒ぎおって	1
騙そう	1
驚いちゃった	1
驚かされる	1
驚かせたい	1
驚かない	1
驚かなかった	1
驚きます	1
驚異的	1
骨折って	1
骨折り	1
骨折り損	1
骨折箇所	1
骨抜き	1
骨格	1
骨組み	1
骨董屋	1
髄	1
高いでしょう	1
高くありません	1
高くなかっ	1
高くなかったら	1
高し	1
高すぎでしょ	1
高そうだ	1
高まりつつある	1
高み	1
高めた	1
高めて	1
高カロリー	1
高価すぎて	1
高価だ	1
高倉	1
高利	1
高台	1
高官	1
高層ビル	1
高山	1
高所恐怖症	1
高揚	1
高望み	1
高木	1
高木･司	1
高松	1
高波	1
高湿度	1
高生加	1
高節	1
高級	1
高級ホテル	1
高級住宅地	1
高級品	1
高給	1
高給者	1
高貴	1
高跳び	1
高配当だ	1
高金利	1
高関税	1
高音	1
高額の	1
高鳴って	1
高齢	1
高齢化	1
髪形	1
鬩ぐ	1
鬱	1
鬱陶しい	1
魂胆	1
魅惑的	1
魔女狩り	1
魔王	1
魔除け	1
魘された	1
魚つり	1
魚交じり	1
魚屋	1
魚市場	1
魚心	1
魚類	1
魚類学者	1
鮮やかで	1
鮮明	1
鯖	1
鯛交じり	1
鯰	1
鰐	1
鰥寡孤独	1
鰹節	1
鱈場蟹	1
鳥小屋	1
鳥居	1
鳥肉	1
鳩	1
鳴かぬ	1
鳴ったら	1
鳴ってた	1
鳶	1
鴉巣生鳳	1
鴉雀無声	1
鶏口牛後	1
鶏群	1
鶏舎	1
鶏鳴狗盗	1
鶴九皐	1
鷲	1
麓	1
麗らか	1
麝香	1
麦	1
麦先生	1
麦藁帽子	1
麻痺状態	1
麻薬依存症	1
麻里子	1
麻雀牌	1
黄	1
黄土色	1
黄昏	1
黄色	1
黄色いです	1
黄身	1
黒き	1
黒くありません	1
黒くて	1
黒っぽい	1
黒字	1
黒幕	1
黒服	1
黒海	1
黒肉	1
黒髪	1
黙ってた	1
黙っといて	1
黙想	1
鼈	1
鼓動	1
鼯鼠	1
鼻声	1
鼻歌	1
！”	1
！！	1
＆	1
１枚	1
３日	1
３晩	1
ＡＳＥＡＮ	1
ＣＤプレイヤー	1
ＣＭ	1
ＤＮＡ	1
Ｄｏｎ’ｔ	1
Ｅメール	1
ＦＡＸ	1
ＦＥＮ	1
Ｇ	1
ＧＮＰ	1
Ｉ	1
ＩＢＭ	1
ＩＱテスト	1
Ｊドッグ	1
Ｋ	1
ＫＲＳ	1
Ｎ	1
ＮＨＫ	1
ＮＹ	1
Ｏ	1
ＯＮＥ	1
Ｐ・Ｔ・バーナム	1
ＰＣＨ	1
ＰＫＯ	1
ＳＦ	1
ＳＴＥＰ	1
Ｔ	1
ＵＮ	1
ＵＳＡ	1
ＷＨＯ	1
Ｘ	1
ＸＹＺオイル	1
Ｙ	1
ｂｫ	1
ｉｔ	1
ｍｉｓｓ	1
ｔｏ	1
ｘ線写真	1
～～～～	1
､	1
･･･	1
