?	50052
.	23929
!	21517
,	12470
이	11668
는	8583
에	8582
을	8276
가	8068
를	7438
은	6548
거	5790
야	4825
도	3163
왜	3065
안	2984
그	2843
에서	2700
의	2700
나	2612
내	2478
뭐	2291
어디	1887
수	1874
약	1873
(	1830
)	1830
우리	1821
일한다	1772
설립	1764
이야	1729
말	1727
어떻게	1715
무슨	1694
있어	1655
네	1617
좀	1546
너	1538
것	1463
로	1463
당신	1404
일	1318
여기	1307
으로	1284
사람	1248
톰	1222
다	1212
교수	1145
내가	1127
해	1119
인용했다	1039
저	1015
한	981
지	978
난	975
예요	967
뭘	966
한테	947
게	923
더	908
방문했다	897
누구	879
못	866
서	855
요	842
그럼	837
잘	821
죠	790
있어요	784
와	770
날	759
지금	750
정말	749
에게	741
할	705
누가	704
그래	698
돼	693
만	684
집	681
넌	678
줄	670
이다	664
있는	654
이제	645
이에요	623
엄마	594
건	591
과	572
걸	568
까지	566
알아	561
그런	554
또	552
돈	546
그렇게	536
없어	533
랑	527
제	526
서울	512
오늘	506
그게	502
입니다	501
라고	497
얼마나	497
대학교	495
이름	492
이런	489
뉴욕 타임스	487
에펠탑	484
마	482
하는	481
해리 포터	479
만리장성	478
때	477
국제 연합	474
몇	473
어떤	468
언제	466
이게	461
적	459
어서	458
이거	457
있다	457
봐	456
적십자	455
여자	452
빨리	451
그녀	441
씨	434
이지	430
놈	427
거기	419
자네	414
아빠	407
인가	407
진짜	402
시간	400
차	397
하나	396
하고	395
다시	394
도윤	388
서연	385
하은	382
생각	381
같은	380
모두	380
있지	377
다른	375
어때	374
같이	372
그들	372
이렇게	370
있나	369
친구	369
민준	368
그냥	366
전	365
지훈	365
보다	364
아직	363
인	361
사람들	359
아	353
짓	352
여신상	351
너무	347
소리	343
해요	342
하지만	340
얘기	338
자	337
아니야	334
그리고	324
손	316
대체	314
우린	310
이건	307
자유의	306
돼요	305
아버지	305
이나	302
번	297
그래서	296
같아	293
처럼	292
중	291
이라고	289
하다	287
있나요	286
알고	283
했어	282
그건	281
건가	279
널	279
문	278
문제	277
뭐라고	277
좋아	277
좋은	277
개	276
둘	275
아무	275
이죠	275
하지	273
그거	269
아니	265
애	265
두	262
인가요	262
냐	259
그걸	255
그만	254
경찰	249
곳	248
많이	247
본	247
눈	246
라도	246
자기	246
물	243
아니면	243
보고	242
저기	241
계속	240
않아	240
인데	240
-	239
모든	238
너희	235
잠깐	231
마음	228
당장	225
갈	224
부터	224
머리	221
온	221
다들	219
아냐	219
근데	218
가는	217
없어요	215
남자	214
제발	214
아이	206
총	206
싶어	205
니	204
메리	204
새끼	204
분	202
줘	202
살	201
/	200
혹시	200
그것	199
지우	199
무엇	198
혼자	198
가요	197
알아요	197
알지	197
주세요	197
놈들	196
어	196
이것	195
밤	194
아들	191
있습니다	191
때문에	190
전화	190
봤어	189
…	186
방	186
얼마	186
있을	186
위해	185
길	183
있죠	182
자식	182
이봐	180
이요	180
될	179
명	179
어느	178
얼굴	178
전부	177
바로	176
이라도	176
입니까	176
가지	175
그렇지	175
된	175
들어	175
인지	175
아는	174
알았어	174
보여	173
아주	173
기분	172
배	172
있었어	172
아직도	171
왔어	169
건가요	168
몸	168
세상	168
여긴	167
뒤	166
가족	165
이유	165
말고	164
자유의 여신상	164
부인	163
도대체	162
몰라	162
이리	162
괜찮아	160
어때요	160
뭔가	159
학교	159
녀석	158
없는	157
지우은	157
영화	156
어머니	155
책	155
대해	154
박사	154
은요	154
가장	153
내일	153
해야	153
데	152
뿐	152
안녕	152
이상	152
가자	151
다음	151
없다	151
절대	151
우릴	150
될까요	149
응	146
젠장	146
밖	145
하면	145
불	144
함께	144
말해	143
사실	143
앞	143
처음	143
뜻	142
사진	142
이걸	142
있다고	141
한번	141
속	140
신	140
했지	140
건데	138
오	138
입	138
아저씨	137
옷	137
됐어	136
딸	135
했어요	134
되는	133
먼저	133
뭔	131
선생님	131
인간	130
큰	130
있니	129
가서	128
마지막	128
정신	127
방법	126
애들	126
이냐	126
가지고	125
갖고	125
남편	125
새	125
항상	125
에요	124
형	124
그래요	123
그런데	123
뭐가	123
는요	122
아침	122
상황	120
한다	120
꼭	119
생각해	119
위	119
이랑	119
의사	118
그럴	117
꿈	117
봐요	117
가게	116
기억	116
다리	116
싶어요	116
좋아요	116
필요	116
그러면	115
방금	115
바보	114
있습니까	114
정도	114
참	114
나가	113
사랑	113
왔어요	113
시	112
자리	112
준비	112
올	111
등	110
이젠	110
가야	109
거짓말	109
많은	109
맞아	109
밥	109
않아요	109
이래	109
자신	109
잘못	109
걔	108
동생	108
할까	108
겁니까	107
볼	107
꼬마	106
세	106
있을까요	106
쪽	106
술	105
간	104
그래도	104
아세요	104
이미	104
있을까	104
끝	103
라는	103
이오	103
말씀	102
어딨어	102
없이	102
피	102
힘	102
가고	101
봤어요	101
원하는	101
살아	100
어쩔	100
때문	99
어제	99
담배	98
될까	98
듣고	98
면	98
물건	98
벌써	98
사고	98
음악	98
이야기	98
잖아	98
편지	98
도움	97
법	97
씨발	97
죽은	97
가다	96
곧	96
뭔데	96
이란	96
자유	96
빌어먹을	95
알았지	95
성	94
아나	94
줄까	94
밖에	93
조금	93
괴물	92
년	92
아내	92
아니에요	92
음식	92
전쟁	92
프랑스어	92
하죠	92
누군가	91
마을	91
망할	91
잔	91
친구들	91
커피	91
필요해	91
발	90
이쪽	90
제대로	90
기다려	89
냄새	89
언니	89
여러분	89
이었어	89
저녁	89
직접	89
가방	88
갔어	88
못해	88
산	88
어딜	88
잠깐만	88
제일	88
귀	87
뭔지	87
이잖아	87
있는데	87
잡아	87
죽일	87
나쁜	86
할까요	86
너희들	85
누군지	85
조용히	85
할머니	85
맞지	84
생일	84
최고	84
감히	83
싶지	83
였어	83
상관	82
아니지	82
아이들	82
질문	82
편	82
도시	81
삶	81
싶은	81
아무것도	81
안녕하세요	81
알	81
‘	80
계획	80
만큼	80
사건	80
와서	80
게임	79
고양이	79
기회	79
꺼져	79
동안	79
마세요	79
이니	79
당신들	78
미친	78
병원	78
부모님	78
쓰고	78
하세요	78
겁니다	77
그만해	77
누	77
란	77
말라고	77
목	77
사이	77
싫어	77
않을	77
죄	77
파티	77
거의	76
더러운	76
아가씨	76
인생	76
그때	75
께	75
대	75
번째	75
않았어	75
오래	75
있는지	75
저게	75
갑자기	74
괜찮아요	74
군	74
되고	74
두고	74
드릴까요	74
이번	74
감옥	73
그놈	73
나와	73
노래	73
맛	73
멋진	73
보는	73
예	73
작은	73
쟤	73
해도	73
후	73
+	72
계세요	72
매일	72
소식	72
이든	72
죽을	72
:	71
께서	71
들었어	71
맙소사	71
먹어	71
비밀	71
선물	71
신경	71
악마	71
않나	71
저런	71
침대	71
필요한	71
합니다	71
갔어요	70
그러니까	70
되다	70
되죠	70
든	70
먹고	70
밑	70
싶다	70
양	70
엄청	70
오빠	70
오후	70
저거	70
했잖아	70
손님	69
신발	69
앉아	69
영어	69
있으면	69
죽음	69
참석자	69
화	69
걱정	68
그림	68
기사	68
목숨	68
사는	68
얘	68
언어	68
타고	68
받다	67
아까	67
좋아해	67
팀	67
관심	66
이곳	66
자전거	66
줄래	66
토끼	66
한다고	66
가면	65
그랬어	65
농담	65
대로	65
뭐하는	65
미국	65
삼촌	65
서둘러	65
서로	65
쓸	65
아기	65
열쇠	65
완전	65
좋아하는	65
같아요	64
달	64
대신	64
비켜	64
비행기	64
어이	64
없나	64
위해서	64
인사	64
있었다	64
짐	64
나이	63
땅	63
벌	63
설마	63
알겠지	63
오는	63
오다	63
위치	63
이고	63
일어나	63
존	63
주다	63
죽여	63
말하는	62
먹을	62
멍청한	62
무기	62
버스	62
보이지	62
부탁	62
셈	62
알겠어	62
없습니다	62
에선	62
이럴	62
있잖아	62
전혀	62
절	62
한국	62
가져와	61
같지	61
고	61
그쪽	61
꼴	61
바람	61
아니라	61
안돼	61
이해	61
있소	61
있었지	61
같은데	60
마녀	60
매우	60
병	60
없지	60
열어	60
일까	60
잠	60
좋다	60
했다	60
나무	59
딱	59
명령	59
뱀	59
비	59
살고	59
아래	59
아줌마	59
어찌	59
얼른	59
찾고	59
훨씬	59
간다	58
꽃	58
됐어요	58
바닥	58
세계	58
순	58
없나요	58
자넨	58
좋아해요	58
팔	58
화장실	58
늘	57
리	57
막	57
멈춰	57
보스턴	57
불러	57
샘	57
장	57
저희	57
죽었어	57
해봐	57
가슴	56
냐고	56
닥쳐	56
들려	56
바다	56
반지	56
어땠어	56
이군	56
이네	56
이면	56
죽어	56
찾을	56
첫	56
해리	56
회사	56
돼지	55
되나요	55
되지	55
만약	55
말하지	55
맞아요	55
모자	55
사과	55
숨	55
아니다	55
여보	55
왕	55
이라니	55
임무	55
있다는	55
있었어요	55
저놈	55
저리	55
정보	55
하루	55
1976년	54
갈까	54
결혼	54
그분	54
기차	54
누굴	54
대한	54
만든	54
몰라요	54
물론	54
믿어	54
아니고	54
없다고	54
이세요	54
정말로	54
하늘	54
했죠	54
그러니	53
들고	53
미안해	53
벽	53
보자	53
식	53
여행	53
완전히	53
이라는	53
이상한	53
저쪽	53
할래	53
할아버지	53
1956년	52
공격	52
교수님	52
그리	52
기	52
동물	52
들었어요	52
라면	52
말야	52
보세요	52
새로운	52
아마	52
열	52
옆	52
이러는	52
일본	52
있겠어	52
칼	52
꽤	51
놔	51
딴	51
똑바로	51
맞죠	51
배우	51
세상에	51
원래	51
중요한	51
진실	51
필요해요	51
1966년	50
가도	50
고통	50
근처	50
내려	50
대해서	50
반	50
받아	50
써	50
않는	50
알죠	50
웬	50
위한	50
인마	50
있었나	50
풀	50
했나	50
가세요	49
걸까	49
기억나	49
맘	49
목소리	49
별로	49
애인	49
요즘	49
있냐	49
줄래요	49
증거	49
하는데	49
형제	49
결국	48
고마워	48
그렇죠	48
꺼	48
나중에	48
데리고	48
마요	48
마지막으로	48
말할	48
박사님	48
봤지	48
상처	48
시작	48
아닌	48
어떤가	48
연락	48
의미	48
조심해	48
호텔	48
괜찮은	47
닉	47
상태	47
소년	47
식당	47
아닙니다	47
알았어요	47
여우	47
연기	47
와요	47
왜요	47
웬일	47
일찍	47
점	47
텐데	47
프랭크	47
갈래	46
것들	46
누나	46
느낌	46
동네	46
모르는	46
믿을	46
보지	46
순간	46
스스로	46
쓰레기	46
아님	46
얘길	46
역	46
운전	46
이라	46
있었나요	46
자주	46
하라고	46
하려고	46
’	45
가까이	45
고마워요	45
났어	45
내게	45
누군데	45
마리	45
보면	45
볼까	45
봐도	45
싫어요	45
어젯밤	45
어쩌지	45
없었어	45
왔다	45
이여	45
저건	45
주인	45
택시	45
하러	45
했는데	45
황제	45
1990년	44
2021년	44
금방	44
나라	44
나요	44
돌	44
사	44
식사	44
얘들아	44
없잖아	44
오셨어요	44
음	44
있었던	44
좋지	44
주인님	44
죽인	44
지미	44
지옥	44
춤	44
클럽	44
ㄹ	43
글	43
독일	43
라고요	43
마르첼로	43
마법	43
메시지	43
번호	43
사랑하는	43
않은	43
어쩌다	43
없을	43
우주	43
주	43
준	43
직업	43
카메라	43
컴퓨터	43
학생	43
가진	42
감사합니다	42
갔다	42
공	42
기술	42
도와줘	42
들었지	42
멀리	42
방식	42
빵	42
쓴	42
아뇨	42
아니라고	42
아니었어	42
여동생	42
여전히	42
왔나	42
일까요	42
있다면	42
있으세요	42
줘요	42
진심	42
찾았어	42
파트너	42
2011년	41
거리	41
꽉	41
독	41
라디오	41
마라	41
만난	41
말했다	41
보니	41
신문	41
싶니	41
쓰는	41
유태인	41
입고	41
장난	41
죽는	41
크게	41
하나요	41
해줘	41
1961년	40
1970년	40
1978년	40
1988년	40
건데요	40
그러는	40
기억해	40
나다	40
날씨	40
됐죠	40
떨어져	40
마실	40
많아	40
보러	40
사촌	40
숲	40
어딨지	40
없소	40
엉덩이	40
여자들	40
요리	40
움직여	40
이봐요	40
있고	40
있네	40
자꾸	40
자들	40
조	40
찾아	40
케이트	40
타	40
평화	40
폰	40
하는지	40
하니	40
1958년	39
1965년	39
1998년	39
2013년	39
9시	39
경기	39
나중	39
내다	39
드디어	39
땐	39
말한	39
뭐라	39
별	39
셋	39
숨어	39
실수	39
심장	39
아닌가요	39
앞으로	39
약속	39
없는데	39
여	39
열심히	39
옛날	39
저렇게	39
존재	39
진정해	39
치워	39
한잔	39
1960년	38
1967년	38
1992년	38
2005년	38
건지	38
걸까요	38
검	38
결과	38
내놔	38
댁	38
됐나	38
되어	38
된다고	38
들어요	38
만나요	38
만들어	38
맥주	38
모두들	38
서류	38
시계	38
시험	38
알겠어요	38
에겐	38
여자애	38
영국	38
우유	38
운동	38
진짜로	38
찾는	38
키	38
탓	38
포뇨	38
했던	38
1954년	37
1962년	37
1964년	37
1971년	37
1987년	37
1993년	37
2022년	37
같으니	37
구멍	37
그렇다면	37
끝났어	37
난리	37
네놈	37
놓고	37
들어가	37
만나	37
만드는	37
먹을래	37
무대	37
문자	37
보내	37
사랑해	37
사막	37
아닌가	37
알잖아	37
어떡해	37
엿	37
이라고요	37
이라면	37
이반	37
있던	37
저들	37
전원	37
점심	37
주는	37
쯤	37
코	37
토니	37
폴	37
형님	37
확실히	37
환자	37
1953년	36
1979년	36
1981년	36
1989년	36
2008년	36
2015년	36
2017년	36
같다	36
거래	36
걸로	36
공연	36
공주님	36
그러다	36
끌고	36
남	36
달라	36
되면	36
따라	36
런던	36
만나러	36
말했어	36
맞는	36
무릎	36
버려	36
보여요	36
봐라	36
부자	36
샀어요	36
아닐까	36
알게	36
얘기해	36
얘야	36
영웅	36
운명	36
으	36
이래요	36
주제	36
트럭	36
평생	36
표정	36
1969년	35
2004년	35
2006년	35
2014년	35
2019년	35
2023년	35
5시	35
가끔	35
가문	35
건물	35
고향	35
공부	35
그대로	35
그러고	35
니까	35
달라고	35
당연히	35
뛰어	35
만날	35
만들	35
많아요	35
모르겠어	35
뭡니까	35
보라고	35
보이는	35
빠져	35
수도	35
씩	35
아니겠지	35
아니죠	35
아파트	35
않나요	35
어쨌든	35
오면	35
오지	35
올려	35
잭	35
좋겠어	35
주디	35
죽고	35
죽였어	35
중국	35
쥐	35
지팡이	35
출신	35
했다고	35
현장	35
1957년	34
1963년	34
1974년	34
1977년	34
1985년	34
2001년	34
2010년	34
2018년	34
강	34
관계	34
귀신	34
금	34
남은	34
네가	34
대답	34
들다	34
마다	34
마리아	34
마약	34
만세	34
말아요	34
새끼들	34
않으면	34
않지	34
어딨어요	34
없고	34
여길	34
여보세요	34
오고	34
와인	34
위험한	34
잡았어요	34
주말	34
주지	34
1959년	33
1980년	33
1982년	33
1986년	33
1997년	33
2003년	33
2007년	33
2016년	33
2024년	33
규칙	33
기계	33
니가	33
돌아가	33
됐지	33
모르지	33
모습	33
모양	33
미스터	33
바지	33
보게	33
살아요	33
생각해요	33
손가락	33
안돼요	33
않고	33
않니	33
않다	33
알렉스	33
어쩌고	33
없죠	33
영원히	33
오신	33
왼쪽	33
이놈	33
있어야	33
자고	33
주면	33
지구	33
지킬	33
피해	33
하게	33
해야지	33
현실	33
형사	33
확인해	33
흑인	33
1975년	32
1983년	32
1996년	32
2000년	32
2009년	32
가라	32
간다고	32
거긴	32
거니	32
겨우	32
교회	32
기다리고	32
먹는	32
반드시	32
받을	32
볼까요	32
상상	32
선택	32
수영	32
싸울	32
아무도	32
아시죠	32
않는다	32
역시	32
였지	32
왔습니다	32
은행	32
인데요	32
일부러	32
있겠어요	32
있겠지	32
자살	32
자식아	32
재미	32
좋을	32
좋죠	32
주소	32
천	32
해서	32
1968년	31
2020년	31
2025년	31
“	31
가라고	31
가치	31
걸어	31
고기	31
괜찮니	31
구나	31
군대	31
그날	31
나치	31
니시미야	31
도망쳐	31
러시아	31
리처드	31
마치	31
말해봐	31
먹었어요	31
미래	31
변호사	31
부분	31
상대	31
상자	31
쇼	31
시체	31
어쩌면	31
언젠가	31
엔진	31
왔지	31
원해	31
이브	31
정확히	31
조차	31
주십시오	31
죽지	31
척	31
크리스	31
행동	31
희망	31
"	30
1951년	30
1952년	30
1984년	30
1999년	30
가만히	30
갔지	30
개새끼	30
둬	30
떠날	30
똥	30
마이크	30
말하면	30
며칠	30
문장	30
물어	30
뭔데요	30
미쳤어	30
보낸	30
복수	30
볼래	30
생각하는	30
소설	30
스모크	30
시작했다	30
쏴	30
아무것	30
안경	30
오른쪽	30
요괴	30
위로	30
이시죠	30
있냐고	30
작가	30
작전	30
제정신	30
조조	30
주시겠어요	30
주실래요	30
죽었다	30
책임	30
천천히	30
충분히	30
코드	30
테츠오	30
1955년	29
1994년	29
1995년	29
2012년	29
가니	29
개자식	29
겁쟁이	29
결혼식	29
구경	29
그곳	29
다섯	29
도쿄	29
돌아	29
되나	29
됩니까	29
들어와	29
들은	29
만한	29
맞았어	29
무키	29
방향	29
베를린	29
살인	29
스택	29
신호	29
싶었어	29
아름다운	29
알았죠	29
어째서	29
어쩐	29
엎드려	29
에게서	29
엔	29
여섯	29
였죠	29
예전	29
오직	29
이번엔	29
이었지	29
전투	29
주문	29
지시	29
카드	29
크리스마스	29
특별한	29
폐하	29
프로	29
한테서	29
헛소리	29
현재	29
효과	29
1973년	28
34명	28
감정	28
거짓말쟁이	28
과일	28
그걸로	28
기름	28
나왔어요	28
났어요	28
내려와	28
눈물	28
대화	28
도와줄	28
돌아올	28
된다	28
됩니다	28
똑같은	28
라일라	28
리차드	28
모를	28
믿지	28
배우고	28
벤	28
보자고	28
봤나	28
빈	28
선	28
성공	28
소용	28
수업	28
쉽게	28
싶나	28
썩	28
아파요	28
안다	28
않습니다	28
알다	28
양반	28
어때서	28
어떠세요	28
예쁜	28
오세요	28
운	28
의견	28
이러면	28
일하는	28
읽어	28
잠깐만요	28
조건	28
좋았어	28
죽이려고	28
창녀	28
최근	28
파리	28
표	28
하겠어	28
하든	28
했나요	28
행운	28
1950년	27
1991년	27
82명	27
87명	27
갖다	27
걸었어요	27
국가	27
권리	27
끝난	27
내버려	27
뉴욕	27
도와	27
두려움	27
들	27
들려요	27
라	27
마법사	27
먹었어	27
뭣	27
별일	27
보이죠	27
사회	27
상	27
소니	27
속도	27
쓰다	27
쓰지	27
아키라	27
않았어요	27
어떡해요	27
없네	27
없었다	27
여러	27
온다	27
원하지	27
원해요	27
위하여	27
유령	27
이길	27
이니까	27
이시다	27
있었죠	27
자네들	27
장소	27
절대로	27
제임스	27
좋아한다	27
지난	27
지내	27
지도	27
지역	27
진	27
창문	27
총통	27
하려는	27
한마디	27
할지	27
했는지	27
홉스	27
환영합니다	27
77명	26
가만	26
가자고	26
가져왔어	26
가짜	26
걸고	26
결정	26
계약	26
고장	26
그랬지	26
그러지	26
그저	26
글쎄	26
나리	26
드세요	26
듣다	26
따라와	26
로마	26
마이클	26
목적	26
뭐든	26
믿는	26
믿어요	26
보여줘	26
보이나	26
빛	26
사업	26
새로	26
생각하세요	26
생명	26
소원	26
신부님	26
아닙니까	26
아버님	26
아십니까	26
안다고	26
않겠어	26
않을까	26
애비	26
영혼	26
왔니	26
이었어요	26
이탈리아	26
일곱	26
있게	26
작년	26
잘했어	26
잠시	26
정원	26
죽이고	26
차이	26
총통각하	26
촬영	26
최선	26
최악	26
통	26
통화	26
포터	26
프랑스	26
하네	26
하느님	26
하실	26
히틀러	26
1972년	25
20명	25
86명	25
90명	25
9명	25
가격	25
감기	25
걔들	25
걸려	25
계신가요	25
과학	25
구역	25
그러나	25
나머지	25
나온	25
내기	25
내용	25
넣어	25
단어	25
닫아	25
답	25
대장	25
로즈	25
맞다	25
못할	25
뭘까	25
범인	25
보냈어	25
보트	25
부모	25
분명히	25
비명	25
빚	25
사랑하지	25
사무실	25
새미	25
선생	25
설명	25
성함	25
세요	25
신고	25
싶다고	25
싸움	25
쏘지	25
아마도	25
안녕히	25
어서요	25
없니	25
와일드	25
유일한	25
일단	25
있었는데	25
있었니	25
잡고	25
잡았어	25
제자	25
조니	25
죽게	25
직장	25
차라리	25
차려	25
천국	25
키쿠오	25
타이어	25
파도	25
피터	25
필요하다	25
하울	25
합니까	25
휴가	25
가려고	24
강아지	24
과거	24
구급차	24
구할	24
그놈들	24
꼬맹이	24
끔찍한	24
놀고	24
농부	24
농장	24
더그	24
도둑	24
동쪽	24
드실래요	24
만나고	24
맞았어요	24
멍청아	24
못하게	24
바퀴	24
받고	24
받았어요	24
백인	24
보	24
보험	24
복	24
봤니	24
빠졌어요	24
빠진	24
생각하지	24
생긴	24
서장님	24
섬	24
아픈	24
알아야	24
야수	24
약간	24
어둠	24
어딨죠	24
어쩌려고	24
없으면	24
용기	24
위험	24
윌	24
이걸로	24
자동차	24
장면	24
점점	24
정	24
종이	24
주인공	24
직원	24
차례	24
클레오	24
키스	24
타다	24
테니까	24
페페	24
폭탄	24
하냐	24
핸드폰	24
했니	24
호주	24
15명	23
21명	23
25명	23
33명	23
45명	23
72명	23
74명	23
79명	23
가까운	23
간달프	23
그러세요	23
극장	23
나서	23
내려놔	23
다친	23
달러	23
대가	23
도울	23
도장	23
되겠습니까	23
되겠어	23
되는데	23
따위	23
땀	23
마님	23
만나서	23
받았어	23
범죄	23
붙어	23
산소	23
생각하나	23
소문	23
숙제	23
시장	23
시장님	23
신부	23
실력	23
실례	23
쓰세요	23
안나	23
않았다	23
알겠나	23
알겠니	23
어딘지	23
어떨까	23
에다	23
에디	23
여름	23
요새	23
위대한	23
의자	23
이동	23
이예요	23
인형	23
있겠나	23
있어도	23
있어서	23
자넬	23
잖아요	23
잡지	23
전해	23
정체	23
줄게	23
중요해	23
총알	23
텐가	23
프레드	23
피자	23
한다면	23
해줄	23
확인	23
훌륭한	23
40명	22
58명	22
60명	22
64명	22
6명	22
84명	22
85명	22
95명	22
”	22
갈까요	22
걘	22
건배	22
검사	22
고개	22
곡	22
괜찮지	22
군인	22
그나저나	22
기다려요	22
기적	22
긴	22
나갈	22
나와요	22
네이선	22
노부시	22
님	22
다신	22
단	22
단지	22
됐나요	22
되잖아	22
드려요	22
마셔	22
멋지지	22
메이	22
무덤	22
뭘까요	22
뭘로	22
바	22
바라는	22
벗어	22
보기	22
부대	22
사부님	22
살지	22
샀어	22
생활	22
소	22
신분증	22
실제로	22
써요	22
아이스크림	22
않소	22
양말	22
어쩌라고	22
언제쯤	22
얼음	22
연극	22
연습	22
연합	22
오래된	22
움직이지	22
월급	22
이구나	22
이러지	22
일해	22
있었는지	22
자격	22
재판	22
저것	22
적어도	22
전화번호	22
제발요	22
좋은데	22
주머니	22
즉	22
즉시	22
지냈어	22
진심으로	22
착한	22
찼어요	22
탄지로	22
풀었어요	22
하자	22
함정	22
훔쳐	22
17명	21
2002년	21
61명	21
63명	21
88명	21
92명	21
94명	21
가기	21
가족들	21
감	21
값	21
같나	21
거지	21
검은	21
경우	21
공항	21
권	21
그동안	21
그랬어요	21
그런가	21
기관	21
기도	21
기타	21
까	21
남아	21
낫지	21
노력	21
달려	21
대통령	21
덕분	21
돌아왔어	21
들어가도	21
맨날	21
먼	21
모임	21
바꿀	21
보통	21
불어	21
빠르게	21
사무라이	21
소스케	21
슌스케	21
시인	21
시작해	21
싸우고	21
썼어	21
아녜요	21
아니요	21
아닌데	21
아파	21
알아들어	21
어디다	21
어린	21
어쩜	21
여기에	21
연다	21
예뻐요	21
오로라	21
오전	21
용	21
의무	21
이네요	21
이분	21
이사	21
이었나	21
이었죠	21
일기	21
일요일	21
입은	21
작정	21
잘해	21
잤어	21
정의	21
주고	21
주토피아	21
줄까요	21
중요해요	21
찾았어요	21
컵	21
코트	21
크다	21
펜	21
평범한	21
풀어	21
혼자서	21
24명	20
42명	20
68명	20
ㄴ	20
가본	20
가부키	20
가져	20
개자식아	20
계단	20
계셔	20
고생	20
과연	20
괜찮을까요	20
구름	20
군요	20
그치	20
기자	20
나가서	20
나가요	20
나아	20
닫는다	20
달걀	20
도요	20
돌려	20
듣는	20
따로	20
마누라	20
마스크	20
마커스	20
막을	20
말해야	20
말해요	20
맛있어요	20
먹다	20
먹어도	20
메이슨	20
물고기	20
물러서	20
미안	20
반야	20
반장님	20
방송	20
배웠어	20
버리고	20
보고서	20
보이는데	20
보인다	20
봄	20
봤는데	20
부족	20
사랑해요	20
생겼어	20
세게	20
소녀	20
솔직히	20
수술	20
쉬어	20
쉬운	20
슬림	20
아시나요	20
아프리카	20
않겠어요	20
알아서	20
알았다	20
애그니스	20
어머	20
언제나	20
없겠지	20
여성	20
열차	20
였어요	20
영상	20
오늘밤	20
울고	20
이래도	20
이르다	20
이모	20
이었다	20
이잖아요	20
일자리	20
읽고	20
정부	20
제안	20
좆	20
주디스	20
죽기	20
죽여라	20
죽으면	20
지원	20
참아	20
최대한	20
치료	20
친척	20
탈	20
테니	20
하니까	20
하지마	20
했소	20
행복	20
행성	20
혀	20
호모	20
회의	20
훈련	20
힘든	20
27명	19
2명	19
36명	19
41명	19
46명	19
48명	19
52명	19
54명	19
57명	19
81명	19
83명	19
8명	19
A.M.	19
가는데	19
가을	19
감사	19
개소리	19
건강	19
계시죠	19
공기	19
공장	19
국장님	19
국제	19
귀여운	19
그딴	19
그렇다	19
그자	19
기억나요	19
기억하지	19
나오는	19
나왔어	19
남자들	19
넥타이	19
녀석들	19
뉴스	19
늑대	19
다행	19
단서	19
당근	19
대사	19
도로	19
독일인	19
돌아와	19
들리나	19
들었나	19
떠나	19
떼	19
라니	19
릭	19
말씀해	19
멈춰요	19
멋져	19
메뉴	19
명예	19
몫	19
물어봐도	19
밀가루	19
받은	19
발사	19
백	19
볼드모트	19
불만	19
빌	19
사라졌어	19
사장님	19
산책	19
삼	19
서쪽	19
셔츠	19
숫자	19
싫다	19
아니잖아	19
아무런	19
어릴	19
어머님	19
어쩌죠	19
예쁘지	19
예술	19
오랜만	19
왔다고	19
우와	19
우크라이나	19
웃었어	19
월터	19
이라뇨	19
이러고	19
일하고	19
있단	19
자는	19
재능	19
정상	19
조슈아	19
종일	19
죽이는	19
죽이지	19
줬어	19
지만	19
찍어	19
찰리	19
찾으러	19
쳐	19
출발	19
케이크	19
큰일	19
탄	19
판	19
하잖아	19
한다고요	19
해본	19
호수	19
30명	18
38명	18
50명	18
76명	18
96명	18
V	18
강한	18
겁	18
게이	18
경비	18
계실	18
곤도르	18
그렇고	18
기운	18
깜짝	18
나간	18
나면	18
나은	18
너네	18
네요	18
능력	18
다음엔	18
다쳤어	18
달리	18
대고	18
대령	18
던져	18
데이트	18
도련님	18
래리	18
루이스	18
마니	18
마디	18
마셨어요	18
마시고	18
마찬가지	18
만났어	18
말아	18
말하고	18
모래	18
모른다고	18
목걸이	18
무서워	18
뭐하고	18
뭐해	18
변태	18
보물	18
보셨어요	18
보스	18
보이다	18
본인	18
불러요	18
불법	18
비켜요	18
사격	18
사부	18
사탕	18
서명	18
설탕	18
세워	18
쉽지	18
스타일	18
시선	18
시카고	18
쏠	18
아가	18
아름다워요	18
안전한	18
않을까요	18
얘가	18
어깨	18
어딘가	18
어른	18
여기선	18
연설	18
원숭이	18
원인	18
위베르	18
유명한	18
이리로	18
이전	18
읽을	18
잊지	18
자연	18
잡다	18
재수	18
저걸	18
저기요	18
제국	18
제목	18
좋아하나	18
증인	18
지지	18
지하	18
지하철	18
창고	18
치다	18
커요	18
테이프	18
파충류	18
하는데요	18
하필	18
항복	18
22명	17
29명	17
43명	17
56명	17
70명	17
73명	17
93명	17
N.A.S.A.	17
가나	17
가능성	17
가르쳐	17
가져온	17
계십니까	17
계집애	17
고등학교	17
관련	17
그렇다고	17
그리드	17
근무했다	17
금지	17
김	17
꼼짝	17
나더러	17
나올	17
내내	17
너흰	17
네빌	17
높이	17
누구요	17
누군데요	17
늙은이	17
다녀	17
다이아몬드	17
달라요	17
대단한	17
대부분	17
데려와	17
도망가	17
도와드릴까요	17
동굴	17
되겠지	17
들어가면	17
들었다	17
렉텀	17
로부터	17
리치	17
링귀니	17
마침내	17
마크	17
막아	17
만들고	17
말이오	17
말해줄	17
맘대로	17
매번	17
머프	17
먹어요	17
먹지	17
모르겠어요	17
무언가	17
미리	17
미친놈	17
바깥	17
바꿔	17
바이러스	17
반대	17
번개	17
법정	17
보냈어요	17
보네	17
분명	17
분위기	17
살다	17
상관없어	17
새끼들아	17
생각했어	17
선배	17
섹스	17
소련군	17
수염	17
수학	17
승리	17
십	17
싶은데	17
싸우는	17
아느냐	17
아닐까요	17
아이고	17
아일랜드	17
않았나	17
얌전히	17
어떤가요	17
어차피	17
엉망	17
에바	17
여자친구	17
역사	17
염병할	17
였나	17
오줌	17
왔소	17
우물	17
우선	17
우연	17
원	17
이군요	17
이냐고	17
이라구	17
일해요	17
임마	17
있었잖아	17
자식들	17
작업	17
잠시만	17
잡을	17
저래	17
저주	17
전화해	17
종류	17
좋게	17
주겠어	17
주목	17
죽었다고	17
준비됐어	17
지었어요	17
짐승	17
찾아요	17
챔피언	17
천사	17
치고	17
치즈	17
테니아	17
통신	17
팁	17
파는	17
파란	17
포르코	17
하긴	17
하셨어요	17
하시는	17
하자는	17
학생들	17
할게	17
했을까	17
확실한	17
흔적	17
10명	16
18명	16
28명	16
35명	16
39명	16
49명	16
51명	16
55명	16
5명	16
66명	16
75명	16
가능한	16
가수	16
가져가	16
거대한	16
건드리지	16
걸려요	16
경찰서	16
고작	16
공작	16
괜찮으세요	16
괜찮죠	16
굳이	16
그이	16
글쎄요	16
꺼지라고	16
끝내	16
나는	16
남들	16
남자친구	16
놀아	16
높은	16
뇌	16
늙은	16
늦게	16
니코	16
대장님	16
덤블도어	16
데려온	16
도망	16
돌아가는	16
돌아온	16
동료	16
돼서	16
됐다고	16
되겠나	16
되니	16
된다는	16
두려워	16
따라가	16
떠	16
란다	16
란초	16
래요	16
레이저	16
마저	16
만나는	16
맥심	16
머리카락	16
모른다	16
몰라서	16
몰랐어	16
무잔	16
믿고	16
바빠	16
배우는	16
배운	16
배지	16
보셨나요	16
보여줄	16
보이네	16
볼래요	16
봐야	16
부부	16
부족해요	16
북쪽	16
브레이크	16
비해	16
비행	16
빨리요	16
빼고	16
뽑았어요	16
사정	16
색	16
생겼어요	16
샴페인	16
선거	16
선수	16
수프	16
시끄러	16
시도	16
시죠	16
아니냐	16
아라키스	16
악	16
알겠습니다	16
알았는데	16
암호	16
약한	16
어떡	16
어떤지	16
어떨까요	16
없거든	16
없다는	16
없습니까	16
없잖아요	16
에서도	16
였습니다	16
오게	16
오라고	16
왔는지	16
왔죠	16
외	16
용서해	16
우산	16
웃겨	16
웃기지	16
웃는	16
위험해	16
이메일	16
이신가요	16
이지만	16
인기	16
인물	16
일어나요	16
있겠니	16
있느냐	16
작품	16
장갑	16
재밌는	16
제12장	16
제82장	16
제길	16
제자리	16
조지	16
존나	16
주시겠습니까	16
주실	16
집안	16
차고	16
찾았지	16
추워	16
캐서린	16
컷	16
코벤	16
타자기	16
탐	16
탱크	16
터널	16
토요일	16
피아노	16
피해자	16
필요하다고	16
하자고	16
하쿠	16
한국어	16
해변	16
허리	16
헨리	16
화재	16
확	16
휴대폰	16
14명	15
26명	15
32명	15
4명	15
59명	15
62명	15
7명	15
80명	15
91명	15
98명	15
가기로	15
가득	15
가져도	15
거라	15
거요	15
걸렸어요	15
게다가	15
결론	15
곰	15
공원	15
관한	15
괜찮을	15
구석	15
구해	15
국물	15
궁금하지	15
그린	15
기록	15
나비	15
낯선	15
냐고요	15
넷째	15
눈치	15
늪	15
니네	15
닐	15
당연하지	15
대열	15
대학	15
데리러	15
도망칠	15
도와줘요	15
돌아왔다	15
동작	15
됐다	15
될지	15
들어본	15
들어봐	15
들었니	15
들여보내	15
떠나는	15
뜨고	15
로봇	15
마시는	15
마실래	15
만들다	15
만들었어요	15
말했지	15
맨	15
머저리	15
먹은	15
먹을까	15
모르나	15
몰라도	15
못하는	15
못한	15
못했어	15
무서운	15
뭔가요	15
미소	15
믿음	15
반응	15
받는	15
밤새	15
버릇	15
버릴	15
보겠나	15
부탁해	15
블론디	15
비슷한	15
비싼	15
빅토르	15
살아야	15
살아있는	15
색깔	15
성격	15
소금	15
소릴	15
스파이스	15
신세	15
싸워	15
아닐	15
앉아도	15
않았죠	15
않았지	15
알면	15
알았나	15
알잖아요	15
앤	15
얘기하고	15
얘기하는	15
없다고요	15
없을까	15
여태	15
영광	15
오랫동안	15
왔는데	15
용건	15
우는	15
우승	15
울어	15
의지	15
이상해	15
이었다고	15
이웃	15
이틀	15
일정	15
입술	15
있겠죠	15
있단다	15
있잖아요	15
잊었어	15
작동	15
작별	15
잘못된	15
잘하고	15
장례식	15
전사	15
절반	15
제10장	15
제13장	15
제22장	15
제28장	15
제48장	15
제60장	15
제6장	15
조이	15
조직	15
좋겠다	15
좋아하세요	15
좋아하지	15
죄송해요	15
주변	15
주스	15
죽었어요	15
줘야	15
지난번	15
진정한	15
집중	15
초콜릿	15
축하해	15
층	15
캐나다	15
케일럽	15
코너	15
타요	15
타임	15
타키	15
털	15
텔레비전	15
토미	15
팬	15
폭풍	15
피리	15
하겠어요	15
해라	15
해줘요	15
허락	15
현상금	15
협상	15
19명	14
3.5km	14
31명	14
47명	14
53명	14
65명	14
69명	14
71명	14
각오	14
감았어요	14
강간	14
같니	14
같습니다	14
같은데요	14
겠지	14
경	14
경관님	14
경보	14
계산	14
고맙습니다	14
공포	14
괜히	14
교육	14
구하러	14
그러고도	14
그러냐	14
그렇지만	14
그레이스	14
글씨	14
기억해요	14
끝장	14
나가는	14
나갔어	14
너머	14
네트워크	14
넷	14
놀리는	14
단계	14
대령님	14
대수	14
대위	14
더이상	14
데려가	14
도서관	14
돌려줘	14
돌아갈	14
동전	14
동지	14
되었다	14
두지	14
들어온	14
들었죠	14
들지	14
때려	14
떠난	14
또한	14
라서	14
러시아인	14
론	14
마르쿠스	14
마술	14
마음대로	14
말라	14
말하다	14
말했고	14
매	14
매니저	14
몰래	14
뭐래	14
바랍니다	14
방귀	14
버틸	14
변화	14
별거	14
병력	14
보셨죠	14
보십니까	14
보았다	14
보였어	14
보일	14
봤냐	14
봤죠	14
부르는	14
북한	14
빌려	14
빌리	14
사냥	14
사다	14
살려	14
삼십	14
새해	14
생각한	14
성냥	14
성당	14
성적	14
속임수	14
술집	14
스승님	14
시스템	14
시키는	14
시합	14
실례합니다	14
싫어해	14
싶을	14
써도	14
쓰면	14
아니오	14
아무나	14
아무리	14
악보	14
않겠지	14
알려	14
야구	14
어딨나	14
어떠냐	14
어떠니	14
어떡하지	14
어려운	14
어린애	14
엄청난	14
없었나요	14
없으니까	14
에서요	14
엘파바	14
였는데	14
였다고	14
예뻐	14
오랜	14
오렌지	14
오즈	14
올랐어요	14
올래	14
올해	14
왔구나	14
요리사	14
울지	14
웃어	14
웃음	14
원치	14
육식동물	14
이것들	14
이딴	14
이었나요	14
이해하지	14
일부	14
일주일	14
읽었어요	14
있다고요	14
있어봐	14
있으니까	14
자세	14
장사	14
저분	14
정치	14
정확한	14
제14장	14
제18장	14
제3장	14
제46장	14
제5장	14
제63장	14
제7장	14
제80장	14
조상	14
좋네	14
주겠나	14
주군	14
주님	14
주먹	14
죽어라	14
준다고	14
준비해	14
즐거운	14
지랄	14
지로	14
질러	14
짜증	14
찾지	14
챙겨	14
추억	14
축구	14
충고	14
캐시	14
탔어요	14
파일	14
프로그램	14
피부	14
피아	14
하	14
하겠나	14
하겠습니다	14
하면서	14
하셨죠	14
한다는	14
확실해	14
후손	14
흉터	14
흰	14
힘들어요	14
16명	13
23명	13
37명	13
4시	13
99명	13
가려는	13
가봐	13
가엾은	13
가정	13
가질	13
갈게	13
감독	13
갑니다	13
갔다고	13
같죠	13
개인	13
거시기	13
걱정하지	13
건요	13
걸린	13
것처럼	13
겨울	13
경험	13
계신	13
공짜	13
과학자	13
괜찮나	13
굉장히	13
굴어	13
귀찮게	13
그럼요	13
글린다	13
글자	13
금발	13
기다릴	13
기억하고	13
기지	13
꺼내	13
께선	13
끝나면	13
끼리	13
나가게	13
나가야	13
나쁘지	13
나오면	13
나으리	13
누구나	13
늦었어	13
답했다	13
대답해	13
대박	13
대인	13
댄	13
데려다	13
데이브	13
도라	13
도와줄래	13
도전	13
됐는데	13
됐니	13
되세요	13
드 윈터	13
듣지	13
들면	13
들어가요	13
들어갈	13
뜨거워	13
라주	13
러너	13
러시아어	13
로군	13
로베르토	13
로서	13
만났어요	13
만들었어	13
만지지	13
말해줘	13
맞은	13
맞춰	13
멍청이	13
몇몇	13
모르는데	13
못해요	13
몽땅	13
뭐랬지	13
미안하다	13
박수	13
반가워요	13
밟아	13
방해	13
밭	13
버리면	13
변명	13
병사들	13
보단	13
본명	13
부를	13
부엌	13
불쌍한	13
블루	13
빨간	13
빨라	13
사령관	13
사모님	13
사원	13
사장	13
사전	13
산다	13
살바도르	13
살인자	13
샌드위치	13
샐러드	13
생각하고	13
설명해	13
소장	13
수작	13
수표	13
숙녀	13
스네이프	13
시방	13
시작할	13
시작했어요	13
신분	13
신사	13
싶냐	13
쓰게	13
아드님	13
아레스	13
아름다워	13
아빤	13
아셨어요	13
아시오	13
아프다	13
안전	13
앉아서	13
않게	13
않냐	13
않습니까	13
않을래	13
알프레도	13
야말로	13
양쪽	13
어땠어요	13
어떻고	13
어떻습니까	13
어르신	13
얼간이	13
없다니까	13
없다면	13
에나	13
연결해	13
연료	13
연주	13
열어요	13
영장	13
오기	13
와트니	13
왔네	13
왜들	13
외국어	13
요정	13
용서	13
유럽	13
은혜	13
의상	13
의심	13
의해	13
이겼어	13
이렇게나	13
이언	13
이자	13
이제야	13
임신	13
입장	13
있거든	13
있는데요	13
있었소	13
있으신가요	13
자세히	13
잔뜩	13
잘못한	13
장관님	13
장난해	13
장비	13
재즈	13
재크	13
전체	13
정확하게	13
제17장	13
제35장	13
제4장	13
제62장	13
제68장	13
제79장	13
제9장	13
제법	13
제시	13
조각	13
조그만	13
조사	13
조심하세요	13
조언	13
조용한	13
종교	13
죄송합니다	13
주로	13
주사	13
주크	13
죽여버릴	13
죽여야	13
죽였나	13
중지	13
지내요	13
지냈나	13
진작	13
질투	13
차량	13
채널	13
책상	13
처럼요	13
철	13
최후	13
축제	13
콩	13
쿠키	13
타일러	13
탑	13
테다	13
테디	13
틀렸어	13
파란색	13
파울	13
파코	13
파키스탄	13
피노	13
필요할	13
하나님	13
하던	13
하던가요	13
할래요	13
해냈어	13
해외	13
했잖아요	13
향해	13
현금	13
12명	12
13명	12
78명	12
97명	12
·	12
가시게요	12
가실	12
갈래요	12
개뿔	12
걔네들	12
거든	12
거미	12
걸을	12
결혼한	12
결혼했어	12
계산서	12
고칠	12
과정	12
관리	12
광장	12
굴지	12
궁금해	12
그깟	12
그땐	12
그래야	12
그러는데	12
그런데도	12
그만둬	12
그만들	12
그만하고	12
기꺼이	12
까마귀	12
깡패	12
꽝	12
끝나고	12
끝났어요	12
나가지	12
나오다	12
남았어요	12
내려가	12
네놈들	12
노인	12
놀라운	12
놀이	12
높아요	12
놔요	12
놔줘	12
다니엘	12
다르지	12
당했어	12
대가리	12
대단해	12
대만	12
덜	12
데이	12
도와주세요	12
돌아와요	12
동물원	12
되게	12
드라마	12
드실	12
들어라	12
듯	12
딜런	12
따님	12
떠났어	12
떨어지다	12
떴어요	12
또라이	12
똑같아	12
똑같이	12
라몬	12
레베카	12
레이	12
로요	12
로프	12
롤라	12
리사	12
릴리아나	12
만요	12
많다	12
말한다	12
말해도	12
말했어요	12
맞고	12
맞나	12
머여	12
멈추지	12
멋져요	12
모르겠다	12
모르다	12
모험	12
목표	12
못하다	12
무섭지	12
무조건	12
무척	12
문신	12
물렸어요	12
뭐냐	12
뭐든지	12
뭐라고요	12
미국인	12
미마	12
미안하지만	12
미쳤어요	12
밀러	12
바라	12
바보같이	12
바빠요	12
바위	12
받게	12
배역	12
버텨	12
병신	12
보내고	12
보낼	12
보이냐	12
복잡해요	12
봐봐	12
브루노	12
빠른	12
사기	12
살았어	12
상병	12
상현	12
생선	12
샬로	12
서장	12
소프트웨어	12
손님들	12
손대지	12
숙여	12
순경	12
숨겨	12
쉬고	12
시골	12
시내	12
시신	12
시타	12
싶네	12
싸	12
쌀	12
쌍둥이	12
아니라면	12
아랍어	12
아시겠죠	12
악당	12
안녕하십니까	12
알기나	12
암	12
압니까	12
약속해	12
양심	12
얘긴	12
어떻소	12
어려움	12
어렵다	12
어렸을	12
언제든	12
없었던	12
에스테반	12
여권	12
영역	12
영주	12
오델튼	12
오토	12
오필리아	12
오히려	12
올까요	12
올드	12
완벽한	12
요원	12
움직임	12
월요일	12
웰	12
위쪽	12
으로부터	12
이겼어요	12
이시여	12
이즈	12
이해해	12
자다	12
잘난	12
잠자리	12
잡는	12
장군	12
장군님	12
장치	12
재키	12
저것들	12
젊은	12
정글	12
제20장	12
제23장	12
제26장	12
제33장	12
제38장	12
제50장	12
제55장	12
제66장	12
제67장	12
제71장	12
제90장	12
제97장	12
좆같은	12
좋아합니다	12
죄책감	12
죽는다	12
죽어도	12
죽어야	12
죽어요	12
죽여버리겠어	12
죽이려	12
준비됐어요	12
지요	12
질	12
짭새	12
쭉	12
찍은	12
차림	12
찾은	12
출발해	12
충격	12
카페	12
캐런	12
커	12
키스해	12
키우고	12
태양	12
태워	12
토레스	12
파	12
파르한	12
파시스트	12
판단	12
편하게	12
폐	12
프레디	12
필름	12
필요한데	12
할게요	12
핫도그	12
해보자	12
해적	12
해줄래	12
해치	12
햄닛	12
행복한	12
혈통	12
형태	12
휴식	12
힘껏	12
힘내	12
힘들어	12
11명	11
3명	11
가거라	11
가나요	11
가발	11
가시죠	11
각자	11
각하	11
갈게요	11
감각	11
감자	11
같네	11
같네요	11
건들지	11
걸렸어	11
걸세	11
검둥이	11
경감	11
경감님	11
경고	11
경극	11
곁	11
계속해	11
계시니	11
계시다	11
고메스	11
골룸	11
공간	11
공주	11
관	11
교황	11
구분	11
그대	11
그랬죠	11
그려	11
그리프	11
그만해요	11
금발령	11
기다렸어	11
깊이	11
꿀	11
나가면	11
나오지	11
나타	11
나한텐	11
난쟁이	11
날개	11
날짜	11
남았어	11
남쪽	11
남친	11
낭비	11
네사	11
노는	11
노릇	11
녹색	11
녹음	11
놀러	11
놈들아	11
누마	11
니콜라스	11
닥치고	11
달린	11
달튼	11
당시	11
대충	11
덤벼	11
데려가는	11
도구	11
도슨	11
동료들	11
됐는지	11
되겠니	11
되냐	11
되는지	11
두통	11
둘째	11
둬요	11
드레스	11
들어가는	11
들을	11
듯이	11
등신	11
따윈	11
떠나요	11
떠나지	11
떠났다	11
떨어지는	11
래	11
러닝 맨	11
마스터	11
마침	11
만든다	11
만들어요	11
많지	11
말든	11
말하라고	11
매덕스	11
매력적	11
머릿속	11
먹어라	11
못된	11
무죄	11
묻는	11
물고	11
물었어요	11
뭐요	11
뭣들	11
미끼	11
미아	11
미안해요	11
미하일	11
믿으세요	11
밀	11
박살	11
받지	11
방송국	11
배린저	11
배우기	11
배울	11
백광호	11
벙커	11
병사	11
보내다	11
봤나요	11
봤다	11
부상	11
부하들	11
붙잡아	11
브릿	11
비결	11
비싸요	11
빗자루	11
빠지다	11
빨간색	11
빼	11
사랑한다	11
사실대로	11
사인	11
사정없이	11
살인범	11
새벽	11
생명체	11
섀넌	11
서서	11
세베루스	11
소란	11
소스	11
소중한	11
스컹크	11
스타	11
슬픔	11
시민들	11
시절	11
신참	11
심각한	11
싶어서	11
싶으면	11
싹	11
썼어요	11
쓸모	11
씁	11
아나요	11
아니고요	11
아니니	11
아니란	11
아무래도	11
아예	11
아카자	11
안개	11
앉으세요	11
않겠니	11
않은데	11
않죠	11
암살	11
애니	11
애디슨	11
애초에	11
액수	11
약혼자	11
얘기할	11
어떡할	11
어려워	11
어려워요	11
어쩌고요	11
어쩌란	11
어쩔래	11
언덕	11
얻다	11
없냐	11
없을까요	11
엘리베이터	11
여지	11
여친	11
연습해	11
연필	11
열고	11
엽서	11
예루살렘	11
예정	11
와우	11
왜냐하면	11
용감한	11
운전해	11
위층	11
위협	11
으로요	11
의식	11
이겼다	11
이긴	11
이따	11
이란다	11
이러니	11
이상하게	11
이서	11
인걸	11
인상	11
일어난	11
일어날	11
일어났어	11
일원	11
일지	11
잃다	11
입구	11
있어라	11
자쿠아	11
작게	11
잔돈	11
잘라	11
잡아라	11
잡아요	11
저자	11
적어	11
전문가	11
전엔	11
정답	11
정지	11
제16장	11
제27장	11
제34장	11
제39장	11
제44장	11
제54장	11
제56장	11
제64장	11
제78장	11
제81장	11
제89장	11
제94장	11
제이	11
존스턴	11
주방	11
죽었을	11
죽였어요	11
죽이러	11
줄리	11
줄리아	11
중독자	11
중앙	11
지난주	11
차렷	11
찬	11
찾아야	11
찾았나	11
책임자	11
처리해	11
천재	11
추가	11
충분해	11
취향	11
침묵	11
카네다	11
카우보이	11
캐럿	11
컨트롤	11
케니	11
케이스	11
콜린	11
클레어	11
타는	11
태어난	11
테니스	11
특히	11
파이	11
평양	11
포드	11
폭력	11
폴리	11
피케이	11
하고요	11
하길	11
하녀	11
하란	11
하셨나요	11
한밤중	11
함부로	11
해낼	11
해미	11
해줄까	11
했으면	11
헌데	11
호흡	11
화면	11
황야	11
44명	10
가렸어요	10
가시오	10
가죠	10
감독님	10
감방	10
갑시다	10
강도	10
같군	10
게리	10
결혼했어요	10
고급	10
고쳐	10
구조	10
국	10
그러게	10
그러죠	10
금요일	10
기뻐요	10
기유	10
기차역	10
깃발	10
깜둥이	10
끈	10
끌어내	10
끔찍해	10
끝내주는	10
나가다	10
나가자	10
나갔다	10
나빠	10
나왔다	10
나지	10
남았지	10
낮	10
내겐	10
내년	10
내부	10
낼	10
냈어요	10
너무나	10
넓어요	10
논	10
놓다	10
놔둬	10
뇨	10
니들	10
다녀요	10
다니지	10
다닐	10
다툼	10
닥치라고	10
단순한	10
달아	10
닭	10
대본	10
대위님	10
델타	10
도넛	10
도와주는	10
돌아가고	10
돌아오지	10
동시에	10
동의	10
돼지들	10
됐네	10
되겠어요	10
되네	10
되잖아요	10
된다면	10
두렵지	10
뒤쪽	10
드는	10
드시겠어요	10
듣기	10
들어오게	10
들키면	10
따뜻한	10
떠나야	10
떠요	10
떨어져요	10
똑똑한	10
라뇨	10
란초다스	10
레몬	10
레미	10
레이철	10
레즈닉	10
로렌스	10
로버트	10
로코	10
로한	10
루벤스	10
루이사	10
마농	10
마시지	10
막지	10
말들	10
말이야	10
말했던	10
말했잖아	10
맞소	10
맡겨	10
머리통	10
먹었다	10
먹으러	10
먹으면	10
먹을래요	10
먼지	10
멈출	10
멈췄어	10
멋지다	10
못하지	10
무서워서	10
물어봐	10
미스	10
미안한데	10
반대편	10
받아라	10
발견	10
배워야	10
배터리	10
백성	10
백작	10
밴드	10
벙어리	10
베라	10
벤야민	10
보내는	10
보라구	10
보석	10
보실래요	10
본부	10
봅시다	10
봉투	10
부담	10
부르지	10
부를까요	10
부산	10
분들	10
블루스	10
비디오	10
비상	10
비어	10
빨래	10
뻥	10
뼈	10
사귀는	10
사라진	10
사랑한다고	10
사방	10
사연	10
생각하십니까	10
생각합니다	10
생물	10
샤이어	10
서둘러요	10
서부터	10
설거지	10
성과	10
세금	10
세나	10
센	10
소개	10
소피	10
수류탄	10
숙녀분	10
숟가락	10
스파이	10
스파이더맨	10
스페셜	10
스페인	10
승객	10
시기	10
시킨	10
싫다고	10
심하게	10
심한	10
쏜다	10
쓴다	10
아니거든	10
아니었어요	10
아델	10
아셨죠	10
아이디어	10
아트레이드	10
악기	10
안드레이	10
안전하게	10
않도록	10
않았나요	10
않았습니다	10
알겠냐	10
알렉산더	10
알렉상드르	10
알제리	10
알퐁스	10
압델	10
앨리스	10
야근	10
약점	10
어두운	10
어떡하고요	10
어떡하죠	10
어떻게든	10
어떻든	10
어뢰	10
어리석은	10
어머나	10
어쨌다고	10
어찌된	10
언제든지	10
없군	10
없단	10
에너지	10
에밀	10
에이	10
여기다	10
여인	10
연주할	10
열지	10
였더라	10
영속성	10
영향	10
예상	10
예수	10
오디션	10
오셨나요	10
옥상	10
올게	10
옳지	10
와도	10
왠지	10
용족	10
우리들	10
움직일	10
원한다	10
웨슬리	10
위기	10
위스키	10
위안	10
위험하게	10
이겠지	10
이년아	10
이놈들	10
이대로	10
이라니까	10
이러다	10
이었던	10
이해할	10
인디언	10
인터뷰	10
일본어	10
일어났어요	10
일종	10
일할	10
잃었어	10
잃을	10
입었어	10
있구나	10
있군요	10
있었습니다	10
있을래	10
잊은	10
자살했다	10
자쿠이	10
잡았다	10
잡으려고	10
장난감	10
장애	10
재미있는	10
재밌어	10
쟤들	10
저놈들	10
전력	10
점수	10
정면	10
제11장	10
제21장	10
제2장	10
제31장	10
제32장	10
제36장	10
제45장	10
제47장	10
제59장	10
제61장	10
제69장	10
제74장	10
제75장	10
제83장	10
제88장	10
제93장	10
제95장	10
제98장	10
제99장	10
조셉	10
조심	10
존스	10
좋을까요	10
죄다	10
주둥이	10
주라고	10
주의	10
죽여버려	10
준비됐나	10
쥐새끼	10
즐겁게	10
증명할	10
지갑	10
지나	10
지냈어요	10
지다	10
집어	10
차요	10
창	10
찾아라	10
찾았다	10
채로	10
척하는	10
천둥	10
천하	10
첩자	10
첫눈	10
체스	10
체포	10
쳐다봐	10
쳤어	10
축복	10
출	10
취한	10
친한	10
카슨	10
카오리	10
코끼리	10
코시모	10
쿄코	10
클라리스	10
킬리언	10
타스	10
탈출	10
턱	10
테스트	10
통해	10
틈	10
티켓	10
파블로	10
파울라	10
평소	10
포기하지	10
표시	10
프로젝트	10
피파	10
필요하세요	10
필요합니다	10
하강	10
하게요	10
하기	10
하는가	10
하라고요	10
하시죠	10
하오	10
하이	10
하쿠지	10
하트	10
한숨	10
한자	10
할멈	10
해볼까	10
해주면	10
햇빛	10
했고	10
했습니다	10
행	10
행복해요	10
허가	10
헌터	10
혁명	10
형식	10
형제들	10
화장	10
환상적	10
활	10
황소	10
흠	10
V-	9
가보자	9
가야지	9
가져다	9
간호사	9
갈색	9
갔나	9
갔죠	9
개구리	9
개똥	9
개인적	9
거울	9
거짓말하는	9
걸레	9
걸리지	9
걸요	9
걸음	9
검술	9
겁나	9
경사님	9
경위님	9
계곡	9
계란	9
고귀한	9
고맙다	9
고백	9
곧장	9
공부하고	9
공부해	9
곽	9
곽원갑	9
굉장해	9
교장	9
교토	9
구체적으로	9
그림자	9
글로리아	9
급한	9
기다려야	9
기다리는	9
기억하나	9
기억하세요	9
께서는	9
꼴찌	9
끝났다고	9
나가라고	9
나갔어요	9
나설	9
난장판	9
낡은	9
내고	9
내렸어요	9
내릴	9
내버려둬	9
넣고	9
넣었어	9
네이튼	9
넬리	9
노인네	9
놀라게	9
누구겠어	9
누워	9
느껴져	9
느낄	9
니노	9
다쳤어요	9
단추	9
담요	9
답장	9
대해선	9
더욱	9
데려갈	9
도리	9
도와야	9
도와주고	9
도와줄게	9
도와줄까	9
돌아가자	9
돼야	9
되긴	9
되시죠	9
두는	9
뒤집어	9
드나	9
들개	9
들리지	9
들어간	9
들어와요	9
들었소	9
디젤	9
딕	9
땅콩	9
떨어진	9
라며	9
라퓨타	9
로만	9
로비	9
로이	9
루스카	9
링크슬리	9
마드리드	9
마시오	9
마실래요	9
만두	9
말다	9
말하려고	9
말했잖아요	9
맞습니다	9
매독스	9
매주	9
매콘	9
머시	9
메인	9
모델	9
모르겠네	9
모르잖아요	9
모릅니다	9
모조리	9
목격자	9
목도리	9
무게	9
무서워요	9
묵을	9
물어요	9
뭐랬어	9
미인	9
미쳤나	9
미츠하	9
믿나	9
믿습니까	9
믿어도	9
밀어	9
박물관	9
밖엔	9
받았다	9
받으세요	9
발음	9
밧줄	9
방학	9
배신자	9
배짱	9
뱃속	9
뱃지	9
버터	9
벌어지고	9
보드카	9
보려고	9
보안	9
보여줄까	9
보이시죠	9
보죠	9
복도	9
볼일	9
봐야지	9
봤소	9
봤잖아	9
부	9
부르면	9
부친	9
부하	9
분화구	9
불구하고	9
불꽃놀이	9
브라질	9
비극	9
비서	9
빨라요	9
빨랑	9
사과해야	9
사냥꾼	9
사냥꾼들	9
사세요	9
사이드	9
살게	9
살기	9
살래	9
살면	9
샀다	9
상징	9
새꺄	9
생각하니	9
생각하죠	9
생각한다	9
생존	9
설리	9
소속	9
송곳니	9
수갑	9
수건	9
수달	9
수영할	9
숨길	9
쉬는	9
스웨터	9
스트레스	9
슬픈	9
시끄러워	9
시대	9
시동	9
시민	9
시작하다	9
시작합니다	9
신선한	9
신원	9
싫으면	9
심해요	9
싶습니다	9
싶어한다	9
싸우지	9
써서	9
써야	9
쏘라고	9
아구스티나	9
아니겠죠	9
아담	9
아동	9
아름답다	9
아야	9
아정	9
아프세요	9
아픔	9
아홉	9
않다고	9
않았습니까	9
않은가	9
알겠소	9
알겠죠	9
알았네	9
알았다고	9
압니다	9
압력	9
애들아	9
액션	9
앤젤라	9
얘들	9
어쩌겠어	9
업무	9
없게	9
없었어요	9
없었잖아	9
엘라	9
예약	9
예의	9
옛	9
오른	9
오케이	9
오토바이	9
오해	9
옥	9
올라가	9
완료	9
왔을	9
외계인	9
외국	9
요구	9
요금	9
욕	9
용의자	9
울었어	9
움직이고	9
움직이는	9
웃고	9
원한다면	9
윌라	9
으론	9
이기도	9
이라며	9
이리와	9
이빨	9
이십니까	9
이어서	9
이혼	9
이후	9
읽었어	9
잃어버린	9
있겠습니까	9
있는가	9
있다니	9
있었다고	9
잊고	9
자구	9
자요	9
자체	9
잘도	9
잘돼	9
잘한다	9
잠수함	9
잡으러	9
잡혀	9
장난하는	9
재	9
재스퍼	9
전하	9
절차	9
접시	9
정직한	9
제19장	9
제41장	9
제53장	9
제70장	9
제72장	9
제77장	9
제87장	9
제이드	9
조국	9
조심해요	9
조용	9
조인트	9
존재하지	9
종수	9
좋겠어요	9
좋고	9
좋다고	9
좋아서	9
좋아한다고	9
주게	9
주겠니	9
주겠소	9
주무세요	9
주장	9
죽도록	9
죽였다	9
지키고	9
지키는	9
직전	9
진정하세요	9
짓고	9
쫓고	9
쫓아	9
차리다	9
착하지	9
참고	9
찾다	9
찾아서	9
처소	9
천진	9
쳐요	9
초등학교	9
최고수	9
최소한	9
축하해요	9
출근	9
충분한	9
취미	9
치는	9
침	9
침실	9
카르텔	9
켜	9
콘	9
콘돔	9
콘브레드	9
쾅	9
키즈	9
킬러	9
탔어	9
테리	9
텍스	9
템포	9
토마신	9
투표	9
특공대	9
특허	9
파커	9
패밀리	9
편히	9
푹	9
풍경	9
풍선	9
프레멘	9
프레멘들	9
프로도	9
피우지	9
하겠다는	9
하다니	9
하려고요	9
하려면	9
하신	9
하와이	9
하일	9
한때	9
한쪽	9
할배	9
함께할	9
해고	9
했냐	9
했냐고	9
했는데요	9
했다는	9
했을	9
했을까요	9
행진	9
헤르미온느	9
혐의	9
형사님	9
호그와트	9
화난	9
확보	9
환영	9
회장님	9
회전	9
후퇴	9
훈장	9
훔치는	9
흥미로운	9
히스클리프	9
힘들지	9
67명	8
89명	8
ㄹ까	8
가겠어	8
가난한	8
가능해	8
가만있어	8
가스	8
가시나요	8
가졌어	8
간에	8
갇혀	8
감동	8
감염	8
갔던	8
강력한	8
같냐	8
같았어	8
걜	8
거나	8
걱정하는	8
건드렸어	8
게으른	8
겠죠	8
경관	8
계급	8
계속할	8
계약서	8
고등어	8
고센	8
골프	8
곱아서	8
공적	8
광고	8
괜찮아질	8
괜찮은데	8
괜찮을까	8
괴롭혀	8
괴롭히는	8
괴롭히지	8
굉장한	8
구두	8
구스토	8
국민	8
국장	8
규정	8
그다음	8
그런가요	8
그런다고	8
그럴까	8
그렇구나	8
그렇군요	8
그사람	8
그중	8
근거	8
금고	8
기사님	8
기억나세요	8
기업	8
길거리	8
깊은	8
꼬리	8
꿇어	8
끊어	8
나가세요	8
나나	8
나머진	8
나쁘다	8
나온다	8
나와라	8
나이트	8
나타난	8
나호코	8
난다고	8
날려	8
날아	8
남겨	8
남는	8
남부	8
남성	8
낫다	8
내는	8
내면	8
내보내	8
냉큼	8
넘어갈	8
노리코	8
놀자	8
농담하는	8
놔두고	8
누굴까	8
눈앞	8
느려	8
니키	8
다니는	8
다락	8
다람쥐	8
다르다	8
다를	8
단단히	8
단체	8
달려요	8
달아요	8
달콤한	8
대단하지	8
대리	8
대원	8
대출	8
던컨	8
데려올	8
데시	8
덴	8
도둑놈	8
도박	8
도저히	8
도착	8
돌릴	8
돌아가서	8
돌아왔어요	8
돌았어	8
돕고	8
돕지	8
동화	8
됐냐	8
되었습니다	8
되었어	8
되요	8
될거야	8
두들겨	8
둔	8
뒷문	8
드라이버	8
드라이브	8
드레이코	8
드릴게요	8
들어야	8
들어왔어	8
들으셨죠	8
등신아	8
디저트	8
딜린저	8
따라서	8
따라오는	8
따라와요	8
때렸어	8
떠는	8
똥구멍	8
뜰	8
라이온	8
래번클로	8
레드	8
레스토랑	8
레즈비언	8
렐레	8
롭	8
롱바텀	8
루미	8
루실라	8
루첸	8
루치아	8
마르타	8
마무리	8
마셔요	8
마일로	8
마일스	8
만나면	8
만날까요	8
만났을	8
만화	8
말썽	8
말하길	8
말해주지	8
맛있게	8
맛있는	8
맛있어	8
망칠	8
매고	8
매년	8
매달려	8
매춘부	8
멋진데	8
메일	8
면상	8
명성	8
모르고	8
목요일	8
몽미라	8
묘지	8
무료	8
무리	8
문법	8
묻지	8
뭐로	8
뭐여	8
뭐하니	8
믿어야	8
밀지	8
바꿨어	8
바네사	8
박스	8
반가워	8
반갑습니다	8
발레르카	8
밤엔	8
배워요	8
버린	8
벌레	8
범죄자	8
벗어날	8
베로니카	8
벤자민	8
별다른	8
별명	8
보고도	8
보군	8
보긴	8
보나	8
보내세요	8
보냈다	8
보는데	8
보람	8
보면서	8
보시오	8
보이는데요	8
보이세요	8
보조	8
보호	8
본다고	8
봤다고	8
부른	8
부족해	8
불꽃	8
불러도	8
불러서	8
불빛	8
불쌍하지도	8
불타는	8
붕대	8
브랜드	8
비기	8
빅터	8
빈민가	8
빨리빨리	8
뻔	8
뿐만	8
사기꾼	8
사나	8
사니	8
사라	8
사려	8
사신	8
사자	8
사하라	8
살려줘	8
살면서	8
살살	8
살아있다	8
살았어요	8
살짝	8
상사	8
상상할	8
생각하나요	8
생각하시오	8
생각할	8
생각했다	8
생각했지	8
서다	8
서래	8
선글라스	8
선장님	8
설명할	8
성경	8
세트	8
셋째	8
소음	8
소인	8
소파	8
손자	8
손톱	8
손해	8
쇼쨩	8
수년	8
수동	8
수많은	8
수상	8
수색	8
수치	8
수화	8
숙모	8
숨겼어	8
숨은	8
쉬어요	8
스타킹	8
스페인어	8
시각	8
시리우스	8
시작한	8
시즌	8
식탁	8
신나게	8
신념	8
실험실	8
싫어하는	8
싫어하지	8
싫은	8
싶다면	8
싶어해	8
썩은	8
쏘고	8
쓸모없는	8
아가야	8
아니네	8
아니라고요	8
아들아	8
아래층	8
악몽	8
안됩니다	8
안해	8
않겠나	8
않았니	8
않았소	8
야쇼	8
야쿠자	8
약속해요	8
얜	8
어떡하고	8
어떡해야	8
어떤데	8
어렵습니다	8
어른들	8
어어	8
어째	8
어쩌라고요	8
엄만	8
없었다고	8
에드	8
여기저기	8
여배우	8
역겨운	8
역겨워	8
역할	8
연구	8
연주하는	8
영감님	8
예쁘다	8
오두막	8
오병	8
오셨습니까	8
오셨죠	8
오케	8
온갖	8
왔나요	8
왔냐	8
왔던	8
왔었어	8
왕국	8
왕자	8
욕심	8
용서하지	8
우리끼리	8
우리집	8
우정	8
우주선	8
웃긴	8
웃다	8
원시인	8
위험해요	8
유기농	8
유태인들	8
음료수	8
음모	8
이기고	8
이기적	8
이들	8
이마	8
이상하지	8
이십니다	8
이웃들	8
이지요	8
인간들	8
인도	8
인류	8
인질	8
인터넷	8
일어나서	8
일하러	8
일해야	8
읽다	8
있대요	8
있던데	8
있도록	8
있든	8
있었구나	8
있었으면	8
잊어버려	8
자기들	8
자료	8
잘됐네	8
잠시만요	8
잤나	8
장교	8
재미있다	8
재밌네	8
재킷	8
쟨	8
저길	8
저어	8
전문	8
전화기	8
접근	8
정상적	8
정신과	8
정했어	8
젖	8
제24장	8
제37장	8
제40장	8
제43장	8
제51장	8
제52장	8
제57장	8
제73장	8
제85장	8
제8장	8
제91장	8
제군들	8
제이크	8
조명	8
조앤	8
조종사	8
종	8
좋구나	8
좋네요	8
좋아하네	8
좋아하죠	8
좋은가	8
좋은데요	8
좋을까	8
죄송하지만	8
주무셨어요	8
주었다	8
주연	8
주위	8
죽였다고	8
죽였지	8
죽이는데	8
준비했어요	8
줄여	8
중국어	8
지내나	8
지도자	8
지켜	8
지키다	8
지하실	8
지휘관님	8
진당관	8
짐작	8
쫙	8
차가워요	8
차려요	8
참을	8
찾아봐	8
찾았다고	8
찾으면	8
찾으세요	8
채	8
천만에	8
청소	8
체이스	8
최종	8
추기경	8
추워요	8
축하	8
춤추고	8
치명적	8
카인즈	8
캘리포니아	8
케이	8
케이티	8
코미디	8
코앞	8
쿠마일	8
크룸	8
크지	8
클레이	8
타고났어요	8
타령	8
타워	8
탄다	8
태도	8
테이블	8
토마토	8
토토로	8
팀장	8
파미르	8
파일럿	8
팔다	8
패왕	8
포	8
폭발	8
표현	8
푸틴	8
푼	8
풀다	8
프레더슨	8
피로	8
필요하신	8
하고는	8
하라	8
하루종일	8
하코넨	8
한데	8
한텐	8
할걸	8
함장님	8
해결책	8
해결할	8
해보지	8
해볼까요	8
해봤어	8
해치지	8
핸드백	8
햄	8
했거든	8
했었나	8
했었지	8
행복해	8
행사	8
허나	8
헤로인	8
헤이스	8
헬멧	8
협박	8
혜성	8
호그보텀	8
혼	8
혼란	8
화이트	8
환상	8
황	8
황후	8
후계자	8
훌륭해	8
훔친	8
흐름	8
흔들어	8
흔한	8
흘리고	8
히미	8
가냐	7
가라니까	7
가져갈	7
가책	7
간다고요	7
갈아	7
감시해	7
갑니까	7
갔나요	7
갔는데	7
갖춰라	7
같소	7
같으니라고	7
같으면	7
개발	7
개시	7
개인적으로	7
개자식들아	7
거꾸로	7
거면	7
걱정돼	7
걱정하고	7
걸다	7
걸면	7
걸어서	7
겐키치	7
견딜	7
결코	7
결투	7
결혼하지	7
결혼해	7
경찰들	7
경치	7
계셨어요	7
계속해서	7
계절	7
고도	7
고문	7
고용한	7
곤돌라	7
과자	7
관점	7
관해	7
괜찮고	7
괴벨스	7
교신	7
교활한	7
구식	7
구역질	7
구했어	7
군복	7
굴	7
궁금해서	7
귀걸이	7
그랬던	7
그랬잖아	7
그럴까요	7
그렇게나	7
그렇겠지	7
그렇군	7
그렇습니다	7
그릴	7
그만둘	7
기다리다	7
기대	7
기부츠지	7
기쁨	7
기어	7
기억나니	7
기온	7
긴장	7
깊게	7
깨어	7
깨진	7
꺼버려	7
꺼지지	7
꼽추	7
꾸물대지	7
꿇고	7
끄다	7
끝나지	7
나가라	7
나게	7
나고	7
나니	7
나세요	7
나왔니	7
나을	7
나츠코	7
나타나지	7
낚시	7
남았습니다	7
낫죠	7
났지	7
낮춰	7
내려줘	7
내렸다	7
내리다	7
내밀어	7
냄비	7
넘어간	7
넣지	7
노동자	7
노래하는	7
노트	7
놓아	7
놓으라고	7
놓지	7
놔두지	7
놔둬요	7
누군	7
눈빛	7
느끼는	7
늦은	7
다양한	7
다하다	7
달다	7
달리기	7
달았어요	7
당	7
당분간	7
대니	7
대상	7
대우	7
대형	7
더워	7
덕	7
데이빗	7
도둑질	7
도또르	7
도망쳤어	7
도망치는	7
도착했다	7
도착했어	7
독서	7
돌려보내	7
돌리다	7
돌아가신	7
돌아가야	7
동물들	7
동지들	7
돼지고기	7
됐고	7
됐소	7
되겠소	7
되기	7
되니까	7
되어야	7
두다	7
두령	7
드	7
드니	7
드리다	7
들리세요	7
들린	7
들립니까	7
들어가게	7
들어가서	7
들어가야	7
들어갔어요	7
들었나요	7
들었는데	7
듯한	7
디드릭슨	7
땄어요	7
때리지	7
때문에요	7
땜에	7
뚫고	7
라구	7
라구요	7
라이터	7
랜달	7
러닝	7
로버츠	7
료샤	7
루크	7
룸	7
리모컨	7
리야	7
리우	7
리카르도	7
리타	7
린다	7
마르셀로	7
마리온	7
마법부	7
마법사님	7
마신	7
마쿠로	7
마환	7
막는	7
막히다	7
만나게	7
만나기	7
만나지	7
많은데	7
말구	7
말대로	7
말라구	7
말로	7
말이다	7
말이죠	7
말하기	7
말하더라	7
말해라	7
말해볼래	7
말해봐요	7
말했나	7
말했나요	7
말했니	7
망설여	7
맞습니까	7
맞으면	7
맞을	7
맡아	7
매력	7
매리	7
맹세해	7
머릴	7
먹게	7
먹기	7
먹니	7
먹여	7
멀어	7
멀쩡해	7
멈추는	7
멋대로	7
멋지게	7
면도	7
모금	7
모기	7
모르도르	7
모른	7
목표물	7
못하나	7
무례하게	7
무섭게	7
무슨일	7
묻어	7
물어도	7
물어볼	7
뭐고	7
뭐니	7
뭐더라	7
뭐하러	7
미나	7
미사일	7
미쳐	7
미치겠네	7
미행	7
미혼	7
믿겠어	7
믿나요	7
믿으라고	7
바닷가	7
바래	7
바브	7
바스티안	7
반대쪽	7
받아요	7
발자국	7
발작	7
발표	7
방망이	7
방울	7
방패	7
배경	7
배고파	7
백업	7
밴	7
뱀파이어	7
버렸어	7
버섯	7
버튼	7
벗겨	7
베르나르	7
베이비	7
벨	7
보고만	7
보내지	7
보니까	7
보신	7
보이니	7
보지도	7
보호자	7
복장	7
본성	7
봐서	7
봤다는	7
봤을	7
부탁드립니다	7
부탁합니다	7
부탁해도	7
부패	7
분노	7
불가능	7
불러야	7
붙었다	7
브라운	7
비누	7
비도문	7
비법	7
비자	7
비켜라	7
비토	7
빈쯔	7
빌려줄래	7
빌어	7
빠르다	7
빼다	7
뺨	7
뿔	7
사강	7
사러	7
사루만	7
사망	7
사용	7
사탄	7
사회적	7
살라고	7
살릴	7
샐리	7
생리	7
생존자	7
서라	7
서비스	7
서커스	7
설교	7
성별	7
성질	7
세월	7
섹시한	7
소동	7
소련놈들	7
소령	7
속였어	7
손녀	7
손목	7
솔로	7
솜씨	7
쇼핑	7
수녀	7
수미	7
수박	7
수소	7
수천	7
수확	7
숙소	7
순순히	7
순식간	7
쉬다	7
스누피	7
스위치	7
스티브	7
스프링어	7
스피라	7
시야	7
시작할까요	7
시켜	7
식구들	7
신나는	7
신자	7
실제	7
싫어한다	7
싫은가	7
싫지	7
싱글	7
싶진	7
싸워라	7
썅	7
쏜	7
쓰여	7
쓸까	7
아녀	7
아니라구	7
아니예요	7
아름답지	7
아무튼	7
아파서	7
아프니	7
아하	7
악한	7
안부	7
안전해	7
안지오	7
않	7
않네	7
않네요	7
않는다고	7
않아도	7
않으세요	7
알기	7
알려줄	7
알려줄까	7
알려줘	7
알아들어요	7
알았냐	7
알았니	7
알어	7
알파카	7
앞쪽	7
애새끼	7
앤지	7
야채	7
약속한	7
약속할게	7
얘기도	7
얘기했어	7
어딘데	7
어딨는데	7
어딨니	7
어쨌어	7
어쩌겠어요	7
어쩌다가	7
어쩌라는	7
없네요	7
없는데요	7
없으니	7
없으세요	7
에도	7
엘리아나	7
엠마	7
여기요	7
여왕	7
연	7
연인	7
열다	7
염소	7
였나요	7
였다면	7
영감	7
영수증	7
옆집	7
예술가	7
예외	7
오는데	7
오니	7
오르다	7
오죠	7
오천	7
온다고	7
온도	7
올라가서	7
올라가요	7
올라와	7
왔군	7
왕두	7
왕창	7
왠	7
외로워	7
요가	7
요르키	7
요청	7
용돈	7
우째	7
운전하는	7
울버린	7
울음	7
울타리	7
웃지	7
워터포드	7
원수	7
원칙	7
원한	7
원했던	7
월식	7
윌리엄	7
유죄	7
유품	7
유혹	7
은신처	7
의도	7
의문	7
의사들	7
이거나	7
이거든	7
이랬어	7
이보게	7
이상하네	7
이야말로	7
이었는데	7
인구	7
인원	7
일들	7
일본군	7
잃고	7
잃은	7
입어	7
입었어요	7
입자	7
있겠소	7
있군	7
있기	7
있기를	7
있긴	7
있길	7
있냐고요	7
있대	7
있었냐	7
있었을	7
있을지	7
있지만	7
자긴	7
자녀	7
자도	7
자신감	7
자폐증	7
작다	7
잘하는	7
잘할	7
잘했다	7
잡아봐	7
잤니	7
장관	7
장난하나	7
재산	7
재앙신	7
잭슨	7
저번	7
저지른	7
적게	7
전략	7
전선	7
정장	7
제29장	7
제30장	7
제42장	7
제58장	7
제76장	7
제84장	7
제86장	7
제92장	7
제기랄	7
제트기	7
제품	7
졌어	7
조정	7
좋겠지	7
좋아하는지	7
좌석	7
죄송한데	7
죄인	7
주겠어요	7
주려고	7
주민들	7
주요	7
주차	7
주차장	7
죽길	7
죽다	7
죽이라고	7
죽인다	7
죽인다고	7
중간	7
줘봐	7
줬나	7
줬어요	7
줬죠	7
증언	7
지겨워	7
지고	7
지나친	7
지내니	7
지니	7
지니고	7
지면	7
지붕	7
지점	7
진술	7
진정	7
진정하라고	7
집단	7
집어치워	7
집중해	7
짓거리	7
짝	7
쫓는	7
찍고	7
찍는	7
찍었어	7
차다	7
차투르	7
참으로	7
찾기	7
찾아온	7
채식주의자	7
챙길	7
처녀	7
처단하라	7
처리	7
처벌	7
천장	7
첫날	7
쳐다보지	7
쳐라	7
초록색	7
총장님	7
추	7
추적	7
축배	7
출동	7
충동	7
충분하지	7
춰	7
취소	7
취했어	7
측	7
치마	7
치카	7
친	7
친절	7
카를로타	7
카트	7
칼렙	7
커튼	7
케이블	7
케이시	7
쿠로스케	7
쿠퍼	7
크리스타	7
크림	7
클라크	7
클레리치	7
키릴	7
키키	7
키팅	7
타입	7
타자	7
탁	7
탄크레디	7
탐바야	7
탑승	7
태국	7
태어났어	7
테니까요	7
테일러	7
토토	7
통할	7
투자	7
투코	7
튀어	7
트렁크	7
트윈스	7
특별	7
틀린	7
틀어	7
티비	7
팀장님	7
파브리지오	7
파비우	7
판결	7
팔고	7
팔아요	7
팜버트	7
패거리	7
펀치	7
펴다	7
폭포	7
풀어줘	7
프란츠	7
프랑	7
피예로	7
핀	7
필요하죠	7
필요하지	7
필요한가	7
핑계	7
핑크	7
하는구나	7
하사님	7
하셨어	7
하시겠어요	7
하시지	7
한계	7
한두	7
한패	7
할리우드	7
해당	7
해봐요	7
해일	7
해킹	7
했네	7
행동해	7
행복하게	7
헤르만	7
형씨	7
홍콩	7
화났어	7
화성	7
화요일	7
훔치려고	7
흙	7
희생	7
가긴	6
가끔씩	6
가는지	6
가닉	6
가란	6
가려면	6
가려요	6
가루	6
가르칠	6
가정부	6
가져올	6
가져왔나	6
가지마	6
각	6
간다는	6
간단하게	6
간단한	6
간단히	6
갈라	6
갔는지	6
갔었어	6
갔으면	6
강제로	6
강하게	6
강해	6
강해질	6
같이요	6
개같은	6
거는	6
걸릴	6
겉	6
게다	6
겠어	6
겪고	6
겪다	6
결혼할	6
계시면	6
계좌	6
고객	6
고래	6
고민	6
고소	6
고아원	6
고약한	6
고요	6
고집	6
고통받고	6
곱다	6
공부해야	6
공부해요	6
공화국	6
과제	6
관객	6
괜찮겠어	6
괜찮냐	6
교복	6
교수형	6
교전하지	6
교통사고	6
교환	6
구	6
구해줄	6
국민들	6
국왕	6
군사	6
굶어	6
궁지	6
권총	6
권한	6
궤도	6
귀머거리	6
그따위로	6
그래야지	6
그랬나	6
그랬다고	6
그랬대	6
그럴지도	6
그레이	6
그리곤	6
그만하세요	6
그분들	6
그야	6
그치만	6
근디	6
근육	6
금붕어	6
금속	6
급히	6
기간	6
기다리게	6
기다리는데	6
기다리세요	6
기대하고	6
기대한	6
기압	6
기억나는	6
기억력	6
기억하죠	6
기준	6
기한	6
기후	6
까요	6
까진	6
깎아	6
깨	6
깨워	6
꺼져라	6
꺼줄래	6
꺼지다	6
껍질	6
꼬맹아	6
꽤나	6
꾸고	6
끌	6
끌어	6
끝날	6
끝내야	6
끝내주지	6
끝냈어	6
끼었어	6
나가고	6
나눠	6
나눠요	6
나눴어요	6
나는데	6
나발니	6
나오게	6
나오고	6
나왔나	6
나을까	6
나츠코씨	6
나타야	6
나탈리	6
낙타	6
난간	6
난다	6
남긴	6
남길	6
남동생	6
남았나	6
남자애	6
났다	6
낮잠	6
낯	6
내놓으라고	6
내려가서	6
내려놓으라고	6
낸들	6
냉장고	6
넘겨	6
넘어가요	6
넣으세요	6
노란	6
노란색	6
녹기	6
녹스	6
놀	6
놀라워	6
놀려	6
놓은	6
놓치지	6
놨어	6
뇌물	6
누굽니까	6
누님	6
누드	6
느껴	6
느끼고	6
늘었어요	6
닉스	6
다물고	6
다이안	6
닫아요	6
달라니까	6
달린다	6
닮았어	6
담뽀뽀	6
답변	6
닷새	6
당연한	6
당하다	6
닿으면	6
대나무	6
대답하기	6
대회	6
댈러스	6
더더욱	6
덤벼라	6
덩치	6
데려왔지	6
데이비스	6
데이터	6
데인	6
도와주실	6
도와줄래요	6
도와줬으면	6
도일	6
도착하면	6
독일군	6
돌격	6
돌볼	6
돌아가세요	6
돌아가요	6
돌아와서	6
돕는	6
동정	6
됐습니까	6
됐을까	6
됐잖아	6
되려면	6
된다고요	6
두려운	6
두세요	6
드럼	6
드리스	6
들어가고	6
들어보세요	6
들어볼래	6
들어오는	6
들어오세요	6
들어올	6
들어왔지	6
들어줄래	6
들었냐	6
들을래	6
디	6
디스크	6
디지털	6
딜러	6
따는	6
따라야	6
따르다	6
따를	6
떨어졌다	6
떨어질	6
똑똑해	6
똥머리	6
뚱땡이	6
뛰는	6
뜨다	6
뜯어	6
라고는	6
라스토기	6
러브	6
레스트랭	6
레이스	6
레인저	6
레토	6
로는	6
로밀리	6
로젠펠드	6
루시오	6
리건	6
리스트	6
릴케	6
마담	6
마당	6
마리솔	6
마마	6
마셔야	6
마시자	6
마이애미	6
마주할	6
마지	6
마차	6
만났으면	6
만드나	6
만들까요	6
만들면	6
만들죠	6
만들지	6
만져	6
많으면	6
많죠	6
말고는	6
말라니까	6
말란	6
말버릇	6
말해줄까	6
망했어	6
맞았지	6
맞잡고	6
맥박	6
맥스	6
맹세	6
먹어서	6
먹었니	6
먹자	6
멈춰라	6
멋지죠	6
멍청이들	6
메르세데스	6
메리트	6
면접	6
모든걸	6
모르겠는데	6
모르니	6
모르죠	6
모르지만	6
모셔	6
모시고	6
모친	6
목욕	6
몰리	6
몹시	6
못하겠어	6
못한다	6
못한다고	6
무고한	6
무디	6
무례한	6
무시하는	6
무시해	6
무용지물	6
무지개	6
묻고	6
물러서요	6
물어보지	6
물어볼게요	6
뭐랬죠	6
뭐했어	6
뭘요	6
뮤직	6
미쳤냐	6
미팅	6
민족	6
믿게	6
믿었어	6
바꾸고	6
바뀐	6
바나나	6
바늘	6
바라나	6
바보짓	6
바빠서	6
바쁜	6
바짝	6
박스터	6
반대로	6
반동	6
반장	6
받기	6
받아들일	6
발목	6
방문	6
배신	6
배우다	6
배워	6
백화점	6
버리겠어	6
버리지	6
버전	6
버트	6
번역	6
벌려	6
벌리고	6
벌집	6
법원	6
법칙	6
벗다	6
베개	6
베네치아	6
베이츠	6
베츨러	6
베토벤	6
벨레스	6
벨트	6
변소	6
보고해	6
보기엔	6
보내요	6
보내줘	6
보냐	6
보다는	6
보드	6
보십시오	6
보이스	6
보이십니까	6
보헤미아	6
보호해야	6
복사	6
봤던	6
봤자	6
뵐	6
부르다	6
불가	6
불가능해	6
불러줘	6
불렀어	6
불렀어요	6
불발	6
불편한	6
붉은	6
붙었어	6
브라이언	6
브루스	6
블라디미르	6
비록	6
비앙카	6
비용	6
비웃어	6
비웃었지	6
비행석	6
빅	6
빌딩	6
빌어요	6
뻔한	6
사귄	6
사내	6
사무라이님	6
사미	6
사셨어요	6
사소한	6
사악한	6
사용자	6
사용할	6
사우론	6
사지	6
사항	6
사흘	6
산도발	6
산속	6
산티아고	6
살아남을	6
살아남지	6
살아온	6
살아있어	6
살아있어요	6
살죠	6
상관없어요	6
상담	6
상당히	6
상병님	6
상상력	6
상식	6
상하이	6
샅샅이	6
새것	6
생각보다	6
생각하면	6
생각하오	6
생각해야	6
생겼지	6
생전	6
서독	6
서요	6
석유	6
선택한	6
성공했어	6
성관계	6
세기	6
세스	6
센서	6
셀레스트	6
셰퍼드	6
소개합니다	6
소방서	6
소송	6
소음기	6
소장님	6
소재	6
소피아	6
손잡이	6
송서래	6
쇼코	6
숀	6
수녀님	6
수단	6
수백	6
수사	6
수안	6
수입	6
수준	6
수행	6
숙부님	6
순서	6
순전히	6
숨기는	6
쉬	6
슈타이너	6
슈타지	6
슈퍼	6
스미골	6
스턴트맨	6
스피커	6
슬슬	6
습관	6
승무원	6
승부	6
승인	6
승자	6
시간문제	6
시게루	6
시나리오	6
시무스	6
시비	6
시작해야	6
시작했어	6
시청	6
신랑	6
신용카드	6
신청	6
신체	6
실	6
실패하면	6
실험체	6
심리	6
싶소	6
싶었다	6
싶었어요	6
싶었지	6
싶으세요	6
싶은가	6
싶죠	6
싶지만	6
싸서	6
싸웠어	6
싸웠어요	6
싸치	6
싼	6
썩어	6
쎈	6
쓰려고	6
쓸데없는	6
씻어	6
아는가	6
아는데	6
아니니까	6
아니라는	6
아니었나	6
아니었지	6
아니잖아요	6
아라고른	6
아라곤	6
아름답습니다	6
아무거나	6
아실	6
아프다고	6
아프지	6
안다는	6
안되는	6
안전할	6
안쪽	6
앉다	6
않던가요	6
않았다면	6
않았을까	6
않을래요	6
않잖아	6
알겠네	6
알겠다	6
알려지지	6
알아냈어	6
알아들었어	6
알아보겠나	6
알았소	6
알았으면	6
암흑	6
앤드류	6
야니	6
양복	6
어디서	6
어딨냐고	6
어때서요	6
어떠신가요	6
어떠한	6
어떡하면	6
어떡할래	6
어떨	6
어렵지	6
어린이	6
어미	6
어울리는	6
어울리지	6
어쩌게	6
어쩌겠나	6
어쩌자는	6
얼어	6
엄브릿지	6
없겠죠	6
없군요	6
없단다	6
없도록	6
없어도	6
없었는데	6
없었다면	6
없었지	6
없잖소	6
엉뚱한	6
엉터리	6
엘	6
엘사	6
여자애들	6
여잔	6
연결	6
연락해	6
연세	6
연주해	6
열두	6
였다	6
였소	6
영리한	6
예끼	6
예쁜데	6
예절	6
오다니	6
오무	6
오스트레일리아	6
온종일	6
올까	6
옮겨	6
와타나베	6
완전한	6
왕자님	6
왜냐고	6
왜냐면	6
외워야	6
요일	6
요점	6
욕실	6
용무	6
우르르	6
우습게	6
우울해	6
우편물	6
우현	6
우희	6
운전사	6
운전할	6
울어요	6
워크맨	6
원하나	6
원하십니까	6
위선자	6
유감	6
유바바	6
으로는	6
으로서	6
은퇴	6
을까	6
음악가	6
음향	6
응급	6
이겨	6
이고요	6
이놈들아	6
이따가	6
이라서	6
이러세요	6
이륙	6
이만	6
이모님	6
이보다	6
이상하다	6
이상한가	6
이성	6
이익	6
이제부터	6
이탈리아인	6
이해하는	6
인해	6
일세	6
일어나고	6
일지도	6
일한	6
읽는	6
읽으세요	6
입으면	6
입혀	6
있더라	6
있었다는	6
잉게	6
잊었나	6
자기소개	6
자길	6
자르면	6
자백	6
자비	6
자식들아	6
작아	6
잘났어	6
잘못되면	6
잘해요	6
잠든	6
잠수	6
잡아와	6
잡으면	6
장님	6
장벽	6
장애물	6
장애인	6
재미있지	6
재밌을	6
재빨리	6
쟤네들	6
저택	6
전속력	6
전할	6
전화하면	6
전화한	6
전화했어	6
전화했어요	6
젓가락	6
정거장	6
정리	6
정말요	6
정문	6
정숙	6
정식	6
정신적	6
정영희	6
정오	6
정치적	6
정한	6
정해	6
제15장	6
제49장	6
제65장	6
제네바	6
제도	6
제멋대로	6
졌어요	6
조슈에	6
조엘	6
조용해	6
조종	6
조종하는	6
조카	6
좋겠네	6
좋아하니	6
좋았지	6
주겠다고	6
주니어	6
주디 홉스	6
주방장	6
주식	6
주죠	6
주지사	6
죽겠네	6
죽겠어	6
죽었나	6
죽였나요	6
죽였다는	6
죽였잖아	6
죽였죠	6
죽으려고	6
죽을래	6
죽일까	6
준비됐지	6
줄게요	6
줄리안	6
줄리오	6
중국인	6
중력	6
중요하다	6
중요하지	6
줬다고	6
증오	6
증오해	6
지금껏	6
지나갈	6
지내세요	6
지내지	6
지냈냐	6
지는	6
지루해	6
지르지	6
지쳤어	6
진동	6
진지	6
진지하게	6
짐승들	6
집어넣어	6
짓는	6
짓들	6
짖는	6
쪽지	6
차우	6
차원	6
착하게	6
참고로	6
참다	6
찾아내	6
찾아낼	6
찾았나요	6
챙겨서	6
챙겼어	6
챙겼지	6
처리할	6
처먹어	6
처음부터	6
천년	6
천존	6
청년	6
청소기	6
체트	6
춤추는	6
충돌	6
충성	6
취급	6
취해	6
치지	6
치킨	6
친다	6
친절한	6
칠	6
카네이션	6
카버	6
칼라	6
캡틴	6
커다란	6
커티스	6
컨티넨탈	6
케드릭	6
케이퍼	6
켜는	6
켜다	6
코스튬	6
코카인	6
코코	6
코클리	6
콘서트	6
쿡	6
크고	6
키리티스	6
키요코	6
키우는	6
키워	6
타이	6
타지	6
타탈리아	6
태워줄래	6
텅	6
테냐	6
토	6
통과	6
통해서	6
퇴근	6
투명한	6
투지	6
툰드라타운	6
트릭	6
특별히	6
틀렸어요	6
틀림없어	6
틀림없이	6
티나	6
파괴할	6
파이바	6
파이팅	6
파인애플	6
팔아	6
팔자	6
팬티	6
편집증	6
평범하게	6
포기	6
포기할	6
포기해	6
포르노	6
포유류	6
포지	6
폭파	6
폴라	6
폼	6
표적	6
풀고	6
풀밭	6
풀어요	6
품다	6
프리츠	6
플로레트	6
플린	6
피고인	6
피곤하지	6
피야	6
피었어요	6
피에르	6
피워도	6
피클	6
피할	6
하겠니	6
하겠다고	6
하겠소	6
하겠지	6
하급	6
하라는	6
하셔	6
하수구	6
하시겠습니까	6
하시라	6
하실래요	6
하십니까	6
하아	6
하위	6
하잖아요	6
학자	6
한국말	6
한꺼번에	6
한잔할까	6
한테요	6
할거	6
할당량	6
할인	6
합의	6
해결해	6
해군	6
해나	6
해냈구나	6
해냈습니다	6
해보고	6
해볼래	6
해봤나	6
해야할	6
해주고	6
해주세요	6
해주지	6
했길래	6
했더라	6
했었어	6
했잖소	6
향기	6
향수	6
헛간	6
헤이	6
헬기	6
헬리콥터	6
현관	6
현실적	6
호랑이	6
호빗	6
호빗들	6
혹	6
혹은	6
화끈하게	6
화물	6
화살	6
확률	6
확신해	6
확실하게	6
확실해요	6
확인하세요	6
회원	6
효진	6
훔쳤어	6
훔치고	6
휘파람	6
휴랜즈	6
휴전	6
흥미	6
흥분	6
흰색	6
힐다	6
힘들게	6
가겠소	5
가까이서	5
가는데요	5
가능할까	5
가능해요	5
가르쳤어	5
가르치려	5
가망	5
가법	5
가벼운	5
가볼까	5
가시겠어요	5
가시는	5
가실래요	5
가운데	5
가자구	5
가자니까	5
가져가게	5
가져가는	5
가져가도	5
가져가요	5
가져올래	5
가지러	5
각도	5
간식	5
간신히	5
갈수록	5
감당할	5
감동적	5
감사드립니다	5
감사해요	5
감시	5
감으세요	5
갔다가	5
갔었니	5
갔을까	5
갖게	5
같군요	5
같지는	5
같진	5
갚아	5
개들	5
개미	5
개자식들	5
갯지렁이	5
거길	5
거물	5
거액	5
거짓	5
거짓말하지	5
거친	5
거품	5
건방진	5
건배할까	5
걸리면	5
걸릴까요	5
검둥이들	5
검사관	5
검사님	5
겁주려는	5
게요	5
게으름	5
겨누고	5
겪는	5
결정했다	5
결혼하는	5
경계	5
경적	5
경주	5
계신가	5
계획대로	5
고것	5
고맙네	5
고맙다고	5
고맙소	5
고물	5
고양이들	5
고자	5
고장났다	5
고프다	5
곤란해	5
골리앗	5
공부할	5
공산당	5
공식	5
공식적으로	5
과목	5
과부	5
과장님	5
관객들	5
관리인	5
관찰	5
괜찮겠어요	5
괜찮나요	5
괜찮다고	5
괜찮았어	5
괜찮았어요	5
괜찮으십니까	5
괜찮은지	5
괴물들	5
교도소	5
교통	5
구경하러	5
구덩이	5
구만	5
구스타보	5
구오	5
구워	5
구원	5
구축함	5
구하는	5
구하다	5
구하지	5
구한	5
군데	5
군의관	5
궁	5
궁금하게	5
궁금하네	5
궁금한	5
궁둥이	5
권력	5
귀여워요	5
규모	5
그것들	5
그년	5
그다음에	5
그랬을까	5
그러기	5
그러시죠	5
그러지마	5
그런지	5
그룹	5
그만두다	5
그만두지	5
그만하라고	5
그만하지	5
그쯤	5
근방	5
급	5
급해	5
기관총	5
기껏	5
기녀	5
기념일	5
기다리라고	5
기드온	5
기르다	5
기병대	5
기뻐	5
기숙사	5
기술자	5
기억나지	5
기억하나요	5
기억하는	5
기장	5
기초	5
길어	5
김리	5
까지요	5
깨끗이	5
꺼야	5
꼬맹이들	5
꼴레오네	5
꿨어	5
끌다	5
끝났는데	5
끝났다	5
끝났습니다	5
끝내고	5
끝내준다	5
끝낼	5
끼고	5
나가도	5
나간다	5
나누면	5
나눌	5
나니까	5
나빠요	5
나쁘게	5
나오라고	5
나오세요	5
나오죠	5
나와봐	5
나와서	5
나왈	5
나이트 하울러	5
나타났어요	5
낙원	5
난도	5
날루	5
남녀	5
남다	5
남자애들	5
남지	5
났죠	5
낳지	5
내려가요	5
내렸나요	5
내리고	5
내서	5
낸	5
냈는데	5
너무너무	5
넘다	5
넣다	5
넣었니	5
넣었어요	5
네테이암	5
네프	5
노래할	5
노래해	5
노력했어	5
노먼	5
놀란	5
놀랄	5
놀아요	5
농담할	5
놓으면	5
놓으세요	5
놓을	5
놓쳤어	5
놓친	5
눈사람	5
느껴지지	5
느끼게	5
느끼지	5
늙었어	5
늦었지	5
니까요	5
니나	5
니콜	5
다니고	5
다르게	5
다르죠	5
다만	5
다물어	5
다비드	5
다시는	5
다운	5
다크초콜릿	5
닥쳐요	5
닦아	5
단순	5
닫아라	5
달고	5
달릴	5
달아나려	5
담당	5
당겨	5
당장요	5
닿지	5
대기	5
대마초	5
대머리	5
대사관	5
대왕마마	5
대응	5
대타	5
대표	5
댄버스	5
댄서	5
더는	5
더블	5
데려가도	5
데려갔어	5
데려다줄	5
데려와요	5
도깨비	5
도끼	5
도망친	5
도망친다	5
도와드릴	5
도와줘야	5
도준아	5
도즈	5
도착할	5
독립	5
독사	5
독일말	5
독일어	5
독한	5
돌겠네	5
돌보는	5
돌아가면	5
돌아가지	5
돌아갈까	5
돌아왔다고	5
동감	5
동기	5
동성애자	5
돼가	5
되겠죠	5
된거	5
된단	5
될걸	5
될지도	5
두구	5
뒈져라	5
뒤엔	5
뒤져	5
뒤져봐	5
드려야	5
드셨어요	5
들리니	5
들어가기	5
들어가다	5
들어갈까	5
들어봤어	5
들어오지	5
들어와서	5
들어왔다	5
들어줄	5
들었겠지	5
들었는지	5
듯하다	5
디에고	5
디즈니랜드	5
따뜻해	5
따라가면	5
딱지	5
떠나게	5
떠났어요	5
떠났죠	5
떡	5
떨고	5
떨어졌어요	5
떨어진다	5
똥차	5
뛰어요	5
라곤	5
라나	5
라이프	5
라인	5
레오나르도	5
레옹	5
렌고쿠	5
로드	5
로리	5
로마노	5
로스문다	5
로써	5
로즈마리	5
루나	5
루카	5
루카쉬	5
류	5
를요	5
리허설	5
린턴	5
릴루	5
릴리	5
릴리아나가	5
립스틱	5
링크스	5
마누엘라	5
마더	5
마르코	5
마셨어	5
마시다	5
마시러	5
마시바	5
마십시오	5
마중	5
마틴	5
막고	5
막달레나	5
막았어	5
만나든	5
만났다	5
만드네	5
만일	5
만조오	5
많네	5
많을수록	5
말귀	5
말라고요	5
말벌	5
말았어야	5
말어	5
말하던	5
말해보게	5
말해서	5
말해줄게	5
맛있네	5
망상	5
망치	5
망토	5
망했다	5
맞게	5
맞나요	5
맞네	5
맞아도	5
맞잖아	5
맞춰라	5
맞춰요	5
맞혀봐	5
매달	5
맥	5
맨발	5
맨손	5
머피	5
먹어봐	5
먹으라고	5
먹을까요	5
먹이	5
멀리서	5
멀미	5
멋있지	5
멋쟁이	5
멋지네	5
메달	5
메세지	5
멕시코	5
면허	5
면허증	5
명단	5
몇명	5
모란방	5
모랄레스	5
모르겠습니다	5
모르면	5
모르잖아	5
모스크바	5
모텔	5
모튼	5
목사님	5
목적지	5
몰랐지	5
몸매	5
못가	5
못할까	5
못해서	5
무거운	5
무거워	5
무기고	5
무당	5
무사해	5
무서워해	5
무어	5
문수	5
문화	5
묻었어	5
묻은	5
물가	5
물러가라	5
물러나	5
물레방아	5
물렸어	5
물어보라고	5
물어볼까	5
물어봤어	5
물었지	5
뭐냐고	5
뭐랬는데	5
뭐하게	5
뭐해요	5
뭔지는	5
미신	5
미안하네	5
미안하다고	5
미치겠군	5
민간인	5
민주주의	5
믿기	5
믿는다	5
믿니	5
믿다니	5
믿었어요	5
바꾸는	5
바뀌었어	5
바냐	5
바라고	5
바라나요	5
바란다	5
바르게	5
바보같은	5
바비우	5
바이크	5
박	5
박살낼	5
박쥐	5
반갑다	5
반년	5
반역자들	5
반하는	5
받나요	5
받아들이지	5
받아야	5
발랑탱	5
발언권	5
발포	5
밝혀	5
밤중	5
방아쇠	5
방어막	5
배고픈	5
배낭	5
배우들	5
배웠니	5
배후	5
백성들	5
밴더버그	5
버리는	5
벌어	5
베이거스	5
베커	5
베티	5
벨웨더	5
벽돌	5
벽장	5
변경	5
변했어요	5
보내달라고	5
보내십시오	5
보내줄	5
보라니까	5
보스코	5
보여드릴까요	5
보여주고	5
보여준	5
보이는구나	5
보인다고	5
보장	5
보초	5
보크	5
보험사	5
복권	5
본다	5
봤을까	5
뵈러	5
부끄러운	5
부디	5
부러졌어요	5
부러진	5
부르고	5
부른다	5
부리다	5
부상자	5
부적	5
부채	5
부츠	5
부탁했어	5
부품	5
분리	5
불과해	5
불안하게	5
불었어요	5
불의	5
붙여	5
붙잡고	5
브로	5
블랙	5
블링커	5
비겁한	5
비켜줄래요	5
빌릴	5
빌었어요	5
빠졌다	5
빠졌어	5
빨고	5
빼지	5
뻔했다고	5
사과할게	5
사다리	5
사도	5
사라져	5
사랑할	5
사령부	5
사면	5
사이다	5
사이즈	5
사태	5
사투리	5
산다고	5
산채로	5
살까	5
살려줘요	5
살아남는	5
살아남았어	5
살인마	5
삼아	5
삽	5
새들	5
새엄마	5
생각하게	5
생각하는데	5
생각하셨어요	5
생각했던	5
생겼네	5
생수	5
생신	5
샬롯	5
서두르지	5
석류	5
석탄	5
섞여	5
선두	5
선택권	5
성공할	5
성문	5
성벽	5
성인	5
세브린	5
세우라고	5
세우지	5
세워요	5
셀리베르스토프	5
셀리아	5
셔	5
소유	5
소포	5
속였지	5
속옷	5
속이려고	5
손들고	5
손들어	5
솔레	5
솔직하게	5
수녀원	5
수레	5
수면	5
수상한	5
수석	5
수영하러	5
수의	5
수정	5
숙이고	5
술병	5
술주정뱅이	5
숨기고	5
숨통	5
쉬워요	5
슈트	5
슈퍼마켓	5
스마트	5
스카프	5
스크린	5
스키	5
스탈링	5
스태더트	5
스테이크	5
스테판	5
스파게티	5
스파이더	5
스포츠	5
스프리발	5
스피커폰	5
습격	5
승상	5
시계탑	5
시노	5
시달리고	5
시도해	5
시리즈	5
시설물	5
시작한다	5
시작할까	5
시작해요	5
시집	5
시청률	5
시트	5
시험해	5
식구	5
식물	5
신가요	5
신뢰	5
신물	5
신선님	5
신용	5
신임	5
신입	5
신혼여행	5
실망했어	5
실어	5
실은	5
실종	5
실컷	5
실패했습니다	5
실험	5
싫은데	5
심정	5
십자가	5
싶겠어	5
싶겠지	5
싶은데요	5
싸우려고	5
싸우자	5
싸운	5
싸운다고	5
싸워야	5
쏘는	5
쏜다고	5
쏴라	5
쐈어	5
쐈어요	5
쐈잖아	5
쐈지	5
쓰레기들	5
쓸까요	5
씹는	5
아가리	5
아가씨들	5
아가츠마	5
아냐고	5
아니긴	5
아니지만	5
아닉	5
아름답고	5
아마드	5
아무렇지도	5
아미나	5
아버진	5
아보가스트	5
아비	5
아서	5
아셔	5
아시나	5
아시잖아요	5
아악	5
아우	5
아웃	5
아유	5
아제이	5
아주머니	5
아테나	5
아트레이유	5
아틀란티스	5
아편	5
아픈가	5
악수	5
안녕들	5
안녕하신가	5
안데르스	5
안드레아	5
안은	5
안했어	5
앉게	5
앉을래	5
않겠죠	5
않기	5
않느냐	5
않는데	5
않았는데	5
않았을	5
알랑	5
알려줬어	5
알면서	5
알면서도	5
알사탕	5
알아내	5
알아듣다	5
알아들었나	5
알아보겠어	5
알아볼까요	5
알아봐	5
알잖나	5
알지도	5
알지만	5
약속할	5
약속했잖아	5
약자	5
약해	5
약혼녀	5
양면	5
양키	5
얘기한	5
얘기했지	5
어긴	5
어도	5
어디있어	5
어디쯤	5
어땠나	5
어땠는지	5
어떠십니까	5
어떻게요	5
어야	5
어이구	5
어쨌다는	5
언급한	5
얻은	5
얻지	5
얼마짜리	5
엄지	5
업계	5
없어서	5
없어진	5
없음	5
없지만	5
에밀리	5
에밋	5
에서부터	5
에스포지토	5
에어컨	5
엘피	5
여덟	5
여든	5
여럿	5
여자아이	5
여쭤봐도	5
연락처	5
연못	5
연속	5
연합군	5
연회	5
열기	5
열려	5
열면	5
열살	5
열어라	5
였군	5
였던	5
였을까	5
영	5
영원	5
예르스카	5
예배	5
예비	5
예수님	5
예언	5
오겠지	5
오든	5
오라	5
오래전	5
오렴	5
오리	5
오브라이언	5
오븐	5
오사카	5
오실	5
오클라호마	5
온라인	5
올거야	5
올라	5
올라갈	5
올리고	5
올릴	5
올림픽	5
옳은	5
와봐	5
와주셔서	5
완벽하게	5
왔거든	5
왔잖아	5
왕비	5
왕재수	5
외부	5
외출	5
욕구	5
욕망	5
욕조	5
용궁	5
용암	5
우습지	5
우승자	5
우연히	5
우울증	5
우체국	5
운동화	5
운전하고	5
울기	5
울면	5
웃기는	5
웃기시네	5
원갑	5
원하세요	5
원한다고	5
원합니다	5
월드컵	5
웨이터	5
위골랭	5
위반	5
위성	5
위스콘신	5
위암	5
위험하지	5
윌리엄즈	5
유도	5
유럽인	5
유리	5
유즈루	5
유지해	5
유행	5
육식동물들	5
육지	5
은색	5
응답하라	5
의원	5
의하면	5
이겠죠	5
이구만	5
이기	5
이놈아	5
이동하십시오	5
이동해	5
이따위	5
이때	5
이래야	5
이러시는	5
이렇다	5
이방인	5
이사벨라	5
이슬람	5
이시오	5
이실두르	5
이야기하고	5
이었습니다	5
이었잖아	5
이제껏	5
이집트	5
이쯤	5
이태리	5
익명	5
인걸요	5
인데도	5
인상적	5
인스타그램	5
인형사	5
일기예보	5
일기장	5
일본인	5
일어나는	5
일어나다	5
일어나라고	5
일주일에	5
일치	5
일하게	5
일했다	5
읽어요	5
잃어버렸다	5
잃어버렸어	5
있거라	5
있다구	5
있어서요	5
있으니	5
있으라고	5
있으시죠	5
있을걸	5
있을지도	5
있제	5
있지도	5
잊을	5
자격증	5
자니	5
자동	5
자랐어요	5
자렴	5
자루	5
자매	5
자물쇠	5
자세하게	5
자자	5
자존심	5
자지	5
작별인사	5
작자	5
잔소리	5
잘될	5
잘못됐어요	5
잘못했다고	5
잘못했어	5
잘못했어요	5
잘생긴	5
잘자	5
잘하지	5
잠가	5
잠겨	5
잠겼어	5
잡아야	5
잡은	5
잡혔어	5
장군들	5
재미없어	5
재미있어	5
재밌었어	5
재주	5
쟤네	5
저세상	5
저절로	5
저항	5
적당히	5
적혀	5
전공	5
전등	5
전리품	5
전설	5
전진	5
전통	5
전투태세	5
전해줘	5
정리해	5
정비소	5
정신병자	5
정책	5
젖은	5
제25장	5
제니퍼	5
제때	5
제리	5
제시카	5
제어	5
제왕	5
제자들	5
제한	5
조나스	5
조심해서	5
조애나	5
조한슨	5
조회	5
존경	5
졸려	5
졸업	5
졸음	5
좀더	5
종말	5
종종	5
종착역	5
좋군	5
좋더라	5
좋아할	5
좋아할까	5
좋았어요	5
좋았을	5
주민	5
주유	5
주정뱅이	5
죽는다고	5
죽었는데	5
죽었잖아	5
죽음뿐	5
죽이기	5
죽이려는	5
준비할까요	5
중독	5
중독성	5
줘도	5
줘서	5
줬으면	5
줬지	5
즉각	5
지금까지	5
지껄여	5
지나가게	5
지나지	5
지내고	5
지낼	5
지냈니	5
지냈지	5
지르는	5
지름길	5
지배인	5
지상	5
지상낙원	5
지상팀	5
지식	5
지었어	5
지저분한	5
지폐	5
직감	5
진정해요	5
진태	5
진행	5
집엔	5
집합	5
짜샤	5
짭새들	5
찌르기	5
찍었어요	5
찍을	5
찢어	5
차가워	5
차리고	5
착륙	5
착오	5
찬물	5
찬차드	5
찰스	5
참호	5
찾아냈어	5
채소	5
채워	5
책들	5
책임질	5
처지	5
천만	5
청소부	5
체포해	5
초	5
초대	5
초등학생	5
초밥	5
총성	5
최신	5
추수	5
추잡한	5
축구공	5
축하드립니다	5
출입	5
춤추러	5
춥다	5
측면	5
치고는	5
치면	5
치사한	5
치우라고	5
치워라	5
치타	5
친구분	5
친애하는	5
친해요	5
침착하게	5
침착해	5
칭찬	5
카를로	5
카멜레온	5
카이카쿠	5
카즈토요	5
카지노	5
카펫	5
캐나다인	5
캐롤	5
커터	5
컨디션	5
코델	5
코유키	5
콩떡	5
쿠바	5
퀴자트	5
크레인	5
크로프	5
큰소리	5
클라라	5
키리	5
키쿠치요	5
키키모라	5
킵	5
타겟	5
타서	5
타세요	5
타이밍	5
타치바나	5
타카하시	5
탄환	5
탈래요	5
탐사	5
태울	5
태풍	5
터지는	5
테고	5
테러	5
텍사스	5
템플	5
토뇨	5
토마스	5
토이치로	5
통로	5
통보	5
통하다	5
퇴각하라	5
트랙	5
트레버	5
티벳	5
티아	5
파괴	5
파올라	5
파울러	5
파즈	5
팔았다	5
팔지	5
팔찌	5
팔코	5
패스	5
펌프	5
페랑	5
페직	5
평가	5
포로	5
포옹	5
포즈	5
폭격	5
폭발물	5
폭약	5
폭주족	5
폴크슈투름	5
풀어줘요	5
프로토콜	5
프리처보이	5
플리오라	5
피곤하시죠	5
피어스	5
피우는	5
필립	5
필요하오	5
하거든	5
하겠는가	5
하냐고	5
하더군	5
하던데	5
하도록	5
하디	5
하라구	5
하면요	5
하셨습니까	5
하시오	5
하여간	5
하여튼	5
하우저	5
하울러	5
하인리히	5
하진	5
하하	5
학기	5
학년	5
학살	5
한가운데	5
한가지	5
한다구	5
한잔하지	5
한참	5
한침	5
한편	5
함께라면	5
함선	5
항해	5
해결	5
해결하지	5
해답	5
해독제	5
해보겠나	5
해보셨어요	5
해산	5
해선	5
해줄래요	5
햄릿	5
했다고요	5
했어야지	5
향숙이	5
허드슨	5
헥터	5
현인	5
협정	5
협조	5
호	5
호스맨	5
호크룩스	5
혹시라도	5
화상	5
화제	5
확신해요	5
확인했습니다	5
환자들	5
회색	5
후딱	5
후보	5
흠뻑	5
흥분돼	5
희소식	5
히로인	5
힘내요	5
힘들었지	5
-지	4
X	4
가겠다고	4
가겠어요	4
가능할까요	4
가던	4
가둬	4
가든	4
가려고요	4
가려야	4
가르쳐준	4
가르침	4
가리는	4
가리지	4
가마	4
가만두지	4
가버려	4
가시지	4
가실까요	4
가야겠다	4
가야겠어	4
가야만	4
가위	4
가져오면	4
가져왔어요	4
가져왔지	4
가지세요	4
각오하고	4
간판	4
갈리네트	4
갈아타다	4
갈지	4
갈채프	4
감고	4
감식반	4
감아	4
감압	4
갑부	4
갔소	4
갔을	4
강가	4
강남학	4
강변	4
강해지고	4
강호	4
갖다줘	4
같구나	4
같다고	4
같아서	4
같애	4
같으냐	4
갚을	4
개새끼들아	4
개업식	4
거기다	4
거기선	4
거두다	4
거들	4
거라도	4
거스름돈	4
거실	4
거절	4
거절할	4
거짓말하면	4
거짓말했어	4
걱정해	4
건달	4
건드려	4
걷기	4
걷지	4
걸렸다	4
걸리나요	4
걸리는	4
걸었다	4
걸었어	4
걸을까	4
검은색	4
게세리트	4
게이바	4
결정한	4
결함	4
결혼기념일	4
경계해	4
경고하는데	4
경력	4
경례	4
경매	4
경제	4
경제학	4
경찰관	4
경향	4
경호원	4
계셨나요	4
계시나요	4
계시오	4
계시지	4
계십시오	4
계집	4
고대	4
고르세요	4
고를	4
고블린	4
고치는	4
곤충	4
골	4
골랐어	4
골프공	4
공격하는	4
공격해	4
공기탱크	4
공룡	4
공무원	4
공범	4
공부하는	4
공작님	4
공통점	4
관장님	4
광경	4
괜찮겠지	4
괜찮네	4
괜찮다	4
괜찮다면	4
괜찮소	4
괜찮으시죠	4
괜한	4
교사	4
교실	4
교육생	4
교정	4
구라	4
구면	4
구명정	4
구세주	4
구운	4
구하려고	4
구해야	4
구해준	4
구해줬어	4
구했다	4
구했지	4
국방부	4
군침	4
굴고	4
굿	4
궁전	4
권위	4
귀뚜라미	4
귀여워	4
귀엽다	4
귀엽지	4
그거면	4
그건가	4
그다지	4
그따위	4
그랑	4
그랑샹	4
그랬다는	4
그러겠어요	4
그러라고	4
그러셨어요	4
그럼에도	4
그렇소	4
그렇잖아요	4
그레타	4
그려요	4
그렸어	4
그렸어요	4
그름	4
그리스	4
그리스도	4
그리워	4
그만두고	4
그뿐	4
그새	4
그저께	4
그지	4
극복하다	4
근원	4
금자	4
기관차	4
기능	4
기다려라	4
기다렸어요	4
기다렸지	4
기다린	4
기도했어요	4
기로	4
기밀	4
기부	4
기뻐할	4
기쁜	4
기억나죠	4
기억들	4
기억하게	4
기억하시죠	4
기억할	4
기자들	4
기저귀	4
기절했어	4
기차표	4
길게	4
길바닥	4
까만	4
까불지	4
깎아서	4
깨끗하게	4
깨면	4
깨우지	4
깼어	4
꺼내줘	4
꺼도	4
꺼라	4
꼈다	4
꼭꼭	4
꼴통	4
꾸미고	4
꿔	4
끄지	4
끊다	4
끊어지는	4
끊임없이	4
끓여	4
끼다	4
나가신다	4
나간다고	4
나갈래	4
나갔나	4
나네	4
나무들	4
나쁘진	4
나사	4
나아요	4
나아졌어	4
나약함	4
나오니	4
나오셨어요	4
나왔죠	4
나왔지	4
나이스	4
나침반	4
나타나서	4
나타날	4
나타났다	4
나팔	4
낙하산	4
날려버릴	4
날마다	4
날아가는	4
남겼어요	4
남기고	4
남매	4
남았는데	4
남았죠	4
남을	4
남자답게	4
남작	4
남편분	4
남한	4
났는지	4
낭비하지	4
낮다	4
낳고	4
내기할까	4
내꺼	4
내놔요	4
내라	4
내려가면	4
내려가지	4
내려놔요	4
내려와요	4
내려왔어	4
내려요	4
내리기	4
내리라고	4
내말	4
내야	4
냈잖아	4
냐니까	4
냥반	4
너무하네	4
너무한	4
너무해	4
너한텐	4
넓다	4
넓어	4
넘기다	4
넘치는	4
넣을	4
넣을까	4
네즈코	4
네투	4
노	4
노래방	4
노력하고	4
노부	4
노새	4
노크	4
노파	4
논문	4
놀다	4
놀랍네	4
놀랐어요	4
놀랐죠	4
놀랐지	4
놀래요	4
놀려요	4
놀면	4
놈아	4
농부들	4
농사	4
높다	4
놓아줘	4
놓을까요	4
놓칠	4
놔줘요	4
누군지도	4
누출	4
눌러	4
느꼈어	4
느끼다	4
느낀	4
느리게	4
느린	4
늑대들	4
늦어	4
늦어서	4
늦었는데	4
늦으면	4
늦잠	4
늦잠잤어	4
늦지	4
니블스	4
다가오고	4
다같이	4
다과	4
다녀오세요	4
다녀오셨어요	4
다녀온	4
다녀왔어	4
다니세요	4
다요	4
다이슨	4
다쳐	4
다쳤나요	4
다쳤니	4
다치게	4
다친다	4
다하겠습니다	4
닥치지	4
단독	4
단둘이	4
단순히	4
닫아도	4
닫을	4
달라고요	4
달란	4
달랑	4
달성했다	4
달아나	4
달아서	4
달째	4
닮았지	4
담보	4
담장	4
답할	4
당겨요	4
당당히	4
당신네	4
당한	4
당할	4
닿는	4
대는	4
대단하네	4
대단하다	4
대대로	4
대륙	4
대리인	4
대부	4
대비	4
대신해	4
대역	4
대장장이	4
대중	4
대피	4
대피소	4
대화할	4
더냐	4
더든	4
더라도	4
더러워	4
더미	4
더위	4
던가	4
던지는	4
덥다	4
덥죠	4
데려가지	4
데려오면	4
데려왔어	4
데미언	4
데비	4
데이크	4
도나휴	4
도망가려고	4
도망가요	4
도망쳤다	4
도미닉	4
도시락	4
도와드려요	4
도와요	4
도와줘도	4
도와줘서	4
도와줬어요	4
도중	4
도착했습니다	4
돌멩이	4
돌봐줄	4
돌아오는	4
돌아왔는데	4
돌아왔습니다	4
동	4
동맹	4
동무	4
동의합니까	4
동의해	4
동족	4
동참할	4
동해	4
돼죠	4
됐구나	4
됐으니까	4
됐을	4
되	4
되겠다고	4
되겠지요	4
되는데요	4
되든	4
되려고	4
되십니까	4
두라고	4
두려운가	4
두세	4
둑	4
둘까	4
둘다	4
뒀어	4
뒈져	4
뒤져서	4
뒤졌어	4
뒷	4
드네	4
드는데	4
드라이만	4
드려도	4
드리죠	4
드릴	4
드릴까	4
드립니다	4
드셨나요	4
드시겠습니까	4
드시오	4
든지	4
듣게	4
들러	4
들렀다	4
들렸어	4
들리냐	4
들리는데	4
들리다	4
들린다	4
들어가지	4
들어갔다	4
들어볼까	4
들어봐요	4
들어오고	4
들어와도	4
들어왔어요	4
들었대	4
들었던	4
들었습니다	4
들으셨어요	4
들이다	4
들판	4
등급	4
등록	4
등장	4
따라오고	4
따라올	4
따라왔죠	4
따르라	4
딱총나무	4
딸기	4
딸내미	4
딸년	4
땅덩어리	4
땅속	4
때렸어요	4
때리는	4
때릴	4
떠나고	4
떠나기	4
떠나다	4
떠나도	4
떠돌이	4
떠들어	4
떡대들	4
떨려요	4
떨어	4
떨어졌어	4
떨어지라고	4
떨어지면	4
떼다	4
떼라고	4
뗏목	4
또래	4
똑같다고	4
똑똑히	4
뚝	4
뚱뚱한	4
뚱보	4
뛰게	4
뛰어라	4
뛰지	4
뜨거운	4
뜨거워요	4
뜨는	4
띄지	4
라스베가스	4
라틴어	4
래플린	4
랩	4
랬지	4
랭크	4
러너들	4
런닝맨	4
레이븐	4
레이싱	4
레일라	4
려고	4
로건	4
로버	4
로악	4
로웨나	4
로지	4
로켓	4
록	4
록시	4
루벤	4
루비	4
루퍼트	4
리노	4
리옹	4
리즈	4
마구	4
마냥	4
마련	4
마르완	4
마르티네즈	4
마른	4
마샤	4
마셔도	4
마술사	4
마술적	4
마시게	4
마시면	4
마왕	4
마음속	4
마이키	4
마작	4
마찬가지로	4
마티	4
마티아스	4
마히토	4
막대기	4
막사	4
만나봤어	4
만나야	4
만나자	4
만나죠	4
만났나	4
만드는데	4
만들어야지	4
만들어진	4
만듭니다	4
만약에	4
만져봐도	4
만족하지	4
만족해	4
만주	4
만하다	4
많습니다	4
말게	4
말고도	4
말뜻	4
말랬잖아	4
말랬지	4
말리지	4
말씀하셨죠	4
말씀하신	4
말았지	4
말자	4
말투	4
말하지마	4
말해줄래	4
말했어야	4
말했을	4
말했죠	4
맘껏	4
망	4
망가니엘로	4
망명	4
망치는	4
망하다	4
맞느냐	4
맞니	4
맞서	4
맞설	4
맞아서	4
맞았다	4
맞춰볼까	4
맞춰서	4
맡길	4
맡았어요	4
맡은	4
맡을	4
매국노	4
매는	4
매세요	4
매이	4
매직	4
맨필드	4
맹세할	4
맹세합니까	4
맹세해요	4
맺다	4
머독	4
머무는	4
머스크	4
머트	4
먹히는	4
멀어요	4
멀었나요	4
멈춰야	4
멋있어	4
멍청하게	4
메모	4
명확히	4
몇시	4
모듬	4
모르게	4
모르겠네요	4
모르겠소	4
모르시는	4
모른단	4
모리	4
모범	4
모으고	4
모퉁이	4
목격한	4
목욕하기	4
몬트리올	4
몰	4
몰랐는데	4
몰랐어요	4
몸집	4
못하면	4
못합니다	4
무단	4
무도회	4
무모한	4
무서워할	4
무선	4
무스	4
무스카	4
무슬림	4
무시무시한	4
무신	4
무엇보다	4
무전	4
무전기	4
무지	4
문서	4
문젠데	4
문턱	4
문학	4
묻잖아	4
묻죠	4
묻힌	4
물러나세요	4
물소리	4
물어보는	4
물어야	4
물었어	4
물으세요	4
물자	4
물증	4
물품	4
뭐라더라	4
뭐하냐	4
뭐할	4
미	4
미끄러져	4
미사	4
미션	4
미역국	4
미워하는	4
미쳤군	4
미친듯이	4
믿는다고	4
믿어져	4
믿어지세요	4
믿으면	4
믿죠	4
밀고자	4
밀치고	4
바꾼	4
바꿀까	4
바꿨어요	4
바뀌지	4
바니	4
바라요	4
바라죠	4
바르톨로메오	4
바른	4
바바	4
바비	4
바쁜데	4
바솔로뮤	4
바칠	4
바퀴벌레	4
바하	4
박현규	4
반딧불이	4
반면에	4
반복한다	4
반역	4
반짝이는	4
반쯤	4
받아들이는	4
받으라고	4
받으면	4
받으셨어요	4
발견한	4
발소리	4
발표했어요	4
밝혀라	4
밟고	4
밥맛	4
밥상	4
방벽	4
방앗간	4
방어	4
배고프니	4
배고프지	4
배관	4
배꼽	4
배심원	4
배웠어요	4
배웠죠	4
배웠지	4
배치	4
백색	4
백작님	4
뱉어	4
버려라	4
버릴까	4
버밍엄	4
버티고	4
벌금	4
벌어졌는지	4
벗어나	4
베네	4
베아트리스	4
베이	4
베이징	4
베이컨	4
베키	4
벤츠	4
벤크	4
벨라트릭스	4
벼락	4
변하고	4
변하면	4
변했어	4
변호사님	4
별자리	4
별종	4
보거라	4
보검	4
보겠어요	4
보군요	4
보내게	4
보내면	4
보냈습니다	4
보너스	4
보답하는	4
보라색	4
보렴	4
보로미르	4
보름달	4
보리	4
보물섬	4
보상	4
보수적	4
보시겠소	4
보시겠어요	4
보시는	4
보시지	4
보안부	4
보았나	4
보여주지	4
보였다	4
보이게	4
보이고	4
보이나요	4
보이네요	4
보이는군	4
보일러	4
보자는	4
보지마	4
보험금	4
복서	4
복잡한	4
복제	4
복종	4
본데	4
본때	4
본색	4
볼게	4
볼수	4
볼트	4
봉	4
봉지	4
봐줄래	4
봤다고요	4
봤습니다	4
봤으니	4
뵌	4
부끄러워	4
부도	4
부러뜨려	4
부르셨어요	4
부모님들	4
부숴	4
부어	4
부유한	4
부장	4
부적절한	4
부정	4
부족한	4
부족함	4
부탁드려요	4
부탁할	4
부탁할게	4
부탁해요	4
부탁했다	4
부터요	4
분대	4
분야	4
불교	4
불러라	4
불렀다	4
불리는	4
불쑥	4
불알	4
불지	4
불타고	4
불행	4
붓	4
붙다	4
붙을까	4
붙이게	4
붙인	4
붙지	4
브라보	4
브라우하우저	4
브레도또	4
브렌다	4
블론드	4
비관적	4
비닐하우스	4
비밀리에	4
비버	4
비벼	4
비스킷	4
비슷해	4
비워	4
비행사	4
빅스	4
빌려도	4
빌려줄	4
빌린	4
빗	4
빙산	4
빛나고	4
빠르고	4
빠져나가	4
빨간불	4
빨강	4
빨리들	4
빼고는	4
빼요	4
빼줄게	4
뺏긴	4
뺏어	4
뺑소니	4
뻔했다	4
사과하게	4
사과할	4
사나요	4
사나이	4
사는데	4
사는지	4
사다우카르	4
사라지면	4
사랑받고	4
사랑하나요	4
사랑하니	4
사랑한다는	4
사랑한단다	4
사랑합니까	4
사랑했어	4
사령관님	4
사무엘	4
사슬	4
사슴	4
사시나요	4
사안	4
사용해	4
사적	4
사적으로	4
사촌님	4
사케티	4
산다는	4
산불	4
산티노	4
살던	4
살려야	4
살려주세요	4
살맛	4
살아남은	4
살아있나	4
살아있나요	4
살았지	4
살자고	4
살해당했다는	4
삼천	4
삼촌들	4
삼켜	4
샀니	4
상대할	4
상부	4
상상해	4
상위	4
상의해야	4
상품	4
새뮤얼	4
샌드라	4
샌프란시스코	4
생각나	4
생각하겠지	4
생각하는지	4
생각하시죠	4
생각할까	4
생각해본	4
생각했는데	4
생각했니	4
생겼나	4
생겼나요	4
생겼는데	4
생겼는지	4
생겼죠	4
생기면	4
생길	4
샤론	4
샤워	4
샬럿	4
서는	4
서라고	4
서명할	4
서방님	4
서버	4
서세요	4
서유럽	4
서재	4
서프라이즈	4
선박	4
선반	4
선발	4
선발대	4
선천적	4
선택할	4
설	4
설령	4
설명해야	4
성스러운	4
성전	4
성지	4
세다	4
세대	4
세바스찬	4
세부	4
세오덴	4
세우고	4
세우다	4
세울	4
세워봐	4
세웠어요	4
세츠코	4
세탁기	4
세팅	4
션	4
소리쳐	4
소변	4
소시지	4
소심한	4
소용돌이	4
소화전	4
속아	4
속여	4
속을	4
속해	4
손권	4
손상	4
손수건	4
수고	4
수당	4
수분	4
수안아	4
수여한다	4
수요일	4
수익	4
수잔나	4
수직	4
순수	4
순수한	4
순식간에	4
숨겼지	4
숨고	4
숨바꼭질	4
쉬어도	4
쉬어야	4
쉬었다	4
쉬운데	4
쉬울	4
쉽다	4
쉿	4
슈퍼히어로	4
슈페어	4
스머로프	4
스승	4
스카우트	4
스케이트	4
스타이너	4
스탠	4
스턴트	4
스튜	4
스튜디오	4
스티커	4
스틱	4
스파르탁	4
스핑크스	4
슬퍼	4
승진	4
시가	4
시설	4
시스터	4
시원해요	4
시의회	4
시작되었습니다	4
시작해도	4
시작해볼까	4
시체들	4
시켜요	4
식다	4
식물들	4
식사할	4
신가	4
신경쓰지	4
신발끈	4
신사분들	4
신시아	4
신었어요	4
신지	4
실감	4
실례해요	4
실비아	4
실종된	4
실패	4
실패한	4
싫고	4
싫다면	4
심었어요	4
십니까	4
싱싱해요	4
싶겠어요	4
싶구나	4
싶습니까	4
싸구려	4
싸는	4
싸우면	4
써봐	4
썬더타운	4
썼는지	4
썼다	4
썼지	4
쏴버려	4
쏴봐	4
쑤셔	4
쓰기	4
쓰나	4
쓰는데	4
쓰던	4
쓰러졌다	4
쓰실	4
쓸게	4
쓸데없이	4
씨발놈아	4
씨팔	4
씬	4
씻을	4
아깐	4
아니겠어요	4
아니구나	4
아니까	4
아니시죠	4
아니었나요	4
아니었소	4
아닌지	4
아닐걸	4
아라민타	4
아래쪽	4
아름답네요	4
아만다	4
아무데	4
아쇼	4
아시겠소	4
아시겠어요	4
아시아	4
아싸	4
아씨	4
아오	4
아이구	4
아이돌	4
아이센가드	4
아일랜드인	4
아침식사	4
아택스	4
아틀라스	4
아팠어	4
아프냐	4
아픈가요	4
악어	4
악취	4
안가	4
안고	4
안내	4
안됐다	4
안되지	4
안사람	4
안심	4
안전벨트	4
안토니	4
앉는	4
앉았다	4
앉았어요	4
앉으면	4
앉은	4
앉지	4
않겠다고	4
않겠소	4
않겠습니까	4
않는다면	4
않아야	4
않았던가요	4
않았으면	4
않으려고	4
않으셨나요	4
않으신	4
알거든	4
알겠느냐	4
알기는	4
알던	4
알레르기	4
알려드립니다	4
알렸다	4
알몸	4
알베르트	4
알아낸	4
알아듣겠니	4
알아볼	4
알아야지	4
알아챘어	4
알았던	4
알았습니까	4
알약	4
알파	4
암탉	4
앗	4
앞뒤	4
앞잡이	4
애나	4
애니메이션	4
애송이	4
앤디	4
앨	4
앨리슨	4
앨릭스	4
앱	4
야간	4
야단	4
야옹아	4
약속하는	4
약속했어	4
양고기	4
양파	4
얘기하다	4
얘기하면	4
얘기하자고	4
얘기해요	4
얘기했어요	4
얘긴가요	4
얘긴데	4
어기다	4
어디든	4
어딥니까	4
어땠는데요	4
어떠셔	4
어떨지	4
어떻다	4
어떻지	4
어려	4
어려서	4
어림없어	4
어서들	4
어울려	4
어이쿠	4
어째야	4
어쨌길래	4
어쨌는데	4
어찌나	4
억지로	4
언젠데	4
얻었어	4
얻을	4
얼룩말	4
얼마든지	4
얼마만	4
얼만데	4
얼만지	4
엄청나게	4
없겠어	4
없고요	4
없긴	4
없다구	4
없다니	4
없던데	4
없앨	4
없어졌어요	4
없어지길	4
없을걸	4
엎드려요	4
엎드리라고	4
에드거	4
에로라	4
에마누엘라	4
에블린	4
에이스	4
에이토르	4
에이펙스	4
엘리자	4
여는	4
여름방학	4
여사	4
여사님	4
여왕님	4
여유	4
여장	4
연관	4
연락할	4
연방	4
열게	4
열받게	4
였고	4
였는지	4
였습니까	4
영규	4
영향력	4
영화계	4
예감	4
예쁘게	4
예쁜이	4
오거라	4
오겠소	4
오겠어	4
오겠어요	4
오길	4
오니까	4
오딜	4
오래됐나요	4
오르가슴	4
오버	4
오셨을까	4
오셨지	4
오시죠	4
오신다	4
오십시오	4
오염	4
옥수수	4
온대요	4
온몸	4
올라가면	4
올라갔어	4
올라갔어요	4
올라오지	4
올랐다	4
올려요	4
올렸어요	4
올리다	4
옮겨야	4
옳고	4
옳을까요	4
와라	4
와야	4
와이어	4
와줘서	4
완료되었습니다	4
완벽하지	4
완벽해	4
왔느냐	4
왔대	4
왔을까	4
왕궁	4
왠일	4
외교관	4
외상	4
요구한다	4
요리코	4
요오헤이	4
용감해질	4
용납	4
우리나라	4
우에노	4
운전면허증	4
울다	4
울리면	4
움직였어	4
움직이라고	4
움직이면	4
움직인	4
움직인다	4
웃게	4
웃냐	4
웃어요	4
웃어주마	4
웃을	4
워싱턴	4
원본	4
원숭이들	4
원작	4
원짜리	4
원천	4
원하면	4
원할	4
월마트	4
웹	4
위로해	4
위조	4
위해선	4
위험할	4
윅	4
윈치	4
윌리	4
윌버	4
윌슨	4
유감스럽게도	4
유난히	4
유니폼	4
유모	4
유산	4
유에	4
유치원	4
융리	4
융에양	4
으로써	4
은잔	4
은총	4
은폐장	4
은하계	4
음료	4
음반	4
의논	4
의심하는	4
의한	4
이거면	4
이건가	4
이건가요	4
이겨야	4
이곳저곳	4
이기는	4
이냐고요	4
이동한다	4
이라네	4
이라던데	4
이라서요	4
이랴	4
이러기야	4
이러냐	4
이럴까	4
이럴래	4
이럴수가	4
이럼	4
이며	4
이모백	4
이미지	4
이백	4
이병	4
이불	4
이삭	4
이상적	4
이상한데	4
이셨어	4
이송기	4
이신	4
이십	4
이어도	4
이자식	4
이중	4
이천	4
이토모리	4
이해하겠나	4
이해해요	4
이해했니	4
익다	4
익었어요	4
인간세계	4
인고	4
인쇄소	4
인자	4
인장	4
인정한	4
인줄	4
인지는	4
인형극	4
일격	4
일년	4
일대일로	4
일론	4
일루	4
일생	4
일어나면	4
일족	4
일출	4
읽기	4
읽으라고	4
읽은	4
잃는	4
잃었어요	4
잃었지	4
입는	4
입다	4
입맛	4
입어야	4
입을	4
있네요	4
있다니까요	4
있어야지	4
있었는데요	4
있었다고요	4
있었습니까	4
있었을까	4
있었잖아요	4
있으면서	4
있을거야	4
있을래요	4
있지요	4
잊어	4
잊어요	4
잎	4
자금	4
자나	4
자두	4
자든	4
자랐다	4
자랑스러워	4
자랴	4
자르고	4
자르는	4
자발적으로	4
자빠져	4
자신들	4
자아	4
자연스러운	4
작고	4
작품들	4
잔치	4
잔해	4
잘돼가요	4
잘됐다	4
잘들	4
잘라야	4
잘못됐나	4
잘못됐는지	4
잘하네	4
잘하는데	4
잘했어요	4
잠겼어요	4
잠드는	4
잠들지	4
잠자코	4
잡아도	4
잡아먹고	4
잡아먹을	4
잡았나	4
잡았지	4
잡으라고	4
잡으세요	4
잡종	4
잡히면	4
잡힌	4
잤소	4
잤지	4
장기	4
장난질	4
장난치는	4
장난치지	4
장난하냐	4
장식	4
재밌게	4
재밌지	4
재앙	4
잰스키	4
저기다	4
저기야	4
저녀석	4
저는	4
저딴	4
저래요	4
저러는	4
저러지	4
저럴	4
저번에	4
저승	4
저주해	4
적들	4
적은	4
전공하고	4
전까진	4
전면	4
전방	4
전사들	4
전시회	4
전쟁터	4
전정실	4
전타	4
전하실	4
전해요	4
전화해요	4
절도	4
절망	4
절벽	4
절친	4
젊은이	4
젊은이들	4
젊음	4
점등	4
점프	4
정류장	4
정리했어요	4
정성	4
정신적으로	4
정액	4
정작	4
정전	4
정해진	4
제게	4
제니스	4
제럴드	4
제보	4
제슈스	4
제어실	4
제주도	4
제출	4
젠이츠	4
젠장할	4
졌다	4
조깅	4
조나라	4
조던	4
조란	4
조사하고	4
조사해	4
조심해라	4
조심해야	4
조용하지	4
조종할	4
조차도	4
조화	4
족쇄	4
존 폴	4
존경할	4
존슨	4
존재한다고	4
좀비	4
좁은	4
좋니	4
좋다는	4
좋든	4
좋습니다	4
좋아하시나요	4
좋아했나	4
좋으련만	4
죄송	4
죄수	4
죄악	4
주겠다	4
주권	4
주나요	4
주무실	4
주문하신	4
주문했다	4
주방장님	4
주셨어	4
주술	4
주시면	4
주신	4
주여	4
주워서	4
주파수	4
죽	4
죽겠는데	4
죽든	4
죽어가고	4
죽어버려	4
죽었다고요	4
죽었죠	4
죽이다	4
죽이자	4
준비됐죠	4
준비하고	4
준비합니다	4
줄지	4
중대	4
중대한	4
중엔	4
중요하다고	4
중위	4
중위님	4
줘야지	4
줬는데	4
즐기는	4
지경	4
지기	4
지나간	4
지나갔어요	4
지내는	4
지내셨죠	4
지낸	4
지네브라	4
지루한	4
지르고	4
지리	4
지불할	4
지어	4
지어야	4
지어요	4
지었지	4
지으면	4
지적	4
지진	4
지침	4
지켜라	4
지켜보고	4
지켜보는	4
지켜야	4
지켜줄	4
지키기	4
지키지	4
지형	4
지휘	4
지휘관	4
직설적	4
진공	4
진단받았어	4
진정하고	4
질렀어	4
질병	4
집사	4
집사람	4
집세	4
집시	4
집회	4
짓나요	4
짓다	4
짓지	4
짜고	4
짜잔	4
짠	4
짧은	4
짬밥	4
쪼개	4
쫌	4
쫓아가	4
찍다	4
찍어줄까	4
찍으시죠	4
찍지	4
차가운	4
차는	4
차렸어요	4
착각한	4
착륙한	4
찬성	4
참치	4
창가	4
찾는다	4
찾아낸	4
찾아와	4
찾았습니다	4
찾았죠	4
찾으라고	4
찾으면요	4
찾죠	4
채굴기	4
채찍	4
챔피언들	4
처리해야	4
처음으로	4
처키	4
처해	4
천만에요	4
천지	4
철십자	4
철자	4
첫번째	4
첫째	4
청문회	4
청혼	4
체중	4
체포하는	4
쳐다보는	4
쳤다	4
초능력	4
총리님	4
총질	4
총통님	4
촬영해	4
추기경님	4
추리	4
추운데	4
추위	4
축	4
축음기	4
축하한다	4
출까	4
출까요	4
출산	4
출장	4
출처	4
충분치	4
충분해요	4
충전기	4
췄어	4
취업	4
치	4
치기	4
치라구	4
치러	4
치러야	4
치려고	4
치빌코이	4
치실질	4
치우는	4
치우지	4
치히로	4
친구여	4
친절해요	4
칠래	4
칠판	4
침략	4
침입	4
침해	4
카마도	4
카뷰레터	4
카페인	4
카프	4
칼버트	4
캐머런	4
커너	4
커녕	4
커서	4
커틀러	4
커플	4
컸지	4
케이터링	4
켜봐	4
코르테스	4
코펜하겐	4
코피	4
콜라	4
콜러	4
콧수염	4
쿄주로	4
쿠데타	4
퀴즈	4
퀵	4
큐	4
크네	4
크로아티아어	4
크리히바움	4
큰형님	4
클라우디아	4
클로하우저	4
키리코	4
키스했어	4
킹핀	4
타게	4
타고난	4
타면	4
타이머	4
타임리퍼	4
타임스	4
타조	4
타토에바	4
탁자	4
탈출할	4
탐정	4
태너	4
태생	4
태어날	4
태우는	4
탠저린	4
탸덴	4
터지면	4
테스	4
테킬라	4
텐데요	4
토드	4
토르	4
토비	4
토쿠베이	4
통증	4
통화한	4
투명	4
투표했어요	4
투하	4
툭	4
튀는	4
트렘블레이	4
트집	4
특기	4
특별해	4
튼튼해요	4
틀려	4
파고	4
파르메산	4
파멸	4
파산	4
파스타	4
파이브	4
파이프	4
파인	4
파치올라	4
판권	4
판돈	4
팔레스타인	4
팔았어요	4
패스해	4
패턴	4
패튼	4
팬더	4
팬케이크	4
퍼거슨	4
펄라인	4
페겔라인	4
페르민	4
페이지	4
펴	4
편도	4
편의점	4
편해	4
폐경	4
포기한	4
포장	4
표식	4
표절	4
푸른	4
푸스	4
품질	4
프란체스카	4
프러포즈	4
플라스틱	4
피고	4
피곤하게	4
피우고	4
피우다	4
피워	4
피웠어	4
피트	4
피핀	4
피하면	4
픽턴	4
필요하십니까	4
핏줄	4
하겠네	4
하곤	4
하네요	4
하더락	4
하드	4
하든지	4
하라니까	4
하려	4
하룻밤	4
하모니카	4
하버드	4
하셨나	4
하시게요	4
하시나	4
하시나요	4
하인	4
하찮은	4
한국인	4
한글	4
한달	4
한대	4
한순간	4
한심한	4
한심해	4
한잔할	4
한잔할래	4
한지	4
한테나	4
한판	4
할머니들	4
할머님	4
함께요	4
합격	4
합리적으로	4
합시다	4
해냈다	4
해달라고	4
해드릴까요	4
해보다	4
해보면	4
해보자는	4
해볼	4
해봤어요	4
해주는데	4
해주시겠어요	4
해주십시오	4
해준	4
해줬어	4
해줬지	4
해칠	4
했게	4
했고요	4
했다니까	4
했단	4
했었죠	4
했으니까	4
했지만	4
향숙	4
향하고	4
허상	4
허튼	4
허풍	4
헌신적	4
헌터들	4
헐	4
헛소릴	4
헬	4
현상	4
혈관	4
혈귀	4
혈액형	4
형들	4
형벌	4
혜령	4
호감	4
호기심	4
호들갑	4
호오	4
홀트	4
홈	4
화가	4
화내지	4
화낼	4
화산	4
화승총	4
화첨총	4
화학	4
확신하지	4
확실	4
확인되었습니다	4
확인할	4
확인해요	4
확인했나	4
확장	4
환영한다	4
회전하는	4
후진	4
훔쳐간	4
훔쳐갔어	4
훔칠	4
훔퍼딩크	4
흐음	4
흑백	4
흔들려요	4
흔들었어요	4
흡연	4
흥	4
흥분해	4
흥정	4
흩어져	4
희생양	4
히믈러	4
히터	4
힌두교	4
힘드네	4
힘든데	4
--	3
;	3
A	3
B	3
N	3
explanatory	3
—	3
―	3
ㄴ/는	3
가구	3
가길	3
가까워	3
가까워요	3
가냐고	3
가능	3
가능하긴	3
가능한가요	3
가능합니까	3
가다니	3
가득하다	3
가득한	3
가라앉았어	3
가려워	3
가령	3
가로막는	3
가르쳤지	3
가르치기	3
가르친	3
가릴	3
가만있으라고	3
가면서	3
가벼워	3
가볍게	3
가보실	3
가봐야	3
가봤어요	3
가상	3
가셨어요	3
가속	3
가시	3
가시겠습니까	3
가시면	3
가십니까	3
가십시오	3
가야죠	3
가야해	3
가업	3
가입	3
가자고요	3
가자는	3
가장무도회	3
가정교사	3
가져가면	3
가져가세요	3
가져가지	3
가져오겠니	3
가져올까요	3
가져와요	3
가져왔소	3
가졌는지	3
가졌죠	3
가죽	3
가줄래요	3
가지려는	3
가터	3
가톨릭	3
가호	3
간밤	3
간접	3
갇혔어	3
갈건가요	3
갈리아	3
갈아입어	3
감사했다	3
감상	3
감수성	3
감아요	3
감염됐어	3
감정적으로	3
감지	3
감지할	3
갑	3
갑옷	3
갓심	3
갔는가	3
갔습니다	3
갔었나	3
갔었어요	3
강간씬	3
강압적	3
강의	3
강자	3
강하지	3
강해져야	3
갖다줄래	3
갖춰	3
같긴	3
같다는	3
같을까	3
같잖아	3
같지가	3
같지만	3
갚게	3
갚다	3
갚아야	3
갚지	3
개막	3
개망신	3
개발자	3
개소리하지	3
개시꺄	3
개요	3
개좆같은	3
개코원숭이	3
객석	3
갤러거	3
갱단	3
갱신하다	3
걔네	3
거기엔	3
거깄어	3
거다	3
거대	3
거든요	3
거듭	3
거라니까	3
거만한	3
거미줄	3
거봐	3
거북이	3
거역해요	3
거인	3
거절했어	3
거주하고	3
거쳐	3
거쳐서	3
거칠게	3
걱정해야	3
건너	3
건너는	3
건너야	3
건너편	3
건드리면	3
건드리지마	3
걷는	3
걷어	3
걷자고	3
걸게	3
걸기	3
걸려서	3
걸리는데	3
걸리다	3
걸릴까	3
걸어갔다	3
걸어봐	3
걸을래요	3
걸음마	3
걸지	3
걸지도	3
걸쳐	3
검객	3
검시관	3
겁나지	3
겁쟁아	3
게니	3
게르다	3
게서	3
게오르그	3
게이샤	3
겐카	3
격	3
겪었는지	3
겪은	3
견디겠다고	3
견디기	3
결과적으로	3
결백하다는	3
결의	3
결정권자	3
결정적	3
결정하는	3
결정할	3
결정해	3
결혼하게	3
결혼하고	3
결혼할래	3
결혼해요	3
결혼했습니다	3
겸	3
경고했지	3
경광등	3
경비원	3
경손	3
경운기	3
경쟁	3
경지	3
계산대	3
계셨군요	3
계속해도	3
계속해요	3
계시는	3
계실까	3
계십니다	3
계정	3
계획한	3
고된	3
고르다	3
고리	3
고마운	3
고소할	3
고속	3
고속도로	3
고수	3
고스트	3
고장났어	3
고장났어요	3
고정하고	3
고집불통	3
고치다	3
고티에	3
고파요	3
고프로아	3
고해	3
골라	3
골라서	3
골랐어요	3
골아	3
곱창	3
곱하기	3
공격한	3
공격할	3
공공	3
공동묘지	3
공부하기	3
공부하다	3
공사	3
공세	3
공중	3
공짜로	3
공화국군	3
과학적	3
관둬	3
관련하여	3
관련해	3
관리자	3
관세음보살님	3
관제실	3
관중	3
관청	3
관해서	3
광둥어	3
광산	3
괘씸한	3
괜찮겠죠	3
괜찮기는	3
괜찮대	3
괜찮습니다	3
괜찮애	3
괜찮으신	3
괜찮은가	3
괴롭혔었어	3
굉장하다	3
굉장하지	3
굉장한데	3
교과서	3
교관들	3
교대	3
교육부	3
교전	3
교황님	3
교훈	3
구구단	3
구는	3
구닥다리	3
구로카와	3
구명조끼	3
구성되어	3
구성해	3
구웠어	3
구조대	3
구조물	3
구해서	3
구했나	3
국수	3
국적	3
국제적	3
군법회의	3
군인들	3
군함	3
굴둑	3
굴래	3
굴었어	3
굼벵이	3
굼벵이들아	3
굽는	3
궁금한데	3
궁금합니다	3
궁금해요	3
귀먹은	3
귀부인	3
귀여운데	3
귀엽죠	3
귀족	3
귓속말	3
규율	3
균형	3
그것뿐	3
그냐	3
그래야만	3
그래야죠	3
그랬구나	3
그랬니	3
그러겠어	3
그러기엔	3
그러더라	3
그러므로	3
그러시는	3
그러한	3
그럴리	3
그렇게도	3
그렇단다	3
그렇습니까	3
그렇잖아	3
그렸네	3
그렸다	3
그롭	3
그리도	3
그리스어	3
그립훅	3
그만두면	3
그만하라니까	3
그만한	3
그만할	3
그물	3
그보다	3
그여자	3
그자들	3
그토록	3
극단	3
극장주	3
근무	3
근본적으로	3
근사해	3
글씨체	3
금값	3
금색	3
금화	3
급해요	3
기계실	3
기계어	3
기관실	3
기념	3
기다렸다	3
기다리나	3
기다리도록	3
기다린다고	3
기대해	3
기대해도	3
기도해	3
기를	3
기린	3
기마대	3
기마병들	3
기막힌	3
기바리안	3
기방	3
기사들	3
기상	3
기양	3
기억나시죠	3
기억날	3
기억하겠지	3
기억하니	3
기억하시나요	3
기억하십니까	3
기울이다	3
기자회견	3
기체	3
기침	3
기침했어	3
기폭	3
기폭제	3
기형	3
긴급	3
긴장감	3
긴장돼	3
긴장돼요	3
긴장해	3
길다	3
길이	3
김이브	3
깊어	3
깊지	3
까라	3
까먹은	3
까불면	3
깎아라	3
깎아야	3
깔고	3
깔까	3
깜둥	3
깜짝할	3
깡다구	3
깡통	3
깨고	3
깨다	3
깨든	3
깨물다	3
깨어나	3
깨우려고	3
꺼내지	3
꺼낸	3
꺼져버려	3
꺼져줄래	3
껄	3
껌	3
껐어	3
꼬마들	3
꼬시는	3
꼬투리	3
꼴레뜨	3
꼴리뇽	3
꼼짝하지	3
꽃들	3
꽃뱀	3
꾸는	3
꾸며낸	3
꿈속	3
꿈쩍	3
꿍꿍	3
끄고	3
끄라고	3
끊고	3
끊어라	3
끊어졌어	3
끊었지	3
끊으려고	3
끌어올려	3
끓는	3
끝나는	3
끝나요	3
끝났나요	3
끝냈어요	3
끝없이	3
끝으로	3
끝장났어	3
끝장내	3
끝장내고	3
끼는	3
끼어들어	3
끼었어요	3
끼울	3
끼워	3
끼치지	3
낀	3
낌새	3
나가려고	3
나가사키	3
나갔군	3
나갔니	3
나갔소	3
나갔었지	3
나누지	3
나눠야	3
나라면	3
나란히	3
나무수염	3
나뭇가지	3
나뿐	3
나쁘든	3
나선	3
나아졌나	3
나아질	3
나온다고	3
나올까	3
나올지	3
나왔나요	3
나왔는데	3
나왔던	3
나은가요	3
나이프	3
나타나면	3
나타났지	3
낙서	3
난동	3
난들	3
난로	3
날뛰는	3
날아갔어요	3
날조한	3
남겨두고	3
남겨준	3
남기지	3
남아서	3
남았다	3
납니다	3
낫겠어	3
낫다고	3
낫지요	3
났네	3
났다고	3
났소	3
났습니다	3
낭만적	3
낮게	3
낮엔	3
낮은	3
낳는	3
낳은	3
낳을	3
내건	3
내놓은	3
내라고	3
내려가려고	3
내려가야	3
내려갈	3
내려야	3
내려오지	3
내렸어	3
내로	3
내리는	3
내리라니까	3
내리실	3
내린	3
내세요	3
내요	3
내지	3
내쫓아	3
낸다	3
낸다고	3
낸다는	3
냄새나는	3
냈다	3
냈으니	3
냐구	3
너넨	3
너트	3
넋	3
넓은	3
넘게	3
넘기라고	3
넘긴	3
넘어	3
넘어가	3
넘어가지	3
넣는	3
넣으면	3
넣은	3
넣을걸	3
넣을까요	3
네이트	3
네트	3
넬슨	3
년째	3
노려	3
노리고	3
노리지	3
노인들	3
녹아	3
녹았어	3
녹차	3
논란	3
논리적	3
논쟁	3
놀라고	3
놀랍군	3
놀랐냐고	3
놀랐다	3
놀아보자	3
농구	3
농담해	3
높게	3
놓는데	3
놓여	3
놓으란	3
놓치면	3
놔둔	3
놔둘	3
놔라	3
놔주지	3
놔줄	3
놨니	3
누구든지	3
누리면서	3
눈길	3
눈동자	3
눈사태	3
눈속임	3
눈알	3
눈치챈	3
눴지	3
뉴햄프셔	3
느꼈다	3
느려요	3
늙어서	3
늦기	3
늦었다고	3
늦었어요	3
늦었죠	3
늦을	3
늦출	3
니코틴	3
다고	3
다고스티노	3
다나카	3
다녀갔나요	3
다는	3
다니니	3
다니면	3
다락방	3
다루지	3
다야	3
다양하게	3
다이어트	3
다정하지	3
다중	3
다쳤다	3
다치지	3
다하고	3
다하는	3
다해	3
다했어	3
닥쳐라	3
닥치는	3
닥터	3
단결	3
단원	3
단점	3
단짝	3
닫고	3
닫았어요	3
닫으세요	3
달라진	3
달라질	3
달랐으면	3
달래	3
달려있다	3
달력	3
달렸는데	3
달렸다	3
달리자	3
달았죠	3
달지	3
닮았나요	3
담다	3
답답해	3
답해	3
당구장	3
당국	3
당연하죠	3
당원	3
당하면	3
당해	3
당했다	3
대공	3
대단하구나	3
대단하죠	3
대단했어	3
대단히	3
대답할	3
대답혀	3
대련	3
대면	3
대목	3
대안	3
대전	3
대지	3
대처	3
대포	3
대하는	3
대항할	3
대해서요	3
댄버리	3
댄스	3
댄스파티	3
댐	3
더럽게	3
더요	3
더워요	3
더하기	3
던졌습니다	3
던지다	3
던지세요	3
던진	3
던질	3
덤비라고	3
덤빌래	3
덩어리	3
덮개	3
덮을까요	3
덮인	3
데니스	3
데려간	3
데려와서	3
데려왔다고	3
데릭	3
데이오	3
데이지	3
델	3
도난	3
도덕적	3
도데체	3
도독	3
도둑놈들	3
도둑들	3
도망갈	3
도망치게	3
도망치지	3
도비	3
도와주시겠어요	3
도와주지	3
도와준	3
도와줄까요	3
도와줬어	3
도우려고	3
도운	3
도적	3
도주	3
도착했나요	3
도착했어요	3
도쿠지	3
도킹	3
독방	3
독일인들	3
돌고	3
돌고래	3
돌대가리	3
돌려주세요	3
돌봐	3
돌아가도록	3
돌아가라	3
돌아가셨어요	3
돌아가야지	3
돌아다니게	3
돌아오나요	3
돌아오실	3
돌아오자	3
돌아왔잖아	3
돌아왔지	3
돌았나	3
돌입	3
돌파리	3
돕기	3
동독	3
동밍	3
동부	3
동사	3
동양	3
동영상	3
동의하지	3
동정심	3
동환	3
돼가요	3
돼라	3
돼지새끼	3
됐냐고	3
됐는데요	3
됐단	3
됐던	3
됐을까요	3
되길	3
되다니	3
되도록	3
되돌릴	3
되라	3
되셨어요	3
되시는	3
되었니	3
되진	3
되찾을	3
될거다	3
될걸요	3
될수	3
두개	3
두겠다고	3
두고도	3
두드리면	3
두렵나	3
두렵지도	3
두면	3
두번째	3
두시오	3
둘까요	3
둘러	3
둘러봐도	3
둥지	3
뒀더라	3
뒀어요	3
뒤로	3
뒤몽	3
뒤집어보자	3
뒤통수	3
뒤편	3
뒷길	3
뒷담화	3
뒷면	3
뒹굴어야	3
드래곤	3
드려	3
드림팀	3
드시나요	3
드십니까	3
드와넬	3
듣냐	3
듣자마자	3
듣지도	3
듣질	3
들려준	3
들리십니까	3
들어가라고	3
들어가세요	3
들어가죠	3
들어간다	3
들어갑니다	3
들어갔어	3
들어갔지	3
들어도	3
들어볼까요	3
들어볼래요	3
들어봤니	3
들어봤어요	3
들어오다	3
들어오라니까	3
들어온다	3
들어올래	3
들어왔죠	3
들어있다	3
들어줄까요	3
들어줄래요	3
들었다고	3
들었잖아	3
들여보냈지	3
들으러	3
들으세요	3
들으셨나요	3
듭니까	3
등록금	3
디골	3
디나	3
디로	3
디멘터	3
디바인	3
딤섬	3
따다	3
따돌린	3
따뜻하다	3
따라가요	3
따라오게	3
따라오려고	3
따르겠소	3
따르고	3
따르는	3
따먹고	3
따서	3
딱히	3
땄다	3
때때로	3
때로	3
떠나거라	3
떠나라고	3
떠나려고	3
떠나자	3
떠난다	3
떠난다고	3
떠났다고	3
떠서	3
떠올리게	3
떨어지게	3
떼어	3
똑같지	3
똑똑	3
똑똑하다고	3
똥개	3
똥걸레	3
똥물	3
뚱돼지	3
뛰고	3
뛰어가	3
뛰어난	3
뛰어내려	3
뛰었어요	3
뜨겁다	3
뜨지	3
띄게	3
라고들	3
라니까	3
라니요	3
라던데	3
라면서요	3
라면요	3
라미레즈	3
라이문다	3
라이언	3
라이즈	3
라이트	3
라켈	3
라파	3
라파엘	3
라힘	3
랄로	3
랑요	3
래빗	3
램프	3
레나또	3
레드우드	3
레싱	3
레이놀드	3
레이놀즈	3
레이더	3
레이먼드	3
레이서	3
레이첼	3
레즐리	3
렉터	3
렌즈	3
렐로	3
로맨틱한	3
로베르타	3
로빈	3
로셀라	3
로스코	3
로스쿨	3
로이스	3
로즈메리	3
로호	3
록펠러	3
롤로	3
롯지	3
루블료프	3
루비오	3
루시아	3
루이	3
루저	3
루프트바페	3
룩	3
룰라	3
룸메이트	3
룸서비스	3
르클레르	3
리더	3
리듬	3
리비아	3
리얏	3
리엣	3
리지	3
릴리아	3
링컨	3
마갈리	3
마늘	3
마땅하다	3
마땅해	3
마라고	3
마리오	3
마리화나	3
마블	3
마사루	3
마셨나요	3
마셨잖아	3
마시	3
마시죠	3
마신다	3
마야	3
마에스트로	3
마우로	3
마운드	3
마음씨	3
마이어	3
마인드	3
마저도	3
마취	3
마치고	3
마카로	3
마켓	3
마테바	3
마피아	3
막내	3
막상	3
막아야	3
막아요	3
막으려고	3
막으면	3
막혀서	3
막혀요	3
막혔어	3
만나려고	3
만나볼	3
만나실	3
만남	3
만났구나	3
만났군	3
만났나요	3
만났던	3
만들래	3
만들어야	3
만들어졌습니다	3
만들었는데	3
만들었다	3
만들었지	3
만수무강하소서	3
만이	3
만족	3
만족해요	3
만주국	3
만지게	3
만지기	3
만지면	3
만찬	3
만한가	3
만해	3
만화책	3
많나요	3
많니	3
많았지	3
많은데요	3
많은지	3
많진	3
말대꾸	3
말똥	3
말라는	3
말랐구나	3
말린	3
말씀드려도	3
말씀드렸니	3
말씀드릴	3
말씀드릴까요	3
말씀하셨어요	3
말하게	3
말하자면	3
말하지만	3
말하진	3
말한다고	3
말할게	3
말해주세요	3
말해줬어	3
말했어야지	3
맛있다	3
망가졌어	3
망설이는	3
망신	3
망쳐	3
망쳐서	3
맞냐	3
맞는데	3
맞서라	3
맞선	3
맞아라	3
맞아야	3
맞았나	3
맞으시죠	3
맞이하시겠습니까	3
맞지요	3
맞추다	3
맞췄지	3
맡게	3
맡겠다	3
맡겨도	3
맡기지	3
맡아라	3
매너포트	3
매듭	3
매산	3
매일같이	3
매티	3
맥베인	3
맥콘	3
맹추	3
맺혔어요	3
머물	3
먹나	3
먹나요	3
먹냐	3
먹는다	3
먹어본	3
먹어야	3
먹었나	3
먹으라지	3
먹이려는	3
먹잇감	3
먹자고	3
먹죠	3
먹질	3
멀리합니까	3
멀었나	3
멀었어	3
멀지	3
멀쩡한	3
멀쩡히	3
멈추다	3
멈춘	3
멈출까	3
멈췄다	3
멋있다	3
멋질	3
멍	3
멍청	3
멍청이들아	3
멍청하고	3
멍청하긴	3
멍청해	3
메아리	3
메이어	3
며	3
면회	3
멸망	3
명령했지	3
명심해	3
명확하게	3
몇년	3
모가지	3
모드	3
모로코	3
모르겠지만	3
모르냐	3
모르면서	3
모르세요	3
모르시겠어요	3
모르시나요	3
모를까	3
모스	3
모스크	3
모여	3
모였지	3
모으다	3
모이세요	3
모차르트	3
모터	3
모하메드	3
목록	3
목마	3
목숨값	3
목표지점	3
몬케	3
몰라봐	3
몰랐나	3
몰랐네	3
몰랐니	3
몰랐습니다	3
몰랐죠	3
몰아	3
못됐어	3
못한다면	3
못할거야	3
못했습니다	3
못했어요	3
못했을	3
몽유병	3
묘비	3
무	3
무겁다	3
무너졌어	3
무당벌레	3
무량선옹	3
무리하지	3
무리한	3
무사할	3
무사히	3
무서워하지	3
무술	3
무스타파	3
무식한	3
무의미한	3
무인도	3
무적함	3
무함마드	3
묶어	3
묶어서	3
묶었어요	3
묶을	3
문아정	3
문자해	3
문장생성기능	3
묻겠다	3
묻니	3
묻다	3
묻을	3
물거품	3
물기	3
물러서라고	3
물러서시오	3
물려고	3
물리지	3
물어본	3
물어볼게	3
물으면	3
물질	3
뭐긴	3
뭐든지요	3
뭐라구요	3
뭐라는데	3
뭐라던가요	3
뭐람	3
뭐랬냐	3
뭐랬니	3
뭐랬어요	3
뭐야	3
뭐였더라	3
뭐였어	3
뭐였죠	3
뭐하는데	3
뭐하려고	3
뭔지도	3
뭣이	3
뮤지션	3
미개한	3
미겔	3
미국식	3
미국엔	3
미란다	3
미성년자	3
미세한	3
미소지었어	3
미술관	3
미시시피	3
미안하구나	3
미워	3
미쳤구나	3
미쳤다	3
미쳤소	3
미치게	3
미토	3
믿겠어요	3
믿든	3
믿소	3
믿어지지	3
믿었는데	3
밀고	3
밀라노	3
바구니	3
바그너	3
바꾸다	3
바꾸다니	3
바꿀까요	3
바꿀래	3
바꿔서	3
바꿔야	3
바꿨지	3
바뀌고	3
바뀌었나요	3
바느질	3
바다사자	3
바라겠어	3
바라냐고	3
바라던	3
바라세요	3
바라지	3
바르다	3
바보들아	3
바비큐	3
바쁘다고	3
바욘	3
바이아노	3
바이유	3
바클리	3
바트	3
바티스타	3
박았지	3
박자	3
박힌	3
반값	3
반대한다	3
반대해요	3
반복하게	3
반쪽	3
반찬	3
반항하지	3
받겠소	3
받도록	3
받아도	3
받아들였다	3
받아서	3
받았나	3
받았지	3
받으러	3
받으셨나요	3
받으셨죠	3
받을까요	3
발견하면	3
발견했어요	3
발렌티나	3
발명품	3
발바닥바	3
발생	3
발생한	3
발생했습니다	3
발악	3
발전기	3
발짝	3
발퀴레	3
발톱	3
발표할	3
밝다	3
밝은	3
밝히지	3
밝힐	3
밟지	3
밤늦게	3
방독면	3
방문한	3
방식대로	3
방어선	3
방위	3
방지제	3
방해하지	3
방해한	3
방해할	3
방해했나	3
배고파요	3
배긴스	3
배상	3
배신자들	3
배신할	3
배신했다	3
배신했어	3
배우게	3
배우기에	3
배탈	3
백년	3
백의	3
밸브	3
뱀들	3
버렸다	3
버렸다고	3
버리라고	3
버리세요	3
버릴까요	3
버먼	3
버몬트	3
버저	3
버티지	3
버팔로	3
번역해	3
번지	3
번쩍이는	3
번호판	3
벌고	3
벌써부터	3
벌어지다	3
벌어진	3
벌었으면	3
벌이다	3
벌인	3
벌지	3
범위	3
범피	3
범행	3
벗고	3
벗어나고	3
벗어나야	3
벗어난	3
벗으면	3
벗은	3
베기	3
베넷	3
베는	3
베니	3
베로카	3
베커트	3
벽화	3
변신술	3
변한	3
변할	3
변해	3
변했네	3
변형	3
변호인단	3
별난	3
별똥별	3
병가	3
병아리	3
병자	3
보거나	3
보겠니	3
보겠어	3
보고하라	3
보고합니다	3
보관해	3
보내라고	3
보내서	3
보내자	3
보낼까요	3
보냈다고	3
보냈지	3
보네요	3
보답	3
보도	3
보드리	3
보라고요	3
보석함	3
보셨습니까	3
보소	3
보수	3
보시겠습니까	3
보여드렸어요	3
보여주는	3
보여주라고	3
보여준다고	3
보여줄래요	3
보여줘요	3
보이시나요	3
보입니다	3
보조개	3
보존	3
보호하려고	3
복귀	3
복숭아	3
복용했다	3
볶아	3
본래	3
본분	3
본질	3
볼게요	3
볼링	3
볼펜	3
봉급	3
봉께	3
봉화	3
봐바	3
봐줘	3
봤는데요	3
봤는지	3
부끄럽지	3
부끄럽지도	3
부는	3
부두	3
부딪히다	3
부러워	3
부럽다	3
부류	3
부르는지	3
부르던	3
부르세요	3
부르셨죠	3
부를까	3
부릅니다	3
부리지	3
부리지마	3
부모들	3
부산역	3
부서질	3
부수고	3
부술	3
부었다	3
부엉이	3
부장님	3
부정적으로	3
부족하다	3
부탁하네	3
부패한	3
부해	3
북	3
북해	3
분량	3
분부	3
분자	3
분장실	3
불가능할	3
불길	3
불나방	3
불러달라고	3
불렀다고	3
불린다	3
불쌍히	3
불운	3
불쾌합니다	3
불태워	3
불편하지	3
불편함	3
불평	3
불평할	3
붙어서	3
붙은	3
붙자	3
브라운양	3
브라자	3
브락	3
브렛	3
브로디	3
브루클린	3
블랙홀	3
비는	3
비늘	3
비둘기	3
비밀번호	3
비번	3
비비다	3
비슷하지만	3
비싸지	3
비었어	3
비열한	3
비우다	3
비탈길	3
비판	3
비포	3
비포장도로	3
비하면	3
비행기표	3
비행정	3
빈다	3
빈손	3
빌게	3
빌려야	3
빌려줄래요	3
빌리는	3
빌리다	3
빌보	3
빚쟁이	3
빠르네	3
빠져나가게	3
빠져나가요	3
빠져나갈	3
빠져나왔어	3
빠지는	3
빠질	3
빠질까	3
빨대	3
빨리는	3
빨리해	3
빨아라	3
빼낸	3
빼려고	3
빼앗길	3
빼앗을	3
뺏기게	3
뻔하잖아	3
뻔하지	3
뻔한데	3
뻔했네	3
뻔했어	3
뻔했어요	3
뽑고	3
뿌린	3
뿜는	3
삐었어	3
사거리	3
사겠어	3
사과하는	3
사귀던	3
사냥감	3
사냥하는	3
사냥하러	3
사라졌습니다	3
사라졌지	3
사라지게	3
사라지고	3
사라질	3
사랑받아라	3
사랑하나	3
사랑하는지	3
사랑하죠	3
사랑했던	3
사르완	3
사망자	3
사망한	3
사생활	3
사수하라	3
사숙	3
사시게요	3
사시는	3
사실상	3
사악하고	3
사야	3
사업가	3
사용하지	3
사용한다	3
사이버보디	3
사이좋게	3
사이코	3
사인해	3
사제	3
사진들	3
사체	3
사촌들	3
사츠키	3
사형	3
사형선고	3
삭제하세요	3
산산조각	3
산유	3
산타	3
살려둔	3
살려줬더니	3
살리나	3
살아난	3
살아도	3
살아라	3
살아서	3
살아있다고	3
살아있다니	3
살았던	3
살았죠	3
살인죄	3
살해	3
삼각형	3
삼고	3
삼등분	3
삽니까	3
삽니다	3
상관없는	3
상관할	3
상급	3
상대하는	3
상복	3
상사님	3
상어	3
상표	3
상해	3
상호	3
새낀	3
새다	3
새집	3
새총	3
새치기	3
샌더스	3
샘플	3
생	3
생각진	3
생각하겠니	3
생각하냐	3
생각하니까	3
생각하다	3
생각하든	3
생각하시나요	3
생각하신	3
생각합니까	3
생각해봐	3
생각했겠죠	3
생각했어요	3
생겼니	3
생겼다고요	3
생년월일	3
생사	3
생중계	3
생쥐	3
생체	3
생판	3
샤를로트	3
서고	3
서두르는	3
서두르세요	3
서두를	3
서둘러야	3
서야	3
서양	3
서점	3
서쪽마녀	3
서찰	3
서편	3
석	3
선고	3
선배님들	3
선비	3
선수들	3
선원들	3
선인	3
선장	3
선택했어요	3
선호해	3
설계한	3
설득할	3
설사	3
섭정	3
성공한	3
성미	3
성생활	3
성자	3
성추행	3
세개	3
세상에나	3
세오드레드	3
세운	3
세워서	3
세웠지	3
세이타	3
세일	3
세포	3
센터	3
센티미터	3
셰익스피어	3
셸비	3
소감	3
소굴	3
소나기	3
소련	3
소룡	3
소름	3
소린	3
소매치기	3
소방관	3
소셜	3
소용없어	3
소위	3
소유한	3
소중하게	3
소지품	3
소화	3
소화기	3
속기	3
속력	3
속삭이는	3
속성	3
속셈	3
속이는	3
속인	3
속일	3
속히	3
손바닥	3
손뼉	3
손주	3
송아지	3
쇼핑했어요	3
수고했어	3
수놈	3
수면제	3
수명	3
수백만	3
수베랑	3
수상자	3
수송	3
수수께끼	3
수시	3
수안이	3
수연	3
수영장	3
수의사	3
수입한다	3
수잔	3
수줍음	3
수중	3
수지	3
수촨	3
수하스	3
수학적	3
숙녀분들	3
숙명	3
숙박	3
숙부	3
순찰	3
술잔	3
숨겨요	3
숨겨진	3
숨겼나	3
숨겼니	3
숨긴	3
숨소리	3
숨어야	3
숨어요	3
숨었다	3
숭고한	3
쉬었어	3
쉬지	3
쉰	3
쉴	3
쉽죠	3
스노우	3
스눕	3
스마일리	3
스메아골	3
스물	3
스벤	3
스웨덴	3
스위니	3
스카치	3
스카티	3
스쿠터	3
스퀘어	3
스택스	3
스탠드업	3
스테이시	3
스트랫퍼드	3
스트리트	3
스티븐	3
스틸슈트	3
스펙트럼	3
슬리데린	3
슬쩍	3
슬퍼하	3
슬플	3
승객들	3
승선	3
시간표	3
시금치	3
시끄러운	3
시네이드	3
시다	3
시도했다	3
시력	3
시련	3
시바	3
시베리아	3
시사회	3
시오	3
시작될까요	3
시작하기	3
시작하나요	3
시작하는	3
시작하자고	3
시작합시다	3
시치로오지	3
시키던	3
시토	3
시티	3
시푸	3
시험지	3
식료품	3
식민지	3
신곡	3
신기한	3
신데렐라	3
신문사	3
신상	3
신선	3
신앙심	3
신입생들	3
신청해	3
신하	3
신학교	3
신혼부부	3
신화	3
싣고	3
실내	3
실례합니다만	3
실망	3
실망시키지	3
실명	3
실버타운	3
실을	3
실패하지	3
실행할	3
실화	3
싫어서	3
싫어하세요	3
싫으니	3
심각해요	3
심리학	3
심리학자	3
심어	3
심지어	3
심판	3
심했나	3
심했어	3
심했지	3
싱	3
싶어하는	3
싶어할	3
싶어해요	3
싶었는데	3
싶은가요	3
싶지도	3
싸게	3
싸라고	3
싸우러	3
싸운다	3
싸워서	3
싸워요	3
싸웠다고요	3
쌉니다	3
쌌어	3
쌍	3
쌍년	3
쌓여	3
써니	3
써라	3
써줘	3
썩을	3
썼습니다	3
쎈척하긴	3
쏘면	3
쓰겠어	3
쓰겠어요	3
쓰나요	3
쓰냐고	3
쓰라고	3
쓰러짐	3
쓰레기장	3
쓸만한	3
씩이나	3
씹새끼	3
씻고	3
아교	3
아귀	3
아그라도	3
아나운서	3
아네	3
아녔어	3
아는지	3
아니겠습니까	3
아니군	3
아니라니	3
아니라니까	3
아니라서요	3
아니란다	3
아니면서	3
아니었다	3
아니었다고	3
아닌데요	3
아델라	3
아돌프	3
아동가족부	3
아들놈	3
아들들	3
아디	3
아랍	3
아량	3
아름답다고	3
아름답죠	3
아마추어	3
아메리카	3
아멘	3
아멜리	3
아멜리아	3
아무개	3
아부	3
아부지	3
아셨나요	3
아스피린	3
아시는	3
아시지	3
아씨오	3
아아	3
아웃백	3
아이스티	3
아인슈타인	3
아일톤	3
아일톤 세나	3
아저씬	3
아즈메	3
아키코	3
아트	3
아틸라	3
아퍼	3
아폴로니아	3
아프게	3
아프면	3
아픈데	3
아플까	3
악령	3
악마들	3
악마들아	3
악의	3
안그래	3
안나요	3
안내해	3
안녕하시오	3
안다고요	3
안달	3
안되겠나	3
안된다고	3
안드리스	3
안들려	3
안색	3
안써	3
안아	3
안전장치	3
안전하지	3
안전한지	3
안주인	3
안테나	3
안토니오	3
앉으라고	3
앉으렴	3
앉을	3
않고요	3
않기로	3
않는가	3
않는군	3
않는다면요	3
않다는	3
않던데	3
않았고	3
않았다고요	3
않았다는	3
않았잖아	3
않으니까	3
알겠는가	3
알고나	3
알고있어	3
알까	3
알렉시스	3
알려야	3
알로하	3
알리	3
알리아	3
알리지	3
알립니다	3
알아내는	3
알아내면	3
알아낼	3
알아듣냐	3
알아들	3
알아들었니	3
알아들었지	3
알아보지	3
알았다고요	3
알았으니까	3
알제	3
알지요	3
알파 팀	3
알파벳	3
앓고	3
암방	3
압박	3
앗싸	3
앞면	3
앞문	3
애덤	3
애런	3
애미	3
애정	3
애초부터	3
앨러스터	3
앨범	3
야망	3
야생동물들	3
야수들	3
야야	3
약과	3
약속하지	3
약속했잖아요	3
양배추	3
양키들	3
양탄자	3
얘기하게	3
얘기하니	3
얘기하자	3
얘기할까	3
얘기했잖아	3
얘기했죠	3
얘긴가	3
얘는	3
어기면	3
어둡고	3
어디들	3
어디선가	3
어디요	3
어딘진	3
어딜까요	3
어딨냐니까	3
어딨는데요	3
어딨소	3
어땠소	3
어땠을까	3
어땠죠	3
어땠지	3
어떠셨어요	3
어떡할까요	3
어떡합니까	3
어떤데요	3
어떻겠습니까	3
어떻던가요	3
어뗘	3
어라	3
어려울	3
어렵게	3
어렵나	3
어르신들	3
어린아이	3
어맨다	3
어벤져스	3
어빈	3
어어어	3
어울려요	3
어울린다고	3
어쨌나	3
어쩌게요	3
어쩌겠니	3
어쩌나	3
어쩌려고요	3
어쩐다	3
어쩔까	3
어찌된거죠	3
억양	3
억지	3
언니들	3
언론	3
언쟁	3
언제부터	3
언제요	3
얻게	3
얻고	3
얻는	3
얻어	3
얼간이들	3
얼려	3
얼릉	3
얼마짜린지	3
얼씨구나	3
얼쩡대고	3
엄마들	3
엄살	3
엄지손가락	3
업데이트	3
없구나	3
없는가	3
없다구요	3
없대	3
없더라도	3
없던	3
없애면	3
없어졌어	3
없었나	3
없었다는	3
없었을까	3
없으면서	3
없으면요	3
없을거야	3
없이요	3
에다가	3
에두아르도	3
에로	3
에리	3
에바양	3
에반	3
에발드	3
에비	3
에스코트	3
에어로크	3
에오메르	3
에이다	3
에이즈	3
엔리케	3
엔진실	3
엘리자베스	3
엘살바도르	3
엘시	3
엘티	3
여그	3
여기엔	3
여든이십니다	3
여봐요	3
여부	3
여야	3
여우들	3
여편네	3
여행하는	3
여행한	3
역겹게	3
역겹네	3
역사상	3
역시나	3
연관성	3
연구실	3
연금	3
연기할	3
연꽃	3
연락했어	3
연막	3
연봉	3
연애	3
연어	3
연주하게	3
연주하고	3
연주해요	3
열라고	3
열려라	3
열려요	3
열매	3
열어봐	3
열어줄래	3
열었어	3
엿듣고	3
엿먹어	3
였네	3
였다는	3
였단	3
영감탱이	3
영구	3
영원한	3
영주님	3
영토	3
영화관	3
영화배우	3
예거	3
예쁘고	3
예쁘네	3
예쁘니	3
예쁘다는	3
예쁘죠	3
예산	3
예상치	3
예상하고	3
예약해	3
예전엔	3
예정일	3
예지된	3
예측	3
옛정	3
오나	3
오나요	3
오냐	3
오냐오냐	3
오너라	3
오네	3
오는군	3
오늘부로	3
오더	3
오델튼씨	3
오도노번	3
오도록	3
오라니까	3
오라버니	3
오라비	3
오래됐나	3
오래됐어요	3
오랜만에	3
오르면	3
오르크	3
오르페우스	3
오를	3
오명	3
오믈렛	3
오밤중	3
오백	3
오베론님	3
오비	3
오빤	3
오셨군	3
오셨군요	3
오셨다	3
오셨소	3
오셨습니다	3
오셨어	3
오시면	3
오실래요	3
오일	3
오작동	3
오즈민	3
오지마	3
오케스트라	3
오쿠데라	3
오트밀	3
오픈	3
옥타비오	3
옥탑방	3
올게요	3
올라가는	3
올라가도	3
올라가자	3
올라갈게	3
올라오렴	3
올리베이라	3
올립니다	3
옮기다	3
옵니다	3
옷장	3
와조스키	3
와줄	3
와줄래요	3
완료했습니다	3
완성	3
완성했어	3
완주할	3
왈츠	3
왈테르	3
왔거든요	3
왔겠어요	3
왔네요	3
왔다며	3
왔단다	3
왔으니	3
왕명	3
왕위	3
왕좌	3
왜놈	3
왜이래	3
외국인	3
외도	3
외로울	3
외롭게	3
외모	3
외부인	3
외야수	3
외쳐	3
외출하는	3
요괴들	3
요리한	3
요리해	3
요릴	3
요소	3
요시오카	3
요전	3
요청한	3
요청합니다	3
요하네스	3
욕하지	3
용감하게	3
용납할	3
용도	3
용병	3
용서할	3
용수철	3
용왕	3
우	3
우네	3
우르사	3
우리더러	3
우리라니	3
우수아	3
우스워	3
우야오레이	3
우주정거장	3
우표	3
운동장	3
운송	3
운전석	3
운전하다	3
울	3
울었다	3
울었어요	3
움직여요	3
움직였어요	3
웃겨요	3
웃기	3
웃기네	3
웃긴가	3
웃었지	3
워크숍	3
원단	3
원대인	3
원사	3
원자재	3
원조	3
원죄	3
원피스	3
원하는지	3
원하던	3
원하시는	3
원하잖아	3
원하죠	3
원합니까	3
원했지	3
원혼	3
월세	3
웨딩	3
웨일	3
위즐리	3
위탁	3
위해서라면	3
위해서야	3
위험합니다	3
윈스턴	3
윗도리	3
윙크	3
유골	3
유괴	3
유대인	3
유독	3
유람선	3
유리잔	3
유명해요	3
유민	3
유부남	3
유비	3
유성	3
유운비	3
유이치	3
유전	3
유튜브	3
유파님	3
육	3
육사	3
윤발이	3
으아	3
으악	3
은닉처	3
은밀한	3
은지	3
을요	3
음성	3
음악가들	3
음주	3
응급처치	3
의무실	3
의미하는	3
의심받는	3
의원님	3
의학	3
의해서	3
의향	3
이거든요	3
이것저것	3
이겠네요	3
이겠어요	3
이겠지요	3
이겨냈어요	3
이고르	3
이구로	3
이기다	3
이기자	3
이네스	3
이니고	3
이니까요	3
이니깐	3
이대인	3
이더냐	3
이동하라	3
이득	3
이든지	3
이따위로	3
이딸로	3
이라면서요	3
이라지	3
이랄까	3
이랬어요	3
이랬죠	3
이랬지	3
이러려고	3
이런데	3
이렇지	3
이력서	3
이로군	3
이로다	3
이론	3
이루다	3
이루어질	3
이른	3
이를	3
이목	3
이바노	3
이벨린	3
이별	3
이본	3
이사하는	3
이사회	3
이상하다고	3
이상하죠	3
이상했어	3
이셔	3
이슬람교	3
이시카와	3
이신가	3
이신지	3
이십만	3
이쑤시개	3
이야길	3
이어야	3
이었겠지	3
이었네	3
이었는지	3
이었다고요	3
이었습니까	3
이었으면	3
이였어	3
이용하는	3
이웃사촌	3
이의	3
이잖소	3
이제서야	3
이치	3
이해하겠소	3
이해해야	3
이해했어	3
이해했지	3
이향숙	3
인내심	3
인디	3
인디애나폴리스	3
인사하고	3
인상착의	3
인어	3
인연	3
인정	3
인정하지	3
인정해	3
인파	3
일걸	3
일당	3
일러	3
일렬	3
일본군들	3
일본말	3
일손	3
일수	3
일어나라	3
일어나래	3
일어나지	3
일어날까	3
일으켜	3
일으키다	3
일으킨	3
일정한	3
일진	3
일하기	3
일하다	3
일하죠	3
일하지	3
읽니	3
읽어야	3
읽어줘	3
읽지도	3
잃어버렸나	3
잃어버릴	3
잃었습니다	3
임호신	3
입력해	3
입마개	3
입었다	3
입지	3
있겠냐	3
있겠네	3
있겠는가	3
있겠는데	3
있겠지만	3
있기로	3
있기만	3
있나봐	3
있는게	3
있다면요	3
있던가요	3
있었고	3
있었고요	3
있었군	3
있었네	3
있었는가	3
있었다며	3
있었을까요	3
있으렴	3
있으십니까	3
있음	3
있잖니	3
있잖소	3
잉	3
잊어버린	3
잊었소	3
잊었어요	3
자국	3
자라고	3
자란	3
자랐어	3
자랑	3
자랑스럽게	3
자르다	3
자르지	3
자를	3
자면	3
자빠졌네	3
자원	3
자유로운	3
자정	3
자진해서	3
자택	3
자해	3
작곡가	3
작동하지	3
작작해	3
작전관	3
잔다	3
잖니	3
잘나서	3
잘됐어요	3
잘랐다	3
잘랐어	3
잘렸어	3
잘못했나요	3
잘못했는데	3
잘하죠	3
잘한	3
잘해주지	3
잘했니	3
잠궈	3
잠그고	3
잠들었어	3
잠수하는	3
잡게	3
잡는데	3
잡아먹은	3
잡아서	3
잡았습니까	3
잡자	3
잡혀요	3
잡혔다	3
잡히는	3
잤다	3
잤던가	3
잤어요	3
장래	3
장모	3
장물	3
장학금	3
재규어	3
재난	3
재떨이	3
재료	3
재미있게	3
재미있네	3
재미있어요	3
재미있을	3
재밌었지	3
재봉틀	3
재요	3
재판장님	3
재혼	3
잭팟	3
저건요	3
저기엔	3
저러다	3
저리가	3
저지르다	3
저질렀어요	3
저혈압	3
저흰	3
적군	3
적당한	3
적대감	3
적수	3
적응	3
전갈	3
전과	3
전과자	3
전기	3
전담반	3
전보	3
전송	3
전에	3
전역	3
전열	3
전장	3
전직	3
전차	3
전체적으로	3
전하시오	3
전학	3
전해야	3
전했어요	3
전혀요	3
전형적	3
전화하라고	3
전화할	3
전화해도	3
전화해서	3
전화했다	3
전황	3
절단기	3
절대로요	3
젊어	3
점검	3
점차	3
점프슈트	3
점호	3
정권	3
정당한	3
정령	3
정보원	3
정신들	3
정신병원	3
정신차려	3
정어리	3
정하다	3
젖었잖아요	3
제96장	3
제거	3
제거되어야	3
제거해	3
제뉴어리	3
제니	3
제니바	3
제복	3
제이슨	3
제이콥	3
제작자님	3
제재소	3
져야	3
조각들	3
조그마한	3
조명탄	3
조부	3
조수석	3
조심들	3
조심하거라	3
조심하다	3
조심하십시오	3
조심할	3
조안나	3
조여	3
조용히들	3
조작한	3
조절	3
조종해	3
조지프	3
조치	3
조합장	3
존경심	3
존슨네	3
존재해	3
존중	3
존함	3
졸업식	3
좀만	3
좀처럼	3
좁다	3
종교사	3
종업원	3
좋겠나	3
좋겠소	3
좋냐	3
좋단	3
좋대	3
좋소	3
좋아질	3
좋아하다	3
좋아하시죠	3
좋아하잖아	3
좋았나	3
좋았다	3
좋으니	3
좋은가요	3
좌측	3
좌표	3
죄수들	3
주권국가	3
주길	3
주드	3
주마	3
주목해	3
주문했어요	3
주운	3
주워	3
주워요	3
주장했어	3
주전자	3
주차할	3
죽겠다	3
죽는다고요	3
죽는데	3
죽다니	3
죽더라도	3
죽습니다	3
죽었나요	3
죽었다구	3
죽었다는	3
죽었단	3
죽었지	3
죽여버린다	3
죽여서	3
죽여주마	3
죽여줄	3
죽였는지	3
죽였습니까	3
죽였으니까	3
죽으라고	3
죽을까	3
죽이게	3
죽이겠다고	3
죽이나요	3
죽이다니	3
죽이면	3
죽이세요	3
죽일까요	3
죽임	3
준다	3
준비됐소	3
준비됐습니다	3
준비되셨습니까	3
준비하다	3
준비할	3
줄곧	3
중단	3
중매결혼	3
중사님	3
중요하게	3
중요하죠	3
중요한가요	3
중좌	3
줬더니	3
쥐고	3
쥐구멍	3
쥐뿔	3
즐겨라	3
증명서	3
증명해야	3
증상	3
증조부	3
지가	3
지게	3
지금쯤	3
지긋지긋한	3
지껄여요	3
지껄이는	3
지껄이면	3
지난달	3
지난밤	3
지날	3
지내냐	3
지내셨습니까	3
지내셨어요	3
지내죠	3
지냈잖아	3
지르면	3
지리네	3
지문	3
지방	3
지어낸	3
지었죠	3
지원해	3
지으려고	3
지장	3
지정된	3
지켜봐	3
지켜주겠어	3
지하감옥	3
지휘자	3
직선	3
직진	3
진담	3
진도	3
진법	3
진영	3
진입	3
진정들	3
진짜로요	3
진품	3
진형	3
진흙	3
질리지	3
질색	3
질주	3
질질	3
질투하는	3
집결지	3
집결하라	3
집구석	3
집어쳐	3
집어치워요	3
집중하고	3
집중하는	3
집중하세요	3
집착하는	3
집착해	3
징후	3
짜증나	3
짜증나게	3
짤렸다	3
짧게	3
쩌거	3
쪼다	3
쫓겨난	3
쫓아내	3
쫓아라	3
찍는데	3
찍어도	3
찍어요	3
찍자	3
찍혀	3
찐따	3
찔러	3
찔렸어요	3
차갑게	3
차들	3
차려입고	3
차리게	3
차별	3
차분하게	3
차세요	3
차이나타운	3
차이점	3
차지	3
차지해	3
착각하는	3
착용해	3
찬다	3
찬스	3
찬장	3
참가자	3
참겠어	3
참아야	3
참지	3
찼습니다	3
창피해	3
찾겠어	3
찾겠어요	3
찾나	3
찾나요	3
찾더라도	3
찾아냈을	3
찾아도	3
찾아볼까	3
찾아봤어	3
찾아오신	3
찾아와서	3
찾아왔나	3
찾아왔어	3
찾아주세요	3
찾았는지	3
찾았니	3
찾으려고	3
찾으려는	3
찾으시오	3
책장	3
챙기고	3
챰	3
처넣게	3
처박게	3
처박혀	3
처형	3
척추	3
척하다	3
척하지	3
천만다행	3
천문대	3
천연	3
천한	3
철도	3
첫째로	3
청소했어요	3
청하는	3
체리	3
체온	3
체육	3
체육관	3
체제	3
체포되었다	3
체포된	3
체포한다	3
체하다	3
쳐내	3
쳐다보고	3
쳐다보면	3
쳐다볼	3
쳐도	3
쳐봐	3
쳤습니다	3
초식동물	3
초점	3
촌구석	3
촛불	3
총살당했죠	3
총소리	3
총통각하는	3
최상	3
최우선	3
최초	3
추는	3
추락했다	3
추악한	3
추워서	3
추워졌어요	3
추월	3
추적할	3
추진	3
추출	3
축구팀	3
축하합니다	3
출구	3
출력	3
출발하는	3
출발해야	3
출발했어요	3
춤추자고	3
춤출래	3
춤춰	3
춥습니다	3
춥죠	3
춥지	3
충동적	3
취직	3
취했어요	3
츠카사	3
치겠다	3
치과	3
치나	3
치료해	3
치르다	3
치스터리	3
치아즈	3
치자	3
치질	3
친절해	3
친화적	3
칠한	3
침몰	3
카구라	3
카누	3
카드놀이	3
카를리토스	3
카말	3
카와이	3
카운터	3
카이우스	3
카츠시로오	3
카카오	3
카타소니치	3
카타와레토키	3
칸막이벽	3
칸쵸	3
칼날	3
캐리어	3
캡	3
커버	3
커지고	3
컨셉	3
케빈	3
케이팝	3
케조	3
켈리	3
켜고	3
켜졌어	3
켤까요	3
코빼기	3
코오	3
코코넛	3
쿄자	3
쿠미	3
크기	3
크루스	3
크리스티	3
크면	3
크파르	3
큰돈	3
큰일났네	3
클라우스	3
클로드	3
클로이	3
클리프	3
키다	3
키다리	3
키드	3
키스하는	3
키스할	3
킷캣	3
킹리적	3
타네	3
타도하라	3
타든	3
타면서	3
타보	3
타이레놀	3
타이틀	3
타임아웃	3
타협	3
탄생	3
탄약	3
탄창	3
탈수	3
탈의실	3
탔다	3
태그	3
태디어스	3
태어나서	3
태어났다	3
태어났습니다	3
태우고	3
태우다	3
택한	3
탱고	3
터무니없는	3
터미네이터	3
터졌어	3
터질	3
터키	3
턱수염	3
털이	3
테드	3
테레사	3
테리스	3
테사	3
테오파네스	3
테토	3
텐트	3
텟시	3
토닌	3
토로스	3
토론	3
토마	3
토할	3
톰슨	3
통과시킨다	3
통용되는	3
통제합니다	3
통조림	3
통한	3
통화했죠	3
퇴폐적	3
투	3
투명인간	3
투사	3
트라우들	3
트라우마	3
트럼프	3
특성	3
특수	3
특히나	3
틀렸다	3
틀렸다고	3
틀림	3
틀림없어요	3
티	3
티아라	3
팀원	3
팀원들	3
파괴적	3
파괴하고	3
파괴해	3
파나	3
파내	3
파라다이스	3
파라미르	3
파랑	3
파르마산	3
파슈카	3
파악해	3
파워	3
파트너십	3
파파라초	3
판다고	3
판매	3
팔괘진	3
팔려	3
팔았어	3
패	3
패거리들	3
패널	3
패드풋	3
패션	3
패트릭	3
팽팽하게	3
퍽	3
펀드	3
펄펄	3
펑크	3
페데리코	3
페루치오	3
페어베일	3
페이스북	3
페터	3
펴고	3
펴세요	3
편드는	3
편안하게	3
편집장	3
편한	3
편할	3
편해요	3
평등	3
평판	3
평행	3
포격당하고	3
포기하게	3
포기하고	3
포기하면	3
포도	3
포도주	3
포로들	3
포르투갈	3
포부	3
포스터	3
포크	3
포트키	3
폭동	3
폭뢰	3
폭발한다	3
폭스	3
폭죽	3
푸른색	3
풀리다	3
풀리지	3
풀린	3
풀릴까	3
풀어라	3
풀어봐	3
풀어주세요	3
풀었지	3
풀자	3
품고	3
프라하	3
프랑스인	3
프레네꽁드	3
프레더	3
프레도	3
프로그래머	3
프로듀서	3
프로펠러	3
플래시	3
플랫폼	3
플러그	3
플렌	3
피곤하죠	3
피곤해	3
피곤해요	3
피너건	3
피는	3
피에로	3
피오	3
피우다니	3
피우세요	3
피울래	3
피워요	3
피자집	3
피츠	3
피해야	3
피해요	3
피해자들	3
피했다	3
피했어	3
필리스	3
필요로	3
필요하겠네	3
필요하면	3
필요하신가요	3
필요했던	3
하겠습니까	3
하구	3
하나뿐	3
하나뿐인	3
하나씩	3
하나하나	3
하는게	3
하는게냐	3
하더라	3
하려던	3
하물며	3
하세	3
하셔도	3
하셨는지	3
하셨습니다	3
하셨잖아요	3
하시는데	3
하신다고	3
하십시오	3
하월스	3
하이얼리아	3
하이힐	3
하필이면	3
학대	3
학위	3
한걸	3
한다니까	3
한단다	3
한대요	3
한마리	3
한몫	3
한방	3
한복판	3
한시	3
한잔하실래요	3
한잔할래요	3
할말	3
할망구	3
할수	3
할아범	3
할일	3
핥아	3
합법적	3
핫	3
항공사	3
항구	3
항명	3
항아리	3
해결하려고	3
해결해야	3
해결해야지	3
해고당한	3
해고됐다	3
해골	3
해냈군	3
해냈어요	3
해너론	3
해독할	3
해리슨	3
해머	3
해몬드	3
해방시켜	3
해보는	3
해보라고	3
해보셨나요	3
해볼게	3
해봐도	3
해서라도	3
해야만	3
해야죠	3
해제	3
해제해	3
해주마	3
해준다	3
해치워	3
핸들	3
햄스터	3
햇볕	3
했겠습니까	3
했겠어	3
했겠어요	3
했겠지	3
했다구	3
했다면서요	3
했대요	3
했습니까	3
했어야	3
행군	3
행방	3
행복할	3
행복해질	3
행수	3
행위	3
허	3
허니문	3
허리띠	3
허스키	3
허약한	3
허접한	3
허지	3
허튼소리	3
허허	3
헐링	3
험담꾼	3
헛것	3
헛된	3
헤라클레스	3
헤르난도	3
헤수스	3
헬가	3
헬레나	3
헬렌	3
현명하지	3
현실적으로	3
현찰	3
협박하는	3
협상할	3
형제님	3
형편	3
호그스미드	3
호래자식	3
호박	3
호사	3
호세	3
호출	3
혹시나	3
혼날걸	3
혼령	3
혼자서요	3
혼혈	3
홍등	3
홍수	3
홍차	3
화끈한	3
화나게	3
화려한	3
화리다	3
화약	3
화학자	3
확보했습니다	3
확신	3
확신하고	3
확실하지	3
확인하고	3
환경	3
환영받지	3
환장했어	3
환타지아	3
환해졌어	3
활용해	3
활주로	3
황당하지	3
황더중	3
황색	3
황혼기	3
회견	3
회계	3
회랑	3
회복	3
회수차	3
회장	3
회피하고	3
회합	3
효모균	3
후작	3
후퇴해	3
후회	3
후회하는	3
후회할	3
훈련할	3
훌륭합니다	3
훔쳐갔어요	3
훔쳤는데	3
훔쳤다고	3
훔치겠어	3
훔치려	3
훔치지	3
휘발유	3
휘젓고	3
휴	3
휴게실	3
휴대전화	3
휴일	3
흉내	3
흑인들	3
흔들리는	3
흘렀다	3
흘려	3
흘리는	3
흘리지	3
흡혈귀	3
희생해야	3
흰머리	3
히틀러님	3
히피	3
힘든지	3
힘들겠지만	3
힘들죠	3
-ㄹ	2
-다고	2
-확실해	2
/끔찍해	2
/물렸다	2
/빨리	2
/여긴	2
/위베르	2
/죄다	2
3.5	2
A4	2
Y	2
km	2
question	2
~는	2
가게요	2
가겠습니다	2
가격한	2
가곤	2
가관	2
가깝다고	2
가께	2
가꾸고	2
가난하고	2
가네	2
가는가	2
가는군	2
가능하고	2
가능하다는	2
가능하리라	2
가능하면	2
가능한지	2
가능합니다	2
가다가	2
가다듬고	2
가도록	2
가두는	2
가둬놓고	2
가뒀어	2
가뒀어요	2
가득했다	2
가득했어	2
가디언들	2
가라고요	2
가라는	2
가라는데	2
가라앉는다	2
가라앉는데	2
가라앉아	2
가라앉은	2
가라앉혀야	2
가려	2
가렴	2
가렸는데	2
가렸다고	2
가르고	2
가르는	2
가르세스	2
가르쳐주냐	2
가르쳐주세요	2
가르쳐줄	2
가르쳐줬지	2
가르치는	2
가르치던가	2
가르치라고	2
가르치려는	2
가리기	2
가리발디	2
가만있냐	2
가만있어요	2
가며	2
가명	2
가믄	2
가방엔	2
가버렸어	2
가버리다니	2
가볍다	2
가보겠습니다	2
가보는	2
가보는게	2
가보란	2
가보면	2
가보셔야	2
가보셨어요	2
가보실래요	2
가볼	2
가볼까요	2
가볼래	2
가봐도	2
가봤어	2
가브릴라	2
가뿐히요	2
가사	2
가상해	2
가석방한다	2
가설	2
가설적	2
가세	2
가셨어	2
가셨죠	2
가스라이팅	2
가스톤	2
가슴수술요	2
가시게	2
가시려고	2
가시요	2
가신다면서요	2
가야겠습니다	2
가야하지	2
가엾어라	2
가오	2
가입비	2
가입했어요	2
가장한	2
가재	2
가젤	2
가져가려고	2
가져가시지	2
가져가야	2
가져갈게	2
가져갈까	2
가져갔어	2
가져갔죠	2
가져다줄래	2
가져본	2
가져오겠나	2
가져오겠어	2
가져오는	2
가져오다	2
가져오도록	2
가져오랬지	2
가져오세요	2
가져오자	2
가져오지	2
가져올게	2
가져올께	2
가져와도	2
가져와야	2
가져왔니	2
가져왔죠	2
가졌니	2
가졌다	2
가졌다고	2
가주세요	2
가주시겠어요	2
가줄래	2
가지거라	2
가지게	2
가지려고	2
가지볶음	2
가지지	2
가톨릭적	2
가하다	2
가한	2
가혹	2
각국	2
각본	2
각설탕	2
각양각색	2
간다면서요	2
간단	2
간단하고	2
간단하죠	2
간단하지	2
간대요	2
간략하게	2
간부들	2
간섭하지	2
간수	2
간수할	2
간주됩니다	2
간파했다	2
간호사님	2
갇혀버려	2
갇혔습니다	2
갇히셨거든	2
갈거	2
갈거야	2
갈겁니다	2
갈겨	2
갈고리	2
갈다	2
갈러	2
갈린다	2
갈망	2
갈매기	2
갈비뼈	2
갈아요	2
갈아입어야	2
감금	2
감금했다고	2
감나무	2
감내할	2
감녕	2
감다	2
감독관	2
감동할	2
감바르델라	2
감사원	2
감사하게	2
감사하는	2
감사하다	2
감사하라	2
감사한다	2
감사해라	2
감속	2
감수할	2
감수해야	2
감시반	2
감시하고	2
감시하는	2
감시할	2
감시했다고요	2
감았지	2
감옥행	2
감을	2
감자튀김	2
감정적	2
감찰관	2
감청기	2
감출	2
감출까	2
감탄	2
감흥	2
갑작스러운	2
갑판	2
값어치	2
갓	2
갔겠어요	2
갔고	2
갔군	2
갔냐고	2
갔는지도	2
갔다고요	2
갔다올게	2
갔었구나	2
갔었다는	2
갔었소	2
갔었잖아	2
갔었죠	2
갔었지	2
강간하고	2
강간했다고	2
강경파	2
강남	2
강남구	2
강력계	2
강력하다고요	2
강물	2
강바닥	2
강제적으로	2
강철	2
강하다	2
강하잖아	2
강해져서	2
강화된	2
갖가지	2
갖길	2
갖다주게	2
갖다주겠니	2
갖자	2
갖지	2
같나요	2
같다고나	2
같다구요	2
같습니까	2
같았다	2
같았죠	2
같으니까	2
같은가	2
같은건	2
같은지	2
같이할래요	2
갚아라	2
갚았었지	2
갚으려고	2
개과천선할	2
개기는	2
개나	2
개념	2
개망나니	2
개밥	2
개방	2
개별	2
개새끼들	2
개선	2
개소리하고	2
개수작	2
개월	2
개인용	2
개인용도	2
개인품들	2
개입하지	2
개죽음	2
개죽음당하는	2
개척될	2
개척자	2
개통식	2
개판	2
개학	2
개혁하고	2
개회식	2
객관적으로	2
객실	2
갠대요	2
갤러리아	2
갤럭시	2
갯지렁이들	2
갱	2
거그여	2
거두면	2
거두어	2
거둬야	2
거라구	2
거라더군	2
거래요	2
거래하는	2
거래하지	2
거랬지	2
거미고	2
거버너	2
거부하길	2
거부한	2
거부했다	2
거부했어	2
거서	2
거세졌다	2
거슬러	2
거슬리다	2
거십시오	2
거야	2
거절하는	2
거절하면	2
거죠	2
거짓되게	2
거짓말쟁이들	2
거짓말하라고요	2
거짓말한	2
거짓말했어요	2
거창한	2
거처	2
걱정거리	2
걱정되나요	2
걱정마	2
걱정말고	2
걱정할	2
걱정할까봐	2
걱정해요	2
걱정했었어	2
건강상	2
건강하다	2
건강하셔	2
건강하시냐고	2
건강해	2
건곤권	2
건너갔습니다	2
건너세요	2
건너왔지	2
건너지	2
건네주고	2
건넸다	2
건다고	2
건달들	2
건드렸다고	2
건드렸어요	2
건드린	2
건들면	2
건물들	2
건반	2
건방지게	2
건설	2
건졌네	2
건줄	2
건축	2
건포도	2
걷게	2
걷고	2
걷다간	2
걷어차	2
걸게요	2
걸라고	2
걸렸나	2
걸렸나요	2
걸렸네요	2
걸렸다고	2
걸렸었어	2
걸리겠니	2
걸리고	2
걸리는데요	2
걸리면요	2
걸린다	2
걸림돌	2
걸어도	2
걸어라	2
걸어보셨어요	2
걸어본	2
걸어볼	2
걸어야	2
걸어오고	2
걸어올	2
걸어요	2
걸었다고	2
걸었대	2
걸을래	2
걸음걸이	2
검다	2
검도	2
검문	2
검법	2
검사관님	2
검색	2
검소한	2
검찰관님	2
겁나게	2
겁나나	2
겁나냐	2
겁나니	2
겁내야	2
겁내지	2
겁먹은	2
겁먹을	2
겁먹지	2
겁쟁이들	2
겁주기	2
겁주려	2
겁주려고	2
겁주지	2
겁줬어	2
게냐	2
게시판	2
겐	2
겠군요	2
겠나	2
겠네요	2
겠어요	2
겨	2
겨냥하는	2
겨눴지	2
겨드랑이	2
겨울엔	2
격려	2
격벽	2
겪어보고도	2
겪었다	2
견고함	2
견뎌	2
견뎌냈지	2
견디겠어	2
견디고도	2
견디는	2
견디든	2
견디셨나요	2
견습	2
견장	2
결단	2
결단력	2
결딴내	2
결론적으로	2
결말	2
결속	2
결승	2
결심	2
결심하면	2
결심했어요	2
결정됐네	2
결정된	2
결정됩니다	2
결정하면	2
결정하죠	2
결정해야	2
결정했나요	2
결정했어	2
결정했어요	2
결투할까요	2
결판내자	2
결항	2
결혼등록증	2
결혼선물	2
결혼하겠다는	2
결혼하겠어요	2
결혼하기	2
결혼하라고	2
결혼하자고	2
결혼한다고	2
결혼했나요	2
결혼했다	2
결혼했다고요	2
결혼했죠	2
겸손해져요	2
경고한다	2
경고합니다	2
경고했제	2
경관님들	2
경극배우들	2
경기장	2
경단	2
경례해	2
경로	2
경멸해	2
경비대	2
경비들	2
경비병	2
경상도	2
경위	2
경작하죠	2
경쟁력	2
경쟁자	2
경주마	2
경찰님들	2
경찰새낄	2
경험적	2
경호병	2
계란치기	2
계산하다	2
계셨었죠	2
계셨죠	2
계속하세요	2
계시	2
계시나	2
계시는데	2
계시던	2
계신다고	2
계신지	2
계실까요	2
계약금	2
계집아	2
계집애들	2
계집앤	2
고가	2
고결한가	2
고고학	2
고급스럽게	2
고난	2
고대어	2
고대하고	2
고라니	2
고래고래	2
고려해	2
고로	2
고로베에이	2
고르든	2
고맙다구	2
고맙지	2
고모네	2
고문한	2
고문했을	2
고발하면	2
고백할	2
고센이	2
고슴도치	2
고아	2
고용못하면	2
고용하고	2
고용했는데	2
고운	2
고의	2
고이	2
고일	2
고장난	2
고조파	2
고처야	2
고쳐줄래	2
고쳤네	2
고쳤어	2
고쳤죠	2
고추	2
고층	2
고층건물	2
고치면	2
고통받아야	2
고통스러운	2
고통스럽게	2
고트	2
고파	2
고파서	2
고팠지	2
고풍	2
고프로아야	2
고함	2
고해성사	2
고환	2
곡선	2
곤경	2
곤란	2
곧바로	2
골똘히	2
골랐다	2
골랐지	2
골목길	2
골치	2
골키퍼	2
골탕	2
곱게	2
곱구나	2
곱네	2
곱네요	2
곱슬문자	2
곱았어요	2
곳곳	2
곳엔	2
공격하라	2
공격하지	2
공구	2
공군	2
공놀이	2
공동	2
공무	2
공범자	2
공병	2
공부하도록	2
공부하지	2
공부한다	2
공부합니다	2
공상	2
공약	2
공연할	2
공연했어요	2
공유	2
공유합니다	2
공유해야	2
공유했나요	2
공정하니까	2
공정한	2
공정함	2
공중지원	2
공터	2
공평하지	2
공학자	2
공허함	2
곶감	2
과도	2
과민반응	2
과분한	2
과소평가한	2
과시할	2
과요	2
과장하지	2
과장한다	2
과찬	2
과하지	2
과학자들	2
과한	2
곽사부님	2
관계있는	2
관계자	2
관념	2
관대하게	2
관두게	2
관두고	2
관둬요	2
관람차	2
관련된	2
관리하고	2
관습	2
관심없소	2
관심있는	2
관아	2
관제	2
관중들	2
관할	2
관함식	2
관해서라면	2
관해선	2
관현악단	2
광고하냐	2
광기	2
광학	2
괘	2
괜찮게	2
괜찮겠나	2
괜찮겠네요	2
괜찮겠니	2
괜찮군	2
괜찮다니까	2
괜찮았죠	2
괜찮으니까	2
괜찮으시다면	2
괴로웠다고	2
괴롭지	2
괴롭히고	2
괴롭히곤	2
괴롭히기	2
괴사하면	2
괴성	2
굉장하군요	2
굉장한지	2
굉장해요	2
굉장했다구	2
교구	2
교수법	2
교수직	2
교외	2
교외수강	2
교정기	2
교정지	2
교제	2
교제하는	2
교직	2
교차로	2
교통정리	2
교통편	2
구경하네	2
구경하며	2
구경할	2
구경할래	2
구경했어요	2
구금	2
구급약	2
구급함	2
구더기	2
구린내	2
구매	2
구먼	2
구문룡	2
구미	2
구별할	2
구비하고	2
구석구석	2
구성원	2
구성원들	2
구시렁대지	2
구식이오	2
구십	2
구역엔	2
구원자	2
구월	2
구이도	2
구조단	2
구천구백구십구	2
구청	2
구체적	2
구축하려	2
구태여	2
구하고	2
구하라는	2
구하려는	2
구하죠	2
구한다고	2
구해드리고	2
구해야지	2
구해요	2
구해주셨죠	2
구해주오	2
구해준거니	2
구해줄까	2
구했더라	2
구했잖아	2
국가적	2
국경	2
국내	2
국립출판사	2
국보	2
국토방위법	2
군다고	2
군밤	2
군법	2
군사들	2
군악대	2
군책사	2
군화	2
굳었어	2
굳혔다	2
굴뚝	2
굴러가겠어	2
굴면	2
굴욕적	2
굵어요	2
굶고	2
굶어죽을	2
굼벵아	2
굽기	2
굿모닝	2
굿바이	2
궁극적으로	2
궁금하겠소	2
궁금하다	2
궁금하죠	2
궁금하진	2
궁금했어	2
궁내상	2
궁상	2
궁정	2
궈궈	2
권하면	2
궤도선	2
귀가하시나요	2
귀가하실	2
귀국	2
귀기울여	2
귀도	2
귀마개	2
귀먹었니	2
귀먹었어	2
귀엽네	2
귀엽든	2
귀엽잖아	2
귀족들	2
귀찮아	2
귀한	2
귄쉐	2
규격	2
규정되지	2
규칙들	2
규타로	2
그다음엔	2
그래그래	2
그래서야	2
그래선	2
그랬겠소	2
그랬나요	2
그랬냐고	2
그랬는데	2
그랬는지	2
그랬다면	2
그랬더니	2
그랬소	2
그러기로	2
그러네	2
그러느냐	2
그러는데요	2
그러려고	2
그러면서	2
그러셔	2
그러셨죠	2
그러슈	2
그러시오	2
그러자	2
그러잖아	2
그러하리라	2
그런거	2
그런건	2
그런데요	2
그런들	2
그럴걸	2
그럴게	2
그럴듯해	2
그럴래	2
그럽니까	2
그렇거든요	2
그렇게까지	2
그렇구	2
그렇긴	2
그렇네	2
그렇네요	2
그렇잖소	2
그렇지요	2
그레그	2
그레이호크	2
그렉	2
그론드	2
그루나우어	2
그루버	2
그리고는	2
그리는	2
그리는데	2
그리로	2
그리머리어	2
그리셨단	2
그리울	2
그리워할	2
그리워해야합니다	2
그리웠어요	2
그리핀도르	2
그린 랜턴	2
그림책	2
그립지	2
그만두겠어	2
그만두겠어요	2
그만두었지	2
그만둘게요	2
그만뒀어	2
그만큼	2
그만하게	2
그만하면	2
그만해라	2
그물포	2
그밖에	2
그사람들	2
그어	2
그었어요	2
그완다	2
그전	2
그쳤다	2
그쵸	2
극도로	2
극미하다니	2
극히	2
근대국가	2
근데요	2
근사하죠	2
근사하지	2
근심	2
글감	2
글세	2
금광업자	2
금괴	2
금메달	2
금반지	2
금시초문	2
금연	2
금일	2
금지되어	2
급격히	2
급급여율령	2
급여	2
급하게	2
급하든	2
급하세요	2
급하신가	2
긋당께	2
긋세요	2
긍께	2
긍정적으로	2
기각	2
기관사	2
기구	2
기껏해야	2
기내	2
기네요	2
기념비	2
기는	2
기다려도	2
기다려야지	2
기다려줄	2
기다렸다고요	2
기다렸던	2
기다리겠습니다	2
기다리는게	2
기다리라고요	2
기다리셨죠	2
기다리십니까	2
기다리자	2
기다린단	2
기다릴게	2
기다릴까	2
기다릴께요	2
기다릴래	2
기다림	2
기대고	2
기대하는	2
기대해야	2
기도하고	2
기도하는	2
기도하는게	2
기도했어	2
기동대	2
기러기들	2
기르는	2
기름통	2
기립	2
기마병	2
기만	2
기무라	2
기반	2
기발하게	2
기발하지	2
기병	2
기본	2
기본적	2
기븐스	2
기뻐하려나	2
기뻐한다는	2
기쁘게	2
기쁘군	2
기쁘네요	2
기쁘다	2
기사단	2
기생벌	2
기세	2
기소되었다	2
기술들	2
기술적	2
기습	2
기아	2
기억나네	2
기억나오	2
기억난다구요	2
기억안나	2
기억하냐	2
기억한다고	2
기억할까요	2
기억해라	2
기여하고	2
기예르모	2
기욤	2
기울여	2
기웃대지	2
기절할	2
기증	2
기지라니	2
기획	2
긴급한	2
긴데	2
긴장된다	2
길고	2
길어서	2
길어요	2
김민수	2
김자매	2
김치	2
김치찌개	2
깃들기를	2
깃털	2
깊다	2
깊어요	2
까고	2
까꿍	2
까는	2
까다로워요	2
까서	2
까지나	2
까지는	2
까짓	2
깎았는데	2
깎은	2
깎을	2
깐다	2
깔렸다고	2
깔린	2
깔보는	2
깔보는데	2
깔았어요	2
깜둥이네	2
깜빡	2
깜빡이	2
깜빡이는	2
깜빡했다	2
깝치기	2
깨끗해요	2
깨달았냐	2
깨달았는지	2
깨도	2
깨무는	2
깨워달랬어	2
깨웠어	2
깨졌다는	2
깨졌어요	2
깨지게	2
깨지지	2
깼냐	2
깼어요	2
깼지	2
꺼내는	2
꺼내다	2
꺼내오죠	2
꺼내주겠다	2
꺼내주겠소	2
꺼내주세요	2
꺼낸다	2
꺼낼	2
꺼냈지	2
꺼놨어	2
꺼놨지	2
꺼림칙한	2
꺼버린다	2
꺼져가는	2
꺼져요	2
꺼졌다	2
꺼졌어	2
꺼지라니까	2
꺼지랬지	2
꺾어	2
꺾었는가	2
꺾으러	2
꺾을지	2
껐죠	2
껐지	2
껴안고	2
꼬고	2
꼬리표	2
꼬마다	2
꼬셔야	2
꼬였다는	2
꼬였어	2
꼬지르다니	2
꼬집는	2
꼬치	2
꼭대기	2
꼭대기층	2
꼰지르는	2
꼴좋다	2
꼼짝마	2
꼼짝없이	2
꽁꽁	2
꽁무니	2
꽂는	2
꽃병	2
꽃집	2
꽃향기	2
꾸며요	2
꾸몄단	2
꾸물거려	2
꾸물대나	2
꾸물대는	2
꾸물댈	2
꾸미는	2
꾸민	2
꾸중	2
꿇라	2
꿇어요	2
꿇었어	2
꿈꾸던	2
꿈꾼	2
꿍꿍이	2
꿨어요	2
꿰뚫을	2
뀌든	2
끄덕였다	2
끈다고	2
끈목	2
끈질기게	2
끊기다	2
끊어야	2
끊어졌어요	2
끊어지다	2
끊어지면	2
끊었다	2
끊으라고	2
끊을	2
끊을게	2
끊을까요	2
끊이지	2
끊지	2
끌려가는	2
끌어내요	2
끌어들이잖아	2
끌어들이지	2
끌어들일	2
끓고	2
끓어	2
끓었다	2
끓여요	2
끓였어요	2
끓이다	2
끓이지	2
끓일	2
끔찍하군	2
끔찍하네요	2
끔찍하다니	2
끔찍할	2
끔찍해요	2
끝나가다	2
끝나죠	2
끝날지	2
끝납니까	2
끝납니다	2
끝났게	2
끝났나	2
끝났니	2
끝났잖아요	2
끝내는가	2
끝내다	2
끝내라고	2
끝내려고	2
끝내버려	2
끝내자	2
끝내주네	2
끝내줘	2
끝냈나	2
끝장내리란	2
끝장내면	2
끝장냅시다	2
끼	2
끼어들	2
끼얹었어요	2
끼었나	2
끼쳐	2
끼쳐서	2
끼치다	2
끼친	2
낄낄거리는	2
나가겠대	2
나가겠소	2
나가곤	2
나가기로	2
나가나	2
나가랬지	2
나가주시겠어요	2
나가츠카	2
나간다는	2
나갈게	2
나갈까요	2
나갈래요	2
나갔다고	2
나기	2
나나요	2
나누는	2
나누다	2
나눈	2
나눈다고	2
나눔	2
나눠서라니	2
나눴어	2
나뉘고	2
나뉘어져	2
나는군	2
나라구	2
나라면요	2
나락	2
나빠져서	2
나빴어	2
나쁘단	2
나쁜놈	2
나쁠	2
나쁩니까	2
나서는	2
나서지	2
나섰을	2
나아가	2
나아가서	2
나아가자	2
나아졌나요	2
나아지지	2
나았다	2
나았어	2
나약한	2
나오겠네요	2
나오나	2
나오냐	2
나오는지	2
나오라니까	2
나오렴	2
나오시오	2
나올래	2
나와야	2
나왔으니	2
나으려나	2
나은가	2
나을걸	2
나일강	2
나잖아	2
나잖아요	2
나죠	2
나질	2
나체	2
나치니까	2
나치식	2
나카무라	2
나타나기	2
나타났는지	2
나타났어	2
나폴리	2
낙	2
낙관주의자	2
낙서하지	2
낙타똥	2
낙태시키라고	2
낙하	2
낚시질할	2
난리법석	2
난리속	2
난민	2
난방	2
날고	2
날까	2
날까요	2
날들	2
날뛰면서	2
날뛴	2
날라리	2
날려버려	2
날리기	2
날리는	2
날립니다	2
날벼락	2
날씬하다니	2
날아가요	2
날아간다	2
날아갈	2
날아갔어	2
날아다녀요	2
날아온	2
남겨두는	2
남겨주세요	2
남고	2
남기던가	2
남김없이	2
남미	2
남부지방	2
남성성	2
남수단	2
남아야	2
남아있는	2
남아있어	2
남아있을	2
남았을	2
남자다운	2
남자분	2
남장	2
남학생들	2
납치하려	2
낫	2
낫게	2
낫겠네요	2
낫겠다	2
낫잖아	2
났군	2
났나	2
났냐	2
났더군요	2
났던가	2
났었지	2
났을	2
났을까요	2
낭비하는	2
낮아	2
낮출까	2
낮춰줄래요	2
낯익죠	2
낳겠지	2
낳아	2
낳았고	2
내각	2
내기할래	2
내놓으란	2
내놓으래봐	2
내다보셨나요	2
내딛었어요	2
내려가고	2
내려가는	2
내려가던	2
내려놓으라니까	2
내려놨어	2
내려달라고	2
내려서	2
내려온	2
내려와서	2
내려왔다	2
내려왔어요	2
내려주고	2
내렸지	2
내리겠어	2
내리란	2
내리셨소	2
내리쳤다	2
내리친	2
내린다	2
내면서	2
내밀다	2
내보내줘	2
내봐	2
내사과	2
내실	2
내어	2
내역	2
내용물	2
내장	2
내주마	2
내주세요	2
내줄게	2
내줘	2
냄새나지	2
냅	2
냇가요	2
냈어	2
냉각	2
냉동	2
냉동고	2
냉정한	2
냐는	2
냐니까요	2
너굴	2
너무해요	2
너저분한	2
넘기는	2
넘길	2
넘봐	2
넘어가다	2
넘어가면	2
넘어갔네	2
넘어뜨려	2
넘어뜨렸을까	2
넘어졌어요	2
넘어지지	2
넘었잖아	2
넘을	2
넘지	2
넘쳐날	2
넘치게	2
넘치지	2
넘친	2
넣게	2
넣어도	2
넣어볼까	2
넣었군	2
넣었나요	2
넣었는지	2
넣으렴	2
네드	2
네안데르탈인	2
네오도쿄	2
네오리얼리즘	2
네이딘	2
네이먼	2
네즈	2
넬슨네	2
녀석아	2
년도	2
녜요	2
노냐	2
노래하기	2
노래하다	2
노랫소리	2
노력해	2
노력했다	2
노리는	2
노린	2
노망	2
노망난	2
노망났다는	2
노벨상	2
노아	2
노예	2
노예들	2
노출	2
노크할	2
녹나무	2
녹슬었나	2
녹슬었어요	2
녹아버렸어	2
녹았다	2
녹여라	2
녹음한	2
녹화됐죠	2
논노	2
논다	2
논대	2
논리적으로	2
논문집	2
논의할까요	2
놀거나	2
놀기	2
놀든	2
놀라	2
놀라지	2
놀랍군요	2
놀랍지	2
놀랐어	2
놀래	2
놀래니	2
놀려봐	2
놀아보자고	2
놀아볼까	2
놀아야지	2
놀았어	2
놀았어요	2
놀았으면	2
놀았지	2
놈팡이	2
농담하고	2
농담하나	2
농담하니	2
농담하시오	2
농담한	2
농땡이	2
농사꾼	2
농작물	2
농장들	2
높구나	2
높여	2
높여요	2
높이고	2
높이기	2
높이다	2
놓고는	2
놓아야	2
놓았어요	2
놓으라니까	2
놓죠	2
놓쳤나	2
놓쳤습니다	2
놓치다	2
놔두거든	2
놔두라고	2
놔둘까요	2
놔둬야	2
놔봐	2
놔줄래	2
놔줄래요	2
놔줘라	2
놨겠지	2
놨나요	2
놨다	2
놨어요	2
놨지	2
뇌졸중	2
누구고	2
누구더라	2
누구든	2
누군들	2
누군지는	2
누군진	2
누굴까요	2
누녜즈	2
누더기	2
누러	2
누르려고	2
누명	2
누워도	2
누워서	2
누워있어	2
누워있었던	2
눈감은	2
눈속임해	2
눈썹	2
눈치채기	2
눈치채지	2
눈치챘냐	2
눌래	2
뉴욕시	2
뉴저지	2
느그	2
느긋하게	2
느껴지니	2
느껴지십니까	2
느껴진다	2
느꼈나	2
느끼셨나요	2
느끼죠	2
느낌들	2
느낍니다	2
느려졌습니다	2
느렸어	2
늘상	2
늙고	2
늙어	2
늙었답니다	2
늙었어요	2
늙은이들	2
늦겠다	2
늦네	2
늦는다고	2
늦어지는	2
늦었나요	2
늦었소	2
늦춰주는	2
닌자	2
님파도라	2
다가왔다	2
다녀도	2
다녀왔니	2
다녔어	2
다니는구나	2
다니다	2
다니던	2
다니시는구나	2
다니죠	2
다닌다고	2
다닙니까	2
다듬기	2
다디나가	2
다레쉬	2
다렘	2
다루는	2
다뤄	2
다르네	2
다르면	2
다르지만	2
다른데요	2
다름없어	2
다릅니다	2
다리털	2
다물게	2
다소	2
다스릴	2
다시돌려보낼꺼다	2
다운받았지	2
다음번엔	2
다음주	2
다이노마이트	2
다치다	2
다치셨어요	2
다치진	2
다칠	2
다큐	2
다토에바	2
다하기	2
다하라	2
다한	2
닥쳐줄래	2
닥쳐줄래요	2
닥치다	2
닥치면	2
닥칠래	2
닦고	2
닦았니	2
단감	2
단결하여	2
단계별로	2
단골	2
단기간	2
단단한지	2
단맛	2
단순하게요	2
단역	2
단역들	2
단장	2
단정해요	2
단호하게	2
닫게	2
닫기	2
닫는	2
닫다	2
닫아야	2
닫았거든	2
닫으라고요	2
닫혀	2
닫힐	2
달거리	2
달라구	2
달라졌단	2
달라지고	2
달라지든	2
달라지지	2
달랐지	2
달래놓고	2
달려가	2
달렸지	2
달리게	2
달리고	2
달마시안	2
달면	2
달아나요	2
달아나지	2
달아났다	2
달아났다고	2
닭고기	2
닭장	2
닮았는데	2
닮았는지	2
닮았다고	2
닮았든	2
닮은	2
담	2
담긴	2
담당관	2
담당자	2
담배꽁초	2
담백한	2
담아	2
담아서	2
담은	2
담쟁이	2
답하기	2
답하라고	2
닷	2
당겨서	2
당겨야만	2
당근농사	2
당근아	2
당기면	2
당뇨	2
당도	2
당분	2
당사자	2
당신같지	2
당연하지요	2
당첨됐나	2
당첨되면	2
당최	2
당치	2
당했습니다	2
당황하지	2
당황했어요	2
닿아	2
닿아요	2
닿았어	2
닿지도	2
대가없이	2
대강	2
대개	2
대공포	2
대기시켜	2
대기해	2
대놓고	2
대는지	2
대다	2
대단하군	2
대단한데	2
대단했지	2
대담한	2
대담해진달까	2
대답하길	2
대답하라고	2
대답하시죠	2
대답하지	2
대답해요	2
대도독	2
대디	2
대라고	2
대란	2
대략적으로	2
대립해요	2
대모	2
대물	2
대바늘	2
대봐	2
대비책	2
대비하라	2
대비해서	2
대사형	2
대스타	2
대어	2
대우받을	2
대응책	2
대의	2
대이동	2
대자연	2
대작	2
대작전	2
대전역	2
대주교	2
대중들	2
대책	2
대체로	2
대체할	2
대출업자	2
대파	2
대표님	2
대피시켜라	2
대피하세요	2
대피할	2
대피해	2
대하다	2
대학교수	2
대학살	2
대학생	2
대항하라	2
대홍수	2
대화하고	2
대화하는	2
댁들	2
댈	2
댓가	2
댓글	2
댔잖아	2
댕기는지	2
더구나	2
더러	2
더럽고	2
더럽네	2
더럽히고	2
더럽힌	2
더럽힐	2
더미탄	2
더운	2
더운물	2
던져버리겠어	2
던졌어요	2
던지고	2
던지지마	2
덤벼봐	2
덥네	2
덥습니다	2
덥지	2
덩치들	2
덮을	2
덮치기	2
덮치려는	2
데나	2
데네소르	2
데니쉬	2
데려	2
데려가려는	2
데려가실	2
데려가야	2
데려가요	2
데려갈까	2
데려갔나요	2
데려갔죠	2
데려다줄까	2
데려오라고	2
데려오려고	2
데려오지	2
데려오진	2
데려와라	2
데려왔을까	2
데로	2
데리	2
데릭 밴 호일	2
데스몬드	2
데이토나	2
데이트해야	2
델치	2
도달하셨나요	2
도달할	2
도도한	2
도둑년	2
도둑놈들아	2
도마	2
도마뱀	2
도망가고	2
도망가는	2
도망자	2
도망쳐야	2
도망쳐야해	2
도망쳤는데	2
도망쳤다고	2
도망쳤다면	2
도망쳤던	2
도망치면	2
도망치세요	2
도박장	2
도사님	2
도살장	2
도스토옙스키	2
도와달라고	2
도와드릴게요	2
도와주겠나	2
도와주겠니	2
도와주겠다	2
도와주러	2
도와주려고	2
도와주면	2
도와주실래요	2
도왔던	2
도우려	2
도우미	2
도우소서	2
도울까요	2
도이치	2
도장님	2
도적들	2
도전자	2
도전하는	2
도전해	2
도착시간	2
도착하는	2
도착하죠	2
도착해	2
도착해서	2
도착해요	2
도착했다고	2
도처	2
도청기	2
도쿄역	2
도표	2
도피	2
독감	2
독고현순	2
독도	2
독백	2
독살했어	2
독일놈들	2
독일식	2
독차지할	2
독특하죠	2
독특한	2
돈당	2
돈들	2
돈짜리	2
돌게	2
돌들	2
돌려놔야	2
돌려서	2
돌려주겠어	2
돌려주다	2
돌려주면	2
돌려주자	2
돌려줄	2
돌려줄래	2
돌려줘요	2
돌렸나	2
돌렸어	2
돌리기	2
돌리는	2
돌리면	2
돌리지	2
돌린다	2
돌보고	2
돌보셨지	2
돌봐요	2
돌봐주었으면	2
돌봐줘	2
돌아가거라	2
돌아가게	2
돌아가셨나	2
돌아가셨나요	2
돌아가셨다	2
돌아가셨다고	2
돌아가셨어	2
돌아가셨을	2
돌아가셨죠	2
돌아가시니까	2
돌아가시면	2
돌아다니고	2
돌아다니냐	2
돌아다니는	2
돌아라	2
돌아보고	2
돌아서	2
돌아오겠어	2
돌아오고	2
돌아오기	2
돌아오냐고	2
돌아오니	2
돌아오라고	2
돌아오셨군요	2
돌아오셨어요	2
돌아오죠	2
돌아올게	2
돌아와라	2
돌아와야	2
돌아왔군	2
돌아왔다구요	2
돌아요	2
돌아주세요	2
돌았군	2
돌입준비	2
돌진	2
돌진해	2
돔	2
돕겠다고	2
돕겠어	2
돕는다고	2
동남아	2
동생분	2
동요하지	2
동의하는	2
동의합니다	2
동정하지	2
동정할	2
동참해놓고	2
동참해야겠지	2
동침	2
동행	2
동행했나요	2
동화책	2
돤즈훙	2
돼가고	2
돼가나	2
돼도	2
돼야잖나	2
돼있어	2
돼지우리	2
됐거든	2
됐네요	2
됐다고요	2
되가나	2
되거든	2
되거있어요	2
되건	2
되겠네	2
되겠네요	2
되겠다	2
되겠다는	2
되긴요	2
되냐고	2
되냐고요	2
되는가요	2
되는군요	2
되는디	2
되돌리죠	2
되돌아가	2
되돌아온다고	2
되라고	2
되셨어	2
되시기를	2
되십시오	2
되어주길	2
되어주지	2
되었나요	2
되었다더라	2
되었어요	2
되오	2
되옵니다	2
되자	2
되풀이했어	2
된다구	2
된다니까	2
된단다	2
된장국	2
될거	2
될래	2
될수록	2
될테니까	2
됬네	2
됬어	2
두개골	2
두건	2
두게	2
두겠어	2
두꺼비	2
두꺼워요	2
두껍다	2
두둑이	2
두드렸어요	2
두드리냐	2
두들기는	2
두라구	2
두라니까	2
두려운데요	2
두려워하나요	2
두려워해	2
두렵게	2
두렵나요	2
두렵든	2
두른	2
두말하면	2
두부	2
두진	2
두통약	2
둘러대지	2
둘러댈	2
둘러보고	2
둘러볼래요	2
둘러봐	2
둘뿐	2
둘이서	2
둡니다	2
둬라	2
둬선	2
뒀나	2
뒀는데	2
뒀을까	2
뒀지	2
뒈져버려	2
뒈져서	2
뒈졌잖아	2
뒈지는	2
뒤돌아봐	2
뒤져봐서	2
뒤졌다고	2
뒤집어쓰라고	2
뒤집을	2
뒤쫓아	2
뒤척였나요	2
뒤흔든	2
뒷계단	2
뒹굴던	2
듀엣	2
듀오	2
듀파옐	2
드나요	2
드라큘라	2
드러나	2
드러나는	2
드러났단	2
드러났습니다	2
드러머	2
드렸어	2
드렸지	2
드론	2
드리고	2
드릴께요	2
드문데	2
드셨습니까	2
드시겠소	2
드시겠수	2
드시고	2
드시다	2
드십시오	2
득	2
든다	2
든대	2
듣거라	2
듣겠어	2
듣겠지	2
듣고는	2
듣고도	2
듣고서	2
듣길	2
듣나	2
듣는군	2
듣든	2
듣습니다	2
듣자	2
듣자고	2
듣자니	2
들것	2
들겠군	2
들겠소	2
들겠지	2
들까요	2
들꽃	2
들끓는	2
들들	2
들러리	2
들렀을	2
들려나	2
들려줬어요	2
들르지	2
들리나요	2
들리네	2
들리는	2
들린다고	2
들린다니깐요	2
들먹여	2
들면은	2
들어가자	2
들어가지마	2
들어갈까요	2
들어갔나	2
들어갔니	2
들어냈나	2
들어보렴	2
들어봤지	2
들어서	2
들어섰다	2
들어야겠군	2
들어야겠네	2
들어오다니	2
들어오렴	2
들어오시면	2
들어왔다면서	2
들어왔던	2
들어있는	2
들어있던	2
들어주겠어	2
들어주실래요	2
들어줘	2
들었다니까	2
들었다며	2
들었어야	2
들었을	2
들었을까	2
들었잖아요	2
들여	2
들여보내셨다면	2
들여보내주겠나	2
들으라고	2
들으면	2
들으셨는지요	2
들으신	2
들이닥쳤어	2
들이마셔	2
들이받은	2
들이쉬고	2
들이쉬세요	2
들이지	2
들잖아	2
들진	2
들켰다	2
들켰어	2
들키고	2
들킨	2
들킬	2
들킬거야	2
등등	2
등산	2
등수	2
등장하는	2
디렉터	2
디미누엔도	2
디알로	2
디엠	2
디자이너	2
디자인하고	2
디즈니	2
딘	2
딥노린쿠스	2
딩동댕	2
따겠어	2
따귀	2
따끈한	2
따돌려	2
따뜻해요	2
따라가고	2
따라가지	2
따라다니겠지	2
따라다니지	2
따라들	2
따라서는	2
따라오겠어	2
따라오네	2
따라오다니	2
따라오라고	2
따라오세요	2
따라오지	2
따라온	2
따라온다	2
따라와야	2
따르겠어	2
따르지	2
따른	2
따른다면	2
따먹기	2
따윌	2
따지지	2
따질	2
딱풀	2
딴소리	2
딴짓하지	2
딸들	2
딸린	2
딸자식	2
땄다고	2
때려봐	2
때려치운	2
때렸네	2
때린	2
때문이다	2
땡	2
땡겨줘	2
땡전	2
떠나는데	2
떠나려	2
떠나면	2
떠나세요	2
떠나시오	2
떠나야겠어	2
떠난다니	2
떠날까	2
떠납니다	2
떠났나요	2
떠났는지	2
떠났단	2
떠났을까	2
떠났지	2
떠넘겨	2
떠다니는	2
떠도는	2
떠들면	2
떠맡기려는	2
떠볼	2
떠오르는	2
떠올랐다	2
떠올랐어요	2
떠올릴	2
떡대	2
떨구면	2
떨다	2
떨리고	2
떨림	2
떨어뜨려	2
떨어졌나	2
떨어졌던	2
떨어졌잖아	2
떨어지고	2
떨어지기	2
떨어지지	2
떨어질까	2
떴는데	2
떴다	2
떼겠어	2
떼고	2
떼어내	2
떼어내요	2
떼어먹을	2
또는	2
또다시	2
또요	2
똑	2
똑같네	2
똑같습니다	2
똑같을	2
똑똑하지	2
똑똑했어	2
똥싸는	2
똥통	2
똥파리	2
뚫려	2
뚫렸어요	2
뚫린다는	2
뚱뚱해	2
뛰냐고	2
뛰다	2
뛰어도	2
뛰어들면	2
뛰어왔어	2
뛰었어	2
뛰와	2
뛴다	2
뜨개질	2
뜬대요	2
뜻대로	2
띄는	2
띨띨해	2
라기보단	2
라네	2
라다크	2
라더니	2
라던가	2
라따뚜이	2
라라	2
라비올리	2
라사르테	2
라서요	2
라움	2
라이온 하트	2
라이온하트	2
라자냐	2
라티에르	2
라파옛	2
락	2
란도	2
람	2
랍비	2
랑데부	2
래그타임	2
램	2
러그	2
런던엔	2
런던행	2
럼주	2
레겐멜트	2
레나	2
레난	2
레니	2
레닌	2
레닌그라드	2
레드와인	2
레알	2
레인	2
레전드	2
레즈	2
레즈비언들	2
레지널드	2
레질리멘스	2
렌치	2
렌터카	2
렌트비	2
려나	2
로구나	2
로니	2
로다	2
로돌포	2
로들	2
로또	2
로런	2
로렌츠	2
로마랭	2
로마식	2
로만이구먼	2
로맨스	2
로버타	2
로벳	2
로보	2
로비쇼	2
로사	2
로서는	2
로션	2
로스	2
로저	2
로켓포	2
로페즈	2
록우드	2
록조	2
론돈	2
루	2
루 리드	2
루미스	2
루시엥	2
루이스 해밀턴	2
루이지	2
루이지애나	2
루카스	2
루트비히	2
룸바	2
르끌레어	2
리듬감	2
리마	2
리버틴	2
리본	2
리브스	2
리셋할	2
리콜해야	2
리키	2
리키치	2
리타이어	2
리틀	2
리틀록	2
리퍼	2
린	2
린드버그	2
링	2
링슬리	2
마가	2
마가레테	2
마감	2
마권업자들	2
마귀	2
마날리	2
마놀로	2
마돈나	2
마디마디	2
마련되어	2
마련하는	2
마련해	2
마루샤	2
마룻바닥	2
마르	2
마르가리타	2
마르주	2
마르지	2
마리엘라	2
마미	2
마법봉	2
마부	2
마셔라	2
마셔봐	2
마셔선	2
마셨지	2
마시거라	2
마시겠는가	2
마시겠니	2
마시겠소	2
마시겠어요	2
마시기	2
마시나	2
마시든	2
마시려던	2
마시멜로	2
마시면서	2
마실까요	2
마약단속국	2
마오	2
마임	2
마찌니	2
마츠	2
마치다	2
마치면	2
마치요	2
마칠	2
마침표	2
마키	2
마흔	2
막걸리	2
막는지	2
막다	2
막다른	2
막셀	2
막어	2
막잖아	2
막장	2
막혔나	2
막혔는데	2
막혔다	2
만나겠어	2
만나겠어요	2
만나기로	2
만나네	2
만나는데	2
만나는지	2
만나다	2
만나려면	2
만나리	2
만나믄	2
만나보셨어요	2
만나셨어요	2
만나자고	2
만나자고요	2
만나주면	2
만날까	2
만났네요	2
만났는데	2
만났는데요	2
만났다고	2
만났다는	2
만났대	2
만났던데	2
만났었나	2
만났죠	2
만났지	2
만드는구나	2
만드려고	2
만드셨어요	2
만드셨을까	2
만드신	2
만든다고	2
만들거야	2
만들겠어	2
만들기	2
만들까	2
만들다니	2
만들려	2
만들만한	2
만들어주기로	2
만들어주마	2
만들어줄까	2
만들었네	2
만들었더라	2
만듭시다	2
만성	2
만셀	2
만은	2
만을	2
만져볼래	2
만져봐	2
만져줄	2
만졌어	2
만졌어요	2
만졌지	2
만조오들	2
만족시키려고	2
만지고	2
만지지마	2
만체스	2
만체스씨	2
만키쿠	2
만하지	2
만해요	2
많거든	2
많고	2
많군	2
많냐	2
많다고	2
많습니까	2
많아가지고	2
많아서	2
많았죠	2
많으셨습니까	2
많으셨어요	2
많을	2
많이요	2
많잖은가	2
맏딸	2
말거야	2
말건	2
말걸	2
말겠다	2
말고요	2
말까요	2
말꼬리	2
말다툼	2
말들어	2
말라깽이	2
말라리아	2
말라캤제	2
말랐어	2
말랐어요	2
말래	2
말레스키	2
말려	2
말려봐	2
말렸다	2
말리고	2
말리다	2
말리려는	2
말미암아	2
말발	2
말세	2
말씀드려	2
말씀드리자면	2
말씀드리죠	2
말씀하세요	2
말씀하셔도	2
말씀하셨던	2
말씀하시는	2
말씀하시죠	2
말씀하실	2
말씀해주세요	2
말았네	2
말없이	2
말여	2
말자고	2
말장난	2
말조심해	2
말조심해라	2
말지	2
말하든	2
말하라	2
말하라는	2
말하란	2
말하세요	2
말하지도	2
말한다고요	2
말할게요	2
말할래	2
말합니까	2
말해드릴까요	2
말해보세요	2
말해볼까	2
말해볼까요	2
말해야겠어	2
말해주겠나	2
말해주겠소	2
말해주면	2
말해주실	2
말해줘야	2
말해줬죠	2
말했냐	2
말했는데	2
말했는지	2
말했다고	2
말했던가	2
말했소	2
말혀야	2
맑아요	2
맘마	2
맘마유토단	2
맛나는	2
맛보게	2
맛없어	2
맛있냐	2
맛있니	2
맛있댔어	2
맛있습니다	2
맛있어서	2
맛있죠	2
맛있지	2
망가뜨리고	2
망가뜨린	2
망가졌다	2
망쳤어	2
망치고	2
망치려고	2
망치면	2
망하고	2
망하는	2
망해라	2
망했네	2
망했다더니	2
맞긴	2
맞네요	2
맞는다	2
맞는지	2
맞대면	2
맞대잖아	2
맞든지	2
맞붙는다	2
맞서고	2
맞서는	2
맞으셨어요	2
맞은편	2
맞을까	2
맞잖아요	2
맞추고	2
맞춥니다	2
맞춰봐	2
맞춰선	2
맞춰야	2
맞춰야지	2
맞췄네	2
맞췄다	2
맞췄습니다	2
맞혀볼까요	2
맡겠소	2
맡겨놨다고	2
맡겼어	2
맡겼어요	2
맡기고	2
맡기는	2
맡기다	2
맡기로	2
맡길게	2
맡아줄	2
맡았나	2
맡았다	2
맡았소	2
맡았어	2
맡을게	2
맡을지도	2
매겨	2
매기	2
매너	2
매니큐어	2
매맞기	2
매복	2
매순간	2
매야	2
매었어요	2
매운	2
매워	2
매일매일	2
매점	2
매진	2
매체	2
매트리스	2
매형	2
맥가이버	2
맥고나걸	2
맥킬헤니	2
맬컴	2
맸어요	2
맹꽁아	2
맹맹	2
맹목적	2
맹세코	2
맹세하는	2
맹세하는지	2
맹세했다잖아	2
맹인	2
맺는	2
맺어서	2
맺었나	2
맺으면	2
맺은	2
머	2
머더냐고	2
머땀시	2
머리빗	2
머리속	2
머리핀	2
머리했는데	2
머린	2
머무르고	2
머무를	2
머무십시오	2
머문다면	2
머물고	2
머물면서	2
머물죠	2
머저리들	2
머저리들아	2
먹겠니	2
먹겠다는	2
먹겠어	2
먹겠어요	2
먹고말지	2
먹긴	2
먹든	2
먹어둬	2
먹어야겠다	2
먹어야지	2
먹었겠지	2
먹었으니	2
먹었잖소	2
먹었지	2
먹였어요	2
먹으라네	2
먹이고	2
먹이고도	2
먹이려고	2
먹지마	2
먹통	2
먼가	2
먼치킨	2
멀뚱히	2
멀로	2
멀린	2
멀었다	2
멀었어요	2
멀홀랜드	2
멈추게	2
멈추고	2
멈추라고	2
멈추라니까	2
멈추면	2
멈추세요	2
멈추시오	2
멈췄지	2
멉니까	2
멋있네	2
멋있는데	2
멋있죠	2
멋지군요	2
멋지다죠	2
멍든	2
멍청하다	2
멍청하면	2
멍청한게	2
멍청했어	2
멍텅구리	2
메다	2
메마른	2
메스칼	2
메일리	2
메츠	2
메칠	2
멕라이언	2
멜라니	2
멧돼지	2
며느님	2
면서	2
멸망할	2
명령대로	2
명령대로요	2
명령들	2
명령한다	2
명령했잖아	2
명심해요	2
명예로운	2
명중	2
명찰	2
명한다	2
명할까요	2
명화	2
명확하지	2
몇번	2
몇천	2
몇회	2
모	2
모니카	2
모닝	2
모데나	2
모독	2
모독하는	2
모듈	2
모든게	2
모래바람	2
모래지렁이	2
모래폭풍	2
모레	2
모루	2
모르겠군	2
모르겠나	2
모르겠는가	2
모르겠죠	2
모르겠지	2
모르나요	2
모르는군	2
모르니까	2
모르시잖습니까	2
모르시지	2
모르오	2
모른다고요	2
모른다구요	2
모른다니까	2
모른단다	2
모를거야	2
모를걸	2
모리타니아	2
모린	2
모몽가	2
모범생	2
모스부호	2
모시는	2
모실까요	2
모아	2
모아요	2
모양새	2
모여라	2
모여봐	2
모여서	2
모여있는	2
모였구나	2
모였나	2
모욕	2
모욕하지	2
모욕해	2
모울라	2
모의	2
모자라	2
모자라다	2
모조	2
모토	2
모피	2
모형	2
모히토	2
목격자들	2
목격하지	2
목격할	2
목단정	2
목따고	2
목재	2
목제	2
몬초	2
몬테카를로	2
몰고	2
몰골	2
몰랐나요	2
몰랐냐	2
몰랐다	2
몰랐을	2
몰렸다고	2
몰아넣은	2
몰아붙이는	2
몰아요	2
몸값	2
몸냄새	2
몸살	2
몸조심하거라	2
못난이	2
못생긴	2
못써	2
못참겠다	2
못참아	2
못하겠지	2
못하고	2
못하냐	2
못하니	2
못하든	2
못하신	2
못하잖아	2
못하죠	2
못한다니까	2
못할까요	2
못해서요	2
못했다	2
못했던	2
못했을까	2
못했죠	2
못했지	2
몽골어	2
묘	2
묘하지	2
무거워요	2
무거웠어	2
무고죄	2
무기한	2
무당심결	2
무라노	2
무례하다	2
무례한지고	2
무례해	2
무료로	2
무모증	2
무방비	2
무사하대	2
무사했구나	2
무사했었구나	2
무서우신가	2
무서울	2
무서워야	2
무서워하는데	2
무서워했어	2
무섭냐	2
무섭니	2
무섭다고	2
무섭든	2
무섭지도	2
무성해요	2
무시되어	2
무시하기로	2
무시하면	2
무시하면요	2
무시하지	2
무시할	2
무시했어	2
무심하신	2
무어인	2
무얼	2
무엇보다도	2
무엇을요	2
무용	2
무음	2
무의미하다고	2
무의식	2
무인	2
무장	2
무적	2
무정부주의자	2
무지한	2
무책임한	2
무한한	2
무화과	2
무효	2
묵고	2
묵사발	2
묵어요	2
묵었소	2
묶고	2
묶어놨어	2
묶인	2
문구	2
문득	2
문명	2
문밖	2
문신한	2
문어	2
문의할	2
문자해도	2
문제없어	2
문제해결능력	2
묻겠어	2
묻는데	2
묻는디	2
묻어버려	2
묻었잖아	2
묻혀	2
물개	2
물건들	2
물게되면	2
물귀신	2
물던가	2
물러나게	2
물러나라고	2
물러나시오	2
물러났어요	2
물러서라	2
물러서세요	2
물레방앗간	2
물려	2
물려받은	2
물렸다니까	2
물리	2
물리는	2
물리면	2
물리쳐야	2
물리쳤어	2
물리친다	2
물리친다고	2
물방앗간	2
물어보겠습니다	2
물어보고	2
물어보시면	2
물어보죠	2
물어봐요	2
물어봤다	2
물어봤지요	2
물어주겠어	2
물었다	2
물었다고요	2
물었잖아	2
물었죠	2
물의	2
물집	2
뭉치	2
뭐냐구	2
뭐라구	2
뭐라는지	2
뭐라든	2
뭐라셔	2
뭐랄까	2
뭐래요	2
뭐랬나	2
뭐랬냐고	2
뭐랬는	2
뭐랬는데요	2
뭐랬는지	2
뭐하게요	2
뭐하세요	2
뭐하시는	2
뭐하지	2
뭐합니까	2
뭐했니	2
뭘하고	2
뭣때문에	2
뮤지얼	2
뮤직홀	2
미국문학	2
미국사람	2
미국산	2
미국인들	2
미끄러워요	2
미나스	2
미나스 티리스	2
미남	2
미노루	2
미디어	2
미련	2
미루는	2
미뤄두고	2
미마린	2
미마야	2
미모	2
미술	2
미쉐린 가이드	2
미스란디르	2
미스터 빅	2
미스터리	2
미스터리한	2
미스테리	2
미안한	2
미안합니다	2
미안해서	2
미야미즈	2
미약한	2
미용실	2
미움	2
미워하니까	2
미워하죠	2
미천한	2
미첼	2
미쳤니	2
미쳤다고	2
미치겠다	2
미치기	2
미치다	2
미치도록	2
미치죠	2
미친놈들	2
미친놈아	2
미친다	2
미칩니다	2
미트볼	2
미해결	2
미행한	2
미호	2
미희	2
민감한	2
민망하게	2
민병대	2
민심	2
민주화	2
민폐	2
민폐려나	2
믿겠다	2
믿겠소	2
믿기지	2
믿냐	2
믿는가	2
믿다	2
믿어져요	2
믿어주셨듯이	2
믿어줄까요	2
믿어줘	2
믿었지	2
믿으니까	2
믿으라고요	2
믿으란	2
믿으려나	2
믿으셔	2
믿으시라	2
믿으시오	2
믿을테니까	2
믿지마	2
밀고자야	2
밀고한	2
밀려온다	2
밀려와요	2
밀렸다고	2
밀매	2
밀밭	2
밀수업자	2
밀어봐	2
밀어붙여	2
밀어붙였어요	2
밀쳐내지	2
밀크티	2
밀턴	2
밀트	2
밉지	2
밑바닥	2
바꾸겠어	2
바꾸려	2
바꾸려고	2
바꿔놓지	2
바꿔요	2
바꿔줄래	2
바꿔줘요	2
바꿔치기하나	2
바꿨냐	2
바꿨니	2
바꿨다	2
바뀌는	2
바뀌든	2
바뀌어	2
바뀌어요	2
바뀌었다	2
바뀌었어요	2
바다표범	2
바라겠습니다	2
바라보았다	2
바라십니까	2
바랄	2
바람둥이	2
바람피운	2
바래다	2
바래다줄게	2
바로잡아	2
바로잡을	2
바론	2
바르세요	2
바르지	2
바른대로	2
바를게요	2
바를까	2
바보같아	2
바보들	2
바보자식	2
바보취급	2
바빴다	2
바쁘고	2
바쁘니	2
바쁘셨죠	2
바쁘시죠	2
바쁠	2
바에즈	2
바이	2
바이론	2
바이스	2
바이올린	2
바이킹	2
바주카포	2
바쳤습니다	2
바치다	2
바티칸	2
바흐	2
박게	2
박동	2
박물관 월드	2
박수쳤어	2
박아	2
박았어요	2
박종표	2
박치기	2
박치기하는	2
박테리아	2
박하	2
박흥국	2
박히라고요	2
반갑구나	2
반갑군	2
반격할	2
반격해	2
반길	2
반나절	2
반대하는	2
반반한	2
반복	2
반복되는	2
반복하는	2
반복해야	2
반천운	2
반품하러	2
반하지	2
반항하는	2
반했대	2
받고도	2
받네	2
받는다고	2
받는다는	2
받는데	2
받든	2
받아낸	2
받아들여야	2
받아들인	2
받아봐	2
받아쓰기	2
받아주길	2
받아주는	2
받아준다면	2
받았나요	2
받았느니	2
받았다고	2
받으러요	2
받으려고	2
받으려는	2
받으며	2
받으셨습니까	2
받잖아	2
받지마요	2
발견된	2
발견하던	2
발광	2
발끝	2
발동	2
발동하라	2
발라	2
발라줄래	2
발라톤	2
발랐어요	2
발레	2
발레리나	2
발령	2
발리노르	2
발리안	2
발명	2
발발했다고	2
발사대	2
발사믹	2
발사해	2
발생했다	2
발생했어요	2
발언	2
발음하는	2
발자취	2
발전	2
발정	2
발찌	2
발톱자국	2
발표한다며	2
발행	2
밝게	2
밝아	2
밝아요	2
밝혀내지	2
밝혔어요	2
밝히기	2
밟아라	2
밟아버려	2
밟으라고	2
밟은	2
밤길	2
밤낮	2
밤새도록	2
밤새워	2
밤하늘	2
밥솥	2
방갈로	2
방값	2
방면	2
방사능	2
방세	2
방송되는	2
방송해요	2
방심하지	2
방안	2
방어벽	2
방어술	2
방어하는	2
방언	2
방엔	2
방울토마토	2
방자하구나	2
방탄복	2
방해됐어요	2
방해될	2
방해하지마	2
방해해서	2
배고픈데	2
배구	2
배급	2
배다른	2
배달부	2
배달하면	2
배달해	2
배부르지	2
배불러요	2
배송하세요	2
배심원들	2
배우나요	2
배우라고	2
배우려고	2
배우려는	2
배우죠	2
배워두렴	2
배워라	2
배웠겠지	2
배웠나	2
배웠냐	2
배웠다	2
배웠다고	2
배즙	2
배치시키겠다	2
배치해	2
배터지게	2
배팅	2
배회하는	2
백만	2
백미러	2
백설공주	2
백설공주님	2
백인들	2
백작부인	2
백주상	2
백포도주	2
밴디	2
밸러리	2
밸런스	2
뱀장어	2
뱅상	2
뱉어내는	2
뱉은	2
버긴	2
버나드	2
버드	2
버려도	2
버려서	2
버려야	2
버려요	2
버려질	2
버렸나	2
버렸어요	2
버렸잖아	2
버렸지	2
버릇없고	2
버릇없이	2
버리다	2
버린다	2
버블	2
버질	2
버크	2
버터컵	2
버텨라	2
버텨온	2
버텨요	2
버티든	2
버티라고	2
버티셨을걸요	2
버틴다니까	2
버펄로	2
번개맛	2
번졌어요	2
번지수	2
번쩍	2
벌다	2
벌레들	2
벌려놨어	2
벌리거라	2
벌어먹을	2
벌어지는	2
벌어지는가	2
벌어질까요	2
벌여	2
벌이는	2
법안	2
법적	2
벗기는	2
벗길	2
벗어나게	2
벗어나지	2
벗어나질	2
벗어라	2
벗어야지	2
벗어요	2
벗었다	2
벗으라고	2
벗을까	2
베고	2
베니토	2
베르스타펜	2
베를리니	2
베리	2
베스	2
베이거스엔	2
베트남	2
벡	2
벤치	2
벨기에	2
벨라스케스	2
벨리니	2
벨리오즈	2
벨마	2
벼랑	2
벼룩	2
변기	2
변명할	2
변상	2
변상금	2
변색됐어요	2
변소더라	2
변장	2
변하기	2
변하든	2
변하지	2
변한다	2
변해라	2
변했나	2
변호	2
변호인	2
별들	2
별말씀을요	2
별장	2
별희	2
병기	2
병들고	2
병신같은	2
보건검사관	2
보게나	2
보고할까	2
보고했나	2
보관하지	2
보구나	2
보급선	2
보급풍	2
보나요	2
보내겠네	2
보내니까	2
보내라고요	2
보내려고	2
보내시겠습니까	2
보내신	2
보내주마	2
보내주지	2
보내줄까	2
보내줄래요	2
보내줘요	2
보내줬으면	2
보낸다	2
보낸다고	2
보낼까	2
보냈고	2
보냈나	2
보냈는데	2
보냈소	2
보는군	2
보는데서	2
보는지	2
보다야	2
보던	2
보던데	2
보도록	2
보드랍죠	2
보든	2
보란	2
보랑께	2
보리소비치	2
보리차	2
보물덩어리	2
보보크라니	2
보살펴	2
보살핌	2
보상금	2
보셨겠군요	2
보셨는데요	2
보셨소	2
보수파	2
보스턴쯤	2
보스톤	2
보시든가	2
보시면	2
보시죠	2
보안관	2
보여드린	2
보여드릴게요	2
보여드릴까	2
보여주라	2
보여주면	2
보여주세요	2
보여주시겠어요	2
보여줘야지	2
보여줬어	2
보였던가	2
보였지	2
보이	2
보이드	2
보이려고	2
보이머	2
보이스카우트	2
보이시오	2
보이오	2
보이지만	2
보일러실	2
보일씨	2
보일아	2
보입니까	2
보자구	2
보잖아	2
보장된	2
보장해	2
보쟀지	2
보증해	2
보충병들	2
보카	2
보탬	2
보폭	2
보험료	2
보험처리	2
보호하기	2
보호하라	2
보호할	2
보호해	2
보호해요	2
복구할	2
복사해도	2
복수해	2
복수해다오	2
복잡하고	2
복잡하다	2
복잡합니다	2
복잡해	2
복제품	2
복종하라	2
복지	2
본능	2
본다더라	2
본다레프	2
본론	2
본모습	2
본보기	2
본적	2
본질적	2
볼륨	2
볼셰비키	2
봉골레	2
봉쇄해	2
봉쇄해라	2
봉인	2
봉인해	2
봐주면	2
봐줄	2
봤겠지	2
봤고	2
봤구먼	2
봤군요	2
봤냐고	2
봤는디	2
봤다며	2
봤다면	2
봤단	2
봤대	2
봤으면	2
봤잖아요	2
뵐게요	2
뵐까요	2
뵙겠습니다	2
뵙지	2
부관	2
부근	2
부끄러움	2
부끄러워요	2
부끄럽다고	2
부담스러워	2
부당한	2
부동산	2
부두교	2
부드러워요	2
부드럽게	2
부득이하게	2
부딪혀	2
부딪혔어요	2
부딪히면	2
부딪힌다고	2
부딪힐	2
부러뜨렸다	2
부러졌다고	2
부러지겠어요	2
부려	2
부류들	2
부르게	2
부르기	2
부르더라	2
부르러	2
부르셨답니까	2
부르신	2
부르지마	2
부리	2
부리는	2
부리토	2
부릴게요	2
부분적	2
부분적으로	2
부산시	2
부상해	2
부서	2
부서져	2
부서졌다	2
부셔	2
부수기	2
부수는	2
부수려는	2
부숴버릴	2
부숴지는게	2
부양하는데	2
부었다고	2
부유하고	2
부은	2
부인들	2
부인하는	2
부인했다	2
부자됐네	2
부전자전	2
부정적	2
부정확해요	2
부족합니다	2
부지런했죠	2
부차적	2
부처	2
부추	2
부치실	2
부치자	2
부탁하는	2
부탁하시는	2
부탁하실	2
부탁하지	2
부탁한다구	2
부탁할게요	2
부탁했나	2
부풀어	2
부호	2
부활	2
부활절	2
북극	2
북받친	2
분간	2
분명하게	2
분명한	2
분명한데	2
분명해	2
분배하는	2
분산되겠어	2
분석	2
분석할	2
분신	2
분장	2
분한	2
분해서	2
불가능해요	2
불게	2
불경한	2
불고	2
불공평하게	2
불공평한	2
불길한	2
불능	2
불든	2
불러내면서	2
불러볼까	2
불러야할	2
불러와	2
불러주랴	2
불러주어	2
불러줄래	2
불러줘요	2
불러줬으면	2
불렀거든요	2
불렀습니다	2
불렀잖아	2
불려요	2
불리한	2
불매하라고	2
불매한다니	2
불명예스럽게	2
불복하는	2
불쌍하군	2
불쌍해	2
불안	2
불안정성	2
불안해	2
불어나	2
불어나고	2
불어오는	2
불었나	2
불잖아	2
불죠	2
불청객	2
불태워라	2
불태워버린다고	2
불편하신	2
불편하진	2
불편해요	2
불필요한	2
불합격	2
불행해져도	2
불황	2
붉다	2
붐비던가요	2
붐빈다	2
붓기	2
붓다	2
붓지	2
붙들어	2
붙어라	2
붙어먹어야지	2
붙어보겠나	2
붙었습니다	2
붙였어	2
붙였어요	2
붙으면	2
붙을	2
붙이고	2
붙이다	2
붙이면	2
붙일까요	2
붙잡았습니다	2
붙잡았어	2
브라더	2
브라이슨	2
브랜디	2
브런치	2
브레고	2
브렌든	2
브루어	2
브륀힐트	2
브릭스도르프	2
블라인드	2
블랙리스트	2
블랙섬	2
블랙커피	2
블레드	2
블로어	2
블루베리	2
블루투스	2
비공인된	2
비굴하게	2
비난	2
비난해	2
비니	2
비닐봉지	2
비단	2
비도	2
비라	2
비루	2
비리	2
비만	2
비밀통로	2
비상계단	2
비상적	2
비석	2
비설	2
비숍	2
비싸게	2
비싸다	2
비싼데	2
비어트리스	2
비었어요	2
비올라	2
비웃는	2
비웃어요	2
비워줄래요	2
비위	2
비인가	2
비즈니스	2
비즐러	2
비참한	2
비추어	2
비치	2
비치발리볼	2
비켜봐	2
비켜서	2
비켜줄래	2
비켜줘	2
비키	2
비키거라	2
비키다	2
비키라고	2
비하다	2
비해서	2
비행기구름	2
비행선	2
비행체	2
빅짐	2
빅토르 위고	2
빅토리아	2
빈민	2
빈센트	2
빈약한	2
빈자리	2
빈틈	2
빌렸어요	2
빌릴까요	2
빌어먹게	2
빌어주었다	2
빌지	2
빔바	2
빗나갔잖아	2
빗방울	2
빙그레	2
빙수	2
빚진	2
빛나는	2
빠꿈이	2
빠뜨렸나보죠	2
빠뜨릴	2
빠르거든	2
빠르구나	2
빠르지	2
빠른데요	2
빠를	2
빠를지도	2
빠져나가고	2
빠져나오거든	2
빠져나올	2
빠져나왔지	2
빠져요	2
빠져있는	2
빠졌나	2
빠졌다는	2
빠졌으니	2
빠졌지	2
빠지고	2
빠지는데	2
빡빡	2
빨갛고	2
빨개	2
빨개졌어요	2
빨갱이들	2
빨겠대	2
빨까	2
빨라죠	2
빨랐나	2
빨랐어	2
빨려	2
빨아처먹었군	2
빼갔어	2
빼곤	2
빼내	2
빼낼	2
빼놓고	2
빼는	2
빼달라고	2
빼먹었네	2
빼면	2
빼앗으려	2
빼앗은	2
빼줘	2
뺏은	2
뺐어	2
뺑이	2
뺑코	2
뻐드렁니	2
뻔뻔하게	2
뻔하죠	2
뻔했잖아	2
뻗다	2
뻗어	2
뻘뻘	2
뻥튀기할	2
뼈마디	2
뽀뽀해도	2
뽀뽀해주려고	2
뽑다	2
뽑아	2
뽑아가지고	2
뽑아내고	2
뽑아버리겠어	2
뽑아줄	2
뽑았잖아	2
뽑으세요	2
뽑은	2
뽑을지	2
뿌리	2
뿌리는	2
뿐이지	2
뿝뿝	2
사계절	2
사고나	2
사고방식	2
사공	2
사과드립니다	2
사과하려고	2
사과합니다	2
사과해	2
사과했어	2
사교적	2
사구아로	2
사귀고	2
사귀든	2
사귀어요	2
사귀지	2
사귄지	2
사귈	2
사금	2
사납다	2
사냥총	2
사냥하고	2
사냥할	2
사냥할래	2
사냥해	2
사는지도	2
사다줘	2
사단들	2
사담	2
사드릴까요	2
사든	2
사라고	2
사라는	2
사라져라	2
사라져야	2
사라지나요	2
사라지다	2
사라진다고	2
사랑스러운	2
사랑스런	2
사랑하고	2
사랑하냐고	2
사랑하느냐	2
사랑하면	2
사랑하세요	2
사랑하십니까	2
사랑한	2
사랑합니다	2
사랑해본	2
사랑해서	2
사랑해줄	2
사랑했단	2
사랑했습니까	2
사랑했었어	2
사려는	2
사령	2
사료	2
사막열	2
사무	2
사무라인	2
사복	2
사살하겠다	2
사상자	2
사샤	2
사셔야	2
사수해	2
사시는지	2
사시려고요	2
사시죠	2
사십	2
사악하다고	2
사악하지	2
사야겠어	2
사야지	2
사야카	2
사에드	2
사왔어	2
사용됐을까요	2
사용하는	2
사용해도	2
사용해서	2
사윗감	2
사유	2
사유서	2
사이렌	2
사임	2
사절하겠어	2
사존	2
사줬다	2
사직할	2
사진기사	2
사진집	2
사카마키	2
사토리우스	2
사파라즈	2
사파이어	2
사픽	2
사하스트라부테	2
사회복지사	2
사회봉사	2
사회생활	2
사회자	2
삭이다	2
삭제	2
삭제한	2
산맥	2
산밍	2
산수	2
산업	2
산엔	2
산채로든	2
산책하고	2
산책할	2
산책했어요	2
산타클로스	2
산탄총	2
산티스	2
산허리	2
살까요	2
살란	2
살람	2
살려내	2
살려두지	2
살려야만	2
살려요	2
살려주면	2
살렸다고	2
살렸잖아요	2
살리는	2
살리려고	2
살리죠	2
살바	2
살바토레	2
살벌한	2
살사	2
살아가	2
살아가야	2
살아가지	2
살아갈	2
살아남았다	2
살아야지	2
살아있다는	2
살아있단	2
살아있지	2
살았나	2
살았는데	2
살았다	2
살았다고	2
살았어야	2
살았었어	2
살았으면	2
살의	2
살인자들아	2
살인청부업자	2
살자	2
살자는	2
살점	2
살짜리	2
살찌라고요	2
살펴볼게	2
살펴봐도	2
살펴봤어	2
살해당한	2
살해당했어	2
삶았어요	2
삼각함수	2
삼겹살	2
삼다	2
삼만	2
삼인조	2
삼지창	2
삼천포	2
삼켰어요	2
삼키다	2
삼키지	2
삼킬	2
삽요	2
삽질	2
샀는지	2
샀어야	2
상관없다	2
상관없소	2
상관없잖아	2
상관하지	2
상관해	2
상금	2
상기시켜	2
상다리	2
상대감	2
상대적으로	2
상부상조	2
상세한	2
상속자	2
상승하고	2
상의	2
상인	2
상점	2
상징하는	2
상처받는	2
상추	2
상쾌하지	2
상판	2
상편	2
상하다	2
새겨야	2
새기다	2
새길	2
새까맣네	2
새롭지	2
새비지	2
색소폰	2
샌디	2
샘물	2
샜다	2
생각나는	2
생각났어	2
생각엔	2
생각하느냐	2
생각한거	2
생각한다고	2
생각한다면	2
생각해도	2
생각해라	2
생각해보게	2
생각해보니	2
생각해서	2
생각했겠지	2
생각했나	2
생각했다고	2
생각했소	2
생각했었니	2
생각했죠	2
생겨	2
생겨났는지	2
생겼냐	2
생겼다고	2
생겼습니다	2
생계	2
생기겠냐	2
생기겠어	2
생기고	2
생기는	2
생기다	2
생략하지	2
생명력	2
생명체들	2
생물들	2
생물학	2
생방송	2
생사람	2
생산량	2
생쇼	2
생애	2
생포된	2
생활주기	2
샤갈	2
샤를	2
샤말다스	2
샤오	2
샤워기	2
샤워실	2
샤워젤	2
샤이트	2
샨시	2
샬로씨	2
샴폐인	2
샴푸	2
샷	2
샹트레드	2
서구	2
서나	2
서두르든	2
서둘러라	2
서라니까	2
서래씨	2
서른	2
서린	2
서명하라고	2
서부극	2
서서히	2
서울시	2
서있어	2
서있잖아요	2
서주세요	2
서지	2
서툰가	2
서핑	2
서핑하기	2
서핑하는	2
석궁	2
석기	2
섞으랬어	2
섞인	2
선거일	2
선내	2
선량한	2
선물했어요	2
선배님	2
선생님들	2
선생님요	2
선서서	2
선지자	2
선택될꺼야	2
선택지	2
선택하는	2
선택하세요	2
선택해	2
선택했어	2
선택했잖아	2
선하건	2
선한	2
선호한다	2
선홍	2
선회	2
섣부른	2
설계	2
설계도	2
설득	2
설렌다	2
설리반	2
설마요	2
설명하시겠습니까	2
설명했다	2
설명했죠	2
설정	2
설정하는	2
설치하고	2
설치하는	2
섬광	2
섬멸하라	2
섬행	2
섭리	2
섭섭하다	2
섯	2
성공률	2
성공했다	2
성공했어요	2
성급하네	2
성깔	2
성녀	2
성녀님	2
성님	2
성명	2
성명축일	2
성모	2
성모님	2
성배	2
성복아	2
성서	2
성신	2
성씨	2
성안	2
성장	2
성적순	2
성주	2
성질머리	2
성큼걸이	2
성탄절	2
성형수술	2
성형외과	2
세례	2
세미라마	2
세부적	2
세상엔	2
세상일	2
세수	2
세야	2
세우도록	2
세웠나	2
세이프	2
세일즈	2
세진	2
세차장	2
세탁	2
세팍타크	2
세현	2
섹스경찰	2
센트럴	2
셀	2
셋쯤	2
셨나요	2
셰일라	2
셰프	2
소개팅	2
소개할까요	2
소개해주지	2
소개해줬나	2
소개했던	2
소고기	2
소나	2
소나무	2
소다노	2
소대	2
소등	2
소리지르기	2
소리쳐요	2
소리치는	2
소리치지	2
소리하는	2
소린가	2
소린데	2
소명의식	2
소문대로	2
소아과	2
소용없어요	2
소울	2
소위님	2
소유권	2
소유물	2
소유하고	2
소중하지	2
소중해요	2
소첩	2
소총	2
소통	2
소품	2
소풍	2
소프트웨어들	2
소행성	2
소형	2
속담	2
속물	2
속삭여	2
속였다고요	2
속였다는	2
속을까봐	2
손꼽아	2
손대지마	2
손봐주라고	2
손봐줘	2
손수레	2
손실	2
손실률	2
손짓	2
솔직한	2
솔직해집시다	2
솜므	2
송별	2
송신기	2
송이	2
솥뚜껑	2
쇠고기	2
쇼버	2
쇼야	2
쇼윈도	2
쇼티	2
숄	2
수고해요	2
수국	2
수군	2
수녀시리즈	2
수년간	2
수다쟁이	2
수도승	2
수도원	2
수련	2
수련할	2
수료식	2
수리공	2
수리하는	2
수맥	2
수벌	2
수베로프	2
수사자	2
수상한가	2
수상해	2
수상해요	2
수색영장	2
수색해	2
수술할	2
수습	2
수습될	2
수식	2
수십	2
수연아	2
수연이	2
수영하고	2
수영하는	2
수영하려면	2
수영해도	2
수영했어	2
수용소	2
수원	2
수작질	2
수저	2
수집하신다고	2
수첩	2
수컷	2
수탉	2
수트	2
수필집	2
수하	2
수학과	2
수행하겠습니다	2
수행할	2
수호하는	2
수화기	2
수확했어요	2
숙박계	2
숙어집	2
순금	2
순면	2
순서대로	2
순서대로요	2
순진함	2
순찰자	2
순해요	2
술타령	2
숨겨져	2
숨겼어요	2
숨겼을까	2
숨기며	2
숨긴다고	2
숨쉬기	2
숨쉬는	2
숨어라	2
숨어있는	2
숨었나	2
숨었나요	2
숨었는지	2
숨으라는	2
숨지말고	2
숲속	2
쉐인	2
쉔	2
쉬든	2
쉬면	2
쉬면서	2
쉬셨어요	2
쉬어라	2
쉬었나	2
쉬었어요	2
쉬워	2
쉴래요	2
쉽냐	2
쉽니다	2
쉽진	2
슈납스	2
슈라이버	2
슈리코프	2
슈미트	2
슈퍼파워	2
슛	2
스나우트	2
스네이크	2
스노번	2
스록모튼	2
스마일	2
스모	2
스모그	2
스무	2
스위스	2
스위트	2
스위트워터라	2
스캔	2
스케줄	2
스코틀랜드	2
스키야키	2
스탈린	2
스탠리	2
스탠바이	2
스터디	2
스테프	2
스텔라	2
스토리	2
스톨츠	2
스튜어트	2
스티브 잡스	2
스티비	2
스틸가	2
스파	2
스파이크	2
스판	2
스패즈	2
스프레이	2
스플렛	2
슬금슬금	2
슬론	2
슬퍼하지	2
슬퍼했어	2
슬펐어	2
습격반	2
승낙하지	2
승낙했겠어	2
승낙했어	2
승리했도다	2
승인했다	2
시 한	2
시궁창	2
시끄러워요	2
시끄럽네	2
시끄럽지	2
시네발	2
시네요	2
시뇰	2
시누이	2
시도하나	2
시도하지	2
시도한	2
시도해보고	2
시도했나요	2
시도했어요	2
시련들	2
시르세오	2
시리아	2
시리아해	2
시마다	2
시몽	2
시범	2
시부야	2
시술	2
시시껄렁한	2
시신경염	2
시원하게	2
시원해	2
시위	2
시작됐다	2
시작되었어요	2
시작하나	2
시작하세요	2
시작하자	2
시작하죠	2
시작하지	2
시작해라	2
시작해야지	2
시작했다고	2
시점	2
시중드는	2
시집가더니	2
시청자들	2
시켜서	2
시켜줄래	2
시켰어	2
시켰어요	2
시켰지	2
시키다	2
시키지	2
시킬	2
시킬까	2
식량부족	2
식료품점	2
식사중	2
식사하는	2
식사하다	2
식사하실	2
식사하지	2
식욕	2
식은	2
식품	2
신경써	2
신경써요	2
신경질	2
신고하는	2
신고하다	2
신고해	2
신고해야겠어	2
신고했어요	2
신공공	2
신기록	2
신나지	2
신난다	2
신는	2
신다	2
신데요	2
신든	2
신령하다고요	2
신령한	2
신문기자	2
신병	2
신성모독	2
신성한	2
신속히	2
신아즈카와	2
신약	2
신어	2
신제품	2
신중하게	2
신청곡	2
신청서	2
신청했어요	2
신해미	2
신호등	2
싣자	2
실감나게	2
실레	2
실려	2
실망스럽겠군요	2
실망시켰어	2
실바니토	2
실비	2
실소	2
실수로	2
실업	2
실었을까요	2
실연	2
실용적	2
실적	2
실존할까	2
실질적으로	2
실천	2
실패할	2
실패했어	2
실행	2
실행하는	2
실행했다	2
실험용	2
싫거든	2
싫겠어	2
싫다고요	2
싫다구	2
싫다는	2
싫다면서	2
싫대	2
싫든	2
싫습니다	2
싫어진	2
싫어하겠어	2
싫어하니까	2
싫어한다는	2
싫어할까	2
싫어해왔다는	2
싫으신가	2
싫을	2
싫증	2
싫지만	2
심는	2
심령술	2
심문	2
심부름	2
심사위원	2
심상치	2
심술	2
심판할	2
심하다	2
심할	2
심해	2
십니다	2
십대들	2
싱가포르	2
싱긋	2
싶거든	2
싶게	2
싶겠니	2
싶나요	2
싶냐고	2
싶네만	2
싶네요	2
싶다고요	2
싶다면서	2
싶어하지	2
싶었다고	2
싶었으면	2
싶었을	2
싶었을까	2
싶으냐	2
싶으시대	2
싸가지	2
싸고	2
싸다	2
싸든	2
싸우겠어요	2
싸우겠지	2
싸우는걸	2
싸우는데	2
싸우다니	2
싸우라고	2
싸운답디까	2
싸울까요	2
싸울래	2
싸지	2
싸질렀어	2
싼샤댐	2
쌀떡	2
쌀밥	2
쌓고	2
쌓여서	2
써보고	2
써서라도	2
썩고	2
썩는	2
썩어빠졌어	2
썩이니	2
썩치게	2
썼나	2
썼는데	2
썼니	2
썼을까	2
썼죠	2
쏘겠다는	2
쏘라니까	2
쏘여요	2
쏘였어요	2
쏟아진	2
쏠까요	2
쏴드릴까요	2
쏴버려야지	2
쏴버릴	2
쏴본	2
쐈다	2
쐈다고	2
쐈다면서요	2
쐈잖소	2
쑤셔요	2
쓰거든	2
쓰겠다고	2
쓰네요	2
쓰다니	2
쓰든	2
쓰라는	2
쓰러뜨렸다	2
쓰러뜨릴	2
쓰러졌군	2
쓰러지겠어	2
쓰러진	2
쓰레기통	2
쓰려	2
쓰리	2
쓰벌년	2
쓰시는	2
쓰잖아	2
쓴다고	2
쓴데요	2
쓴맛	2
쓸래	2
쓸모없었어	2
쓸어	2
쓸지	2
씁시다	2
씨벌놈들아	2
씨부랄	2
씨부럴	2
씨엘블랑	2
씨익	2
씹어대고	2
씹을래	2
씹해라	2
씻다	2
씻었어요	2
씻으세요	2
씻지도	2
아가미	2
아가씬	2
아궁이	2
아귀레	2
아길	2
아까우면	2
아끼는	2
아끼다	2
아낄	2
아나스타샤	2
아나콘다	2
아냐고요	2
아노라	2
아니거든요	2
아니게	2
아니겠나	2
아니겠소	2
아니구	2
아니꼽니	2
아니던가	2
아니라면요	2
아니래	2
아니래도	2
아니세요	2
아니신가요	2
아니십니까	2
아니었겠지	2
아니었군요	2
아니었죠	2
아니었지만	2
아니였던가요	2
아니잖나	2
아니잖습니까	2
아니하시고	2
아닌걸	2
아닐지도	2
아도	2
아드리아노	2
아디오스	2
아라곤님	2
아랍인	2
아랫도리	2
아랫부분	2
아뢰오	2
아르바이트	2
아름다우시네요	2
아름다움	2
아름다웠던	2
아름다웠지	2
아름답구나	2
아름답군요	2
아리	2
아리베	2
아리에티	2
아마존	2
아명	2
아무려면	2
아무렴	2
아무말	2
아무일	2
아버질	2
아보카도	2
아빠다	2
아빤가요	2
아서도	2
아세	2
아셨냐고요	2
아술	2
아스벨	2
아스트리드	2
아스파라거스	2
아시옵니까	2
아신	2
아신다고	2
아신다니까	2
아야노	2
아양	2
아우프	2
아이구야	2
아이리스	2
아이린	2
아이바	2
아이반	2
아이볼릿	2
아이스	2
아이슬란드	2
아이신기오로	2
아이요	2
아이토르	2
아이티	2
아인	2
아자아자	2
아저씨네	2
아저씨들	2
아제	2
아줌마다	2
아즈카반	2
아직까지	2
아차	2
아참	2
아첨	2
아침밥	2
아침엔	2
아카츠마	2
아카펠라	2
아코디언	2
아크릴	2
아키라연구	2
아트레이디스	2
아티스트	2
아파라	2
아팠어요	2
아팠지	2
아프거든	2
아프고	2
아프다니까	2
아프십니까	2
아휴	2
악질	2
악하건	2
악행	2
안건	2
안겨	2
안그래요	2
안내판	2
안녕하셨어요	2
안녕하쇼	2
안녕하슈	2
안녕한가	2
안다니	2
안다면	2
안대요	2
안데스산맥	2
안됐네요	2
안됐어	2
안되는데	2
안되니	2
안되요	2
안된	2
안된다는	2
안될	2
안될까	2
안드렸지	2
안드로메다인	2
안마	2
안목	2
안심되시죠	2
안아서	2
안아주었다	2
안아줄	2
안았어	2
안엔	2
안장	2
안전검사	2
안전실	2
안전하면	2
안전할까	2
안정성	2
안젤리나	2
안중	2
안쳐	2
안추워	2
안타까운	2
안타깝게도	2
안틀렸다	2
안하는	2
안하면	2
안해요	2
안해주신	2
안했나	2
안혔냐	2
앉고	2
앉든	2
앉아볼래요	2
앉아요	2
앉아있는	2
앉았어	2
앉을까	2
앉을까요	2
앉혔다	2
않거든	2
않군	2
않는다는	2
않다니	2
않단	2
않단다	2
않든	2
않아서	2
않았거든요	2
않았고요	2
않았군	2
않았네	2
않았다고	2
않았단다	2
않으니까요	2
않으려면	2
않으련	2
않으셨습니다	2
않으셨어	2
않으셨어요	2
않으셨죠	2
않으시겠죠	2
않은가요	2
않을거요	2
않을걸요	2
알겠군	2
알겠냐고	2
알겠는데	2
알겠다고	2
알겠도다	2
알겠지요	2
알긴	2
알다시피	2
알던데	2
알디나	2
알라이쿰	2
알랭	2
알레	2
알레한드로	2
알렉산드르	2
알려주세요	2
알려주시겠어요	2
알려주실	2
알려준	2
알렸나요	2
알리바이	2
알릴까요	2
알림	2
알맞고	2
알바	2
알버스	2
알버트	2
알버트래요	2
알베리	2
알아내겠어요	2
알아내려고	2
알아낼걸	2
알아낼까	2
알아냈어요	2
알아냈지	2
알아듣게	2
알아듣겠소	2
알아듣겠어	2
알아듣니	2
알아듣든	2
알아들었어요	2
알아먹겠다고	2
알아보겠지	2
알아보고	2
알아보다	2
알아보면	2
알아봤어	2
알아차리다	2
알아채면	2
알아채지	2
알았겠나	2
알았겠어	2
알았나요	2
알았느냐	2
알았는데요	2
알았다니까	2
알았을	2
알았을까	2
알았잖아	2
알았잖아요	2
알았지요	2
알잖니	2
알코올	2
암갈색	2
암구호	2
암벽	2
암산	2
암살부대	2
암살자	2
암적	2
앗아	2
앙뜨완	2
앙숙	2
앞발	2
앞장서라고	2
앞지를	2
애가	2
애같이	2
애기들	2
애라니	2
애무했나	2
애버딘	2
애버포스	2
애쓰지	2
애완	2
애완견	2
애완동물	2
애원	2
애절한	2
애초	2
애크놋	2
액체	2
앨라배마	2
앨리스터	2
앰더스키	2
앰풀	2
야가	2
야단치니	2
야당파	2
야드	2
야마가타	2
야야야	2
야옹이	2
야옹하고	2
야이	2
야전사령관	2
야호	2
약값	2
약국	2
약사	2
약세	2
약속들	2
약속하시라고요	2
약속할게요	2
약속해줘요	2
약속했어요	2
약자들	2
약초	2
약하든	2
약혼하면	2
약혼했어	2
약효	2
얀니	2
얇다	2
양념	2
양들	2
양떼	2
양상치	2
양성	2
양수	2
양아치	2
양질	2
양초	2
양치기	2
양털	2
양팔	2
얕잡아	2
얘기들	2
얘기하는데	2
얘기하던	2
얘기하지	2
얘기해도	2
얘기해야	2
얘기해준	2
얘기했어야	2
얘기했잖아요	2
얘깃거리	2
어긋난	2
어느쪽	2
어두워	2
어두워요	2
어두워진	2
어둡다	2
어디갔었어	2
어디갔지	2
어디고	2
어디긴	2
어디더라	2
어디든지	2
어디말	2
어디서든	2
어디있는지	2
어디있어요	2
어디있지	2
어딘데요	2
어딨는	2
어딨는지	2
어딨습니까	2
어딨었니	2
어딨었어	2
어딨었어요	2
어딨었지	2
어땠겠소	2
어땠나요	2
어땠는데	2
어땠니	2
어땠습니까	2
어떠냐고	2
어떠셨나요	2
어떠셨어	2
어떠신가	2
어떡하길	2
어떡하냐	2
어떡하란	2
어떻게들	2
어떻겠어요	2
어떻니	2
어떻다구요	2
어떻죠	2
어려운건	2
어려웠다	2
어렵나요	2
어리고	2
어리석고	2
어리석구나	2
어리지도	2
어린애들	2
어린이집	2
어림	2
어림없는	2
어마어마하거든	2
어서오세요	2
어서와	2
어우	2
어우러져	2
어울려서	2
어울리는지	2
어울린다	2
어웨이	2
어유	2
어째서요	2
어째요	2
어쨌냐구	2
어쨌냐니까	2
어쨌는데요	2
어쨌다고요	2
어쨌지	2
어쩌겠다는	2
어쩌겠소	2
어쩌구	2
어쩌냐고	2
어쩌라구	2
어쩌라구요	2
어쩌려는	2
어쩌시게	2
어쩌자고	2
어쩐다고	2
어쩐다구	2
어쩐대	2
어쩐일	2
어쩔거야	2
어쩔까요	2
어찌된거야	2
어찌된거요	2
어찌하고	2
어처구니	2
어허	2
어헤드	2
억만장자	2
억울하게	2
억제하다	2
언성	2
언어가	2
언어학	2
언제고	2
언제까지	2
언젠	2
언젤까요	2
언짢으신가요	2
얻었다	2
얻었죠	2
얻으면	2
얻은게	2
얻죠	2
얼굴들	2
얼려라	2
얼려버려	2
얼른요	2
얼마나요	2
얼마니	2
얼마시	2
얼마쯤	2
얼만데요	2
얼음장	2
얼쩡거리지	2
엄마곰	2
엄청나죠	2
엄청납니다	2
엄청났거든	2
엄하신	2
엄한	2
엄한가	2
엄호	2
엄호해	2
업	2
업체	2
없거든요	2
없겠는데요	2
없겠소	2
없기야	2
없는지	2
없다며	2
없던가	2
없던가요	2
없든	2
없애	2
없애는	2
없애야	2
없어지면	2
없어질	2
없었고	2
없었습니다	2
없었으면	2
없으시고요	2
없으시잖아요	2
없을텐데	2
없이도	2
없잖니	2
없잖습니까	2
었던	2
엉	2
엉큼한	2
엊그제	2
엊저녁	2
에너미	2
에너지원	2
에단	2
에도라스	2
에릭	2
에메랄드 시티	2
에뮌	2
에미	2
에미리	2
에버니저	2
에브	2
에서는	2
에스페란토	2
에야	2
에어팟	2
에우리디케	2
에이씨	2
에펠	2
에프터	2
엑셀	2
엔리코	2
엘로이즈	2
엘리너	2
엘리사	2
엘리아스	2
엘리자베타	2
엘튼	2
여객선	2
여겨라	2
여경찰	2
여기지	2
여깄다	2
여깄어	2
여당파	2
여러가지	2
여보게들	2
여봐라	2
여어	2
여자력	2
여잘	2
여전사	2
여정	2
여주인공	2
여지껏	2
여쭤도	2
여태까지	2
여한	2
여행하고	2
여행하기	2
여행할	2
여행했어요	2
역겹다고	2
역대	2
역대급	2
역동적	2
역병	2
역사적	2
연결돼	2
연결되었을까	2
연결된	2
연구하기	2
연구하시나	2
연구했어요	2
연기력	2
연기하고	2
연기하는	2
연락하려고요	2
연락했어요	2
연령	2
연례	2
연마했소	2
연말	2
연방정보국	2
연설문	2
연습하고	2
연습하는	2
연습하지	2
연애감정	2
연애편지	2
연원	2
연인들	2
연장	2
연주자	2
연주하냐	2
연주하려고	2
연회복	2
열겠다구요	2
열까	2
열까요	2
열다섯	2
열리면	2
열리지	2
열린	2
열릴	2
열세살	2
열쇠복제	2
열어놓은	2
열어야	2
열어주세요	2
열어줘요	2
열었나요	2
열었어요	2
열여섯	2
열일곱째	2
열자	2
열정	2
열흘	2
염두	2
염려	2
염병	2
염색	2
염주	2
엿먹고	2
엿보는	2
였겠지	2
였고요	2
였구나	2
였는데요	2
였니	2
였다고요	2
였던가	2
였을까요	2
였잖아요	2
영광스럽게	2
영국군	2
영리하다	2
영문	2
영상자료원	2
영성체	2
영어과	2
영어영문학	2
영업시간	2
영업하세요	2
영웅들	2
영웅적	2
영점	2
영혼들	2
영희	2
옅어지기	2
옆면	2
옆얼굴	2
옆엔	2
예금	2
예매했어요	2
예보	2
예비하신	2
예뻤어	2
예쁘겠죠	2
예쁘네요	2
예쁘든	2
예쁜아	2
예상했다	2
예술품	2
예약하다	2
예약하셨나요	2
예언할	2
예정대로	2
예측해	2
옛날엔	2
옛말	2
오겠습니다	2
오고있어	2
오기로	2
오긴	2
오나보죠	2
오노미치	2
오노프리오	2
오느라	2
오는구먼	2
오늘날	2
오다가	2
오던	2
오두박	2
오드리	2
오락가락하지	2
오락실	2
오란	2
오래간만	2
오래됐어	2
오래됐잖아	2
오래오래	2
오랜만이구나	2
오랜만이군	2
오랜만이네	2
오러인	2
오류	2
오르게	2
오르더라	2
오르려면	2
오른다	2
오리엔테이션	2
오리지널	2
오만한	2
오면서	2
오바뉴	2
오버스트리트	2
오벨리	2
오브	2
오설리번	2
오셨나	2
오셨네	2
오셨네요	2
오스트리아	2
오시겠죠	2
오시나요	2
오시는	2
오시는군	2
오시라고	2
오시지	2
오십	2
오옷	2
오자마자	2
오죽했을까	2
오질	2
오크	2
오키	2
오퍼라치오니	2
오페라	2
오프월드	2
오하츠	2
오호라	2
온나가타	2
온다구	2
온다는	2
온대	2
온통	2
올드 크리스천스	2
올때	2
올라가라	2
올라가야	2
올라가지	2
올라간	2
올라갈까요	2
올라갔다	2
올라오게	2
올라오는	2
올라온	2
올라와서	2
올라와요	2
올라왔어	2
올래요	2
올리려고	2
올릴까	2
올릴까요	2
올바른	2
옮겼다	2
옮겼죠	2
옮기라구	2
옮기자	2
옳았다는	2
옵	2
옷감	2
옷들	2
옷차림	2
옹브레	2
와라와라	2
와보게	2
와보니	2
와보라고	2
와사비	2
와야지	2
와이퍼	2
와주세요	2
와줄까	2
와줘	2
왁싱해	2
완벽	2
완벽할까	2
완벽해요	2
완벽히	2
완성됐던데	2
완성됐어요	2
완성했나	2
완수한	2
왈	2
왈라스	2
왔구마	2
왔다고요	2
왔다는	2
왔다면	2
왔단	2
왔습니까	2
왔어죠	2
왔었던	2
왔으면	2
왔을지도	2
왔지요	2
왕가	2
왕관	2
왕따	2
왕마	2
왕만두	2
왕자병	2
왜가리	2
왜냐고요	2
왜이리	2
왜죠	2
외교부	2
외눈박이	2
외로움	2
외로워해	2
외롭다고	2
외롭다는	2
외무대신	2
외무성	2
외부인들	2
외아들	2
외엔	2
외우는	2
외우든	2
외우세요	2
외우주	2
외워	2
외워요	2
외인	2
외인부대	2
외출하게	2
외출하세요	2
외치고	2
외톨이	2
왼발	2
왼손잡이	2
요거트	2
요구해봐	2
요령	2
요양원	2
요원들	2
요청해	2
요청해야	2
요츠하	2
요한	2
욕먹네	2
욕하고	2
욕해	2
용감하고	2
용감했으면	2
용서받을	2
용서받지	2
용서해줘	2
용수관리조합	2
용왕님	2
용접	2
용접공	2
용지	2
용하다	2
용해	2
우니	2
우두머리	2
우드척	2
우라질	2
우리다	2
우리라니요	2
우리팀	2
우리한텐	2
우마	2
우버	2
우상	2
우슈	2
우스워요	2
우승컵	2
우승했다는	2
우왁	2
우주복	2
우체부	2
우측	2
우편도장	2
우회	2
운동기구	2
운동합니다	2
운동해요	2
운석	2
운영해	2
운율	2
운전기사	2
운전수	2
운전한	2
운전해요	2
운전했어	2
울겠지	2
울려	2
울렸다	2
울리는	2
울린	2
울릴	2
울면서	2
움직였다	2
움직였지	2
움직이네	2
움직이든	2
움직인다고	2
웃기고	2
웃기나	2
웃기다니	2
웃기죠	2
웃기지마	2
웃긴다	2
웃어봐	2
웃었다	2
웃으며	2
웃으면서	2
웃으시죠	2
웃음거리	2
웃자고	2
웅덩이	2
워	2
워너브라더스	2
워드	2
워리어	2
워메	2
워이	2
워즈니악	2
원격	2
원고	2
원로	2
원리	2
원망하지	2
원맨쇼	2
원샷해	2
원시인들	2
원칙적	2
원폭병	2
원하는가	2
원하는게	2
원하는데	2
원하셨다	2
원하시나요	2
원하오	2
원하진	2
원한다는	2
원한대	2
원했다	2
원했어	2
원화	2
월경	2
월말	2
월면차	2
월트	2
웜홀	2
웨이드	2
웨이먼드	2
웨즐턴	2
웬지	2
웰프	2
웹사이트	2
위고	2
위다	2
위대하다	2
위대함	2
위반하다	2
위베르가	2
위생	2
위선자들	2
위엔	2
위임받은	2
위장	2
위장복	2
위조했죠	2
위증	2
위태롭다는	2
위해서라도	2
위험하다	2
위험하면	2
위험한지	2
위험해도	2
윌리암	2
윗사람	2
윗층	2
유	2
유골통	2
유권자들	2
유난	2
유니콘	2
유닛	2
유래됐다	2
유리코	2
유머	2
유명세	2
유명인	2
유명인사	2
유명해	2
유물	2
유부녀	2
유사시	2
유성우	2
유언	2
유언장	2
유용한	2
유원지	2
유인된	2
유일하게	2
유일하다고	2
유전자	2
유전적으로	2
유지	2
유지하는	2
유지할	2
유창하게	2
유치한	2
유키	2
유태인놈	2
유통기한	2
유학	2
육신	2
육아	2
육안	2
육육	2
윤서연	2
윤종구	2
융커스	2
융합	2
으려고	2
으메	2
으쌰	2
으어	2
으웩	2
은거	2
은메달	2
은밀하게	2
은반지	2
은부인	2
은성	2
은인	2
은퇴하세요	2
은퇴했어	2
은폐해온	2
을지	2
을지도	2
음감	2
음란물	2
음악적	2
음탐사	2
음향센터	2
음향통신	2
음흉한	2
응급실	2
응급환자	2
응답	2
응답하지	2
응답해	2
응답해라	2
응접실	2
응할	2
의례적	2
의뢰인	2
의미하는지	2
의미한다	2
의미한다던데	2
의식적으로	2
의심할	2
의심해요	2
의욕적	2
의존하게	2
의존하지	2
의지할	2
의회	2
이거늘	2
이것뿐	2
이겠네	2
이겨요	2
이겼네	2
이겼잖아	2
이교도	2
이그나시오	2
이글	2
이기든	2
이기면	2
이길까	2
이깟	2
이끌	2
이끌고	2
이끌리니까	2
이끌어	2
이나요	2
이냐구	2
이냐니	2
이냔	2
이는	2
이더군요	2
이던가	2
이동시키려	2
이동했다	2
이디스	2
이라고도	2
이라나	2
이라니요	2
이라더니	2
이라든지	2
이라잖아	2
이람	2
이래도요	2
이래라	2
이래로	2
이래저래	2
이랬소	2
이러냐고	2
이러는데	2
이러시면	2
이러지마	2
이러쿵저러쿵	2
이런거	2
이런걸	2
이런이런	2
이럴껴	2
이럴수	2
이렇겐	2
이로구나	2
이론상	2
이루어져	2
이륙장	2
이르러	2
이름들	2
이리와봐	2
이만하면	2
이면요	2
이바노프	2
이벤트	2
이브킴	2
이쁘네	2
이쁘네요	2
이쁘니까	2
이쁘다	2
이쁘죠	2
이쁘지	2
이사람	2
이사벨	2
이사했어요	2
이산화탄소	2
이상적으로	2
이상하게도	2
이상하니	2
이상한가요	2
이상해요	2
이상형	2
이서만	2
이셨군요	2
이셨어요	2
이셨죠	2
이송됐는지	2
이슬	2
이슬람교도	2
이시겠군요	2
이시군요	2
이시네요	2
이시다가	2
이시라	2
이실직고해	2
이십오	2
이안	2
이야기들	2
이야기하다	2
이야기할	2
이야기했더라	2
이야기했어	2
이어	2
이어야지	2
이어져	2
이었고	2
이었냐	2
이었는지도	2
이었니	2
이었다니	2
이었단	2
이었소	2
이었었어	2
이었었지	2
이었을까	2
이외	2
이용	2
이용해	2
이이	2
이장님	2
이제부턴	2
이제서	2
이지롱	2
이진수	2
이창	2
이층	2
이케아	2
이탈리아어	2
이토록	2
이파리	2
이포	2
이해력	2
이해하게	2
이해하겠어	2
이해하겠죠	2
이해하고	2
이해하기	2
이해하는가	2
이해하려고	2
이해햇니	2
이해했나요	2
이허	2
이혼한	2
이혼할래요	2
이혼했어	2
이혼했죠	2
익숙하다	2
익숙한	2
익숙할	2
익스펙토	2
익은	2
익힌	2
인가본데	2
인간성	2
인거	2
인공위성	2
인권	2
인내성	2
인도할	2
인디언들	2
인사드려도	2
인사부	2
인사팀	2
인사하러	2
인사할래	2
인사해요	2
인사했지	2
인쇄	2
인쇄됐나	2
인쇄본	2
인슐린	2
인식하는	2
인재감	2
인정하나	2
인정하다	2
인정하라니까	2
인정할	2
인제	2
인종	2
인지나	2
인질들	2
인천	2
일과	2
일꾼	2
일동	2
일등	2
일등상	2
일러도	2
일렬로	2
일반적	2
일본국	2
일부분	2
일삼고	2
일수록	2
일어나게	2
일어나기	2
일어나던지	2
일어나란	2
일어나세요	2
일어나셨어요	2
일어날까요	2
일어날지	2
일어났구나	2
일어났니	2
일어났던	2
일어났습니다	2
일어났을	2
일어서	2
일어서서	2
일어설	2
일어섰어	2
일엔	2
일으키나요	2
일으키는	2
일으키지	2
일으킬	2
일정표	2
일하는데	2
일하면서	2
일하시는	2
일하실	2
일해본	2
일해서	2
일했다는	2
일했어	2
일했어요	2
일행	2
읽게	2
읽겠어	2
읽어라	2
읽어볼	2
읽어봐서	2
읽어줄래	2
읽었거든요	2
읽었다	2
읽었지	2
읽으셨어요	2
읽을까	2
읽지	2
잃다니	2
잃어버렸습니다	2
잃어버렸어요	2
잃어버렸죠	2
잃었다	2
잃었다며	2
잃으신	2
임	2
임기응변	2
임산부	2
임신하신	2
임신했다고	2
임신했어요	2
임에	2
임에도	2
임원	2
입나요	2
입대	2
입든	2
입사한	2
입성	2
입수하는	2
입안	2
입어볼래	2
입어야만	2
입어요	2
입었고	2
입었던	2
입었소	2
입원한	2
입으라고	2
입으시죠	2
입잖아	2
입장표	2
입조심해라	2
입학식	2
잇몸	2
있	2
있거나	2
있거든요	2
있게요	2
있겠느냐	2
있겠다	2
있겠습니다	2
있겠지요	2
있고요	2
있기나	2
있기는	2
있기도	2
있길래	2
있냐니까요	2
있는데도	2
있는지도	2
있다가	2
있다고는	2
있다구요	2
있다니까	2
있다던	2
있다던데	2
있다데	2
있다며	2
있다잖아	2
있다죠	2
있더냐	2
있더라도	2
있어야겠어	2
있어야겠지요	2
있었군요	2
있었네요	2
있었단	2
있었단다	2
있었던가	2
있었을지도	2
있으란	2
있으려고	2
있으시면	2
있을게	2
있을때	2
있을지라는	2
있잖나	2
있잖습니까	2
잉꼬	2
잉에	2
잊어버렸니	2
잊어버렸다	2
잊어버렸어	2
잊어버릴	2
잎사귀	2
자거라	2
자그마한	2
자극	2
자극적	2
자기꺼지	2
자기네	2
자기네들	2
자넨가	2
자넷	2
자넷트	2
자녀분	2
자라	2
자랐습니다	2
자랐죠	2
자랑스럽구나	2
자랑스럽다	2
자래	2
자려고	2
자룡	2
자르던가	2
자르세요	2
자른	2
자릴	2
자면서	2
자발적	2
자백받으라고	2
자본주의	2
자빠졌어	2
자산	2
자살한	2
자살할	2
자살해야만	2
자살했어	2
자살했을까	2
자서	2
자선	2
자선사업	2
자세한	2
자소	2
자식같으니	2
자애로워질	2
자야	2
자야겠어요	2
자연사	2
자연스러워	2
자연적	2
자원했어	2
자위해	2
자유로워진다니까	2
자유롭게	2
자유무역관	2
자율성	2
자책	2
자초한	2
자칼	2
자퇴	2
자폐	2
작가들	2
작곡	2
작다는	2
작동돼	2
작동시켜	2
작동하고	2
작동하나요	2
작동할	2
작동해	2
작별인사해	2
작성해	2
작아요	2
작업했어요	2
작위	2
작자들	2
작품집	2
잔느	2
잔다고	2
잔다는	2
잔디	2
잔디깎이	2
잔말	2
잔악무도한	2
잔인하게	2
잔인한	2
잔인함	2
잔인해요	2
잔해들	2
잔혹한	2
잔혹해	2
잖소	2
잘까요	2
잘났다고	2
잘돼가니	2
잘돼요	2
잘됐군	2
잘됐다고	2
잘된	2
잘들어	2
잘라버릴	2
잘라줄까	2
잘랐어요	2
잘린	2
잘못됐나요	2
잘못됐어	2
잘못되기라도	2
잘못했대	2
잘못했습니다	2
잘생겼어	2
잘하겠어	2
잘하다	2
잘하셨어요	2
잘하시네	2
잘한다고	2
잘할수	2
잘해야	2
잘해줘	2
잘했죠	2
잘했지	2
잠가요	2
잠간	2
잠갔어	2
잠금	2
잠금장치	2
잠기다	2
잠깐요	2
잠들지마	2
잠수개시	2
잠옷	2
잠잠	2
잠잠해졌어요	2
잠항해	2
잡겠나	2
잡겠어요	2
잡균	2
잡는다	2
잡담	2
잡던데	2
잡수셨어요	2
잡아가라	2
잡아가시오	2
잡아갈	2
잡아갑니까	2
잡아당기지	2
잡아먹길	2
잡아먹나	2
잡아먹는	2
잡아먹었거나	2
잡아먹었다고	2
잡아먹었어요	2
잡아먹으려는	2
잡아먹진	2
잡아먹혔단	2
잡아먹히는	2
잡아먹히면	2
잡아먹힐	2
잡아올	2
잡아주세요	2
잡았냐고	2
잡았는데	2
잡을까	2
잡지마	2
잡초	2
잡혀온	2
잡혔어요	2
잡혔으니까	2
잡히기	2
잡힐	2
잤냐	2
잤냐고	2
잤다고	2
장갑차	2
장거리	2
장난쳤나	2
장난하지	2
장난한거	2
장날	2
장담해요	2
장대	2
장래희망	2
장례식장	2
장로	2
장막	2
장미	2
장송곡	2
장수	2
장전	2
장전돼	2
장제스	2
장준환	2
장천	2
재결합	2
재구성되지	2
재단	2
재량권	2
재무부	2
재미없거든	2
재미없소	2
재미없잖아	2
재미있다고	2
재미있었어	2
재미있었어요	2
재미있잖나	2
재밌군	2
재밌냐	2
재밌어요	2
재밌잖아	2
재봉사님	2
재빠르게	2
재생	2
재생하는	2
재설계하라고요	2
재세요	2
재수생	2
재수없어	2
재울	2
재워도	2
재워줘서	2
재장전	2
재조정	2
재촉한대	2
재치있는	2
재활	2
잼	2
잽싸기	2
쟈스민	2
쟈클린	2
저격수	2
저곳	2
저급	2
저긴	2
저긴가	2
저깄다	2
저녁때	2
저녁밥	2
저녁식사	2
저녁엔	2
저년	2
저능아	2
저래라	2
저러냐	2
저러니	2
저러면	2
저러죠	2
저리로	2
저버리고	2
저버린	2
저울	2
저의	2
저자들	2
저작권	2
저장	2
저장로	2
저저	2
저주받은	2
저주하고	2
저주할	2
저지를	2
저질렀나요	2
저질렀다	2
저쩌구	2
저편	2
저한텐	2
저항력	2
저희들	2
적다	2
적다고요	2
적대적	2
적대적으로	2
적셔라	2
적응해	2
적인가요	2
적포도주	2
적합하지	2
적합한	2
전공했어야	2
전국	2
전단	2
전달해	2
전달했지	2
전당포	2
전대원	2
전동기	2
전반적으로	2
전복시켰을	2
전사님	2
전세	2
전송기	2
전수해줬다고	2
전술	2
전시	2
전시실	2
전염병	2
전율하게	2
전자	2
전자담배	2
전쟁범죄인	2
전쟁하는	2
전적으로	2
전진하라	2
전진하라고	2
전진할	2
전진해	2
전채	2
전투기	2
전투준비	2
전파	2
전하기	2
전하는	2
전학생	2
전해다오	2
전해드립니다	2
전해주겠나	2
전해줄	2
전화요	2
전화하는	2
전화하라니까	2
전화하려고	2
전화하지	2
전화할게	2
전화할게요	2
전화할까요	2
전화했나	2
전화했을	2
절단	2
절대적	2
절도사건	2
절약해야	2
절약해요	2
절하라	2
절하란	2
절하지	2
젊고	2
점검했어요	2
점보	2
점선	2
점심시간	2
점쟁이	2
점프해	2
점핑	2
점화했어	2
접근문	2
접근하고	2
접근한다고요	2
접다	2
정교한	2
정규직	2
정당	2
정당방위	2
정력	2
정벌	2
정보통	2
정복해야	2
정비병	2
정식으로	2
정신차려요	2
정육점	2
정의로운	2
정의하십시오	2
정자은행	2
정정당당히	2
정제소	2
정지시켜요	2
정지하셨나요	2
정직하다	2
정찰대	2
정처없이	2
정하는	2
정하세요	2
정하셨습니까	2
정하셨어요	2
정하지	2
정해서	2
정했니	2
정확	2
정확성	2
정확하다	2
정확하지	2
정확한가	2
정확한가요	2
젖소	2
젖었을	2
젖었잖아	2
제공해줬으니	2
제기	2
제기차기	2
제독님	2
제드	2
제로	2
제물	2
제미나이	2
제브로스	2
제비	2
제비꽃	2
제사	2
제시간	2
제외하곤	2
제외한	2
제이디	2
제이팝	2
제인	2
제작	2
제작자	2
제작자들	2
제제	2
제철	2
제퍼슨	2
제프리	2
젠	2
젠트리피케이션	2
젤다	2
젤리	2
조각냈나요	2
조감독	2
조금이나마	2
조네	2
조노	2
조른	2
조릿대	2
조모	2
조별	2
조병순	2
조병순이	2
조부님	2
조사하려고	2
조사해봐	2
조사했어요	2
조상들	2
조선	2
조심하라고	2
조심해야겠지	2
조씨	2
조약	2
조언했다	2
조용구	2
조용하니까	2
조이고	2
조작되어	2
조잡한	2
조져	2
조져버려	2
조종대	2
조종사들	2
조준	2
조준했어	2
조지 스판	2
조피 숄	2
조항	2
족보	2
족제비들	2
존경해야한다	2
존엄성	2
존재할까요	2
존중해	2
존중해줄래	2
졸려해	2
졸보	2
졸업사진	2
좀도둑	2
종교적	2
종구	2
종로구	2
종료해요	2
종목	2
종소리	2
종족	2
종탑	2
종팔이	2
종합적으로	2
좆됐다	2
좆만한	2
좋겠구나	2
좋겠습니까	2
좋겠습니다	2
좋다는데	2
좋다니까	2
좋다며	2
좋다면	2
좋던데요	2
좋습니까	2
좋아도	2
좋아졌어	2
좋아하긴	2
좋아하냐	2
좋아하는데	2
좋아하더라	2
좋아하도록	2
좋아하셨어요	2
좋아하시네	2
좋아하잖아요	2
좋아한다니	2
좋아할거예요	2
좋아할걸	2
좋아합니까	2
좋아해야	2
좋아했는데	2
좋아했어	2
좋아했었지	2
좋아했죠	2
좋았니	2
좋으면	2
좋으시네요	2
좋으시죠	2
좋은가보네요	2
좋은게	2
좋잖아	2
좋지만	2
좌회전	2
좌회전한다	2
죄목	2
죄송한	2
죄송합니다만	2
죄수생활	2
죄악감	2
죄인들	2
주관적	2
주나	2
주냐	2
주니	2
주다가	2
주다니	2
주든	2
주라니까	2
주려고요	2
주렴	2
주먹밥	2
주무셨나요	2
주무실까	2
주문하시겠습니까	2
주문한	2
주민등록증	2
주삿바늘	2
주셔	2
주셔서	2
주셨어요	2
주술사	2
주시겠소	2
주시려는	2
주시지	2
주실까	2
주실까요	2
주어	2
주어다	2
주어졌어	2
주어진	2
주의깊은	2
주인아저씨	2
주장하겠는가	2
주장하고	2
주장하십니까	2
주저하지	2
주저했어	2
주차금지	2
주차된	2
주축	2
주춤합니다	2
주코프	2
죽겠군	2
죽는게	2
죽는다면	2
죽던가	2
죽사와요	2
죽어가는데	2
죽어간다면	2
죽어선	2
죽어야만	2
죽어있어	2
죽었네	2
죽었는데도	2
죽었다니	2
죽었대요	2
죽었습니다	2
죽었으니	2
죽었을까요	2
죽여달라고	2
죽여도	2
죽여버릴거야	2
죽여본	2
죽여야만	2
죽여주잖아	2
죽여줄게	2
죽였냐	2
죽였는데	2
죽였을까	2
죽으라고요	2
죽으러	2
죽으려	2
죽은채로든	2
죽을지	2
죽이겠네	2
죽이겠다	2
죽이겠어	2
죽이겠지	2
죽이길	2
죽이네	2
죽이려고요	2
죽이죠	2
죽이지는	2
죽이진	2
죽인다는	2
죽인다면	2
죽지는	2
죽지도	2
죽창	2
준다면	2
준대요	2
준댔어요	2
준비됐나요	2
준비됐니	2
준비됐다	2
준비됐다고	2
준비됐다네	2
준비되어	2
준비된	2
준비들	2
준비시켜야겠어	2
준비시켜줄	2
준비하세요	2
준비한	2
준비해서	2
준비해야	2
준비해요	2
줄거	2
줄거야	2
줄거지	2
줄리아드	2
줄었어요	2
줄여야	2
줄이면	2
줄일	2
줍게나	2
줏어	2
중개자	2
중국말	2
중국인들	2
중독되어	2
중세	2
중심부	2
중얼거리고	2
중얼대	2
중요하거든	2
중요하겠나	2
중요하고	2
중요하다는	2
중요하든	2
중요하잖아요	2
중요하지만	2
중요한데요	2
중요한지	2
중위권	2
중죄	2
중허냐고	2
중헌디	2
중헌지	2
줘라	2
줘야합니다	2
줬니	2
줬다	2
줬다며	2
줬잖아요	2
쥐꼬리	2
쥐다	2
쥐새끼들	2
쥐지를	2
쥬산	2
즉흥적으로	2
즐겁지	2
즐겨	2
즐기고	2
즐기죠	2
즐긴다	2
증기	2
증말	2
증명하려는	2
증명하죠	2
증명하지	2
증명해봐요	2
증언요	2
증언해	2
증오하게	2
증오할	2
증인들	2
증조할머니	2
증후군	2
지게꾼	2
지겹지도	2
지극히	2
지금까진	2
지나가	2
지나가는	2
지나가려고	2
지나갈게요	2
지나길	2
지나는	2
지나면	2
지나야겠죠	2
지나온	2
지났나	2
지났는데	2
지났는데도	2
지내기	2
지내나요	2
지내다	2
지내도	2
지내라	2
지내라고	2
지내셨오	2
지내시죠	2
지내십니까	2
지낸다	2
지낼까	2
지낼래	2
지낼만	2
지냈나요	2
지냈다	2
지냈죠	2
지닌	2
지도해왔다	2
지랄들	2
지뢰	2
지뢰밭	2
지루하고	2
지루하지	2
지루한가	2
지루했다	2
지르며	2
지른	2
지를	2
지배	2
지불하겠어요	2
지상부대	2
지속될	2
지시대로	2
지어야겠어요	2
지었는데	2
지었다	2
지었으면	2
지오바나	2
지워	2
지워졌어요	2
지위	2
지으며	2
지을	2
지지율	2
지쳤나	2
지친	2
지켜보았다	2
지켜볼까	2
지켜봤다면	2
지켜왔어	2
지켜요	2
지켜주겠다고요	2
지켜주고	2
지켜주지	2
지켜줬어	2
지켰다	2
지켰어요	2
지키겠다고요	2
지키려	2
지키려고	2
지키려했다고	2
지키자	2
지퍼	2
지평선	2
지프차	2
지혜	2
지휘해	2
직시하시오	2
직원들	2
직접적으로	2
진거	2
진격	2
진격하라	2
진격한다	2
진격해오고	2
진급	2
진다	2
진료소	2
진술서	2
진입팀	2
진입하고	2
진입해	2
진저리	2
진전	2
진절머리	2
진정제	2
진정하래	2
진정하십시오	2
진정하자고	2
진정할	2
진정해라	2
진정했어	2
진짜제	2
진찰	2
진통제	2
진피츠	2
진행돼	2
진행되었어요	2
진행하고	2
진행할까요	2
진행해	2
진행해요	2
진행해줘	2
질곡동	2
질라	2
질렀어요	2
질렸어	2
질문해도	2
질서	2
질투해	2
집게	2
집결시켜라	2
집어넣으라고	2
집요정	2
집주인	2
집중하려고	2
집중할	2
집착	2
집회행위	2
짓거리들	2
짓는다고	2
짓밟아	2
짓밟으셨네요	2
징그러운	2
징벌	2
징병통지서	2
징역	2
징조	2
짖기	2
짖어	2
짖어요	2
짜릿했죠	2
짜식	2
짜식아	2
짜증나네	2
짜증나다니	2
짜증나잖아	2
짜증나지	2
짜증날	2
짝사랑하는	2
짧네	2
짧다	2
짧아요	2
짧지	2
짭새겠네	2
짭새다	2
짱	2
쩐다	2
쩔어	2
쩔죠	2
쩨쩨한	2
쪽파	2
쫄깃해요	2
쫄지	2
쫄지마	2
쫓겨나겠네요	2
쫓겨나면	2
쫓겨날	2
쫓겨요	2
쫓다	2
쫓아갔어	2
쫓아내는	2
쫓아냈어	2
쫓아다녀	2
쫓아오는	2
쫓아오던	2
쫓을까요	2
쫓지	2
찌끔	2
찌르고	2
찌르네	2
찌르는	2
찌릿	2
찌질이	2
찍기	2
찍냐	2
찍는다고	2
찍습니다	2
찍어서	2
찍어줄게	2
찍을까	2
찍을까요	2
찍자고	2
찔러서	2
찜	2
찡그리고	2
찡그린	2
찢어지게	2
차갑죠	2
차기작	2
차단기	2
차단했겠지	2
차라니	2
차려입었지	2
차르	2
차리는	2
차리라고	2
차린	2
차릴래	2
차벨라	2
차분히	2
차선	2
차세대	2
차트	2
착각	2
착용	2
착하고	2
착하구나	2
착하니	2
착해	2
찬바람	2
찬성하는	2
찰나	2
참가	2
참가해	2
참겠다	2
참견	2
참견하지	2
참견해	2
참든	2
참모진	2
참새	2
참석했다	2
참여했어요	2
참으며	2
참으면	2
참으세요	2
찻집	2
찼다	2
찼어	2
창녀들	2
창밖	2
창백한	2
창살	2
창조자	2
창조주	2
창조하는	2
창조하신	2
창피하게	2
창피하지	2
창피하지도	2
찾게	2
찾는다고요	2
찾는다는데	2
찾는다면	2
찾는데요	2
찾도록	2
찾아가	2
찾아갈	2
찾아내라	2
찾아다녔어	2
찾아보자고	2
찾아오지	2
찾아올	2
찾아왔게	2
찾아왔지	2
찾았다는	2
찾았던	2
찾았으니까	2
찾았을까	2
찾으려	2
찾으시는	2
찾으시는데요	2
찾으시죠	2
채굴	2
채다	2
채무	2
채석	2
채우다	2
채운	2
채워야	2
채찍질	2
채츠워스	2
책임감	2
책임져	2
챈	2
챔버홀	2
챘나	2
챙겨왔어요	2
챙겼니	2
챙기냐	2
챙피한	2
처넣었어	2
처리하고요	2
처리하는	2
처리하면	2
처리했겠지	2
처맞아라	2
처먹어서	2
처박아	2
처방	2
처방했어요	2
처분한다는	2
처치할	2
처치해주겠어	2
처칠	2
처한	2
처형하지는	2
척하긴	2
척하라고요	2
척하면	2
척해	2
천궁	2
천리길	2
천벌	2
천상	2
천주교	2
천직	2
천치들	2
천하무적	2
천황	2
철저한	2
철저해	2
철조망	2
철학	2
청구액	2
청년들	2
청명검	2
청소국	2
체	2
체르모예프	2
체면	2
체모	2
체질	2
체코	2
체크아웃	2
체크인	2
체포됐다는	2
체포하겠어	2
체포할	2
첸	2
첼시	2
쳐다보잖아	2
쳐다볼래	2
쳐다봤다고	2
쳐다봤어	2
쳐들어와서	2
쳐죽이고	2
쳤나	2
쳤으면	2
쳤을	2
초대하신	2
초대해	2
초대했는데	2
초대했어	2
초대했어요	2
초대했지	2
초딩	2
초라한	2
초라한지	2
초병	2
초봄	2
초상화들	2
초인종	2
초챙이	2
초코우유	2
초패왕	2
촉	2
촉감	2
촉토족	2
촌스럽지	2
총격	2
총구	2
총기	2
총싸움	2
총액	2
총체적으로	2
총칼	2
총탄	2
최고들	2
최고의	2
최대	2
최루가스	2
최소	2
최신소재래	2
최연소	2
최적	2
최홍일	2
추가요	2
추가할	2
추구해요	2
추는요	2
추락한	2
추문	2
추방될	2
추석	2
추실래요	2
추심	2
추월하네요	2
추월해	2
추적당해	2
추적돼요	2
추적자	2
추적할까요	2
추정	2
추종자	2
추출하고	2
추측	2
추함	2
축복하시길	2
축일	2
축적했어요	2
축하할	2
출격했어요	2
출국	2
출발선	2
출발시켜	2
출발점	2
출발하자	2
출발한	2
출발한다	2
출발할까요	2
출발해도	2
출발해요	2
출생지	2
출석표	2
출세작	2
출시	2
출신배경	2
출입불가	2
출입허가	2
출판된	2
출판했어요	2
춤추기	2
춤추면서	2
춤추세요	2
춤추실까요	2
춤추실래요	2
춤출	2
춥소	2
충	2
충격적	2
충분하다	2
충성심	2
충성해	2
충실한	2
충전	2
충전했습니다	2
충직한	2
춰도	2
취급하다니	2
취급해	2
취득하다	2
취로	2
취소되었다	2
취소했어요	2
취재했어요	2
취하고	2
취하다	2
취한다	2
취해본	2
취해서	2
취해야	2
취했니	2
취했다	2
취했다고	2
치고받고	2
치곤	2
치과의사	2
치다니	2
치라고	2
치료될지	2
치료하고	2
치르더라도	2
치를	2
치우고	2
치우다	2
치울	2
치울까요	2
치워버려	2
치워요	2
치정	2
치치오	2
치코	2
칙칙폭폭	2
친군데	2
친선	2
친아들	2
친어머니	2
친절하게	2
친정	2
친척쯤	2
친하게	2
친환경적	2
칠면호리	2
칠하는	2
침놓으러	2
침사추이	2
침수됐어요	2
침술	2
침입자	2
침착	2
침체	2
침침해서	2
칩	2
칫솔	2
칭찬하고	2
카나	2
카나오	2
카네사	2
카니발	2
카레	2
카레이서	2
카로차	2
카르덴	2
카르페	2
카메라엔	2
카메오	2
카바레	2
카스	2
카운티	2
카이	2
카일	2
카츠로오지	2
카트리나	2
카트친스키	2
카포 페로	2
칵테일	2
칼국수	2
칼럼	2
칼로리	2
칼자루	2
캐딜락	2
캐로우	2
캐릭터	2
캐봤어	2
캐비아	2
캐비어	2
캐비지 패치	2
캐셔	2
캐스트	2
캐스팅	2
캔비	2
캘시퍼	2
캠	2
캠포 바니버스	2
커트	2
커티스기	2
컬렉션	2
컴	2
케이힐	2
케잌	2
케토	2
켜세요	2
켜주세요	2
켜주시겠습니까	2
켜지	2
켤래요	2
켰냐고	2
켰다	2
켰던가	2
켰어	2
코너스	2
코넬리우스	2
코니	2
코니아일랜드	2
코디네이터	2
코미디언선생	2
코쵸	2
코치	2
콘센트	2
콘소메	2
콘월	2
콘웨이	2
콘첸타	2
콘크리트	2
콜리시모	2
콧물	2
콩밭	2
콰	2
콰드리	2
쿠거	2
쿠마다	2
쿠사나기	2
쿠이먼	2
쿠키영상	2
쿨에이드	2
쿨하게	2
쿵푸	2
쿵후	2
퀵스텝	2
퀸	2
큐브	2
큐우조오	2
크군	2
크기라며	2
크나큰	2
크누트	2
크라비스	2
크랭턴	2
크레딧	2
크렌들러씨	2
크로켓	2
크리스털	2
크리스티안	2
크리시	2
크리처	2
크지는	2
큰아들	2
큰절	2
큰지	2
클래스	2
클레멘티양	2
클레오파트라	2
클리프턴	2
클립	2
큽니다	2
킁킁대는	2
키스하면	2
키스했다	2
키우다	2
키운	2
키울	2
키울까	2
키울래	2
킬로미터	2
킬킬	2
타격	2
타니나가	2
타다가	2
타도	2
타도코로	2
타도하자	2
타라니까	2
타락	2
타락한	2
타러	2
타마요	2
타미	2
타버렸다고	2
타버렸으면요	2
타보고	2
타보셨댔죠	2
타본	2
타셔야지	2
타셨어요	2
타야	2
타야겠어	2
타오르는	2
타운	2
타이렁	2
타이베이	2
타이슨	2
타이타닉	2
타이페이	2
타이피스트	2
타인	2
타임머신	2
타츠미	2
타티	2
탁운이	2
탄산수	2
탄산음료	2
탈락	2
탈영	2
탈영병	2
탈출구	2
탈출해	2
탈출했다	2
탐난다고	2
탐하기	2
탑재했어	2
탔더라면	2
태극기	2
태산압정	2
태아	2
태어나	2
태어나고	2
태어났어요	2
태운	2
태워드릴	2
태워라	2
태워버려	2
태워주실	2
태워줄	2
태워줄까	2
태워줬는데	2
탤런트	2
탱탱해	2
터	2
터너	2
터놓고	2
터득했단	2
터뜨려	2
터뜨렸다	2
터뜨릴	2
터무니	2
터져라	2
터졌어요	2
터지고	2
터지다	2
터지지	2
터치	2
터커	2
터크	2
털고	2
털까	2
털북숭이	2
털었다	2
털었어요	2
테니아야	2
테아	2
테야	2
테일러 스위프트	2
텐	2
토그사	2
토끼들	2
토대	2
토리스	2
토마시노	2
토스트	2
토탄	2
토파즈	2
토한	2
토해냈다	2
토했네	2
톡톡	2
톤	2
톱질	2
통과하시오	2
통과하지	2
통과할	2
통과해야	2
통과했느냐	2
통과했다	2
통과했지	2
통나무	2
통나무집	2
통닭	2
통성명	2
통신사	2
통역허라고	2
통일	2
통장	2
통제	2
통제하고	2
통지	2
통째로	2
통하냐	2
통하지	2
통해요	2
통했나	2
통행	2
통화할	2
통화했다고	2
통화했어	2
통화했어요	2
퇴각	2
퇴보하는	2
퇴실	2
퇴역	2
퇴치제	2
퇴치한다고	2
퇴학	2
투덜거려	2
투덜거렸어	2
투서	2
투수	2
투어	2
투입	2
투입해	2
투쟁	2
투철해	2
투파키	2
투표제	2
투표할	2
투항할까요	2
툰드라	2
퉁퉁	2
튀김	2
튀나보자	2
튀니지	2
튀어나온	2
튀어나와	2
튀었어	2
튈	2
튕겨	2
튜브	2
튜삭	2
트래비스	2
트레이	2
트롤	2
트롤들	2
트리위저드	2
트릴로니	2
트윈	2
트이다	2
특별하게	2
특별한데요	2
특별할	2
특수요원	2
특종	2
튼	2
튼다	2
틀고	2
틀렸습니다	2
틀리곤	2
틀리면	2
틀림없지	2
틀었어	2
티리스	2
티모	2
티무르	2
티셔츠	2
틱톡	2
틴틴	2
팀워크	2
파괴되어야	2
파괴되었다	2
파괴하는게	2
파국	2
파는데	2
파랗습니다	2
파래	2
파묘하고	2
파묻혀	2
파벌	2
파병	2
파세요	2
파수꾼	2
파스칼리노	2
파시스트적	2
파시즘	2
파실래요	2
파악	2
파악하려고	2
파야칸	2
파자글리아	2
파전	2
파죠	2
파충류들	2
파티장	2
파티할	2
파파	2
판단하란	2
판단하지	2
판단할	2
판데지	2
판사	2
팔까요	2
팔든	2
팔러	2
팔레모	2
팔려고요	2
팔려는	2
팔렸어요	2
팔리지	2
팔린	2
팔십	2
팔았게	2
팔았도다	2
팔팔한	2
팝	2
팠잖아	2
패고	2
패배한	2
패스파인더	2
패키지	2
패킹	2
패트로누스	2
패트로눔	2
패티	2
팩스	2
팬던트	2
팰	2
팼어	2
퍼	2
퍼부을	2
퍼블릭	2
퍼스트	2
퍼시픽	2
퍼지기	2
퍼질	2
펄	2
펄럭여요	2
펑	2
펑크나서	2
페기	2
페널티	2
페니	2
페드로	2
페라리	2
페르시아	2
페스트리	2
페인트	2
페지테	2
페피토	2
펜치	2
펜타곤	2
펜티엄	2
펠리컨	2
펭귄	2
펴질	2
편두통	2
편리하지	2
편안하다	2
편안하지	2
편애했단	2
편찮으세요	2
편찮으셔	2
편치	2
편하세요	2
펼쳐오고	2
평가하고	2
평결	2
평면	2
평범하고	2
평원	2
평화롭게	2
폐기	2
폐지	2
포격	2
포기하겠다고요	2
포기하는	2
포기하다	2
포기한다	2
포기해야	2
포마	2
포식자	2
포위	2
포위하고	2
포이터	2
포인트	2
포장하다	2
포장해	2
포제	2
포졸	2
포진시켜	2
포케	2
포트 크래이그	2
포함되어	2
포함하고	2
포함해서	2
포획	2
포효	2
폭격기	2
폭력적	2
폭로집	2
폭발하는	2
폭발할지	2
폭발했어요	2
폭파시킬	2
폭풍우	2
폭행	2
폴 맨필드	2
폴란드인	2
폼나게	2
표면	2
표면적으로	2
표시한	2
표시해	2
표트르	2
표현했어요	2
푸는	2
푸시	2
푸시업	2
푸에르토리코	2
푸제	2
푼수크	2
풀겠어요	2
풀까	2
풀려	2
풀리진	2
풀어도	2
풀어주면	2
풀어주셨나	2
풀어주었다	2
풀어줄	2
풀지	2
품	2
품위	2
풋내기	2
퓨즈	2
프라이	2
프란시스	2
프란쯔	2
프란체스코	2
프란츠 요세프	2
프래쥴	2
프랭키	2
프런티어	2
프레디 머큐리	2
프레리	2
프레이저	2
프레임	2
프로그래밍	2
프로쉬카	2
프로이드	2
프로젝터	2
프로포즈	2
프루	2
프리비	2
프린터	2
플라톤	2
플래그	2
플래쉬	2
플레처	2
플로리다	2
플루토	2
피곤하다는데	2
피곤한	2
피곤해서	2
피그	2
피노키오	2
피니간	2
피니어스	2
피닉스	2
피라미드	2
피뢰침	2
피마자기름	2
피망	2
피스	2
피싱	2
피올리니	2
피우냐	2
피우실래요	2
피우죠	2
피울래요	2
피워라	2
피워야	2
피웠다	2
피임	2
피잖아요	2
피츠버그라뇨	2
피치	2
피카소	2
피케이지	2
피크닉	2
피투성이	2
피트스톱	2
피하고	2
피하려고	2
피하세요	2
피하지	2
핀켈	2
필기하고	2
필래	2
필사적으로	2
필요없어	2
필요하게	2
필요하겠지	2
필요하냐고	2
필요하다고요	2
필요하다는	2
필요하진	2
필요한가요	2
필요한지	2
필요할거야	2
필요할까요	2
필요했어	2
필적	2
핌파오	2
하거라	2
하겠냐	2
하고나	2
하고서	2
하기로	2
하나뿐이고	2
하나쯤	2
하날	2
하누만	2
하느라	2
하는지나	2
하다가	2
하다구요	2
하더냐	2
하더니	2
하더라도	2
하듯이	2
하랬소	2
하랬지	2
하러가야겠어	2
하려나	2
하려니	2
하렴	2
하루만에	2
하림	2
하마	2
하마나	2
하마터면	2
하며	2
하바수호	2
하비에르	2
하셨겠죠	2
하셨는데	2
하셨다고요	2
하셨소	2
하셨을까요	2
하쇼	2
하수도	2
하슈	2
하시겠다	2
하시겠소	2
하시고	2
하시네	2
하시네요	2
하시는거요	2
하시는지	2
하시라가	2
하시잖아	2
하신다면서요	2
하실까	2
하얀색	2
하얗지	2
하옵니다	2
하우스	2
하이라이트	2
하이브리드	2
하이에나	2
하이킹	2
하잖니	2
하콘인들	2
하클리	2
하퍼	2
하편	2
하하하	2
학급	2
학번	2
학습	2
한가로이	2
한거	2
한게	2
한니발	2
한다구요	2
한다며	2
한다지	2
한단	2
한댔지	2
한동안	2
한명	2
한바탕	2
한복	2
한스	2
한식	2
한심하	2
한입	2
한잔하던	2
한잔하러	2
한잔하시겠어요	2
한잔해야	2
한창	2
한통속	2
한푼	2
할거야	2
할거에요	2
할거요	2
할꺼야	2
할레	2
할렐루야	2
할려고	2
할머닌	2
할부	2
할아버님	2
할애	2
할인권	2
할퀴었어	2
할텐데	2
핥았어	2
함교	2
함대	2
함정문	2
합의점	2
합창	2
합치다	2
핫케이크	2
항공연구소	2
항로	2
항복하고	2
항복하는	2
항복하지	2
항복한다고	2
항복할	2
항속	2
해결됐어	2
해결하려면	2
해결하면	2
해결하세요	2
해그리드	2
해내려면	2
해낸	2
해냈네	2
해냈다고	2
해냈다구	2
해냈지	2
해놓고	2
해달라고요	2
해달랬었지	2
해당되는	2
해독	2
해두는	2
해리스	2
해명	2
해방된	2
해방하라	2
해병대	2
해보겠다는	2
해보실래요	2
해보자고	2
해볼게요	2
해봐라	2
해봤나요	2
해봤니	2
해봤다고요	2
해봤으면	2
해부	2
해브록	2
해상도	2
해서는	2
해서든	2
해서요	2
해야겠네	2
해야겠어	2
해야겠죠	2
해야하나	2
해야합니다	2
해주나	2
해주려는	2
해주시겠습니까	2
해줄지도	2
해줘서	2
해줘야	2
해줘야지	2
해줬던가	2
해치울	2
해치웠나	2
해킹한다고	2
해피	2
핵심	2
햄버거	2
했겠니	2
했겠다	2
했군요	2
했기에요	2
했냐니까	2
했느냐	2
했대	2
했던가	2
했던가요	2
했으니	2
했으려나	2
했을지도	2
행동하고	2
행동하세요	2
행복하고	2
행복하니	2
행복하다고	2
행복하세요	2
행복하셨냐고요	2
행복하지	2
행복했다	2
행복했어요	2
행사하다	2
행세	2
행세하고	2
행치	2
행크	2
행한	2
향료	2
향수병	2
향해라	2
향했다	2
허니	2
허락하지	2
허락할	2
허락해	2
허미티지	2
허벅지	2
허사	2
허세	2
허수아비	2
허슬	2
허용	2
허용하지	2
허위보도하면	2
헉	2
헌금	2
헌신	2
헐리우드	2
험담	2
헛	2
헛되이	2
헛소리하는데	2
헤더	2
헤르만 괴링	2
헤맸지	2
헤벨	2
헤비급	2
헤스	2
헤어졌다	2
헤어졌어	2
헤어지고	2
헤어지든	2
헤엄쳐요	2
헬름	2
혁신	2
현관문	2
현대적	2
현미경	2
현지	2
현지인	2
혈당	2
혐오하고	2
협곡	2
협박받았나요	2
협박했는지	2
협상한대	2
협회	2
혓바닥	2
혔나	2
형네	2
형량	2
형법	2
형부	2
형사들	2
형성되었어요	2
형수	2
형수님	2
형씨들	2
형제여	2
형제자매	2
호구	2
호래자식들	2
호명하는	2
호송차	2
호외	2
호위함	2
호의	2
혼나고	2
혼나야	2
혼날	2
혼돈	2
혼란스러운	2
혼란스럽게	2
혼란스럽습니다	2
혼미해요	2
혼수상태	2
혼인	2
혼인할	2
혼자네	2
혼자였으니까	2
홀랑	2
홀로	2
홀링스워스	2
홈페이지	2
홍고추	2
홍보	2
홍보용	2
홍시	2
화가들	2
화급한데	2
화났구나	2
화났나	2
화내던가요	2
화물열차	2
화물칸	2
화염	2
화이트와인	2
화장한	2
화질	2
화창한	2
화해한	2
화형대	2
화형시키자	2
확대하라	2
확대해서	2
확보됐나	2
확보했다더군	2
확성기	2
확신하는	2
확신할	2
확실하냐	2
확실하냐구	2
확실하지는	2
확실한가	2
확실한가요	2
확인돼요	2
확인되잖아요	2
확인하라고	2
확인하러	2
확인해줄	2
확인했어	2
확인했어요	2
확정된	2
환경공학	2
환경학자	2
환불	2
환생한	2
환승	2
환영받는	2
환영받는다고	2
환영파티	2
환영해	2
환장했군	2
환전소	2
환타지아가	2
활기	2
활기차게	2
활동	2
활성화되었습니다	2
황당한	2
황명	2
황천행	2
횃불	2
회담	2
회복될	2
회사원	2
회피	2
효	2
효고	2
효과적	2
효과적으로	2
효진아	2
효진이	2
후궁	2
후두염	2
후루룩	2
후면	2
후보자	2
후엔	2
후진해	2
후회감	2
후회되나요	2
후회하게	2
후회했어	2
후후이	2
훈남	2
훈련생	2
훌륭하죠	2
훌륭해요	2
훌륭했어	2
훑어보겠지	2
훔쳐가는	2
훔쳐갔다	2
훔쳐먹어요	2
훔쳐서	2
훔쳤니	2
훔쳤다고요	2
훔쳤소	2
훔쳤잖아	2
훔치려는	2
훔친다고요	2
훼방	2
휘둘려선	2
휘어잡았죠	2
휘트모어	2
휠	2
휠체어	2
휴가철	2
휴양지	2
휴업	2
휴직	2
흉	2
흉측한	2
흐렸다고요	2
흐르는	2
흐르잖아	2
흑심	2
흑자	2
흔들다	2
흔들려	2
흔들리지	2
흔들림	2
흔들었어	2
흘러나왔지	2
흘러요	2
흘려요	2
흘리다	2
흘리며	2
흘릴	2
흡수	2
흡수하지	2
흥국아	2
흥미롭네요	2
흥분되지	2
흥분하지	2
흥분한	2
흥행	2
희생되고	2
희생자	2
희생자들	2
히노카미	2
히든카드	2
히메쿠사	2
히스테리	2
히어로	2
히포그리프	2
힌	2
힌디어	2
힌트	2
힘내라	2
힘내세요	2
힘들	2
힘들겠지	2
힘들다	2
힘들다고	2
힘들면	2
힘들어하세요	2
힘들었어	2
힘들었을	2
힘없는	2
힘차게	2
&	1
-ㄴ	1
-ㄹ래	1
-고	1
-고맙다고	1
-기다려	1
-까탈스럽게	1
-는데	1
-려고	1
-모엣 샴페인	1
-아	1
-아도	1
-알겠습니다	1
-알았어	1
-야	1
-음	1
-잖아	1
-존	1
-진짜	1
-천만에요	1
/경찰	1
/고마워	1
/고마워요	1
/그만	1
/끔찍한거	1
/놔요	1
/만지지마	1
/뭐라구요	1
/발목	1
/숙부님	1
/시종	1
/신고할까요	1
/실감나	1
/아니요	1
/안돼	1
/어때요	1
/유자비요	1
/자쿠이	1
/자쿠이다	1
/제길	1
/주인님	1
/집	1
112	1
119	1
1등	1
How	1
N+까지	1
None	1
Retry	1
V-ㄴ/은	1
V-ㄹ	1
[	1
colloquial	1
confirmatory	1
construction	1
copula	1
did	1
do	1
fixed	1
infinitive	1
nominalizer	1
pattern	1
phrase	1
suggestion	1
that	1
verb	1
~	1
~어도	1
….	1
…….	1
→	1
∼요	1
☆	1
「	1
」	1
『	1
』	1
ため息が出る	1
ㄴ/은	1
ㄴ가	1
ㄴ데	1
ㄴ데도	1
ㄴ지	1
ㄴ지는	1
ㄴ지도	1
ㄴ지요	1
ㄹ/을	1
ㄹ걸	1
ㄹ게요	1
ㄹ까요	1
ㄹ래	1
ㄹ래요	1
ㄹ수록	1
ㄹ지	1
ㄹ지는	1
ㄹ지도	1
ㄹ지요	1
ㅋㅋㅋ	1
가?	1
가겠나	1
가겠느냐	1
가겠는가	1
가겠는데요	1
가겠니	1
가겠다	1
가겠다고요	1
가겠습니까	1
가겠지만	1
가격표	1
가고말고	1
가고싶어요	1
가고요	1
가구들	1
가기를	1
가기엔	1
가까	1
가까스로	1
가까우셨습니까	1
가까운가요	1
가까워지겠어요	1
가까워지고	1
가까워지지	1
가까이든	1
가까이들	1
가깝게	1
가깝네요	1
가깝다	1
가깝든	1
가깝습니까	1
가깝지	1
가끔요	1
가난뱅이들	1
가난하든	1
가난하지	1
가난했었다	1
가난했었어	1
가냐니	1
가냐니까	1
가네요	1
가느냐고요	1
가느라고	1
가는겨	1
가는구나	1
가는군요	1
가는지는	1
가늘고	1
가늘어	1
가능하겠나	1
가능하겠습니까	1
가능하기나	1
가능하다	1
가능하다면	1
가능하든	1
가능하세요	1
가능하잖아	1
가능하지	1
가능한가	1
가능해졌지	1
가능했을까요	1
가니까	1
가다듬으라고	1
가담한	1
가당치	1
가당키나	1
가더라도	1
가데니아	1
가동	1
가동됐나요	1
가되고	1
가두게	1
가두던가	1
가두죠	1
가두지	1
가둔	1
가둔다	1
가둘	1
가둘까요	1
가둬둘	1
가둬야	1
가득하길	1
가득합니다	1
가든지	1
가든지는	1
가디언	1
가라구요	1
가라니	1
가라니까요	1
가라앉는	1
가라앉았어요	1
가라앉을	1
가라앉을까	1
가라앉혀야죠	1
가라오케	1
가량	1
가렛	1
가려구	1
가려던	1
가려라	1
가려줬어	1
가렵대	1
가렸는데요	1
가렸지	1
가로등	1
가로막으니	1
가로막잖아	1
가로지르는건	1
가로질러	1
가로질러서	1
가로채는	1
가루들	1
가르	1
가르강튀아	1
가르쳐도	1
가르쳐요	1
가르쳐주겠소	1
가르쳐주디	1
가르쳐주셨어요	1
가르쳐주진	1
가르쳐줘봐	1
가르쳐줘서	1
가르쳐줘야지	1
가르쳐줬나	1
가르쳐줬는데요	1
가르쳐줬잖아	1
가르쳤냐	1
가르쳤소	1
가르쳤습니까	1
가르쳤으면	1
가르치겠냐	1
가르치겠다는	1
가르치겠어	1
가르치고	1
가르치나요	1
가르치는데	1
가르치러	1
가르치죠	1
가르켜	1
가르키고	1
가른다	1
가리	1
가리긴	1
가리니까	1
가리다	1
가리라	1
가리비	1
가리야	1
가린다	1
가립니다	1
가만있는	1
가만있든	1
가만있어봐	1
가만있으래도	1
가만있을	1
가물가물해요	1
가버려라	1
가버려요	1
가버렸넹	1
가버렸다	1
가버렸소	1
가버리신	1
가버리지	1
가버릴	1
가벼운데요	1
가볍진	1
가보게	1
가보겠나	1
가보겠니	1
가보겠소	1
가보고	1
가보기	1
가보라고	1
가보시는	1
가보시죠	1
가볼게	1
가볼게요	1
가볼께요	1
가볼라고	1
가볼래요	1
가봅시다	1
가봐야지	1
가봐요	1
가봤군요	1
가봤나	1
가봤소	1
가봤자	1
가봤지	1
가부키계	1
가빠지고	1
가뿐히	1
가석방	1
가석방 감찰관	1
가석방되다	1
가설대로라면	1
가셔도	1
가셔야	1
가셨군	1
가셨나	1
가셨나요	1
가셨는지	1
가셨담	1
가셨지	1
가속한	1
가솔린	1
가수같다	1
가수들	1
가스비	1
가스탄	1
가스파	1
가스파초	1
가슴가격	1
가슴수술	1
가슴엔	1
가습기	1
가시나	1
가시는데요	1
가시는지	1
가시라구요	1
가시려고요	1
가신	1
가신대	1
가야겠네	1
가야겠는데	1
가야겠어요	1
가야겠죠	1
가야겠지만	1
가야돼	1
가야돼요	1
가야하나	1
가야하네	1
가야한단다	1
가야할	1
가야해요	1
가여운	1
가와	1
가운데땅	1
가을바람	1
가이	1
가이드라인	1
가이세이	1
가입할	1
가입했다	1
가자꾸나	1
가자는데	1
가자마자	1
가정교육	1
가정적으로요	1
가제두	1
가젤씨	1
가져가나	1
가져가다	1
가져가도록	1
가져가려구요	1
가져가려나	1
가져가보거라	1
가져가서	1
가져가셔야죠	1
가져가실	1
가져가야지	1
가져간	1
가져갈까봐	1
가져갈까요	1
가져갈래	1
가져갔니	1
가져갔다고	1
가져갔어요	1
가져갔지	1
가져다드릴까요	1
가져다주실래요	1
가져다준대요	1
가져다줄까	1
가져라	1
가져오게	1
가져오겠습니다	1
가져오라니까	1
가져오랬죠	1
가져오려고	1
가져오셨기를	1
가져오셨단다	1
가져온다고	1
가져올까	1
가져와야지	1
가져왔거든	1
가져왔게	1
가져왔겠지	1
가져왔구나	1
가져왔나요	1
가져왔냐	1
가져왔냐고	1
가져왔냐구	1
가져왔다구	1
가져왔더니	1
가져왔습니다	1
가져왔잖아요	1
가져줄래	1
가졌구나	1
가졌군요	1
가졌는데도	1
가졌다는	1
가졌단	1
가졌대	1
가졌던	1
가졌습니다	1
가졌었다고	1
가졌으면	1
가졌잖아	1
가족력	1
가족분	1
가족사진	1
가족한텐	1
가주길	1
가죽잠바	1
가줄	1
가줄까	1
가즈히코	1
가지가지	1
가지겠다는	1
가지고도	1
가지고있었습니다	1
가지기	1
가지길	1
가지도록	1
가지라고	1
가지마세요	1
가지만	1
가지말고	1
가지말라잖아요	1
가지면	1
가질까	1
가질래요	1
가짜로	1
가차	1
가축들	1
가출하신	1
가출한	1
가치있는	1
가택	1
가토브	1
가톨릭계	1
가파른지	1
가한다	1
가해	1
가해자	1
가했기	1
가혹행위	1
가훈	1
가히	1
각각	1
각계	1
각구목	1
각기	1
각본가	1
각색하는	1
각색한	1
각서	1
각선미	1
각성시키자고	1
각성제	1
각성한	1
각오한	1
각오해	1
각인된	1
각자위치	1
각하께서는	1
간거지	1
간격	1
간다더라	1
간다며	1
간다잖아	1
간단명료	1
간단하네	1
간단하다	1
간단하단다	1
간단하든	1
간단해	1
간단해요	1
간단했는지	1
간달프다	1
간답니까	1
간대	1
간댔지	1
간덩이	1
간략히	1
간로지	1
간병해줬다구	1
간부	1
간부하고	1
간부회	1
간섭하는	1
간섭할	1
간섭했다고	1
간소해지겠지	1
간수들	1
간스케	1
간장	1
간절히	1
간접적으로	1
간주하겠습니다	1
간지	1
간지럽기	1
간지럽혀	1
간직하는	1
간직하지	1
간질	1
간첩	1
간청했나요	1
간추리면	1
간추리자면	1
간통	1
간통죄	1
간파하셨습니까	1
간파했을	1
간호했던	1
갇혀본	1
갇혀있던	1
갇혀있지	1
갇혔죠	1
갇히고	1
갇히기	1
갇힌	1
갇힐	1
갈가니	1
갈거니	1
갈거라고	1
갈거래	1
갈거에요	1
갈거요	1
갈거죠	1
갈겨버려	1
갈겨야	1
갈겨주겠어	1
갈겨주지	1
갈궈	1
갈기	1
갈기갈기	1
갈께	1
갈께요	1
갈등	1
갈등요	1
갈라놓겠다	1
갈라놓겠어	1
갈라놓았을까요	1
갈라놓을	1
갈라버릴껄	1
갈라서는	1
갈라선	1
갈라져	1
갈라졌어	1
갈라지자	1
갈라진	1
갈라케요	1
갈랐다는	1
갈려졌다	1
갈리다	1
갈린도	1
갈만한	1
갈보년	1
갈뿐이지요	1
갈아버리고	1
갈아입다	1
갈아입으십시오	1
갈아입을	1
갈아입을까	1
갈아입혀요	1
갈아치워	1
갈아탄다	1
갈퀴마냥	1
갈팡질팡	1
갉아대요	1
갉아먹을	1
감각들	1
감개	1
감겨있니	1
감고도	1
감나요	1
감는	1
감는다	1
감는다고	1
감당해야지	1
감동받았습니다	1
감동시켰다	1
감동적이군	1
감동한	1
감동했어	1
감링	1
감명받았어요	1
감명받으셨네	1
감명받은	1
감사드려요	1
감사절	1
감사하고	1
감사하다고	1
감사하다는	1
감사하려고	1
감사할	1
감상적으로	1
감상하시죠	1
감속할까요	1
감속해요	1
감솨용	1
감수하다	1
감수했네	1
감시요원	1
감시용	1
감시탑	1
감시하	1
감시하게	1
감시하나	1
감시하도록	1
감시하려고	1
감시할께요	1
감시합니다	1
감시했다면서	1
감시했으면서	1
감시했죠	1
감식	1
감식반들	1
감싸나	1
감싸는	1
감싸다	1
감싸주려는	1
감싸준다는	1
감아줘	1
감았어	1
감옥간	1
감옥살이	1
감으러	1
감자라뇨	1
감자로군	1
감자칩	1
감잖아	1
감전시킨	1
감쪽같이	1
감찰팀	1
감청	1
감추고	1
감추는데	1
감추지	1
감춘	1
감춘다	1
감춰	1
감춰두면	1
감췄다	1
감탄했나	1
감퇴	1
감행할	1
감히요	1
갑작스럽게	1
갑작스럽잖아요	1
갑작스럽지	1
값비싼	1
갓난아기	1
갔겠나	1
갔겠어	1
갔구나	1
갔냐	1
갔네요	1
갔느냐	1
갔는데요	1
갔는진	1
갔니	1
갔다는	1
갔다던데	1
갔다오는	1
갔다와	1
갔다죠	1
갔더라	1
갔습니까	1
갔어야	1
갔었거든	1
갔었냐	1
갔었냐고	1
갔었는데	1
갔었던	1
갔을까요	1
갔을지	1
갔잔애	1
갔잖아요	1
강간당한	1
강간당한다	1
강간범	1
강간질	1
강간하러	1
강간할	1
강간해	1
강간해버릴	1
강간했는데	1
강간했다	1
강간했어	1
강간했을	1
강검팀	1
강단	1
강도들	1
강도랬잖아	1
강도질	1
강도질하려고요	1
강도짓	1
강도팀	1
강둑	1
강력반	1
강력하지	1
강력하지만	1
강렬했다	1
강령술	1
강림	1
강박	1
강박적	1
강박증	1
강수혜	1
강아지들	1
강요된	1
강요하다니	1
강요했어	1
강요했지	1
강의받기	1
강인하지	1
강적	1
강점	1
강제	1
강조하는	1
강조하려고	1
강조해야	1
강쪽	1
강탈당한	1
강풍	1
강하구나	1
강하군	1
강하네	1
강하도다	1
강하든	1
강하죠	1
강할까	1
강할수록	1
강해서요	1
강해져	1
강해져야만	1
강해져야지	1
강해졌을지도	1
갖가지로	1
갖고와	1
갖나	1
갖는	1
갖다놨어	1
갖다드려	1
갖다주시겠어요	1
갖다주진	1
갖다줄래요	1
갖다줘야	1
갖다줬어요	1
갖다줬지	1
갖죠	1
갖추고	1
갖추는	1
갖추란	1
갖추어	1
갖추어라	1
갖춘	1
갖춘다면	1
갖출	1
갖췄는데	1
같고	1
같구만	1
같기는	1
같기도	1
같냐고요	1
같다고요	1
같다면	1
같단	1
같달까	1
같대	1
같더구나	1
같던데	1
같아지고	1
같았거든	1
같았나요	1
같았는데	1
같았던거	1
같았소	1
같았어요	1
같았으면	1
같았잖아	1
같았지	1
같으니라구	1
같은걸	1
같은디	1
같은이	1
같이가	1
같이할까	1
같잖냐	1
같잖아요	1
같지도	1
같지요	1
갚는다고	1
갚아야지	1
갚아왔지	1
갚아주자	1
갚아줄	1
갚아줘야	1
갚았지	1
갚으라고요	1
갚으러	1
갚을게	1
개간한	1
개고생	1
개또라이	1
개론	1
개막장	1
개막하는	1
개면	1
개무시해	1
개미들	1
개미새끼	1
개미집	1
개박살	1
개발자들	1
개발했는데	1
개발했을까	1
개방되어	1
개방적	1
개방했어요	1
개별적으로나	1
개봉	1
개봉되지	1
개비	1
개뼈다귀	1
개살구	1
개새낀	1
개새들아	1
개새씨	1
개선돼요	1
개선하기	1
개성	1
개소릴	1
개수로	1
개스킷	1
개안허요	1
개업	1
개울	1
개의치는	1
개인가요	1
개인사	1
개입됐어	1
개입하고	1
개입했지	1
개조	1
개조해	1
개조해야	1
개종자	1
개째	1
개째지	1
개쪼잔해	1
개천	1
개체	1
개팔자	1
개폼	1
개헌티	1
개화기	1
객관적일	1
객차	1
갠가	1
갤러린가요	1
갤럭시는	1
갤리온선	1
갬빗	1
갬지	1
갱들	1
갸우뚱하다	1
걔네들뿐	1
걔는	1
걔잖	1
거기까지만	1
거기다가	1
거기뿐	1
거기서 멈	1
거기에다	1
거기요	1
거긴가	1
거깄나	1
거나요	1
거네	1
거대쥐	1
거두시지요	1
거두어라	1
거두절미하고	1
거둔	1
거둬	1
거둬라	1
거뒀을까요	1
거들래	1
거들어	1
거들어주마	1
거듭합니다	1
거라고는	1
거라곤	1
거라던가	1
거라매	1
거란	1
거래할	1
거래해	1
거래해서	1
거래해요	1
거래했는지	1
거론	1
거론하면	1
거루	1
거룩한	1
거리는데	1
거리며	1
거리잖아	1
거만하게	1
거머쥘	1
거물들	1
거미들	1
거미집	1
거봐라	1
거부하겠네	1
거부하겠어	1
거부하는	1
거부하는군	1
거부하는데	1
거부하려는	1
거부하실	1
거부하지	1
거부할	1
거부해왔습니다	1
거북해	1
거세게	1
거세요	1
거쉰	1
거스르는	1
거스르도록	1
거스르지	1
거슬려요	1
거슬린다	1
거시	1
거시기가	1
거시기는	1
거시기에	1
거시기요	1
거신병	1
거신병요	1
거에	1
거엔	1
거역하는	1
거역하던	1
거역하려는	1
거역하면	1
거위	1
거인들	1
거저	1
거저먹고	1
거절당하지	1
거절하겠네	1
거절하겠어요	1
거절해	1
거절해야	1
거절해야만	1
거절해요	1
거절했지	1
거점	1
거주	1
거지만	1
거지새끼	1
거진	1
거짓말탐지기	1
거짓말하겠어	1
거짓말하고	1
거짓말한다고요	1
거짓말할	1
거짓말해	1
거짓말했다고	1
거짓말했잖아요	1
거짓말했죠	1
거짓말했지	1
거짓투성	1
거참	1
거쳐야	1
거치는	1
거칠다	1
거침없이	1
거트루드	1
거합도	1
걱정돼서	1
걱정됐는지	1
걱정되냐	1
걱정되는	1
걱정되는데요	1
걱정되니	1
걱정되든	1
걱정되시죠	1
걱정마세요	1
걱정뿐	1
걱정스러울	1
걱정하는지	1
걱정하다	1
걱정하죠	1
걱정하지마	1
걱정한다고	1
걱정한다는	1
걱정했나요	1
걱정했니	1
걱정했다	1
걱정했어	1
걱정했었다구	1
건강검진	1
건강하긴	1
건강하다는	1
건강하던가요	1
건강하세요	1
건강하시고요	1
건강하십니다	1
건강한	1
건강한가	1
건강해지고	1
건강했는데	1
건국	1
건너가려고	1
건너게	1
건너다가	1
건너도록	1
건너뛰어	1
건너뛰잔	1
건너뜁시다	1
건너면	1
건너서	1
건너오기	1
건너온	1
건너왔다고	1
건넌	1
건널	1
건넜습니다	1
건넜을까	1
건넜지	1
건네다	1
건네주겠어요	1
건네주면	1
건네주세요	1
건네줄래	1
건네줘야	1
건다	1
건다는	1
건드려도	1
건드려붓냐고	1
건드려서는	1
건드리	1
건드리고	1
건드리기	1
건드리기로	1
건드리는데요	1
건드리다	1
건드릴	1
건들	1
건들지마	1
건망증	1
건방져졌어	1
건방지군	1
건방지네	1
건방지다니	1
건배하죠	1
건배합시다	1
건빵	1
건설적	1
건설중	1
건설할	1
건재하거든	1
건져내	1
건져냈죠	1
건졌어	1
건조	1
건조대	1
건조하든	1
건조한데요	1
건조해	1
건조해져	1
건지다	1
건지도	1
건진	1
건초	1
건축가	1
건투	1
걷게할거야	1
걷겠나	1
걷겠소	1
걷든	1
걷어잡았다	1
걷어차는	1
걷어차라고	1
걷어차서	1
걷어찰	1
걷어찰까	1
걷어찼어	1
걷었나	1
걷으란	1
걷자꾸나	1
걷지도	1
걸겠어	1
걸라고요	1
걸란	1
걸래요	1
걸려놓고	1
걸려다가	1
걸려들었어	1
걸려있고	1
걸려있는	1
걸렸는데	1
걸렸다며	1
걸렸더군	1
걸렸을	1
걸렸죠	1
걸로는	1
걸론	1
걸리겠다	1
걸리겠소	1
걸리겠어	1
걸리겠어요	1
걸리겠지	1
걸리는걸	1
걸리도록	1
걸리든가	1
걸리시오	1
걸리잖아	1
걸리적거리잖아	1
걸리적거리지	1
걸리적거린다	1
걸리죠	1
걸리지요	1
걸리진	1
걸린거	1
걸린다고	1
걸린다고요	1
걸린다구	1
걸립니까	1
걸맞은	1
걸어가기엔	1
걸어가는	1
걸어가다	1
걸어간다구요	1
걸어놔	1
걸어놨어	1
걸어다니십니까	1
걸어달라고	1
걸어둔	1
걸어버리지	1
걸어보는	1
걸어보시겠어요	1
걸어볼게	1
걸어볼까	1
걸어온	1
걸어와요	1
걸어왔거든요	1
걸어줘	1
걸었는지	1
걸었다고요	1
걸었소	1
걸었지	1
걸으니	1
걸으라고	1
걸으면	1
걸으면서	1
걸치게	1
걸치고	1
걸치다	1
걸칠	1
걸칠래요	1
검뎅벌레	1
검문당했어	1
검사라며	1
검사하십시오	1
검색합니다	1
검색해봤어	1
검색했지	1
검수하시겠습니까	1
검은기사	1
검은깨	1
검정	1
검정색	1
검찰청	1
검치호	1
검토할	1
겁나는	1
겁나는군	1
겁나는데	1
겁나서	1
겁나세요	1
겁난다고	1
겁났어	1
겁낼까봐	1
겁대가리	1
겁먹어	1
겁먹었나	1
겁먹었대요	1
겁먹었어	1
겁먹었어요	1
겁쟁이라던데	1
겁주고	1
겁주는데	1
겁주랬지	1
겁줄	1
겁줘	1
겁탈하고	1
것같아	1
것들아	1
것인데요	1
것좀봐요	1
겄	1
겉모습	1
겉옷	1
겉잡을	1
겉치레	1
게군	1
게로군	1
게리 쿠퍼	1
게섯거라	1
게슈타포	1
게시하는	1
게야	1
게양합시다	1
게오르크	1
게으르고	1
게으르다고	1
게으름뱅이	1
게으름뱅이들아	1
게을러	1
게을러졌다며	1
게을러터진	1
게을리	1
게이들	1
게이샤들	1
게일어	1
게임하고	1
게임하다	1
게임하던	1
게임하자	1
게임할	1
게임할래	1
겟테르	1
겠군	1
겠는가	1
겠니	1
겠다	1
겨냥한	1
겨냥해	1
겨누나요	1
겨누다니	1
겨누면	1
겨누지	1
겨눈	1
겨눠	1
겨눴다	1
겨눴잖아	1
겨뤄요	1
겨십니까	1
겨울방학	1
겨자	1
격려하지	1
격렬했던	1
격렬히	1
격리된다며요	1
격리하기위한	1
격리하라	1
격식	1
격차	1
격추	1
격추시켰었거든	1
격투기	1
격투씬	1
격투했다며	1
격파	1
격해질	1
겪게	1
겪겠지만	1
겪고있는	1
겪더라	1
겪어선	1
겪었어요	1
겪지	1
견뎌냈어	1
견뎠다고	1
견디고	1
견디셨습니까	1
견인기사	1
견종	1
결계	1
결국엔	1
결단내자	1
결리다	1
결박하라	1
결박할까요	1
결박흔	1
결백	1
결백하다고	1
결백하면	1
결백한	1
결백해요	1
결석	1
결승선	1
결실	1
결심하고	1
결심하잖아	1
결심했나	1
결심했다더라	1
결심했대	1
결심했습니다	1
결심했어	1
결전	1
결점	1
결정되었던	1
결정되지	1
결정되지요	1
결정될	1
결정하게	1
결정하기로	1
결정하다	1
결정하든	1
결정하셔야	1
결정하셨나	1
결정하시도록	1
결정해요	1
결정했나	1
결정했죠	1
결제했던	1
결집하는	1
결투하는	1
결판내는	1
결핍증	1
결합	1
결핵	1
결혼생각	1
결혼생활	1
결혼식장	1
결혼하겠는가	1
결혼하겠다고	1
결혼하겠단	1
결혼하기로	1
결혼하길	1
결혼하는지	1
결혼하다	1
결혼하라고요	1
결혼하려고	1
결혼하셨습니까	1
결혼하셨어요	1
결혼하자	1
결혼하잔	1
결혼하재요	1
결혼할까요	1
결혼해서	1
결혼해야겠다고요	1
결혼해야지	1
결혼해줄게요	1
결혼해줄래	1
결혼해줘	1
결혼했겠어	1
결혼했나	1
결혼했냐고	1
결혼했는가	1
결혼했는지도	1
결혼했다고	1
결혼했다는	1
결혼했다며	1
결혼했소	1
결혼했습니까	1
결혼했어야	1
결혼했었나요	1
결혼했었다고	1
결혼했으면	1
결혼했을까요	1
결혼했지	1
결혼햿는지	1
겸손하게	1
겸손하지	1
겸하시게	1
겹친	1
경건한	1
경건함	1
경건해요	1
경계지	1
경계하라	1
경계할	1
경고하셨어요	1
경고한	1
경고해야	1
경고했어	1
경고했었지	1
경극단	1
경력자	1
경례하는	1
경례하라고	1
경례해야	1
경마	1
경멸하지	1
경멸했어	1
경보기	1
경보장치	1
경비망	1
경비실	1
경비회사	1
경사스러운	1
경솔한	1
경시대회	1
경연	1
경영하다	1
경우엔	1
경의	1
경이	1
경쟁자들	1
경쟁적이고	1
경전	1
경제적	1
경제적으로요	1
경주하기	1
경진대회	1
경찰관님	1
경찰국	1
경찰복	1
경찰분들	1
경찰새끼	1
경찰차	1
경찰청장	1
경찰학교	1
경철	1
경청	1
경험하는	1
경험한	1
경호	1
경호실장	1
계급장	1
계란인형	1
계략	1
계량기	1
계보	1
계산기	1
계산되나요	1
계산되었다	1
계산하고	1
계산할	1
계산합니까	1
계산해	1
계산해봐	1
계셔야	1
계셔요	1
계셨나	1
계셨네	1
계셨는데	1
계셨는데요	1
계셨니	1
계셨다고요	1
계셨다면서요	1
계속가	1
계속될	1
계속됩니다	1
계속이요	1
계속적으로	1
계속하게	1
계속하다	1
계속하라고	1
계속하려느냐	1
계속하시오	1
계속하실	1
계속하지	1
계속할까	1
계속해야	1
계속해야돼	1
계속해야지	1
계시겠어요	1
계시겠죠	1
계시겠지	1
계시냐	1
계시네요	1
계시는군	1
계시는군요	1
계시다고	1
계시던데	1
계시란	1
계시잖아	1
계시진	1
계신다	1
계신다면	1
계신데	1
계약도장	1
계약자	1
계약하겠소	1
계약한	1
계약해	1
계약했잖아	1
계집아이라고	1
계책	1
계통	1
계피	1
계획하다	1
계획했단	1
고가도로	1
고가치	1
고객들	1
고거이	1
고고	1
고귀	1
고급스런	1
고급품	1
고깃집	1
고년	1
고는	1
고도로	1
고도이	1
고드릭	1
고등	1
고딕	1
고래라더니	1
고려하면	1
고려하자는	1
고려하지	1
고려해본	1
고려해서	1
고려해줘	1
고려했다	1
고르라고	1
고르면	1
고르셨습니까	1
고르시네요	1
고르시오	1
고르십시오	1
고를까요	1
고를래요	1
고리타분하게	1
고립된	1
고립시킬까요	1
고마우셔라	1
고마워라	1
고마워해야겠어	1
고마웠어요	1
고막	1
고만	1
고맙게	1
고맙고	1
고맙구나	1
고맙군요	1
고맙사옵니다	1
고맙지도	1
고맙지만	1
고메스와	1
고모	1
고무줄	1
고무탄	1
고문당할	1
고문하는데	1
고문하진	1
고민했던	1
고발	1
고발자인가	1
고발하시겠어요	1
고발하시려는	1
고발할	1
고발해	1
고발했고	1
고백하라구	1
고백하러	1
고백했냐	1
고베	1
고별	1
고분고분해	1
고분자	1
고비	1
고빈드	1
고삐리	1
고상한	1
고상한척	1
고상해	1
고생하셨습니다	1
고생하셨어요	1
고생해서	1
고생했는데	1
고생했어	1
고생했어요	1
고생했지	1
고서	1
고서는	1
고서도	1
고소당했죠	1
고소하든지	1
고소하시겠어요	1
고소해	1
고속열차	1
고수들	1
고수하고	1
고수해야	1
고스란히	1
고아들	1
고아야	1
고약하게	1
고약하다고	1
고양이투성이	1
고였다	1
고옥	1
고요한	1
고요함	1
고요해	1
고요했다	1
고용된다고	1
고용하시게요	1
고용할	1
고용해달라고	1
고용해서	1
고용해야	1
고용했다	1
고용했다고	1
고용했어요	1
고용했을까	1
고용했죠	1
고우시네요	1
고유	1
고유키	1
고의로	1
고의적으로	1
고인	1
고자질	1
고자질쟁이	1
고자질했지	1
고잔	1
고장났는데	1
고장났다고	1
고장났었다	1
고장냈습니다	1
고장냈어	1
고장냈을	1
고정	1
고정되지	1
고정하세요	1
고정할까요	1
고정해	1
고준패	1
고지식한	1
고집스러웠다	1
고집하는	1
고집하시는가	1
고처야겠어	1
고철	1
고철덩어리	1
고쳐놓을	1
고쳐드려도	1
고쳐드릴게요	1
고쳐봐	1
고쳐야	1
고쳐주기도	1
고쳐주는	1
고쳐주마	1
고쳐주시기	1
고쳐줄	1
고쳐줄게	1
고쳤다	1
고쳤단다	1
고쳤어요	1
고층빌딩	1
고치겠어요	1
고치려고	1
고치려는	1
고치지	1
고친	1
고친다면	1
고통받나	1
고통받는	1
고통받아왔다는	1
고통받았다고	1
고통받지	1
고통스러운가요	1
고통스러워서	1
고통스럽겠어	1
고통스럽나	1
고통없이	1
고팠나	1
고풍스러운	1
고프니	1
고프데요	1
고프로아면	1
고프로아요	1
고프면서	1
고프죠	1
고프지	1
고픈	1
고픈가	1
고하다	1
고할	1
고합니다	1
고해하고	1
고해하려고요	1
고혈압	1
고환암	1
고흐	1
곡할	1
곤	1
곤도와	1
곤란하게	1
곤란해지죠	1
곤히	1
곧게	1
골났어	1
골다	1
골동품	1
골드	1
골라야죠	1
골라요	1
골라주세요	1
골라줘봐	1
골랐군	1
골랐니	1
골랐던	1
골랐소	1
골목	1
골무	1
골반	1
골백번	1
골수	1
골았어	1
골짜기	1
골탕먹이는	1
골탕먹이려고	1
골탕먹이지	1
골통	1
골프장	1
곯다	1
곰곰이	1
곰곰히	1
곰들	1
곰탱이	1
곰팡이	1
곱슬	1
곱슬곱슬한	1
곱씹잖아	1
곱창전골	1
공갈	1
공감해요	1
공개	1
공개됩니다	1
공개해야	1
공격당하셨어요	1
공격당해	1
공격당했다	1
공격력	1
공격받았으며	1
공격시계	1
공격자	1
공격적	1
공격하겠다	1
공격하겠어요	1
공격하란	1
공격하면	1
공격한다고	1
공격한다면	1
공격합니다	1
공격해도	1
공격했다고	1
공경	1
공경하고	1
공고	1
공공연히	1
공과금	1
공교롭게도	1
공구들	1
공급	1
공급원	1
공급합니다	1
공기베개	1
공기총	1
공단	1
공대	1
공동체	1
공동현상	1
공멸	1
공모	1
공문	1
공방들	1
공부보단	1
공부하기로	1
공부하는데요	1
공부하니	1
공부하든	1
공부하러	1
공부하면	1
공부한다고	1
공부한대	1
공부할까요	1
공부합니까	1
공부했나요	1
공부했는데	1
공부했소	1
공부했습니다	1
공산당들	1
공산주의	1
공산주의자들	1
공소	1
공손하게	1
공습	1
공안	1
공업	1
공연자라며	1
공연장	1
공연하는	1
공연하면	1
공연했나요	1
공용	1
공용차	1
공유하는	1
공유하는구나	1
공유해도	1
공융	1
공자그	1
공장장	1
공적인가요	1
공정	1
공정하게	1
공정하다고	1
공조체제	1
공존하게	1
공주됐어	1
공중부양	1
공중분해	1
공지	1
공지그	1
공책	1
공평하다고	1
공평하단	1
공평해	1
공평해야지	1
공포증	1
공표합니다	1
공학	1
공학자들	1
공항요	1
공화정	1
공휴일	1
과감하게	1
과감해	1
과격	1
과격분자	1
과격파	1
과녁	1
과다체중	1
과로	1
과소평가하고	1
과소평가해선	1
과시하는	1
과언	1
과업	1
과외	1
과음	1
과장	1
과장하시는	1
과제하느라	1
과청구	1
과출혈	1
과태료	1
과학적으로	1
과학팀	1
과했죠	1
관건	1
관계된	1
관계자들	1
관계하고	1
관계하는	1
관곈지	1
관광	1
관광용	1
관광지	1
관광하러	1
관념들	1
관대하단	1
관대하십니다	1
관대한	1
관대함	1
관두	1
관두자고	1
관두지	1
관둔	1
관뒀는데요	1
관뒀어요	1
관람료	1
관련됐나요	1
관련됐어	1
관련되지	1
관련성	1
관련있구나	1
관련해서	1
관료	1
관리국	1
관리비	1
관리해야	1
관리해줄	1
관문	1
관부	1
관사	1
관심사	1
관심있나	1
관심있어	1
관여	1
관용	1
관저	1
관제탑	1
관종	1
관찰하는	1
관찰할	1
관측소	1
관통할	1
관하여	1
광	1
광견병	1
광고해	1
광대	1
광대해	1
광동성	1
광부	1
광속	1
광주	1
광채	1
광팬	1
광호	1
괜찮게요	1
괜찮겠는데	1
괜찮겠소	1
괜찮구나	1
괜찮군요	1
괜찮길	1
괜찮냐고	1
괜찮냐고요	1
괜찮네만	1
괜찮네요	1
괜찮다는	1
괜찮단다	1
괜찮던데요	1
괜찮습니까	1
괜찮아세요	1
괜찮아졌어	1
괜찮아졌죠	1
괜찮아지기	1
괜찮아질거야	1
괜찮아질까요	1
괜찮았고	1
괜찮았나	1
괜찮았나요	1
괜찮았다고	1
괜찮으냐	1
괜찮으니	1
괜찮으려나	1
괜찮으시겠습니까	1
괜찮으시겠어요	1
괜찮으시면	1
괜찮으신가요	1
괜찮으신건가요	1
괜찮으실까요	1
괜찮은거	1
괜찮은거면	1
괜찮을거야	1
괜찮잖아	1
괴로우니까	1
괴로운	1
괴로운지	1
괴로울까	1
괴로움	1
괴로워하는	1
괴로워하잖아요	1
괴롭다고	1
괴롭다는	1
괴롭죠	1
괴롭혀봤자	1
괴롭혀요	1
괴롭혔니	1
괴롭혔다고	1
괴롭혔어	1
괴롭혔지	1
괴롭히냐고요	1
괴롭히니	1
괴롭히세요	1
괴롭히잖아	1
괴롭힌	1
괴롭힐	1
괴롭힐게	1
괴롭힘	1
괴링	1
괴물들아	1
괴물딱지	1
괴물한텐	1
괴사했어	1
괴상하네	1
괴상하죠	1
괴상한	1
괴짜	1
굉장하구나	1
굉장하구만	1
굉장하군	1
굉장한걸	1
굉장했어요	1
굉장했죠	1
교감	1
교관님	1
교관들아	1
교대하고	1
교대해야	1
교도관	1
교란기	1
교류하고	1
교류하죠	1
교메이	1
교문	1
교사들	1
교생	1
교수대	1
교습	1
교양	1
교양인들	1
교역	1
교육과	1
교육하십시오	1
교장실	1
교재	1
교죠로	1
교주	1
교차되었습니다	1
교착	1
교체	1
교체당한다고	1
교체하면	1
교체해	1
교통비	1
교통카드	1
교파	1
교향악단	1
교화되었다	1
교환되니	1
교환하는	1
교환하다	1
교환학생	1
교황되라고	1
교황직	1
교황청	1
구걸하게	1
구걸하는	1
구겐하임	1
구경갈래요	1
구경거리	1
구경꺼리	1
구경났냐	1
구경났어	1
구경시켜	1
구경시켜줄래요	1
구경하겠어	1
구경하다	1
구경하시지	1
구경해	1
구경해야지	1
구궁산	1
구글	1
구금하려는	1
구급대	1
구급대원	1
구급차요	1
구네	1
구는군	1
구독하나요	1
구두상자	1
구두쇠들	1
구둘	1
구렁이	1
구려	1
구르고	1
구르다	1
구르라고	1
구르며	1
구름다리	1
구린	1
구매하실	1
구멍가게	1
구명정도	1
구박하셨어요	1
구별	1
구별되길	1
구별해	1
구별했고요	1
구부러진다	1
구부리세요	1
구부릴	1
구분하죠	1
구분할	1
구사한다	1
구상	1
구상중	1
구상하고	1
구색	1
구설	1
구성됐어요	1
구세요	1
구속	1
구속되었다	1
구속합니다	1
구속해	1
구속해서	1
구수한	1
구슬	1
구시겠다	1
구시내	1
구약	1
구역별로	1
구운거	1
구워주마	1
구워줬다	1
구원받고	1
구웠다	1
구웠어야	1
구입	1
구절	1
구정물	1
구제	1
구제될	1
구제불능아	1
구조됐다	1
구조될지도	1
구조조정	1
구조해	1
구직	1
구차하게	1
구차한	1
구축	1
구축해라	1
구타	1
구하기	1
구하기로	1
구하나요	1
구하느라	1
구하다니	1
구하란	1
구하려고요	1
구하셨나요	1
구하셨죠	1
구하시는	1
구하시오	1
구하옵소서	1
구한다는	1
구한단	1
구한들	1
구할거요	1
구할게	1
구할까요	1
구할지도	1
구해간	1
구해낸	1
구해낼	1
구해놨다며	1
구해봐	1
구해봤나요	1
구해야겠다	1
구해오마	1
구해와	1
구해주겠대요	1
구해주고	1
구해주다니	1
구해주려는	1
구해주세요	1
구해주셨어	1
구해주셨어요	1
구해주신	1
구해주진	1
구해준다고	1
구해줄래	1
구해줘	1
구해줘야	1
구해줬냐	1
구해줬다고	1
구해줬습니다	1
구해줬어요	1
구해줬잖아	1
구해줬죠	1
구했냐	1
구했냐고	1
구했다고	1
구했다고요	1
구했어요	1
구현하려	1
구형하겠대요	1
구호	1
국가들	1
국가사회주의	1
국가연맹	1
국가최고기밀	1
국경선	1
국기	1
국도	1
국무원장	1
국방군	1
국사	1
국어	1
국제기관	1
군가	1
군것질거리	1
군다며	1
군단	1
군대다	1
군번	1
군복무	1
군부	1
군사학교	1
군사회사	1
군살	1
군수	1
군용기	1
군웅	1
군의관님	1
군주님	1
군집	1
굳건하다	1
굳건히	1
굳었나	1
굳은	1
굳은살	1
굳이요	1
굳히다	1
굴긴	1
굴더군요	1
굴라고	1
굴러	1
굴러가게	1
굴러가려나	1
굴러온	1
굴려	1
굴려봐	1
굴리다	1
굴면서	1
굴복시킬걸	1
굴복하면	1
굴복한	1
굴복해	1
굴어서	1
굴욕	1
굵은	1
굶겨서	1
굶겨요	1
굶다	1
굶어죽겠다구요	1
굶어죽고	1
굶어죽어	1
굶었냐	1
굶었지	1
굶으면	1
굶을까봐	1
굶자는	1
굶주리는	1
굶주린	1
굼금해하더라	1
굼떠	1
굽게	1
굽겠지	1
굽지	1
굽히다	1
굽히지	1
굿나잇	1
굿럭	1
굿샷	1
굿즈	1
궁궐	1
궁글러분	1
궁금증	1
궁금하냐고	1
궁금하네요	1
궁금하다고	1
궁금하댔나	1
궁금하세요	1
궁금하시죠	1
궁금하신	1
궁금한데요	1
궁금해서요	1
궁금해지기	1
궁금해하고	1
궁금해하는데	1
궁금해하던데	1
궁금해하시는지	1
궁금했나	1
궁금했던	1
궁둥짝	1
궁리	1
궁리하고	1
궁시렁거렸어	1
궁합	1
권법	1
권선징악	1
권장되지	1
권장합니다	1
권좌	1
권투	1
권투선수	1
권투시합	1
권투하듯	1
권하지	1
궤멸시켜라	1
궤멸하라	1
궤변	1
궤적	1
궤짝	1
귀가한	1
귀가했기에	1
귀걸이값	1
귀겠네	1
귀때기	1
귀뚜라미다	1
귀머거리거든요	1
귀머거리죠	1
귀먹었나	1
귀먹었냐	1
귀먹지	1
귀멸대	1
귀빈	1
귀사	1
귀신들린	1
귀양	1
귀여	1
귀여운토끼	1
귀여웠는데	1
귀염둥이	1
귀엽구나	1
귀엽냐	1
귀엽다니	1
귀엽다던데	1
귀요미	1
귀중품	1
귀중한	1
귀찮아진	1
귀찮을	1
귀청	1
귀퉁이	1
귀하신	1
귀한걸	1
귀환	1
귀환해	1
귄쉐군	1
귓구멍	1
귓등	1
규칙대로	1
그 이	1
그거로	1
그거여	1
그거요	1
그건가요	1
그게뭐	1
그게요	1
그기	1
그까짓	1
그까짓거	1
그깟거	1
그꼴	1
그나마	1
그넘	1
그네	1
그늘	1
그니까	1
그대들	1
그대로든	1
그들한텐	1
그딴건	1
그딴식	1
그때그때	1
그때까진	1
그때마다	1
그때뿐	1
그때쯤	1
그라몽	1
그라임	1
그랑프리	1
그래갖고	1
그래라	1
그래라니	1
그래서는	1
그래서라니	1
그래서라니요	1
그래서요	1
그래야겠어	1
그래야겠지	1
그래왔다	1
그래왔었단다	1
그래프	1
그랜드	1
그랜트	1
그랬구만	1
그랬군	1
그랬군요	1
그랬다	1
그랬다고요	1
그랬다며	1
그랬다지	1
그랬단	1
그랬단다	1
그랬더냐	1
그랬던가요	1
그랬디야	1
그랬습니까	1
그랬어야	1
그랬었는데	1
그랬었다고	1
그랬었죠	1
그랬으니까요	1
그랬으면	1
그랬을	1
그랬을까요	1
그러거든요	1
그러게요	1
그러겠죠	1
그러겠지	1
그러고는	1
그러고서	1
그러고요	1
그러곤	1
그러길	1
그러냐고요	1
그러냐니까	1
그러니깐	1
그러더니	1
그러던	1
그러던가	1
그러든가	1
그러디	1
그러란	1
그러셨는데	1
그러셨다면서요	1
그러셨어	1
그러시겠어요	1
그러시구나	1
그러시나	1
그러시니	1
그러신	1
그러실	1
그러십니까	1
그러외다	1
그러지는	1
그런가봐	1
그런가봐요	1
그런가야	1
그런걸	1
그런게	1
그런다	1
그런다며	1
그런단	1
그런식	1
그런지도요	1
그런짓	1
그럴가요	1
그럴게요	1
그럴껄	1
그럴께요	1
그럴듯하긴	1
그럴듯하지	1
그럴듯한	1
그럴래요	1
그럴리가	1
그럴만한	1
그럴싸하겠는데	1
그럴줄	1
그럴필요	1
그럼 나도 가	1
그럼그럼	1
그렇거든	1
그렇게들	1
그렇게만	1
그렇겐	1
그렇겠죠	1
그렇고요	1
그렇구말구	1
그렇나	1
그렇다고요	1
그렇다는	1
그렇다니까	1
그렇다마다	1
그렇다면요	1
그렇다이다	1
그렇대	1
그렇대도	1
그렇대요	1
그렇듯	1
그렇소만	1
그렇지는	1
그렇지도	1
그레고르	1
그레고리	1
그레고리 펙	1
그레고리오	1
그레이블	1
그레지오	1
그레코	1
그레텔	1
그렘린	1
그려도	1
그려보라니까	1
그려봐	1
그려봐요	1
그려봤어요	1
그려져	1
그려주련	1
그려줄까	1
그려줄께	1
그려줄래요	1
그려줘도	1
그려진다	1
그렸나	1
그렸다면서	1
그렸습니까	1
그렸을까	1
그로트	1
그루노어	1
그르치다	1
그르케	1
그리고요	1
그리구요	1
그리니	1
그리다	1
그리될지	1
그리러	1
그리마	1
그리브스	1
그리셨어요	1
그리오라	1
그리우셨나요	1
그리워한다는	1
그리워합니다	1
그리워해	1
그리웠죠	1
그리지	1
그리하셨을까요	1
그리해야지요	1
그린다	1
그린다고	1
그린란드	1
그린랜드	1
그린론	1
그린베이	1
그린카드	1
그릴까	1
그림들	1
그림볼드	1
그림속	1
그립겠지요	1
그립대	1
그립진	1
그링고	1
그만두게	1
그만두겠다고	1
그만두긴	1
그만두는	1
그만두라고	1
그만두렴	1
그만두셨나요	1
그만두시겠다	1
그만둔	1
그만둔다는	1
그만둔다니까요	1
그만둘까	1
그만둡니다	1
그만둬야	1
그만둬야겠다	1
그만둬요	1
그만뒀나	1
그만뒀죠	1
그만떠들어	1
그만하는가	1
그만하다	1
그만하라고요	1
그만하란	1
그만하랬지	1
그만하시고	1
그만하시오	1
그만하자	1
그만하자고요	1
그만해주세요	1
그만해줄래요	1
그말	1
그먼	1
그믄	1
그사이에	1
그아이	1
그야말로	1
그어야	1
그웬	1
그으셨다	1
그의	1
그자보단	1
그정도	1
그정도면	1
그정돈	1
그제야	1
그죠	1
그죠잉	1
그치다	1
그치면	1
그치면요	1
그치요	1
그치지	1
그케	1
극	1
극단적	1
극복	1
극복하는데	1
극복한	1
극복할	1
극복했어요	1
극악무도한	1
극장가	1
극저온실	1
극적	1
극제비갈매기	1
극한	1
극혐	1
근거지	1
근거한	1
근력	1
근무중	1
근무하나	1
근무한다	1
근사한	1
근사한가	1
근사해요	1
근사했다면서	1
근사했죠	1
근시	1
근식	1
근신	1
근원지	1
근절해야만	1
근질거리다	1
근처엔	1
근친상간	1
글귀	1
글라샤	1
글래머	1
글러먹은	1
글렀고	1
글렀어	1
글루텐	1
글린다가	1
글린다는	1
글마	1
글썽이다	1
글쎄다	1
글쓰기	1
글쓴이들	1
긁다	1
긁어	1
긁으려거든	1
긁을래	1
금광	1
금기	1
금기라니	1
금단증상	1
금룡	1
금물	1
금발들	1
금빛	1
금세기	1
금속물	1
금싸라기	1
금액	1
금연하고	1
금연해야	1
금전	1
금주법	1
금주자	1
금지다	1
금지되어있네	1
금지되어있습니다	1
금지되었죠	1
금지된	1
금지시킵니까	1
금지하겠네	1
금지하기도	1
금지하셨어	1
금지했는데도	1
금치	1
금하는	1
급강하	1
급기야	1
급료	1
급소	1
급속히	1
급수장	1
급습	1
급습하는	1
급하고	1
급하군	1
급하니까요	1
급하다	1
급하데	1
급하지	1
급한데	1
급할	1
급해서	1
급행	1
긋지	1
기강	1
기개	1
기겁	1
기게	1
기계들	1
기고하려고	1
기관장님	1
기관총들	1
기괴하다	1
기권	1
기기	1
기네스	1
기념식	1
기념품	1
기념하고	1
기념하려고	1
기는요	1
기니	1
기다	1
기다려보렴	1
기다려보죠	1
기다려봐	1
기다려야하지	1
기다려야할까	1
기다려주시겠습니까	1
기다려주시겠어요	1
기다려줄걸	1
기다려줄래	1
기다려줬는데	1
기다렸는데	1
기다렸는지	1
기다렸다는	1
기다렸소	1
기다렸어야지	1
기다리거라	1
기다리겠소	1
기다리는걸	1
기다리는데요	1
기다리다구	1
기다리다니	1
기다리던	1
기다리라는	1
기다리랬는데	1
기다리렴	1
기다리며	1
기다리면	1
기다리셨습니다	1
기다리시겠다	1
기다리시겠어요	1
기다리시면	1
기다리신	1
기다리십시오	1
기다리자고	1
기다리지	1
기다린다니까	1
기다릴거야	1
기다릴게요	1
기달리고	1
기대다	1
기대되시죠	1
기대면요	1
기대시는	1
기대하겠어	1
기대하겠어요	1
기대하나요	1
기대하면	1
기대하셨나요	1
기대하시죠	1
기대하십니까	1
기대하지	1
기대하진	1
기대합니까	1
기대했어	1
기대했어요	1
기대했었지	1
기도원	1
기도하면서	1
기도하시오	1
기도할	1
기도해줄래요	1
기도했는데	1
기도했니	1
기독교인	1
기동	1
기둥	1
기둥들	1
기득권	1
기디온	1
기록부	1
기록하고	1
기록해	1
기록했나	1
기류	1
기르나	1
기르지	1
기른	1
기른다	1
기를까	1
기름값	1
기름지게	1
기름칠	1
기름투성이	1
기리는	1
기리며	1
기리야님	1
기마	1
기마대여	1
기마부대	1
기막히지	1
기만하는	1
기말	1
기모노	1
기묘해	1
기밀문서	1
기발하네	1
기발한	1
기발했다고	1
기백	1
기법	1
기본적으로	1
기부금	1
기부하고	1
기분파	1
기블리	1
기뻐하든	1
기뻐하실	1
기뻣는줄	1
기뻣지	1
기뻤어	1
기쁘겠어요	1
기쁘구나	1
기쁘단다	1
기쁘답니다	1
기쁘시겠어요	1
기쁘지도	1
기쁘진	1
기쁜가	1
기쁜가요	1
기쁜이	1
기쁠까요	1
기사화할	1
기색	1
기생충들	1
기소	1
기소됐습니다	1
기소하려는	1
기소하지	1
기소할	1
기수	1
기술하고자	1
기어가야	1
기어간다면	1
기어다니게	1
기어다니고	1
기어다니지	1
기어들어와	1
기어들어왔다	1
기어박스	1
기어이	1
기어코	1
기억나나	1
기억나나요	1
기억나냐	1
기억나다	1
기억나서	1
기억나셨군요	1
기억났군	1
기억하겠나	1
기억하고말고	1
기억하는가	1
기억하는데	1
기억하다니	1
기억하든	1
기억하라	1
기억하시는지요	1
기억하실	1
기억하지만	1
기억한다	1
기억합시다	1
기억해내는	1
기억해봐	1
기억해주지	1
기억해줘	1
기억했으면	1
기왓장	1
기왓장들	1
기울	1
기울여봐	1
기웃거리고	1
기원	1
기원하면서	1
기원할게요	1
기원했다	1
기유구나	1
기이한	1
기인	1
기자님	1
기장님	1
기재되었다	1
기절	1
기절시켰어	1
기절시킬	1
기절초풍	1
기절하겠지	1
기절하고	1
기절하셨소	1
기절해버렸어	1
기절했나요	1
기절했다	1
기절했었니	1
기죽을	1
기지개	1
기차게	1
기차놀이	1
기차라니	1
기척	1
기침하는	1
기침한	1
기합	1
기형적	1
기혼자	1
기회주의자	1
기회주의자들	1
긴게	1
긴급상황	1
긴급연락	1
긴데요	1
긴머리	1
긴장되나요	1
긴장되니	1
긴장되든	1
긴장되어서	1
긴장하는	1
긴장하지	1
긴장해요	1
긴장했어요	1
긴장했었어요	1
긴축	1
길거릴	1
길걸	1
길기도	1
길길이	1
길더	1
길드	1
길든	1
길들여졌군요	1
길들여졌다	1
길들여진	1
길렀나요	1
길렀죠	1
길로요	1
길모퉁이	1
길모트	1
길목	1
길버트	1
길어야	1
길어지는	1
길잡이	1
길지	1
김밥	1
김씨	1
깁니다	1
깁스	1
깃	1
깃들어	1
깃펜	1
깊다고	1
깊숙이	1
깊숙한	1
까냐	1
까다롭다	1
까딱	1
까라고	1
까랬지	1
까마귀들	1
까맣게	1
까먹기	1
까먹더라도	1
까먹었어요	1
까먹지	1
까발리는	1
까봐	1
까부숴야	1
까분다	1
까불고	1
까불어	1
까불었지	1
까브리아	1
까세레스	1
까시려고	1
까아꿍	1
까지다	1
까지도	1
까지라니	1
까지만	1
까지면	1
까칠하네	1
까칠했던	1
깍깍거릴까	1
깍듯하게	1
깎	1
깎거라	1
깎고	1
깎기	1
깎는	1
깎다	1
깎아달라고	1
깎아버려	1
깎았소	1
깐깐하다고	1
깐죽대지	1
깔끔하게	1
깔려	1
깔렸다고요	1
깔리는	1
깔보더니	1
깔봤잖아요	1
깔아라	1
깔아야지	1
깔아줄	1
깔아줄까	1
깔았다고	1
깔치	1
깜둥이래	1
깜딱	1
깜박거리고	1
깜빡였어	1
깜빡한	1
깜빡했어	1
깜짝쇼	1
깜찍하다	1
깜찍했어	1
깝쇼	1
깡패같이	1
깨겠다고	1
깨고싶어	1
깨기	1
깨끗하게요	1
깨끗하겠군	1
깨끗하고	1
깨끗하든	1
깨끗하지	1
깨끗한	1
깨끗해졌겠네	1
깨끗해질	1
깨끗히	1
깨다니	1
깨닫게	1
깨닫는	1
깨닫듯이	1
깨닫지	1
깨달았을	1
깨달은	1
깨달음	1
깨도록	1
깨뜨렸지	1
깨뜨릴	1
깨라	1
깨물고	1
깨벗고	1
깨셔	1
깨시잖아	1
깨야겠어	1
깨어나기	1
깨어나는	1
깨어나다니	1
깨어나도	1
깨어나면	1
깨어났구나	1
깨어났군요	1
깨어났다	1
깨어났어	1
깨어있는	1
깨어있던	1
깨어있을	1
깨었나	1
깨요	1
깨우거라	1
깨우던가요	1
깨우면	1
깨우진	1
깨울	1
깨울까	1
깨워달라고	1
깨워라	1
깨워야지	1
깨워주시겠어요	1
깨워줄까	1
깨워줘요	1
깨웠나	1
깨웠나보구나	1
깨웠니	1
깨웠어요	1
깨웠지	1
깨져라	1
깨지거든	1
깨지겠네	1
깨지겠네요	1
깼구만	1
깼는지	1
깼니	1
깼으니까	1
깼잖아	1
깽깽이	1
꺄아아아악	1
꺄악	1
꺠끗한	1
꺼내겠어	1
꺼내겠지	1
꺼내도	1
꺼내라고	1
꺼내보실까요	1
꺼내봐	1
꺼내와라	1
꺼내주겠다고	1
꺼내줄	1
꺼내줄게	1
꺼낸거요	1
꺼낼건데	1
꺼낼까	1
꺼낼까요	1
꺼냈나요	1
꺼냈는데	1
꺼냈다	1
꺼냈다고	1
꺼놔	1
꺼리	1
꺼리지	1
꺼림직한게	1
꺼림칙한가	1
꺼버렸습니다	1
꺼요	1
꺼져가	1
꺼져야	1
꺼졌습니다	1
꺼졌죠	1
꺼주세요	1
꺼줄래요	1
꺼줘	1
꺼지	1
꺼지고	1
꺼지라고들	1
꺼지라구	1
꺼지란	1
꺼지면	1
꺼지시오	1
꺼진	1
꺼질래	1
꺽고	1
꺾어보겠다는	1
꺾어졌어	1
꺾으라고	1
꺾으려는	1
꺾을	1
꺾이게	1
꺾이다	1
꺾인	1
꺾인다구	1
껄떡거려	1
께로	1
께서는요	1
껜	1
껴들어	1
껴봐요	1
껴줄래	1
꼈어	1
꼬깃꼬깃해	1
꼬나	1
꼬냑	1
꼬다	1
꼬라	1
꼬라박았어	1
꼬라봐	1
꼬라지	1
꼬마애	1
꼬박꼬박	1
꼬셔	1
꼬셔보든가	1
꼬셨어요	1
꼬시기	1
꼬시려고	1
꼬이	1
꼬이게	1
꼬이나	1
꼬이면	1
꼬일	1
꼬집다	1
꼭두각시	1
꼭이다	1
꼰대	1
꼰대들	1
꼰지른거	1
꼴등	1
꼴뚜기	1
꼴랴	1
꼴로또	1
꼴리는	1
꼴리는데	1
꼴아	1
꼴아봐	1
꼴좋습니다	1
꼼작마	1
꼼지락거리다	1
꼼지락대지	1
꼼짝들	1
꼼짝마라	1
꼼짝하다	1
꼽추는	1
꼽추잖아요	1
꽁생원	1
꽂아라	1
꽂아칼	1
꽂읍시다	1
꽂혔어	1
꽂힌	1
꽃값	1
꽃게	1
꽃다발	1
꽃미남	1
꽈당한	1
꽝꽝얼	1
꽥꽥거렸어	1
꽥꽥대지	1
꾀	1
꾀병	1
꾀병용	1
꾸겠군	1
꾸나	1
꾸니	1
꾸다	1
꾸러기	1
꾸려	1
꾸려가지	1
꾸리고	1
꾸리라고	1
꾸릴	1
꾸며	1
꾸며낸게	1
꾸며냈어요	1
꾸물거리기	1
꾸물거리는	1
꾸물거리지	1
꾸물거리지마	1
꾸물꾸물	1
꾸물대	1
꾸물대고	1
꾸물대면	1
꾸물대요	1
꾸물댔어요	1
꾸미겠습니까	1
꾸미다	1
꾸민단	1
꾸벅	1
꾸었니	1
꾸었다	1
꾸었던	1
꾸었습니다	1
꾸중들	1
꾸지	1
꾸짖었다	1
꾸짖으러	1
꾼	1
꿀꺽하면	1
꿀꺽하시겠다	1
꿀꿀한	1
꿀떡	1
꿀밤	1
꿀벌	1
꿀벌이요	1
꿇는	1
꿇다	1
꿇어라	1
꿇으라고요	1
꿇으면	1
꿇을까	1
꿇지	1
꿈같아	1
꿈결	1
꿈꾸고	1
꿈꾸곤	1
꿈꾸는	1
꿈꾸니	1
꿈꾸시잖습니까	1
꿈꾼다고	1
꿈꿀	1
꿈꿔	1
꿈꿨니	1
꿈꿨어	1
꿈들	1
꿈을했습니다	1
꿈쩍이나	1
꿍쳐뒀다고	1
꿔본	1
꿔준	1
꿔줬냐고	1
꿨지	1
꿰맞춰서	1
꿰매고	1
꿰매버릴	1
꿰매봐서요	1
꿰매야	1
꿰매줬을까요	1
뀌었어요	1
끄겠나	1
끄기	1
끄나풀	1
끄는	1
끄덕였니	1
끄덕였어	1
끄덕이고	1
끄덕이다	1
끄덕인거	1
끄라고요	1
끄면	1
끄적거리던게	1
끄트머리	1
끈끈한	1
끈적거려	1
끈질긴	1
끊겠다던가요	1
끊겠어	1
끊겼다	1
끊겼어요	1
끊기죠	1
끊긴지	1
끊나요	1
끊는다	1
끊어서	1
끊어야겠어요	1
끊어요	1
끊어져라	1
끊어지고	1
끊어질	1
끊었나	1
끊었다죠	1
끊었어	1
끊으면	1
끊으셨죠	1
끊은	1
끊을까	1
끊을께	1
끊을께요	1
끊임없는	1
끊지마	1
끌거든	1
끌고라도	1
끌까	1
끌레리치요	1
끌려가고	1
끌려던	1
끌로	1
끌로드	1
끌리는	1
끌리다	1
끌리지	1
끌어내다니	1
끌어내라고	1
끌어내지	1
끌어냈는지	1
끌어냈어	1
끌어냈어요	1
끌어다	1
끌어들	1
끌어들여	1
끌어들여서	1
끌어들였니	1
끌어들였다고	1
끌어들였어	1
끌어들이려는	1
끌어들이자고	1
끌어들인	1
끌어서	1
끌어안고	1
끌어안았을	1
끌어올려요	1
끌여들여	1
끌지	1
끓다	1
끓었어	1
끓였구나	1
끓였소	1
끓은	1
끓이나	1
끓이려고	1
끓이세요	1
끓일게요	1
끔찍하게	1
끔찍하다	1
끔찍해라	1
끔찍했나	1
끙끙댔어	1
끝끝내	1
끝나	1
끝나게	1
끝나겠어	1
끝나길	1
끝나는데요	1
끝나다니	1
끝나리까	1
끝나버리지	1
끝나버릴	1
끝나서	1
끝나야	1
끝나자마자	1
끝난걸요	1
끝난다고	1
끝난댔지	1
끝날거라구요	1
끝날까요	1
끝날지도	1
끝났나보네요	1
끝났냐	1
끝났냐고요	1
끝났네	1
끝났네요	1
끝났다는	1
끝났다는걸	1
끝났다니	1
끝났단	1
끝났소	1
끝났습니까	1
끝났었어	1
끝났으니	1
끝났음	1
끝내겠다구요	1
끝내도록	1
끝내자고	1
끝내자는	1
끝내주게	1
끝내주겠지	1
끝내주는걸	1
끝내주는데	1
끝내주던데	1
끝내줘야	1
끝내줬는데	1
끝내줬어요	1
끝내지	1
끝낸단	1
끝낼까	1
끝낼수	1
끝냈니	1
끝냈다	1
끝부분	1
끝없는	1
끝자락	1
끝장나기	1
끝장내라고	1
끝장내려는	1
끝처리	1
끼게	1
끼겠어요	1
끼나	1
끼어	1
끼어드나	1
끼어드는	1
끼어들게	1
끼어들었어	1
끼어들지	1
끼어있겠지	1
끼어있어	1
끼얹겠다고	1
끼었다	1
끼여들어	1
끼였나요	1
끼우게	1
끼운다고	1
끼워주겠나	1
끼워줘요	1
끼인	1
끼칠까요	1
끽	1
낄	1
낄낄거렸어	1
낄낄댔다	1
낄래요	1
나 줄었다.	1
나가거라	1
나가겠다는데	1
나가겠어	1
나가나요	1
나가는데도	1
나가는데요	1
나가는지	1
나가도록	1
나가라고요	1
나가라구	1
나가라는	1
나가라니까	1
나가란	1
나가려고요	1
나가려면	1
나가버린	1
나가본	1
나가봅시다	1
나가봐	1
나가사키엔	1
나가선	1
나가셨다는	1
나가셨잖아요	1
나가시려고	1
나가신	1
나가실	1
나가야돼	1
나가야지	1
나가야해	1
나가자고요	1
나가자마자	1
나가죠	1
나가주게	1
나가주겠니	1
나가주겠어	1
나가주실래요	1
나가주지	1
나간거	1
나갈까	1
나갑니다	1
나갑시다	1
나갔겠지	1
나갔구먼	1
나갔는지	1
나갔다고요	1
나갔다구	1
나갔다는	1
나갔더군요	1
나갔어야	1
나갔었잖니	1
나갔으니까	1
나갔을	1
나갔잖아	1
나갔지	1
나겠는데요	1
나겠다	1
나겠어	1
나글스	1
나날	1
나냐	1
나네요	1
나누고	1
나누려고요	1
나누셨나요	1
나누자고	1
나눈다면	1
나눠먹기로	1
나눠서	1
나눠주는	1
나눠주련	1
나눠줘요	1
나눴다	1
나눴습니다	1
나눴잖아	1
나눴지	1
나뉘어	1
나뉘어서	1
나느냐	1
나는데요	1
나니니	1
나니와	1
나다니	1
나더니	1
나더라니까요	1
나도	1
나돌	1
나둬	1
나든	1
나들이	1
나디아	1
나딘	1
나라니깐	1
나라들	1
나로	1
나루토	1
나룻터	1
나르고	1
나르다	1
나르시시즘	1
나른하다	1
나름대로	1
나마	1
나면서	1
나무늘보	1
나무라는	1
나무뿌리	1
나무소년	1
나뭇잎	1
나바르	1
나방	1
나볼래	1
나봤어	1
나불댔어	1
나비넥타이	1
나비드	1
나비들	1
나비종	1
나빠져	1
나빠지고	1
나빠지기	1
나빠질	1
나빠하려나	1
나빴다	1
나빴던	1
나빴어요	1
나뻐	1
나쁘거든	1
나쁘게도	1
나쁘다고	1
나쁩니다	1
나사장	1
나서나요	1
나선형	1
나섰군	1
나셨군	1
나셨나요	1
나셨네	1
나셨죠	1
나시겠지	1
나시나	1
나시오	1
나십니까	1
나씨멘투	1
나아가고	1
나아갈	1
나아갑시다	1
나아갔다	1
나아졌니	1
나아졌소	1
나아졌수	1
나아졌어요	1
나아졌죠	1
나아지게	1
나아지고	1
나아지네	1
나아질까요	1
나앉게	1
나았구나	1
나았나요	1
나았냐	1
나았네	1
나았다니까	1
나았어요	1
나았을	1
나았을지도	1
나야	1
나약하기	1
나오	1
나오겠나	1
나오겠어	1
나오기도	1
나오긴	1
나오꼬만	1
나오나요	1
나오는군	1
나오는데	1
나오라	1
나오랬어	1
나오려나	1
나오려다	1
나오시면	1
나오신	1
나오실	1
나오십니다	1
나오잖아	1
나온김에	1
나온다면서	1
나올꺼야	1
나와보려고	1
나와선	1
나와있니	1
나왔겠어요	1
나왔네요	1
나왔는지	1
나왔다고	1
나왔다면	1
나왔단	1
나왔대	1
나왔소	1
나왔습니까	1
나왔습니다	1
나왔었나	1
나왔으니까	1
나왔잖아	1
나우시카	1
나위	1
나을거고	1
나을까요	1
나을텐데	1
나이값	1
나이때	1
나이트가운	1
나이틀리	1
나인볼	1
나잇	1
나조린	1
나좀	1
나주세요	1
나중에요	1
나중엔	1
나즈굴	1
나찌	1
나참	1
나치라니까	1
나치란	1
나키메짱	1
나타나	1
나타나는	1
나타나다	1
나타나도	1
나타나면요	1
나타나선	1
나타나셨어	1
나타나신	1
나타나실까요	1
나타나야	1
나타나지도	1
나타난게	1
나타날까요	1
나타났나	1
나타났나요	1
나타났다는	1
나타났을	1
나타내	1
나타낼	1
나타다	1
나타샤	1
나타와	1
나탈리에	1
나폴레옹	1
나폴레옹꺼	1
나흘째	1
낙관적	1
낙관적으로	1
낙담하고	1
낙마한	1
낙선	1
낙엽	1
낙오하지	1
낙제하면	1
낙제했는지	1
낙천적	1
낙태	1
낚시배	1
낚시터	1
낚시하러	1
낚시했지	1
낚싯줄	1
낚았어	1
난가	1
난공불락	1
난국	1
난기	1
난다고요	1
난다네요	1
난대거든	1
난데	1
난데없어	1
난데없이	1
난류	1
난리나는	1
난리지	1
난리쳤냐	1
난리통	1
난민들	1
난봉꾼	1
난봉꾼들	1
난잡한	1
난징	1
난처해졌다	1
난파선	1
난폭하고	1
날강도들	1
날개단면	1
날개음	1
날거야	1
날거에요	1
날건달	1
날걸요	1
날나리	1
날더러	1
날뛰었잖아	1
날뛴다고	1
날라	1
날라리라니	1
날라리라니까	1
날랐다	1
날랐었냐	1
날려도	1
날려버렸네	1
날려버렸다니까	1
날려버렸어	1
날려버리겠지	1
날려버리고	1
날려버리려고	1
날려버리면	1
날려버리지	1
날려버릴걸	1
날려버릴까	1
날려버릴래	1
날려야만하나	1
날려주자	1
날렵하게	1
날렵해	1
날렸다고	1
날렸음	1
날리곤	1
날리다	1
날리라요	1
날리시게	1
날린	1
날린다고	1
날릴	1
날숨	1
날씬하다	1
날씬해	1
날아가	1
날아가거라	1
날아가겠어	1
날아가도록	1
날아가면	1
날아가야지	1
날아가지	1
날아간다고	1
날아갑니다	1
날아다니는	1
날아다니다니	1
날아다닌	1
날아라	1
날아볼까	1
날아오겠어	1
날아오는	1
날아오를	1
날아올랐어	1
날아왔는지	1
날아요	1
날았다	1
날았을	1
날았을까요	1
날위해	1
날인	1
날짜들	1
날카로운	1
낡았다고	1
낡았다면	1
남게	1
남겠니	1
남겠다고요	1
남겨놓을	1
남겨두면	1
남겨둔	1
남겨둘게	1
남겨라	1
남겨졌다	1
남겨졌어	1
남겨주었다	1
남겨줄	1
남겨줬다고	1
남겨진	1
남겼나요	1
남겼습니다	1
남겼어	1
남군	1
남기는	1
남기다	1
남기로	1
남기면	1
남기실래요	1
남긴다	1
남나	1
남남	1
남남북녀	1
남녀간	1
남도록	1
남매들	1
남미쪽	1
남발하냐	1
남사스럽게	1
남성적	1
남습니까	1
남습니다	1
남아나겠어	1
남아도나	1
남아도는	1
남아요	1
남아있다고도	1
남아있었죠	1
남아있으려나	1
남아있지	1
남았겠나	1
남았겠지	1
남았군요	1
남았네	1
남았네요	1
남았는지	1
남았다구	1
남았답니다	1
남았소	1
남았을까	1
남았을까요	1
남았잖니	1
남으라고	1
남으려느냐	1
남으려무나	1
남으면	1
남을까	1
남자놈	1
남자다운가	1
남자다운데	1
남자답구만	1
남자답지	1
남자라구	1
남자라뇨	1
남자아이	1
남자애나	1
남자용	1
남자인가	1
남자친구분	1
남자형제	1
남잔가	1
남잘	1
남편한텐	1
납	1
납득할	1
납시오	1
납신다	1
납작한	1
납작해지다	1
납중독	1
납치	1
납치됐다	1
납치됐다고	1
납치하고	1
납치하나	1
납치하나요	1
납치하려고	1
납치해갔구나	1
납치했다고	1
납치했대	1
납치했어요	1
납치했을거야	1
납치했지	1
낫겠군요	1
낫겠니	1
낫겠소	1
낫겠어요	1
낫겠죠	1
낫겠지	1
낫구먼	1
낫나	1
낫는다니	1
낫다는	1
낫다니까	1
낫다면서	1
낫또	1
낫소	1
낫소이다	1
낫잖나	1
낫지 않을까요	1
났겠네요	1
났겠죠	1
났구나	1
났나요	1
났냐구	1
났는데	1
났니	1
났다구	1
났다구요	1
났다며	1
났단	1
났대	1
났습니까	1
났었어	1
났잖아요	1
낭낭	1
낭낭이	1
낭비하고	1
낭비하다	1
낭비할	1
낭비해	1
낭비했네	1
낭비했단	1
낭비했죠	1
낭송하지	1
낭송했던	1
낮네	1
낮다면	1
낮든	1
낮선	1
낮아요	1
낮으면	1
낮이든	1
낮잠자는	1
낮짝	1
낮추다	1
낮추죠	1
낮춰야	1
낮춰졌어	1
낯선이	1
낯설게	1
낯익니	1
낯짝	1
낱말	1
낳는다니까요	1
낳다	1
낳아주었지	1
낳았대	1
낳았습니다	1
낳았어	1
낳았어요	1
낳으라고	1
낳으려고	1
낳으면	1
낳지를	1
내가 옆에	1
내가요	1
내거	1
내거요	1
내걸다	1
내게로	1
내겠죠	1
내겠지	1
내곤	1
내근직	1
내네	1
내년엔	1
내놓거라	1
내놓게	1
내놓는	1
내놓는다구	1
내놓다	1
내놓던가	1
내놓으라니까	1
내놓으려	1
내놓으면	1
내놓을	1
내놓지	1
내놨어요	1
내느라	1
내는군	1
내는데	1
내다버려야겠지	1
내다버리자고	1
내다보는	1
내다보았다	1
내돈	1
내두르다	1
내드려요	1
내든	1
내라구	1
내라는	1
내라니까	1
내려가겠다고	1
내려가라	1
내려가라고	1
내려가세요	1
내려가자	1
내려가자고	1
내려가죠	1
내려간다	1
내려갔어	1
내려고	1
내려놓고	1
내려놓는	1
내려놓다	1
내려놓았다	1
내려놓으면	1
내려놓을까요	1
내려놓을래요	1
내려놓지	1
내려놔라	1
내려는	1
내려다	1
내려다보시면	1
내려다본다는	1
내려라	1
내려버려	1
내려보낼게	1
내려보낼까	1
내려봐	1
내려오게	1
내려오냐	1
내려오다니	1
내려오라고	1
내려오래도	1
내려오시는	1
내려오죠	1
내려오지도	1
내려온다	1
내려와야만	1
내려와주시겠어요	1
내려왔겠지	1
내려왔죠	1
내려졌습니다	1
내려주다	1
내려줄	1
내려줄까	1
내려줄래	1
내려지지	1
내려질	1
내려쳐	1
내려치기	1
내려치려고	1
내렸나	1
내렸니	1
내렸습니다	1
내렸을	1
내렸죠	1
내리게	1
내리는데	1
내리라니까요	1
내리라며	1
내리랬지	1
내리면	1
내리시기	1
내리시는	1
내리시오	1
내리지	1
내리쳤다고	1
내맘	1
내면적	1
내면적으로	1
내몰기	1
내몰릴	1
내몰았다	1
내밀	1
내밀라고	1
내밀어볼래	1
내밀어서	1
내밀었는데	1
내밀지	1
내발로	1
내버려두라고	1
내버려두면	1
내버려두지	1
내버려둘	1
내버려둬야	1
내버려뒀어	1
내버리겠다고	1
내버리면	1
내보내야죠	1
내보내요	1
내보내줄	1
내보내줬겠어	1
내보내지	1
내보낼	1
내보냈거든	1
내보냈어	1
내보냈지	1
내보도록	1
내복	1
내봐요	1
내빼려는	1
내뺀	1
내뿜는	1
내뿜다	1
내사랑	1
내선	1
내세우길	1
내세우는	1
내셔널	1
내쉬다	1
내쉬면	1
내쉬었어	1
내시려고요	1
내심	1
내야겠어	1
내야죠	1
내야지	1
내었고	1
내었다	1
내연남	1
내익	1
내자며	1
내장되어	1
내장된	1
내주	1
내주고	1
내주기	1
내주는	1
내주셔서	1
내주실까	1
내주었다	1
내주자구	1
내주지	1
내줘서	1
내줬다	1
내쫓겼다고	1
내쫓고	1
내쫓는다고요	1
내쫓니	1
내쫓아라	1
내쫓아버려	1
내쫓았나	1
내쫓았다고	1
내쫓았대	1
내쫓았잖아	1
내쳐	1
내쳤다가	1
내치는	1
내치잖아요	1
내친구	1
내탓	1
내통	1
내통자	1
내팽개쳐	1
내팽개치겠다구	1
내팽개치고	1
내팽개칠까	1
내팽겨치고	1
낸시	1
낼게	1
낼까	1
냄새나	1
냄새나죠	1
냄새난단	1
냄새요	1
냅다	1
냅두라고	1
냅두지	1
냅둘	1
냈니	1
냈다고	1
냈다고요	1
냈다는	1
냈다면	1
냈단	1
냈소	1
냈습니까	1
냈었지	1
냈지	1
냉동식품	1
냉전	1
냉정함	1
냉철하게	1
냉혈동물	1
냉혈한	1
냉혹하기도	1
냉혹한	1
냐고는	1
냐구요	1
냐는데	1
냐면	1
냐면서	1
냔	1
냥냥	1
너굴뚜이	1
너그러운	1
너그러이	1
너나	1
너네들	1
너니	1
너답게	1
너답지	1
너덜너덜한	1
너라니까	1
너란	1
너만할	1
너말야	1
너머로	1
너무나도	1
너무도	1
너무하네요	1
너무하잖아요	1
너지	1
너하테	1
너희편	1
넌데	1
널려	1
널리	1
널었니	1
넓게	1
넓고	1
넓냐	1
넓히시오	1
넓힐	1
넘	1
넘겠다는	1
넘겨라	1
넘겨주겠나	1
넘겨주고	1
넘겨주기로	1
넘겨주란	1
넘겨주면	1
넘겨주십시오	1
넘겨줄래	1
넘겨줄지도	1
넘겨지길	1
넘겨짚고	1
넘겼나	1
넘겼어	1
넘겼죠	1
넘기고	1
넘기면	1
넘기세요	1
넘길까	1
넘길지도	1
넘버	1
넘습니다	1
넘어가겠어	1
넘어가고	1
넘어가긴	1
넘어가나요	1
넘어가는	1
넘어가볼까요	1
넘어가셨어	1
넘어가자고	1
넘어갈걸	1
넘어갔기	1
넘어갔어	1
넘어뜨려야	1
넘어뜨리라고	1
넘어서	1
넘어와요	1
넘어져	1
넘어졌다	1
넘어졌다고	1
넘어졌습니다	1
넘어지겠어	1
넘어지고	1
넘어지는군요	1
넘어지셨죠	1
넘어지신	1
넘어진	1
넘어질걸요	1
넘었다	1
넘었어	1
넘으면서	1
넘쳤소	1
넘치면서	1
넙죽	1
넙쭉	1
넙치	1
넣는거	1
넣는다	1
넣다니	1
넣던데	1
넣어둔	1
넣어드리는	1
넣어버려	1
넣어보렴	1
넣어봐도	1
넣어야겠군	1
넣어주겠나	1
넣어주기로	1
넣어주라고	1
넣어주려는	1
넣어주실래요	1
넣어줄까	1
넣었고	1
넣었나	1
넣었냐	1
넣었네	1
넣었다	1
넣었다는	1
넣었더라	1
넣으라고	1
넣으라구	1
네깟	1
네덜란드어	1
네모	1
네모난	1
네바다	1
네발	1
네버엔딩	1
네브라스카	1
네이먼이	1
네이처	1
네이처지	1
네티	1
네티즌들	1
넼	1
년간	1
년들아	1
노가리	1
노고	1
노골적	1
노기야	1
노나	1
노년	1
노는데	1
노니	1
노닥거릴	1
노동인민	1
노동자들	1
노동청	1
노땅	1
노랑	1
노랑머리	1
노랗다	1
노래들	1
노래소리	1
노래하고	1
노래하네	1
노래하러	1
노래하면	1
노래하시죠	1
노랠	1
노랭이	1
노려보고	1
노려보지	1
노력하는	1
노력하던	1
노력하면	1
노력하자	1
노력해야	1
노력해야합니다	1
노력했네	1
노력했을	1
노렸다며	1
노룻골	1
노르만	1
노릇하던	1
노릇할	1
노리다	1
노리던가요	1
노리려는	1
노린다는	1
노릴	1
노립니다	1
노마	1
노망한	1
노면	1
노모	1
노무	1
노벨	1
노부시다	1
노부시이	1
노부인	1
노숙	1
노숙자	1
노스웨스턴	1
노스캐롤라이나	1
노실	1
노어	1
노엘	1
노예제도	1
노인장	1
노출됐는데도	1
노출되고	1
노출되면	1
노출될	1
노친네	1
노타리요	1
노트북	1
녹는다	1
녹는대	1
녹색선	1
녹슨	1
녹슬지	1
녹아내리고	1
녹아내릴	1
녹았나	1
녹았나요	1
녹였어	1
녹음기	1
녹음들	1
녹음해놨니	1
녹음했군요	1
녹음했나요	1
녹음했다던데	1
녹음했던	1
녹음했습니까	1
녹음했지	1
녹취록	1
녹화	1
녹화해도	1
녹화했을	1
논거	1
논거지	1
논두렁	1
논리	1
논밭	1
논의	1
논의해볼	1
논쟁하고	1
논쟁하는	1
논하지	1
논한다는	1
논해	1
놀겠어	1
놀까	1
놀다간	1
놀다니	1
놀라거나	1
놀라겠네	1
놀라겠는걸	1
놀라라	1
놀라려나	1
놀라면요	1
놀라서	1
놀라시던지	1
놀라운걸	1
놀라움	1
놀라워요	1
놀라치	1
놀랄걸	1
놀랍구만	1
놀랍네요	1
놀랍다	1
놀랍다고요	1
놀랍습니다	1
놀랐겠어	1
놀랐나	1
놀랐나봐	1
놀랐으면	1
놀랐잖아요	1
놀래라	1
놀래서	1
놀래켜	1
놀래키긴	1
놀래키려고	1
놀래킬까요	1
놀랬어	1
놀러가자고	1
놀러왔었지	1
놀려고	1
놀려먹는	1
놀렸구나	1
놀렸나요	1
놀리	1
놀리고	1
놀린	1
놀릴	1
놀아나고	1
놀아나고도	1
놀아보자구	1
놀아봅시다	1
놀아주다	1
놀아준	1
놀아줄까	1
놀아줘요	1
놀았나	1
놀았냐	1
놀았니	1
놀았다	1
놀았다던	1
놀이개감	1
놀이공원	1
놀이동산	1
놀이터	1
놀이할까	1
놀지	1
농가	1
농구공	1
농담거리	1
농담들	1
농담하나요	1
농담하는거	1
농담하려고	1
농담하자는	1
농담해요	1
농도	1
농민	1
농부라구	1
농부만한	1
농불	1
농사일	1
농성자들	1
농아학교	1
높겠죠	1
높네요	1
높다고	1
높단	1
높던가	1
높든	1
높습니다	1
높아	1
높았다	1
높여봐	1
높을거다	1
높이지	1
높일	1
놓겠어	1
놓고도	1
놓나	1
놓나요	1
놓는	1
놓아두는	1
놓아요	1
놓았나	1
놓았다	1
놓았다구	1
놓았어	1
놓어두었다	1
놓여있다	1
놓을까	1
놓을래	1
놓을려고	1
놓이네요	1
놓이다	1
놓자는	1
놓지마	1
놓쳐	1
놓쳤다	1
놓쳤대	1
놓쳤던	1
놓쳤어요	1
놓쳤잖아	1
놓쳤죠	1
놓치겠냐	1
놓치겠어	1
놓치고	1
놓치기	1
놓치길	1
놓치란	1
놔달라고	1
놔두게요	1
놔두고요	1
놔두다니	1
놔두라니깐	1
놔두란	1
놔두렴	1
놔두면	1
놔두세요	1
놔두셨죠	1
놔두죠	1
놔둬도	1
놔둬봐	1
놔뒀겠니	1
놔뒀단	1
놔서	1
놔야	1
놔주고	1
놔주라고	1
놔주면	1
놔주세요	1
놔줄까요	1
놔줬나요	1
놨거든	1
놨냐	1
놨네	1
놨을	1
뇌전증	1
뇌파	1
뇨끼	1
누가야	1
누가요	1
누구게	1
누구게요	1
누구겠냐	1
누구겠어요	1
누구겠지	1
누구긴	1
누구꺼야	1
누구누구	1
누구누구요	1
누구니	1
누구더러	1
누구라니	1
누구라니요	1
누구라도	1
누구랬죠	1
누구보다	1
누구쇼	1
누구시라고요	1
누구와	1
누군가는	1
누군가요	1
누군간	1
누굴요	1
누나고	1
누나들	1
누나요	1
누노비키	1
누드모델	1
누르는	1
누를	1
누를까요	1
누리게	1
누리겠냐고	1
누리고	1
누리다	1
누마타	1
누신	1
누완다	1
누완다라고	1
누우세요	1
누울	1
누워있는	1
누웠다	1
누웠죠	1
누이	1
누이들	1
눈곱만큼	1
눈깔	1
눈꼽만큼	1
눈독	1
눈뜨실	1
눈먼	1
눈멀었단	1
눈밑	1
눈부시지	1
눈엔	1
눈엣가시	1
눈지오	1
눈치 챘어	1
눈치채고	1
눈치채면	1
눈치채신	1
눈치챘나	1
눈치챘는지	1
눈치챘다	1
눈치챘어	1
눈치챘을까	1
눌러대	1
눌러봤는데	1
눌러살라고	1
눌러서	1
눌러줘	1
눌렀고	1
눌어붙게	1
눕기	1
눕는	1
눕든	1
눕지	1
눕혀	1
눕혀놓다니	1
눕혀버릴	1
눕혔어	1
눕힌	1
눠	1
뉘시길래	1
뉘시온지	1
뉘우치다	1
뉴	1
뉴 헤이븐	1
뉴스거리	1
뉴요커	1
뉴욕대	1
뉴욕엔	1
뉴욕행	1
뉴턴	1
느그들	1
느껴서	1
느껴야	1
느껴져야	1
느껴졌거든	1
느껴졌나요	1
느껴졌습니까	1
느껴졌어	1
느껴졌어요	1
느껴지나	1
느껴지냐고	1
느껴지는	1
느껴지다니	1
느껴지세요	1
느껴지시나요	1
느껴지죠	1
느껴지질	1
느꼈냐	1
느꼈다고요	1
느꼈습니다	1
느꼈어요	1
느꼈었어	1
느꼈을	1
느끼기	1
느끼나	1
느끼나요	1
느끼냐	1
느끼는데	1
느끼는지	1
느끼니	1
느끼도록	1
느끼라고	1
느낀다	1
느낀다고	1
느낀다면	1
느낀단	1
느낌표	1
느냐고	1
느냐고는	1
느냐면	1
느냐면서	1
느닷없이	1
느렸나	1
느렸었는지	1
느렸죠	1
느리고	1
느리네	1
느리든	1
느린거	1
느린데	1
느릴	1
느슨해요	1
늑대인간	1
늑장꾸러기들	1
는 걱정 거	1
는 건	1
는 것	1
는가	1
는건	1
는구려	1
는구먼	1
는군	1
는군요	1
는다구	1
는데	1
는지	1
는지는	1
는지도	1
는지요	1
는커녕	1
늘게	1
늘겠어	1
늘고	1
늘까요	1
늘려주실	1
늘리기	1
늘리자고	1
늘린다	1
늘어나고	1
늘어져	1
늘어진	1
늘었냐	1
늘었어	1
늘었으면	1
늘질	1
늙든	1
늙어가고	1
늙어버렸네	1
늙어서까지	1
늙어야	1
늙었겠다	1
늙었냐	1
늙었다	1
늙었다고	1
늙었으면서	1
늙었을	1
늙었을지도	1
늙었지만	1
늙으면	1
늙은인	1
늙지	1
능동적	1
능동적으로	1
능률적으로	1
늦게와	1
늦게요	1
늦겠어	1
늦깎이	1
늦는	1
늦는다	1
늦는다는	1
늦는다면	1
늦니	1
늦습니까	1
늦어버릴	1
늦어서는	1
늦어요	1
늦어졌을	1
늦었구나	1
늦었군	1
늦었기	1
늦었네	1
늦었니	1
늦었다	1
늦었다는	1
늦었다니까	1
늦었잖아	1
늦으셨어요	1
늦을까봐	1
늦잠자다	1
늦추지	1
늦추지마	1
늦춘	1
늦출까	1
늦출래	1
늦춰	1
늦춰야	1
늦춰야했다	1
늦췄다가	1
늬들	1
니기하야미	1
니네들	1
니넨	1
니덕	1
니말	1
니미	1
니미럴	1
니시미아어	1
니시미야네	1
니체	1
니체식	1
니카라과	1
니컬러스	1
니코딤	1
니콜라	1
니콜라스 와일드	1
니콜라이	1
니콜리나가	1
니콜카	1
니쿠	1
니키닉	1
니토	1
니트로	1
니트로글리세린	1
니히미햐	1
닉 견	1
닉슨	1
닌	1
닐 암스트롱	1
닢	1
다가	1
다가가지	1
다가갈	1
다가오는	1
다가오면	1
다가오지	1
다과회	1
다국어	1
다급했으면	1
다냐	1
다냐고	1
다녀갔소	1
다녀야겠네	1
다녀오겠소	1
다녀오겠습니다	1
다녀오기	1
다녀오나	1
다녀오다	1
다녀오셨습니까	1
다녀와	1
다녀왔다	1
다녀왔어요	1
다녔냐고	1
다녔다고	1
다녔다지	1
다녔단다	1
다녔어요	1
다녔잖아요	1
다니나요	1
다니냐	1
다니는데	1
다니다니	1
다니라구요	1
다니랬지	1
다니면서	1
다니엘요	1
다닌	1
다닌다고요	1
다닐겁니다	1
다닐까	1
다닐까요	1
다닐래	1
다닐만해	1
다다	1
다다미	1
다다익선	1
다듬어야지	1
다라면요	1
다라이	1
다락엔	1
다람쥐니	1
다람쥐님	1
다랑어가	1
다루거나	1
다루거라	1
다루면	1
다루세요	1
다룬	1
다룬다며	1
다룰	1
다룰지	1
다뤘소	1
다르겠어	1
다르겠어요	1
다르구나	1
다르니까	1
다르다고	1
다르다고요	1
다르다는	1
다르단다	1
다르시네요	1
다르잖니	1
다르잖아	1
다르잖아요	1
다른가요	1
다른걸	1
다른데	1
다른분들	1
다른사람	1
다를게	1
다름없잖습니다	1
다름없지	1
다릅니까	1
다리께	1
다리다	1
다리미	1
다마스쿠스	1
다문화	1
다물	1
다물거라	1
다물걸	1
다물고서	1
다물다	1
다물라	1
다물라니까	1
다물면	1
다물어요	1
다물어지는군	1
다미르요	1
다미앙	1
다빈치	1
다샤	1
다소곳하게	1
다스려	1
다스리라고	1
다스린다면	1
다스비다니야	1
다여	1
다여도	1
다오	1
다와	1
다우챠	1
다운됐나요	1
다운되었습니다	1
다운로드	1
다운비트	1
다윈	1
다음과	1
다음달	1
다음번	1
다음에	1
다음주엔	1
다이너마이트	1
다이브시키지	1
다이브할	1
다이빙할	1
다이아	1
다이애나	1
다이애나 비	1
다이앤	1
다정하고	1
다정하시네	1
다정함	1
다정했어	1
다져	1
다지는	1
다짐할	1
다쳤군요	1
다쳤나	1
다쳤는데	1
다쳤다고	1
다쳤다고요	1
다쳤다면	1
다쳤다면서요	1
다쳤소	1
다쳤을	1
다쳤죠	1
다쳤지	1
다치기	1
다치는	1
다치면요	1
다치셨으면	1
다치셨잖아요	1
다친다고	1
다친데	1
다칠뻔했잖아	1
다큐멘터리	1
다크서클	1
다투고	1
다투는	1
다투지	1
다툴	1
다퉜나요	1
다트	1
다프니	1
다하냐고요	1
다하면	1
다하자	1
다한다	1
다할게	1
다해라	1
다해서	1
다해야	1
다했구먼	1
다했나	1
다했다	1
다했습니다	1
다했으니	1
다행이네	1
다행이지만	1
다행히	1
닥쳐야지	1
닥쳐주겠나	1
닥치게	1
닥치네	1
닥치니까	1
닥치라고요	1
닥치란	1
닥치랬지	1
닥칠	1
닥칠게	1
닦는다	1
닦다	1
닦아내	1
닦아놔	1
닦아요	1
닦아주는	1
닦아줄걸	1
닦았냐	1
닦았어	1
닦았을	1
닦은	1
닦지	1
단검	1
단눈치오	1
단단한가	1
단단해	1
단도직입적으로	1
단돈	1
단두람	1
단디	1
단락	1
단물	1
단백질	1
단번에	1
단순하고	1
단숨에	1
단식	1
단식투쟁하는	1
단식하도록	1
단약	1
단어들	1
단원들	1
단자	1
단절되려면	1
단절될	1
단정	1
단조로운	1
단조로워요	1
단지엔	1
단풍나무	1
단호했다	1
닫겠다고	1
닫겠습니다	1
닫아놨어요	1
닫아주겠소	1
닫아줄까	1
닫아줄래	1
닫았나요	1
닫았다	1
닫았다고	1
닫았다고요	1
닫았다니까요	1
닫았대	1
닫았어	1
닫았을	1
닫으십시오	1
닫은	1
닫을래요	1
닫혀요	1
닫히다	1
닫힌	1
닫힌다	1
닫힙니다	1
달갑겠어요	1
달군	1
달달	1
달동네	1
달라구요	1
달라네	1
달라는	1
달라더니	1
달라붙었다는	1
달라붙으면서	1
달라스	1
달라져요	1
달라졌어	1
달라졌을까요	1
달라지겠어	1
달라지면	1
달라진다고	1
달라질까	1
달라집니까	1
달랄네서	1
달랐게	1
달랐다	1
달랐어	1
달래요	1
달래죠	1
달랬나	1
달랬죠	1
달랬지	1
달려가야	1
달려갑니다	1
달려고	1
달려드는데	1
달려들어	1
달려들어서	1
달려들었는데	1
달려본	1
달려봤어요	1
달려서	1
달려야해요	1
달려와	1
달려왔어요	1
달려있어요	1
달렸나	1
달렸다구	1
달렸다면	1
달렸단다	1
달렸어	1
달리는	1
달리면서	1
달리자고	1
달린다고	1
달바	1
달성되었습니다	1
달성하겠어요	1
달성해서	1
달아나게	1
달아나기만	1
달아나려고	1
달아나리라	1
달아나버려	1
달아나잖아	1
달아난	1
달아났어	1
달아줄래	1
달았어	1
달짜리	1
달콤하지	1
달팽이	1
닭가게	1
닭살	1
닭털	1
닮아가네	1
닮았나	1
닮았네	1
닮았네요	1
닮았던데	1
닮았소	1
닮았어요	1
닮았을까	1
닮았잖아	1
닮으면	1
닮지	1
닳았어요	1
담가	1
담겨있지	1
담겼다고	1
담겼다고요	1
담고	1
담궈서	1
담기	1
담기는	1
담담함	1
담당구역	1
담당하는	1
담배나	1
담배피고	1
담뱃갑	1
담번에	1
담뽀뽀네	1
담수화용	1
담아야	1
담엔	1
담을	1
담판	1
답게	1
답답하긴	1
답답하다	1
답답한	1
답답할걸	1
답답했지	1
답변할	1
답안	1
답장하지	1
답장할까요	1
답장했어	1
답지	1
답해도	1
답해주셨어	1
답해주지	1
답했어	1
당구	1
당근농부	1
당기는	1
당기는걸	1
당기던	1
당기라고	1
당기십시오	1
당기지	1
당길	1
당나귀	1
당나라	1
당뇨병	1
당당한	1
당돌한	1
당면	1
당번	1
당부하셨네	1
당사	1
당상	1
당선	1
당선될	1
당신꺼	1
당신에겐	1
당연하다는	1
당연하신	1
당연하지만	1
당원들	1
당일	1
당장에	1
당장은	1
당장이요	1
당첨	1
당첨됐다	1
당첨됐다고	1
당첨됐대	1
당하게	1
당하겠구만	1
당하겠군	1
당하고	1
당하고만	1
당하느냐	1
당하는	1
당하다니	1
당하지	1
당한다는	1
당한만큼	1
당합니다	1
당해내지	1
당해본	1
당해봤나	1
당해서는	1
당해선	1
당했나	1
당했나요	1
당했대	1
당했수	1
당했어요	1
당했으니까	1
당했죠	1
당했지	1
당황스러웠죠	1
당황스럽지	1
당황하셨네	1
닻	1
닿겠지	1
닿다	1
닿습니다	1
닿을	1
대가다	1
대가릴	1
대가문들	1
대가야	1
대가족	1
대갈통	1
대견하다고	1
대공님	1
대공황	1
대군	1
대규모	1
대기실	1
대기업	1
대기하는	1
대기하라	1
대기하라고	1
대기하라는	1
대길	1
대꾸하겠나	1
대꾸해	1
대낮	1
대단원	1
대단하다고	1
대단하세요	1
대단하셔	1
대단하십니다	1
대단하잖아	1
대단한데요	1
대단할	1
대단해요	1
대담해져라	1
대답하겠소	1
대답하다	1
대답하든	1
대답하란	1
대답하면	1
대답하시겠어	1
대답하진	1
대답할게요	1
대답했어	1
대답했지	1
대도	1
대도시	1
대동아	1
대두	1
대드는	1
대들어	1
대라면	1
대략	1
대략적	1
대량생산할	1
대려온	1
대령해	1
대리고	1
대면하는	1
대면할	1
대문	1
대문자	1
대박친거	1
대배우	1
대범하다	1
대법원	1
대변인	1
대변자	1
대본대로	1
대비중	1
대비하려는	1
대비한	1
대빵	1
대뿌네이	1
대사랑	1
대상자	1
대선	1
대수요	1
대신에	1
대신하고	1
대신할	1
대야	1
대여섯	1
대역전극	1
대역죄	1
대열대로	1
대영제국	1
대용량	1
대원들	1
대응하고	1
대응할	1
대인피해	1
대일본	1
대작가님	1
대잖아	1
대장부	1
대접	1
대접하는	1
대접하다	1
대접할	1
대정전	1
대조적으로	1
대족	1
대죄	1
대주실	1
대줬나	1
대지좀	1
대찬성	1
대참사	1
대책단	1
대처하고	1
대처해야	1
대청소	1
대체하기	1
대체하는	1
대출해	1
대탈주의	1
대팻밥	1
대포알	1
대포폰	1
대표자들	1
대피시켜요	1
대피시키는	1
대피시킬	1
대피하라	1
대피하라는	1
대피하라니	1
대피하십시오	1
대피한	1
대피해주세요	1
대하면	1
대하여	1
대하지	1
대항하여	1
대항한다고	1
대해도	1
대해야지	1
대했는데	1
대혼란	1
대화하는거	1
대화하세요	1
대화하지도	1
대화해	1
대화해도	1
대화해야	1
대화형	1
댄 킬리언	1
댄버스요	1
댄스곡	1
댈게요	1
댈까	1
댈러밴이	1
댔다고	1
댔단다	1
댔어요	1
더군	1
더군요	1
더니까	1
더니만	1
더듬다	1
더듬었겠지	1
더듬었어	1
더라	1
더라고	1
더라구요	1
더라니	1
더라니까	1
더러워서	1
더러워졌지	1
더러워진	1
더럽다고	1
더럽든	1
더럽잖아	1
더럽혀	1
더럽혀지지	1
더럽혔구나	1
더럽혔다	1
더럽히다니	1
더럽히지	1
더렵혀졌어	1
더벅머리	1
더베키오	1
더불어	1
더비	1
더빙	1
더우세요	1
더욱더	1
더욱이	1
더운거	1
더워졌다	1
더웠어	1
더웠죠	1
더있어야	1
더필요한거	1
더하는	1
더한	1
더해야	1
덕분에	1
던	1
던가요	1
던데	1
던데요	1
던랜드	1
던전	1
던져넣었지	1
던져놔요	1
던져달라고	1
던져버릴	1
던져보는	1
던져서	1
던져야겠어	1
던져야지	1
던져주세요	1
던져주실지도	1
던져줘	1
던졌다	1
던졌을	1
던졌을까	1
던졌잖아	1
던졌지	1
던지겠어	1
던지다니	1
던지려	1
던지면	1
던지지	1
던칸	1
덜그럭거리는데	1
덜덜	1
덜떨어진	1
덜렁거려	1
덜렁거려요	1
덜렁대	1
덜시베어	1
덤벙대고	1
덤벼봐라	1
덤불	1
덤비거라	1
덤비란	1
덤비지	1
덤빌	1
덤스트랭	1
덤플링	1
덥나요	1
덥다니	1
덥대요	1
덥든	1
덥지않다	1
덥지요	1
덥쳤을	1
덥혔다	1
덧나	1
덧나나	1
덧나니	1
덧나다	1
덧나요	1
덧붙여	1
덧없이	1
덩굴	1
덩이	1
덫	1
덮다	1
덮어	1
덮어놨어야지	1
덮어주니까요	1
덮어줄래	1
덮었지	1
덮쳐	1
덮쳤고	1
덮쳤어	1
덮치나	1
덮치냐니까	1
덮치지	1
덮친다	1
덮칠	1
데꼬	1
데는	1
데다가	1
데드풀들	1
데드헤드	1
데드헤드신가요	1
데레사	1
데려가겠나	1
데려가기로	1
데려가나	1
데려가는지	1
데려가라	1
데려가라고	1
데려가라니까	1
데려가려	1
데려가면	1
데려가야겠다	1
데려가야겠죠	1
데려가죠	1
데려가줄	1
데려가줄래	1
데려가진	1
데려간다	1
데려간다고	1
데려갈거야	1
데려갈건가	1
데려갈까요	1
데려갈래	1
데려갔냐고	1
데려갔다고요	1
데려갔다는	1
데려갔을까	1
데려갔잖아요	1
데려갔지	1
데려나가는	1
데려다주겠소	1
데려다주겠어	1
데려다주다	1
데려다주렴	1
데려다주실	1
데려다주실까	1
데려다주지	1
데려다준다니까	1
데려다준댔죠	1
데려다줄게	1
데려다줄래요	1
데려다줘야	1
데려다줬니	1
데려오겠어요	1
데려오고	1
데려오는	1
데려오래	1
데려오세요	1
데려오셨어요	1
데려오시고	1
데려오자는	1
데려온다는	1
데려온대요	1
데려와도	1
데려와야	1
데려와야겠다	1
데려왔냐고	1
데려왔는데	1
데려왔대	1
데려왔던데	1
데려왔습니다	1
데려왔어야지	1
데려왔죠	1
데리다	1
데모	1
데보넨쿠스	1
데뷔	1
데사우	1
데선	1
데스	1
데어데블	1
데요	1
데울	1
데워	1
데이는	1
데이드	1
데이먼	1
데이비드	1
데이씨	1
데이오는	1
데이트하실래요	1
데이트할래요	1
데이트해요	1
데쳐	1
데친	1
덴다	1
덴마크	1
덴버	1
델가도	1
델라	1
델리	1
델리오	1
델타 팀	1
델핌	1
뎌	1
도굴꾼	1
도그	1
도깨비집	1
도끼질	1
도나	1
도난당했어	1
도날드	1
도넛들	1
도는	1
도는데	1
도니	1
도달하면	1
도달해야	1
도덕성	1
도도하지	1
도독대인	1
도둑맞아요	1
도둑맞았던	1
도둑맞으신	1
도둑소굴	1
도둑질하던	1
도라지	1
도래한답디까	1
도래했어요	1
도려내서라도	1
도로시	1
도로표시	1
도록	1
도롱이	1
도르시	1
도르시는	1
도리스	1
도마뱀아	1
도망가게	1
도망가기	1
도망가나	1
도망가는데	1
도망가니	1
도망가려	1
도망가려는	1
도망가면	1
도망가신	1
도망가야	1
도망가자	1
도망간	1
도망간다	1
도망갈까	1
도망갈래	1
도망갑니다	1
도망갔다	1
도망갔어	1
도망갔죠	1
도망다니지	1
도망쳐야지	1
도망쳐요	1
도망쳤네	1
도망쳤니	1
도망쳤어요	1
도망쳤잖아요	1
도망쳤지	1
도망치다	1
도망치려고	1
도망치자	1
도망할	1
도매	1
도매상	1
도면	1
도모	1
도무지	1
도미노	1
도미니카	1
도박꾼	1
도박할	1
도발	1
도사	1
도사들	1
도사리는데	1
도살용	1
도서실	1
도스비다니야	1
도시형	1
도약	1
도영국	1
도예	1
도와달라고요	1
도와도	1
도와두려	1
도와드리면	1
도와드릴까	1
도와주겠느냐	1
도와주겠다는	1
도와주겠소	1
도와주겠어	1
도와주길	1
도와주다	1
도와주라	1
도와주라고	1
도와주려	1
도와주려는	1
도와주련	1
도와주리라는	1
도와주어	1
도와주었나요	1
도와주지도	1
도와준다	1
도와준다니	1
도와준대요	1
도와줄게요	1
도와줄지도	1
도와줬나요	1
도와줬다고	1
도와줬다며	1
도와줬더니	1
도와줬습니다	1
도와줬었어	1
도와줬잖아	1
도와줬지	1
도왔다	1
도왔어	1
도왔지	1
도용	1
도우러	1
도우며	1
도우셨죠	1
도울게	1
도울까	1
도움될	1
도움받고도	1
도움받도록	1
도움받을	1
도이치다	1
도입니까	1
도입하기로	1
도자기	1
도적놈	1
도적질	1
도전요	1
도전자들	1
도전장	1
도전하는게	1
도전할	1
도전해보고	1
도전했으니까	1
도졌어	1
도주한다	1
도주할	1
도준이	1
도지	1
도착지	1
도착하게	1
도착하겠죠	1
도착하고	1
도착하기	1
도착하다	1
도착하셨나	1
도착하셨나요	1
도착하셨어요	1
도착하지	1
도착한	1
도착할까	1
도착했나	1
도착했네	1
도착했네요	1
도착했단	1
도착했습니까	1
도착했었지	1
도착했지	1
도청당하고요	1
도쿄다	1
도쿠지도	1
도킹하는	1
도킹할	1
도탄	1
도토레	1
도토리	1
도포	1
도화선	1
독가스	1
독거노인	1
독립된	1
독립할	1
독버섯	1
독살해	1
독서해	1
독성	1
독수리들	1
독신생활	1
독아지	1
독안	1
독약	1
독일놈	1
독일어할	1
독일엔	1
독자들	1
독재자	1
독점	1
독종	1
독침	1
독하지	1
독하지만	1
돈가스	1
돈깨나	1
돈내면	1
돈독	1
돈방석	1
돈줄	1
돋네	1
돋는	1
돋보이지	1
돋아	1
돋았어	1
돋우는	1
돋우어	1
돌기	1
돌까	1
돌까요	1
돌란씨	1
돌래	1
돌려놓을	1
돌려놔	1
돌려놔요	1
돌려놨어	1
돌려달라고	1
돌려라	1
돌려받다	1
돌려보내면	1
돌려보내지	1
돌려보낼	1
돌려보냈다	1
돌려보냈지	1
돌려봐	1
돌려주고	1
돌려주리다	1
돌려주시면	1
돌려줄게	1
돌려줘라	1
돌려줘야겠는데	1
돌렸을	1
돌리게	1
돌리겠소	1
돌리듯이요	1
돌리라고	1
돌리랬는데	1
돌리잖아	1
돌릴까	1
돌릴까요	1
돌머리	1
돌면	1
돌면서	1
돌벽	1
돌보겠어요	1
돌보느라	1
돌보면	1
돌보시나요	1
돌보지	1
돌보지도	1
돌봐야	1
돌봐야지	1
돌봐왔어	1
돌봐주는	1
돌봐주소서	1
돌봐줄게	1
돌아가겠다	1
돌아가겠어	1
돌아가겠지	1
돌아가고자하는	1
돌아가길	1
돌아가나	1
돌아가는지	1
돌아가니까	1
돌아가다	1
돌아가도	1
돌아가든지	1
돌아가라구	1
돌아가라는	1
돌아가라니까	1
돌아가려고	1
돌아가려는	1
돌아가면서	1
돌아가셔도	1
돌아가셨고	1
돌아가셨는데	1
돌아가셨는지	1
돌아가셨다지요	1
돌아가셨습니다	1
돌아가시고	1
돌아가시기	1
돌아가시려고	1
돌아가시오	1
돌아가시지	1
돌아가야겠죠	1
돌아가잖아요	1
돌아가지도	1
돌아가진	1
돌아간	1
돌아간다며	1
돌아간대	1
돌아갈거야	1
돌아갈게	1
돌아갈게요	1
돌아갈래요	1
돌아갑니까	1
돌아갑니다	1
돌아갔다	1
돌아갔을까	1
돌아갔죠	1
돌아갔지	1
돌아다녀	1
돌아다녔어요	1
돌아다니네	1
돌아다니며	1
돌아다니면서	1
돌아버려	1
돌아버리겠다고	1
돌아보다	1
돌아보마	1
돌아보면	1
돌아보세요	1
돌아보지	1
돌아본다	1
돌아볼	1
돌아볼래	1
돌아봐도	1
돌아봤대요	1
돌아오게	1
돌아오겠네	1
돌아오겠다고	1
돌아오겠지	1
돌아오다	1
돌아오라니까	1
돌아오래도	1
돌아오리라는	1
돌아오리란	1
돌아오면	1
돌아오세요	1
돌아오셔	1
돌아오셨네	1
돌아오셨다	1
돌아오셨어	1
돌아오셨죠	1
돌아오시죠	1
돌아오시지	1
돌아오신대	1
돌아오십시오	1
돌아오진	1
돌아온다는	1
돌아온다면	1
돌아온대요	1
돌아올게요	1
돌아올께요	1
돌아올래	1
돌아올지	1
돌아올지도	1
돌아왁	1
돌아왔게	1
돌아왔구만	1
돌아왔군요	1
돌아왔나	1
돌아왔냐	1
돌아왔냐고	1
돌아왔네	1
돌아왔다구	1
돌아왔대	1
돌아왔데	1
돌아이	1
돌았냐	1
돌았다	1
돌이켜	1
돌이켜보면	1
돌이킬	1
돌입하라	1
돌입한다	1
돌조각	1
돌체	1
돌파됐다	1
돌파하라	1
돌파해야	1
돕게	1
돕겠다	1
돕겠다는	1
돕겠지	1
돕는다	1
돕다	1
돕던가요	1
돕죠	1
돕진	1
동갑	1
동강	1
동거	1
동거하고	1
동거했던	1
동결하지	1
동경하는	1
동광장쪽	1
동그라미	1
동그랗게	1
동급생	1
동기부여	1
동네들	1
동네무사군	1
동등하게	1
동등하지	1
동등한	1
동등해	1
동력	1
동력압	1
동맹들	1
동면	1
동무들	1
동반	1
동반자들	1
동반한	1
동방	1
동베를린	1
동복	1
동부지원대	1
동생들	1
동생아	1
동서	1
동서부	1
동서쪽	1
동성애	1
동성애자라니	1
동시대	1
동업	1
동업자	1
동원된	1
동원해	1
동유럽	1
동의요	1
동의하나	1
동의하나요	1
동의하는가	1
동의하십니까	1
동의하오	1
동의한다	1
동의할	1
동의해요	1
동의했다	1
동의했다고	1
동의했단	1
동의했습니다	1
동의했어	1
동의했잖은가	1
동일범	1
동일시하는	1
동일인물	1
동작하네	1
동정녀	1
동정표	1
동정해	1
동참하는	1
동참할래	1
동참해야지	1
동포	1
동하지	1
동행분	1
동호회	1
돛	1
돛대	1
돼가니	1
돼가슈	1
돼달란	1
돼라고	1
돼버렸어	1
돼볼까	1
돼있느냐	1
돼잖아	1
돼주시겠어요	1
돼줄	1
돼지다	1
돼지들아	1
돼지새꺄	1
돼지죽	1
돼지치기	1
됐거든요	1
됐겠어	1
됐겠지	1
됐구만	1
됐구요	1
됐군	1
됐군요	1
됐냐니까	1
됐다구요	1
됐다니	1
됐다니까	1
됐다며	1
됐대	1
됐더라고	1
됐습니다	1
됐으니	1
됐을지	1
됐잖아요	1
됐지만	1
되가	1
되감기	1
되거나	1
되겠냐구	1
되겠지만	1
되고말고	1
되고요	1
되기엔	1
되나본데	1
되네요	1
되느니	1
되는가	1
되는게	1
되는지는	1
되니깐	1
되니츠	1
되더라도	1
되던가	1
되던데	1
되도록이면	1
되돌리	1
되돌아	1
되돌아가요	1
되돌아오지	1
되돌이킬	1
되라지	1
되란	1
되러	1
되려	1
되려나	1
되려는	1
되려는지	1
되렴	1
되리라	1
되며	1
되바라진	1
되받아쳤도다	1
되보자구	1
되사라고	1
되살려주는	1
되살리는	1
되새기려고	1
되서	1
되셨나	1
되셨는지	1
되시고요	1
되시기	1
되시냐	1
되시려는	1
되실	1
되았제	1
되어라	1
되어버렸다	1
되어버렸어	1
되어서	1
되어서야	1
되어서인가	1
되어있다고	1
되어있소	1
되어있을	1
되어주겠는가	1
되어주겠소	1
되어줄게	1
되어줄래	1
되었고	1
되었군	1
되었네	1
되었는가	1
되었는지	1
되었더라면	1
되었든	1
되었소	1
되었습니까	1
되었으나	1
되었을	1
되었을까	1
되었을까요	1
되었음	1
되었죠	1
되었지	1
되잖소	1
되잖습니까	1
되죠?	1
되주겠어요	1
되지는	1
되지만	1
되찾고	1
되찾기	1
되찾다	1
되찾아서	1
되찾아야	1
되찾아요	1
되찾죠	1
되풀이하게	1
되풀이하죠	1
된거요	1
된거죠	1
된거지	1
된건가	1
된건데	1
된건지	1
된겁니까	1
된겨	1
된다구요	1
된다니	1
된단말야	1
된대도	1
된지	1
될거지	1
될까봐요	1
될지니	1
됨으로써	1
됬는지만	1
됬다	1
됬소이다	1
됭께	1
두 편	1
두거라	1
두게요	1
두겠습니다	1
두고서도	1
두고요	1
두근거려	1
두근거리다	1
두근대시나요	1
두꺼워	1
두냐	1
두둑하게	1
두드러기	1
두드렸다	1
두드렸지만	1
두드리는	1
두드리다	1
두드리면서	1
두드리죠	1
두드릴	1
두들리	1
두라고요	1
두란	1
두려는	1
두려운데	1
두려울까	1
두려워도	1
두려워서	1
두려워요	1
두려워하고	1
두려워하기	1
두려워하는	1
두려워하셨다	1
두려워하죠	1
두려워하지	1
두려워한다	1
두려워한다고	1
두려워할까	1
두려워해야	1
두려워해야지	1
두려워했지	1
두렵거나	1
두렵죠	1
두령한텐	1
두르다	1
두르던	1
두말	1
두목	1
두발	1
두부탕	1
두분	1
두살	1
두셨어	1
두손	1
두시	1
두시간	1
두시기	1
두신	1
두십시오	1
두어	1
두어서는	1
두었느냐	1
두었니	1
두었다	1
두었던	1
두요	1
두자	1
두자고요	1
두절	1
두줄	1
두질	1
두쪽	1
두피	1
둔다	1
둔다는	1
둔한	1
둘걸요	1
둘게요	1
둘러대고	1
둘러대기	1
둘러대다	1
둘러댈거야	1
둘러보기	1
둘러보라고	1
둘러본다	1
둘러볼까	1
둘러싸여서	1
둘러싸인	1
둘시베어	1
둥근	1
둥글다	1
둥둥	1
둬도	1
둬야	1
뒀는지	1
뒀니	1
뒀다	1
뒀던거	1
뒀습니다	1
뒀으면	1
뒀잖아	1
뒈져도	1
뒈져버릴	1
뒈지게	1
뒈질	1
뒤늦게	1
뒤돌아	1
뒤따라가고	1
뒤따라갈게	1
뒤따르고	1
뒤뜰	1
뒤바꿔	1
뒤이어	1
뒤이어서	1
뒤져도	1
뒤져라	1
뒤져볼게	1
뒤져볼까	1
뒤져서라도	1
뒤졌어요	1
뒤졌을까요	1
뒤죽박죽	1
뒤지	1
뒤지고	1
뒤지나	1
뒤지는데	1
뒤지지마	1
뒤진	1
뒤질	1
뒤집고	1
뒤집기	1
뒤집어버릴거야	1
뒤집어쓰게	1
뒤집어쓴	1
뒤집어씌웠던	1
뒤집어씌웠어	1
뒤집었다	1
뒤집혀	1
뒤집혔을	1
뒤집히다	1
뒤집힐	1
뒤처지잖아	1
뒤쳐져	1
뒤치다꺼리	1
뒤틀리는	1
뒷구멍	1
뒷담	1
뒷마당	1
뒷모습	1
뒷바라지	1
뒷방	1
뒷북치지	1
뒷산	1
뒷조사	1
뒷주머니	1
뒷쪽	1
뒷처리	1
뒹구는	1
뒹굴고	1
듀크	1
듀크 위즐튼	1
듄	1
드 윈터 부인	1
드나드는	1
드나들게	1
드나들었잖아	1
드냐	1
드네요	1
드느냐	1
드는구먼	1
드는데요	1
드는지	1
드라이브할래요	1
드러날	1
드러날까	1
드러납니다	1
드러났다	1
드러내	1
드러낼	1
드러냅니다	1
드러냈다니까요	1
드러누운	1
드러워라	1
드려야죠	1
드렸나요	1
드렸다	1
드렸어요	1
드렸죠	1
드리겠습니다	1
드리러	1
드리면	1
드리워져	1
드리자면	1
드릴게	1
드림	1
드물다	1
드샤나	1
드샤나네	1
드셔	1
드셔보신	1
드셔요	1
드셨소	1
드셨죠	1
드시겠다구요	1
드시겠어	1
드시려고요	1
드시지	1
드신	1
드실다	1
드실레요	1
드실지	1
득도하신	1
득실대더라	1
든가	1
든건	1
든게	1
든다고	1
든다니까	1
든든하지	1
든든한	1
듣게나	1
듣겠느냐	1
듣겠니	1
듣기는	1
듣긴	1
듣냐고	1
듣는다고	1
듣는다니까	1
듣니	1
듣더니	1
듣던	1
듣든지	1
듣잖아	1
듣죠	1
듣지를	1
들개다	1
들개들	1
들개라니까	1
들거야	1
들거예요	1
들걸	1
들게	1
들겠다는	1
들고양이	1
들기	1
들끓고	1
들던가	1
들던가요	1
들도록	1
들라	1
들라구	1
들락댔다구	1
들래	1
들러볼까	1
들러붙어	1
들러줘서	1
들렀나요	1
들렀니	1
들려고	1
들려는	1
들려주고	1
들려주련	1
들려주세요	1
들려주시곤	1
들려주실	1
들려주었다	1
들려줄게	1
들려줄까	1
들려줄까요	1
들려줄래	1
들렸나	1
들렸는데	1
들렸다	1
들렸다가는	1
들렸다고	1
들렸어요	1
들르고	1
들르라고	1
들르면	1
들르실	1
들른	1
들를까요	1
들리게	1
들리고	1
들리기나	1
들리냐고	1
들리는가	1
들리는지	1
들리시나요	1
들리시오	1
들리시죠	1
들린다구	1
들릴	1
들립니다	1
들먹이다니	1
들먹이지	1
들며	1
들면서	1
들면요	1
들소	1
들썩이다	1
들아와	1
들어가거라	1
들어가겠다	1
들어가는데	1
들어가니	1
들어가니까	1
들어가다니	1
들어가더라고요	1
들어가본	1
들어가볼래	1
들어가봐	1
들어가세	1
들어가시면	1
들어가십시오	1
들어가야죠	1
들어간대	1
들어갈게	1
들어갈래요	1
들어갑시다	1
들어갔나요	1
들어갔는지	1
들어갔는지는	1
들어갔다고	1
들어갔던	1
들어갔소	1
들어갔습니다	1
들어갔었다고	1
들어갔으면	1
들어갔죠	1
들어나	1
들어냈냐고	1
들어달라고	1
들어보겠나	1
들어보긴	1
들어보다	1
들어보셨나요	1
들어보셨습니까	1
들어보셨어요	1
들어보시오	1
들어보시죠	1
들어볼	1
들어봐봐	1
들어봤다	1
들어봤다고	1
들어봤소	1
들어봤습니까	1
들어봤을	1
들어서자마자	1
들어선	1
들어야겠니	1
들어야지	1
들어오겠나	1
들어오겠니	1
들어오기	1
들어오냐	1
들어오라고	1
들어오란	1
들어오랬냐	1
들어오려고	1
들어오면	1
들어오셨나요	1
들어오셨다고요	1
들어오시랍니다	1
들어오신	1
들어오실	1
들어오실래요	1
들어오십쇼	1
들어오십시오	1
들어온다고	1
들어온지	1
들어올려야	1
들어올릴	1
들어왔나	1
들어왔느냐	1
들어왔는가	1
들어왔다고	1
들어왔소	1
들어왔습니다	1
들어왔을	1
들어왔을지도	1
들어왔지요	1
들어있겠지	1
들어주겠구만	1
들어주겠군	1
들어주겠네	1
들어주겠소	1
들어주는데	1
들어주는데요	1
들어주면	1
들어주시길	1
들어주시는	1
들어주죠	1
들어줄게	1
들어줄까	1
들어할껄	1
들었겠어	1
들었겠죠	1
들었고	1
들었군	1
들었길래	1
들었냐고	1
들었는데요	1
들었다가	1
들었다는	1
들었단	1
들었던가	1
들었던데	1
들었데요	1
들었든	1
들었수	1
들었습니까	1
들었었는지	1
들었으니	1
들었으니까	1
들었으면	1
들었을까요	1
들여놓는	1
들여놔요	1
들여다보겠나	1
들여다보고	1
들여다보아라	1
들여다봐야	1
들여보내겠다	1
들여보내려고	1
들여보내지	1
들여보낸	1
들여보낼까	1
들여야	1
들여온다는	1
들여와	1
들였다는	1
들으니	1
들으라	1
들으란	1
들으려	1
들으며	1
들으면서	1
들으시라고	1
들으시면요	1
들을거	1
들을걸	1
들을꺼야	1
들을래요	1
들이	1
들이다니	1
들이닥치는	1
들이닥치면	1
들이닥친	1
들이대지	1
들이댔잖아	1
들이라니	1
들이마셔볼래	1
들이마셨어	1
들이마셨으니까	1
들이마십시오	1
들이밀	1
들이밀면	1
들이밀어	1
들이박지	1
들이받는다고	1
들이었잖아요	1
들이켜라	1
들이켰다	1
들이키라고	1
들이킬래	1
들인	1
들일	1
들일까요	1
들자	1
들자면	1
들죠	1
들켜	1
들켰나	1
들켰는지도	1
들켰다는	1
들켰을지도	1
들키겠소	1
들키기	1
들키잖아	1
들키지	1
들킬까	1
들통나다	1
들통나지	1
들통날걸	1
듬뿍있어야	1
듭니다	1
듭시다	1
듯하며	1
등가죽	1
등골	1
등교	1
등긁개	1
등기	1
등대	1
등록되어	1
등록할	1
등록해야겠어	1
등반하다	1
등불	1
등신들	1
등신들아	1
등심	1
등장해서	1
등장했었어	1
등지고	1
디도스	1
디밀어	1
디쉬	1
디스코	1
디스코장	1
디스코텍	1
디아뮈드	1
디안느	1
디안드라	1
디어드레씨	1
디어츠	1
디에드레	1
디오르	1
디자인했다	1
디자인했어	1
디즈니 랜드	1
디지털화	1
디콘	1
디킨스	1
디팩	1
디펜스	1
디히트리히	1
딛다	1
딜도	1
딜라몬드	1
딜란	1
딜러들	1
따	1
따가워요	1
따갑고	1
따기	1
따끈해졌는데	1
따끔거리게	1
따끔하고	1
따끔하냐고	1
따끔했나	1
따내기	1
따낸	1
따놓고	1
따놓은	1
따놨지	1
따님요	1
따돌릴	1
따돌립니다	1
따듯하다	1
따뜻하네	1
따뜻하다고	1
따뜻하든	1
따뜻하죠	1
따뜻한가	1
따뜻함	1
따뜻해서	1
따뜻해지지	1
따라가게	1
따라가긴	1
따라가는	1
따라가다	1
따라가라	1
따라가려고	1
따라가서요	1
따라가세요	1
따라갈	1
따라나서	1
따라나왔어	1
따라다녀야	1
따라다니게	1
따라다니는	1
따라다니세요	1
따라봐	1
따라붙고	1
따라붙나	1
따라붙는다	1
따라붙었어	1
따라오겠니	1
따라오겠지	1
따라오냐	1
따라오는데	1
따라오도록	1
따라오라니까	1
따라오렴	1
따라오시죠	1
따라오실래요	1
따라온다고	1
따라올까요	1
따라왔니	1
따라왔어	1
따라왔어요	1
따라왔을까	1
따라잡으려고	1
따라잡을	1
따라잡혔어	1
따라잡히는	1
따라주겠소	1
따라준	1
따랐다	1
따러	1
따려는	1
따로하겠나	1
따르겠다고	1
따르겠습니다	1
따르기로	1
따르라고	1
따르면	1
따르셔야	1
따르자	1
따른다고	1
따른다는	1
따릅니다	1
따먹을	1
따먹자	1
따분하든	1
따이유-방	1
따져	1
따져요	1
따주겠어	1
따지게	1
따지는	1
따지면	1
따지자면	1
따지지마	1
딱딱	1
딱딱하게	1
딱딱하긴	1
딱아요	1
딱이겠어요	1
딱이내	1
딱해라	1
딱해서	1
딴거	1
딴게	1
딴따라	1
딴말	1
딴사람	1
딴생각	1
딴소리하고	1
딴죽	1
딴짓하다	1
딸게요	1
딸딸이	1
딸리거든	1
딸아	1
딸아이	1
딸아이는	1
딸애	1
딸헌티	1
땀띠	1
땄다고요	1
땄어	1
땄잖아	1
땄지	1
땅군	1
땅굴	1
땅꾼놈들	1
땅밑	1
땅요	1
땋아봐도	1
땋았다	1
때고	1
때까진	1
때깔	1
때들	1
때려달라고	1
때려보라고	1
때려서	1
때려요	1
때려잡았다	1
때려잡자	1
때려죽여요	1
때려죽일까요	1
때려줄	1
때려치우고	1
때려치울까	1
때려치워	1
때렸나요	1
때렸다고	1
때렸죠	1
때리게	1
때리겠다고	1
때리겠지만	1
때리고	1
때리던가요	1
때리라는	1
때리려고	1
때리세요	1
때리셨나요	1
때리셨잖아요	1
때리시겠다	1
때리시려고	1
때리시죠	1
때리지마	1
때리진	1
때린놈	1
때린다	1
때마침	1
때매	1
때우겠다	1
때우고	1
때우다	1
때워요	1
땍땍대네	1
땐데요	1
땐요	1
땜시	1
땜시래	1
땡땡이쳤냐	1
땡땡이치는	1
떠나가라	1
떠나겠네	1
떠나겠다고	1
떠나겠어	1
떠나길	1
떠나나요	1
떠나는게	1
떠나는지	1
떠나다니	1
떠나든	1
떠나라고요	1
떠나려는	1
떠나려던	1
떠나버렸어	1
떠나버린	1
떠나보낼	1
떠나볼까	1
떠나서	1
떠나서는	1
떠나선	1
떠나셨죠	1
떠나시게요	1
떠나시다니	1
떠나시죠	1
떠나신다고	1
떠나십니까	1
떠나야돼	1
떠나자고	1
떠나죠	1
떠나줘	1
떠난다고요	1
떠난다는	1
떠난대	1
떠날거야	1
떠날래	1
떠납니까	1
떠납시다	1
떠났나	1
떠났냐고	1
떠났다는	1
떠났다니	1
떠났소	1
떠났습니다	1
떠났을지도	1
떠내면	1
떠냐	1
떠넘기면	1
떠느냐	1
떠다닐	1
떠돌이라더니	1
떠드나	1
떠드는	1
떠든	1
떠든다고	1
떠들더니	1
떠들석	1
떠들썩하네	1
떠들썩해	1
떠들었는데	1
떠들었어	1
떠들지	1
떠밀려	1
떠밀었어	1
떠받들게	1
떠받치고	1
떠받치는지	1
떠버리는	1
떠벌리고	1
떠벌이	1
떠보니	1
떠보려는	1
떠보자고	1
떠봐	1
떠안은	1
떠오는	1
떠오르고	1
떠오르죠	1
떠오른다	1
떠올랐냐고	1
떠올려	1
떠올리겠어	1
떠와	1
떠있니	1
떡먹기	1
떡밥	1
떡쳐서	1
떡칠	1
떤다고	1
떨	1
떨게	1
떨기는	1
떨려	1
떨린다	1
떨어뜨렸네요	1
떨어뜨렸다	1
떨어뜨렸어	1
떨어뜨리다니	1
떨어뜨리라고	1
떨어뜨리지	1
떨어뜨릴	1
떨어져라	1
떨어져서	1
떨어져야	1
떨어져있다	1
떨어졌냐	1
떨어졌네	1
떨어졌는데	1
떨어졌다고	1
떨어졌다는	1
떨어졌습니다	1
떨어졌지	1
떨어졌지만	1
떨어지겠네	1
떨어지겠다	1
떨어지겠어	1
떨어지기도	1
떨어지랬잖아	1
떨어지죠	1
떨어진다구	1
떨어질까요	1
떨어질지	1
떨어트리다니	1
떨었나	1
떨었지	1
떨요	1
떫어	1
떫은	1
떴어	1
떵떵거릴껄	1
떼긴	1
떼끼	1
떼나요	1
떼낼	1
떼는	1
떼돈	1
떼러	1
떼면	1
떼봐	1
떼쓰고	1
떼씹하고	1
떼야지	1
떼어내는	1
떼어낸다고	1
떼어낼	1
떼어놓으려	1
떼어놓을	1
떼어줌	1
떼자마자	1
뗄	1
뗐냐	1
또다른	1
또라니	1
또라이년	1
또라이들	1
또라인줄	1
또렷해져	1
또야	1
똑같고	1
똑같구나	1
똑같다는	1
똑같더라고	1
똑같에요	1
똑같은데	1
똑같잖아	1
똑같죠	1
똑같진	1
똑똑똑	1
똑똑하거든	1
똑똑하고	1
똑똑하구나	1
똑똑하다	1
똑똑하다는	1
똑똑하셔	1
똑똑하죠	1
똑똑한가	1
똑똑한데	1
똑똑한지	1
똑똑할	1
똑똑해지고	1
똑부러지게	1
똘똘한	1
똘빡	1
똥갈보	1
똥강아지	1
똥꼬	1
똥내	1
똥배	1
똥오줌	1
똥자루	1
똥틀러	1
뚜껑	1
뚜비	1
뚫는	1
뚫렸다	1
뚫렸지	1
뚫린	1
뚫립니다	1
뚫어	1
뚫었는데	1
뚫었어	1
뚫으라고	1
뚫을	1
뚫지	1
뚱딴지	1
뚱뚱이라	1
뚱뚱이요	1
뚱뚱하냐	1
뚱뚱하다	1
뚱뚱해졌구나	1
뚱한	1
뛰거라	1
뛰기	1
뛰는게	1
뛰라니까	1
뛰면	1
뛰어가다	1
뛰어간다	1
뛰어나구나	1
뛰어나다	1
뛰어나다고	1
뛰어나다는	1
뛰어납니다	1
뛰어내려요	1
뛰어내렸다던	1
뛰어내렸어	1
뛰어내리고	1
뛰어내리지	1
뛰어내릴	1
뛰어다니게	1
뛰어든	1
뛰어야	1
뛰어왔는데	1
뛰어탄다	1
뛰었냐고	1
뛰었냐니까	1
뛰었다	1
뛰잖아요	1
뛰지마	1
뛰쳐	1
뛰쳐나가	1
뛰쳐나가서	1
뛰쳐나간	1
뛰쳐나갔다	1
뛴다는	1
뛸걸	1
뛸게요	1
뛸까	1
뛸래	1
뜁니다	1
뜨개질하고	1
뜨거버라	1
뜨거운데	1
뜨거운지	1
뜨거워야	1
뜨겁단	1
뜨겁든	1
뜨겁지	1
뜨겠어	1
뜨고가	1
뜨기	1
뜨나	1
뜨네요	1
뜨자고	1
뜬	1
뜬눈	1
뜬다	1
뜯겨	1
뜯긴	1
뜯는	1
뜯어갈	1
뜯어내	1
뜯어내고	1
뜯어내는	1
뜯어낸	1
뜯어놓았습니다	1
뜯어라	1
뜯어먹는	1
뜯어먹으면	1
뜯어버린다	1
뜯어봐요	1
뜰까	1
뜻밖	1
뜻하는	1
뜻하는지	1
뜻하는지는	1
뜻할	1
뜻해	1
띄울	1
띄울까요	1
띄워볼래요	1
띄워줄래	1
띠	1
띠다	1
띠도록	1
띠딩	1
띠아나	1
띨띨이	1
띨빡이	1
띨빵	1
띵까고	1
띵동	1
라고까지	1
라고도	1
라고만	1
라구나	1
라누스	1
라는데	1
라는지도	1
라니까요	1
라더군	1
라도가	1
라떼	1
라루스	1
라르시	1
라마교	1
라면서	1
라반	1
라벤더	1
라스	1
라스베이거스	1
라야	1
라야만	1
라우다	1
라우어리	1
라운드	1
라운지	1
라이	1
라이너	1
라이네만	1
라이라이	1
라이먼	1
라이센스	1
라이스	1
라이치양	1
라이톨러	1
라이플	1
라이히스라이터님	1
라일	1
라일락	1
라일리	1
라임병	1
라저	1
라져	1
라주와	1
라즈베리	1
라지	1
라지만	1
라지요	1
라통	1
라포튠	1
라퓨타인	1
라프라드	1
라피엘	1
락삭스	1
락스	1
락업	1
랄피	1
랍니다	1
랍스타	1
랑은	1
래디얼	1
래복	1
래치	1
랜더호	1
랜드	1
랜빌	1
랜서	1
랜턴	1
랬어	1
랬어요	1
러그말	1
러브레터	1
러셀	1
러스틱	1
러시아군	1
러시아놈들	1
러시아놈들아	1
러시아인들	1
럭비	1
럼	1
레골라스	1
레나타	1
레나토	1
레논	1
레드라인	1
레드북	1
레드카펫	1
레몬 머랭 파이	1
레몬즙	1
레몬티	1
레미 마르탱	1
레미콘	1
레믹	1
레벤스라움	1
레비	1
레비코푸스	1
레슨	1
레슬링	1
레시피	1
레어급	1
레오	1
레이건	1
레이니	1
레이디	1
레이스하기엔	1
레이시	1
레이싱트랙	1
레이싱팀	1
레이요	1
레이지	1
레이철도	1
레이크쇼	1
레인저호	1
레인코트	1
레일카	1
레제지	1
레즈니	1
레코드판	1
렉터박사	1
렌코	1
렘바스	1
렘브란트	1
려고만	1
려면	1
로고	1
로고송	1
로군요	1
로그아웃	1
로그인	1
로꼬	1
로널드	1
로다가	1
로드 아일랜드	1
로드니	1
로드아일랜드	1
로든	1
로라	1
로레인	1
로마규정	1
로마엔	1
로마인	1
로맨틱하게	1
로맨틱해	1
로메리투	1
로메리투니	1
로미오	1
로버츠씨	1
로빈 후드	1
로선	1
로스엔젤레스행	1
로스트로포비치	1
로시	1
로시니	1
로시란	1
로씨	1
로움	1
로웨나 래번클로	1
로익	1
로제	1
로큰롤	1
로한인	1
롤러	1
롤프	1
롱비치	1
루겐	1
루돌프 헤스	1
루루	1
루마니아	1
루미씨	1
루브제	1
루스	1
루스카 로마	1
루시	1
루시우스	1
루쓰	1
루안	1
루카요	1
루커	1
루클레어	1
루터교	1
루터교인	1
루페랑	1
루푸스	1
루프트한자	1
루프한자	1
룬트	1
룰	1
룰렛	1
룰루	1
룸들	1
룸메	1
룸서비스요	1
류머티즘	1
류샤	1
류진샤오	1
류타	1
르네	1
르느와	1
르로이	1
르벨	1
리가	1
리가 하	1
리그	1
리눅스	1
리더마크엔	1
리더십	1
리덕토	1
리드	1
리들	1
리디	1
리디아	1
리띠	1
리모	1
리모서비스	1
리모콘	1
리무스	1
리무진	1
리버럴	1
리베이트	1
리벳	1
리볼버	1
리샤라뇨	1
리소토	1
리알또	1
리앙	1
리얼루	1
리자	1
리처드 힐	1
리체	1
리카	1
리콜	1
리퀄	1
리퀴드	1
리크	1
리탈린	1
리터	1
리프트카	1
리프헨	1
리플리컨트	1
릭키	1
릴	1
릴루요	1
릴리스	1
릴리아나요	1
릴리안	1
림	1
링난	1
링에와	1
링컨센터	1
링크집	1
마감하고	1
마개	1
마구간	1
마구잡이로	1
마굿간	1
마그다씨	1
마기	1
마나	1
마누	1
마누라까정	1
마늘냄새	1
마다가스카르	1
마다하겠어요	1
마다할까요	1
마들렌	1
마들렌기인	1
마디라	1
마땅한	1
마땅합니다	1
마땅히	1
마라도나	1
마러	1
마레스	1
마려워	1
마려웠더라고	1
마련된	1
마련하게	1
마련하다	1
마련해야지	1
마련해줄	1
마련했나요	1
마련했어요	1
마르게리타	1
마르고	1
마르다	1
마르찬	1
마르치오네	1
마르코니	1
마르크스주의	1
마르키노	1
마르탱	1
마른가요	1
마릅니다	1
마리아요	1
마리안느	1
마리오네트	1
마리카	1
마마보이	1
마무리될	1
마무리할	1
마무리할래	1
마무리해라	1
마법들	1
마법벽	1
마비시키지	1
마빈	1
마빡아	1
마사	1
마사지	1
마셔버렸지	1
마셔버릴	1
마셔볼래	1
마셔봤어요	1
마셔야지	1
마셨네	1
마셨다	1
마셨죠	1
마소	1
마쇼	1
마수리	1
마술쇼	1
마쉬	1
마쉬카	1
마스카포네	1
마스터키	1
마시겠나	1
마시겠습니까	1
마시고싶어요	1
마시나요	1
마시던가	1
마시도록	1
마시라고	1
마시려고	1
마시며	1
마시잖아요	1
마실걸	1
마실까	1
마십니까	1
마쓰고	1
마약단속국엔	1
마약산업	1
마약상	1
마약쟁이	1
마우스	1
마우지	1
마운드 바이유	1
마을사람들	1
마을엔	1
마음껏	1
마음대로요	1
마음먹거나	1
마음먹었다	1
마음속엔	1
마음아	1
마이너스	1
마이네케	1
마이로니	1
마이애미 뮤추얼	1
마이크로프로세서	1
마이클 메이슨	1
마인	1
마인트	1
마일	1
마자	1
마작패	1
마작하시는데	1
마주	1
마주쳤어	1
마주치거나	1
마주치다	1
마주치면	1
마주친	1
마주해	1
마주해서	1
마중나갈거야	1
마지막이든	1
마지못해서	1
마쳤고	1
마취시키고	1
마취탄	1
마치셨는데	1
마친	1
마카로요	1
마컴	1
마테차	1
마포자루	1
마포자루같이	1
마히토다	1
막강할진대	1
막겠다고	1
막겠다더니	1
막겠어	1
막냐	1
막는다	1
막는단	1
막달레나가	1
막대한	1
막더니	1
막막하다	1
막아내지	1
막아낼	1
막아라	1
막아보여야	1
막아왔다	1
막아준다고	1
막아준단다	1
막아줄	1
막아줄게요	1
막아줘	1
막았다구	1
막았소	1
막았죠	1
막찰	1
막토	1
막판	1
막혀	1
막혀라	1
막혔군	1
막혔냐	1
막혔다고	1
막히고	1
막히네	1
막히는	1
막힌	1
만기된	1
만끽하면	1
만끽했니	1
만나겠네	1
만나겠지	1
만나곤	1
만나기도	1
만나긴	1
만나길	1
만나냐고요	1
만나다니	1
만나더니	1
만나도	1
만나도록	1
만나러요	1
만나보겠소	1
만나보고	1
만나보시기	1
만나볼래	1
만나봐도	1
만나봐야	1
만나봤소	1
만나봤죠	1
만나셨나요	1
만나셨죠	1
만나셨지	1
만나실까	1
만나준다면	1
만나지마	1
만난다	1
만난다고	1
만난다던	1
만날거야	1
만날래	1
만날수	1
만남인사	1
만납시다	1
만났게	1
만났고	1
만났냐고	1
만났는지	1
만났니	1
만났다더니	1
만났다면	1
만났다면서	1
만났습니다	1
만났었던	1
만났었지	1
만년필	1
만다	1
만달레이	1
만도	1
만드는데요	1
만드니	1
만드려는	1
만드셨나요	1
만드셨다	1
만드소서	1
만드신다고요	1
만든다는	1
만들게	1
만들게요	1
만들기로	1
만들까봐	1
만들래요	1
만들려고	1
만들려구	1
만들려는	1
만들수	1
만들어내	1
만들어낸게	1
만들어낸대요	1
만들어놨지	1
만들어라	1
만들어버려	1
만들어버릴	1
만들어보자	1
만들어볼까	1
만들어볼까요	1
만들어서	1
만들어야겠군	1
만들어야겠어요	1
만들어주신	1
만들어줄텐데	1
만들어지지	1
만들어진다	1
만들었나	1
만들었나요	1
만들었는지	1
만들었다고	1
만들었다구요	1
만들었단다	1
만들었소	1
만들었을까	1
만들었죠	1
만들자는데	1
만들잖아	1
만료된다고	1
만만치	1
만만한	1
만만합니까	1
만만해	1
만만해졌다	1
만민평등	1
만에	1
만연했다	1
만용갑	1
만의	1
만인	1
만일에	1
만져보면	1
만져져요	1
만졌다고	1
만졌을	1
만족도	1
만족스러워요	1
만족스러웠던	1
만족스러웠었어	1
만족시켜	1
만족시키기	1
만족하겠네	1
만족하겠는가	1
만족하고	1
만족하는	1
만족하단다	1
만족하세요	1
만족하시나	1
만족하십니까	1
만족할	1
만족할래	1
만주는	1
만쥬	1
만지니	1
만지지도	1
만질	1
만큼이나	1
만하군	1
만하냐	1
만하진	1
만한데	1
만한데요	1
만했죠	1
만행	1
만회하려고	1
많거든요	1
많겠구나	1
많겠군요	1
많겠어	1
많겠죠	1
많군요	1
많기도	1
많긴	1
많다던데	1
많답니다	1
많더군요	1
많던데요	1
많데	1
많든	1
많소	1
많아져요	1
많아졌겠네요	1
많아졌지	1
많아지고	1
많아지는	1
많아지셨지	1
많았겠소	1
많았네	1
많았는데	1
많았는지	1
많았다	1
많았더라고	1
많았어	1
많았을	1
많으니까	1
많으십니다	1
많을걸	1
많을걸요	1
많을게야	1
많을까	1
많을텐데	1
많이간거	1
많이든	1
많이들	1
많잖니	1
많잖아요	1
많지는	1
말거	1
말겠어	1
말고기	1
말고삐	1
말곤	1
말구요	1
말까	1
말년	1
말다툼하는	1
말단	1
말도록	1
말든가	1
말든지	1
말뚝	1
말라도	1
말라르메	1
말라며	1
말라버렸어	1
말라버린	1
말라요	1
말라캤지	1
말랐네	1
말랐니	1
말랐다니까	1
말랐잖아	1
말랐지	1
말래도	1
말래도요	1
말래요	1
말랬잖아요	1
말레이시아	1
말려들도록	1
말려보려고	1
말려봤자	1
말려요	1
말렸다니까요	1
말렸어	1
말리	1
말리게	1
말리겠네	1
말리겠니	1
말리지마	1
말린다니까	1
말릴	1
말릴거야	1
말미	1
말빨	1
말뿐	1
말살해야	1
말소리	1
말싸움	1
말썽부리게	1
말썽부리지	1
말썽부린	1
말썽이래	1
말썽쟁이	1
말씀드려야	1
말씀드려야만	1
말씀드려요	1
말씀드렸잖습니까	1
말씀드리기	1
말씀드리니까	1
말씀드리러	1
말씀드리면	1
말씀드리오	1
말씀드리지	1
말씀인즉슨	1
말씀하라고	1
말씀하셔	1
말씀하셨나요	1
말씀하셨습니다	1
말씀하시는거	1
말씀하시는데	1
말씀하실는지	1
말씀하십시오	1
말씀해주시겠습니까	1
말씀해주시겠어요	1
말씀해주실	1
말아달란	1
말아라	1
말아먹냐	1
말아먹었어	1
말아야	1
말아야겠지	1
말아줄래	1
말아줘어어	1
말았군	1
말았다	1
말엔	1
말이군	1
말이네	1
말이니	1
말이요	1
말인데	1
말조심하시오	1
말조심해야	1
말조심해요	1
말좀	1
말주변	1
말차	1
말포이	1
말하겠다	1
말하겠습니까	1
말하겠어	1
말하겠지	1
말하고자	1
말하긴	1
말하네	1
말하는게지	1
말하니	1
말하다가	1
말하던가요	1
말하도록	1
말하라고요	1
말하라면서	1
말하래	1
말하려	1
말하려나봐	1
말하려는	1
말하렴	1
말하마	1
말하시다니요	1
말하였습니다	1
말하잖아	1
말하죠	1
말하지그래	1
말하지는	1
말한다는	1
말한대로	1
말한지도	1
말할거야	1
말할까	1
말할께	1
말해달란	1
말해두겠다	1
말해둬	1
말해보거라	1
말해보다	1
말해보란	1
말해보셔어어어	1
말해볼래요	1
말해봤자	1
말해야겠어요	1
말해야죠	1
말해야할	1
말해주는	1
말해주는데	1
말해주시오	1
말해주어서	1
말해주었잖아	1
말해주진	1
말해준	1
말해준다고	1
말해줄거야	1
말해줄래요	1
말해줘야지	1
말해줘요	1
말해줬네	1
말해줬니	1
말해줬음	1
말해줬지	1
말햇을	1
말했거늘	1
말했건만	1
말했겠어요	1
말했길래	1
말했네	1
말했다간	1
말했다고요	1
말했다는	1
말했단	1
말했습니까	1
말했었죠	1
말했었지	1
말했으니까	1
말했으면	1
말했을걸	1
말했을까	1
말했잖나	1
말허냐는디요	1
맑다	1
맑든	1
맑아야죠	1
맑아지는	1
맙시다	1
맛보고	1
맛보기	1
맛보셨다	1
맛보자	1
맛본	1
맛봐	1
맛없든	1
맛있겠지	1
맛있군요	1
맛있나	1
맛있나요	1
맛있네요	1
맛있는데	1
맛있다고	1
맛있대	1
맛있든	1
맛있었나	1
맛있으니	1
맛있을	1
맛있을걸	1
맛좋은	1
망가뜨려놨어요	1
망가뜨렸는지	1
망가뜨리는	1
망가뜨리지	1
망가뜨릴	1
망가졌구나	1
망가졌네	1
망가졌는데	1
망가졌어요	1
망가졌을	1
망가졌잖아	1
망가지고	1
망가지자	1
망가진	1
망각하고	1
망나니	1
망년회	1
망라됐군요	1
망령들지	1
망루	1
망막	1
망명처	1
망보던	1
망상증상	1
망설이나	1
망설이나요	1
망설이세요	1
망설이시는	1
망설일	1
망신당하지	1
망신스러워서	1
망아지	1
망원경	1
망정	1
망지노	1
망쳐놓고	1
망쳐놨어요	1
망쳐놨지	1
망쳐버렸다	1
망쳐버릴지	1
망쳐주겠어	1
망쳤다	1
망치게	1
망치려	1
망치려고요	1
망치지	1
망친다	1
망하기	1
망한	1
망할년	1
망해가고	1
망해가는데	1
맞겠냐	1
맞겠죠	1
맞겠지	1
맞고도	1
맞고요	1
맞군	1
맞기	1
맞는구나	1
맞는다면서	1
맞다니까	1
맞다면	1
맞닥뜨리면	1
맞대는	1
맞대다	1
맞든	1
맞먹어	1
맞바꿀	1
맞서거든	1
맞서겠다	1
맞서겠습니까	1
맞서면	1
맞서야	1
맞선다	1
맞섭시다	1
맞수	1
맞아가네	1
맞아볼래	1
맞아주세요	1
맞아죽을	1
맞았거든	1
맞았나요	1
맞았냐	1
맞았는데도	1
맞았니	1
맞았다고	1
맞았단	1
맞았잖아	1
맞어	1
맞으려나	1
맞으면서	1
맞으세요	1
맞은게지	1
맞을래	1
맞을지도	1
맞이하고	1
맞이하는	1
맞이할	1
맞이합니다	1
맞이해주렴	1
맞잡다	1
맞장	1
맞장구나	1
맞지마	1
맞질	1
맞짱	1
맞추라는	1
맞춘	1
맞춘다는	1
맞출	1
맞춰보세요	1
맞춰줄까	1
맞춰줄래요	1
맞췄나	1
맞혀볼까	1
맞혔네	1
맞혔다	1
맞혔어	1
맞히다	1
맞히면서	1
맞힐까	1
맡거라	1
맡겠어	1
맡겨놨어요	1
맡겨두었습니다	1
맡겨둘까요	1
맡겨둬	1
맡겨보자	1
맡겨봅시다	1
맡겨요	1
맡겼나	1
맡겼지	1
맡기겠나	1
맡기겠다고요	1
맡기곤	1
맡기려는	1
맡기시는	1
맡긴	1
맡긴다고	1
맡길까요	1
맡길래	1
맡는	1
맡는다	1
맡다	1
맡아야	1
맡아줄래요	1
맡았나요	1
맡았는데	1
맡으면	1
맡으셨던	1
매각하다	1
매갓	1
매그니토	1
매기다	1
매긴다고	1
매끈하게	1
매끈한	1
매년마다	1
매닉스	1
매다는	1
매단다고	1
매달고	1
매달까	1
매달리겠다고	1
매달리는	1
매달린	1
매달릴	1
매달아	1
매달았지	1
매도해	1
매디	1
매라니까	1
매력남	1
매력넘치고	1
매매	1
매무새	1
매복했었군	1
매사	1
매사추세츠주	1
매산이	1
매상	1
매서	1
매수자	1
매수했어	1
매실장아찌	1
매연	1
매요	1
매월	1
매웠지	1
매음굴	1
매일요	1
매입한다는	1
매장했다면서	1
매정하셔	1
매정해요	1
매줬지	1
매초마다	1
매츠	1
매카트니	1
매캘리스터	1
매켄지	1
매콤한	1
매혹적	1
맥갠	1
맥라렌	1
맥아더	1
맥퀸	1
맥클러스키	1
맨골드	1
맨들리	1
맨들리는	1
맨들리야	1
맨몸	1
맨살	1
맨스필드	1
맨시티	1
맨입	1
맨입에야	1
맨티스	1
맬	1
맷	1
맸죠	1
맹기노	1
맹렬한	1
맹목적으로	1
맹사	1
맹세라니요	1
맹세하건대	1
맹세하고	1
맹세하네	1
맹세하느냐고요	1
맹세하는데	1
맹세하라니까	1
맹세하죠	1
맹세하지	1
맹세할게	1
맹세해야	1
맹세했소	1
맹세했습니다	1
맹세했어	1
맹세했잖아요	1
맹장	1
맺어줘도	1
맺어진	1
맺었겠냐	1
맺었어	1
맺었어요	1
맺었었나	1
맺을	1
머그잔	1
머글	1
머글들	1
머금은	1
머더는겨	1
머리색	1
머리엔	1
머리카락요	1
머리칼	1
머리털	1
머릿수	1
머릿수건	1
머무는데	1
머무르게	1
머무르겠습니다	1
머무르는	1
머무르세요	1
머무르실	1
머무르십시오	1
머무실	1
머문	1
머물렀나	1
머물렀다	1
머물렀어	1
머물면	1
머뭇거렸어	1
머스탱	1
머시라	1
머시라꼬	1
머시요	1
머신	1
머야	1
머어어프	1
머잖아	1
머지않아	1
머큐리	1
머큐시오	1
머트 샌더스	1
머틀	1
머펫	1
머플러	1
머핀	1
머하	1
머하는거여	1
머햐	1
먹거라	1
먹겠느냐	1
먹겠단	1
먹겠더라	1
먹겠습니다	1
먹겠죠	1
먹고살고	1
먹고살긴	1
먹고살았잖아요	1
먹고싶어	1
먹고요	1
먹기로	1
먹느라	1
먹는다니까	1
먹는데	1
먹는지	1
먹다니	1
먹더라	1
먹던	1
먹던데	1
먹어대는	1
먹어두는	1
먹어둬라	1
먹어버렸나	1
먹어버렸어	1
먹어버릴	1
먹어볼까	1
먹어볼래	1
먹어봐요	1
먹어봤어	1
먹어봤지	1
먹어서도	1
먹어야만	1
먹어치우다니	1
먹었냐	1
먹었네	1
먹었다고	1
먹었대거든	1
먹었습니까	1
먹었으면	1
먹었을걸	1
먹었을까	1
먹었죠	1
먹여드릴까요	1
먹여버려	1
먹여야	1
먹여주냐	1
먹였다고	1
먹으란거	1
먹으란다고	1
먹으래	1
먹으려고	1
먹으려나	1
먹으려는	1
먹으렴	1
먹으며	1
먹으면서	1
먹으세요	1
먹을거리	1
먹을건	1
먹을걸요	1
먹을게	1
먹을꺼야	1
먹을수	1
먹이네	1
먹이는	1
먹이려고요	1
먹인다고	1
먹인다고요	1
먹일	1
먹자는	1
먹잖아	1
먹지도	1
먹칠	1
먹칠하는	1
먹튀	1
먹혀요	1
먹혔어	1
먹힌다고	1
먼데요	1
먼로	1
먼일	1
먼저면	1
먼지투성이	1
먼치킨 랜드	1
멀거나	1
멀고	1
멀다	1
멀든	1
멀른	1
멀리든	1
멀리하기	1
멀리할	1
멀어서	1
멀었고	1
멀었다니	1
멀죠	1
멀쩡하거든	1
멀쩡한데	1
멀쩡한데도	1
멀쩡할	1
멀쩡해요	1
멀쩡했는데	1
멀찌감치	1
멀티	1
멀티버스	1
멈	1
멈추거든요	1
멈추게하고	1
멈추겠지	1
멈추길	1
멈추라는	1
멈추시는	1
멈추죠	1
멈추지말고	1
멈추진	1
멈추질	1
멈출게요	1
멈출래	1
멈출래요	1
멈춥디까	1
멈춰보라고요	1
멈춰봐	1
멈춰봐요	1
멈춰서	1
멈춰서는	1
멈춰주세요	1
멈춰주지	1
멈췄나	1
멈췄나요	1
멈췄어요	1
멈췄죠	1
멈칫하게	1
멋	1
멋있게	1
멋있군	1
멋있군요	1
멋있네요	1
멋있는	1
멋있는지	1
멋있든	1
멋있을까	1
멋졌다구	1
멋졌소	1
멋졌어	1
멋지겠네요	1
멋지겠지	1
멋지군	1
멋지니	1
멋지다고	1
멋지다고요	1
멋지시네요	1
멋지신데요	1
멋지십니다	1
멋지잖아요	1
멋진가	1
멋진걸	1
멋진놈	1
멋진데다가	1
멋진데요	1
멋진지	1
멋하고	1
멋하냐	1
멍멍	1
멍멍이	1
멍청이냐	1
멍청하냐	1
멍청하니까	1
멍청하다고	1
멍청할지	1
멍청함	1
멍청해요	1
멍청히	1
멍충아	1
멍충이	1
멍키보이	1
멎는	1
메	1
메뉴판	1
메디나세이	1
메디나요	1
메뚜기	1
메리한텐	1
메모요	1
메모해	1
메스껍고	1
메스암페타민	1
메슥거려	1
메슥거림	1
메신저	1
메신저스	1
메이다	1
메이데이	1
메이드	1
메이벨	1
메이플	1
메이플스틱	1
메타포	1
메탈	1
메트로폴리스	1
메피스토	1
메피스토요	1
멕네르	1
멕시코인	1
멘도사	1
멘탈	1
멘트	1
멜까	1
멜로	1
멜로디	1
멜빈	1
멜빵	1
멤버	1
멧	1
멧볼	1
멫	1
멱	1
면담	1
면도날	1
면도칼	1
면도하기	1
면목	1
면식범	1
면요	1
면전	1
면제하고	1
면책	1
면하려는	1
면할	1
면했을	1
멸망시킬	1
멸망한	1
멸종	1
멸종됐다	1
멸종할	1
멸해야	1
멸해야지	1
명기수	1
명령하거라	1
명령하면	1
명령하잖아	1
명령하지	1
명령하지마	1
명령했다	1
명령했어	1
명령했을텐데	1
명료하게	1
명료한	1
명명할	1
명목	1
명목상	1
명백하게	1
명백한	1
명불허전	1
명사	1
명세	1
명세서	1
명시적	1
명시적으로	1
명신	1
명심하겠습니다	1
명심하고	1
명심하도록	1
명심하세요	1
명심해둬	1
명심해야	1
명언	1
명예로울	1
명예롭게	1
명예롭게요	1
명예퇴직	1
명자	1
명절날	1
명중했어	1
명칭	1
명필	1
명하셨습니다	1
명하셨죠	1
명하신대로	1
명함	1
명확	1
명확치가	1
명확하다고	1
명확합니다	1
명확해졌다고나	1
몇달	1
몇마디	1
몇살	1
몇시간	1
몇장	1
몇주	1
몇주간	1
모가	1
모건	1
모건 스탠리	1
모국어	1
모나	1
모나리자	1
모나코	1
모네	1
모니터	1
모닥불	1
모델요	1
모독하고	1
모독하려	1
모독하려는	1
모두해서	1
모든선원들	1
모략	1
모레스끄	1
모레이라요	1
모르거든요	1
모르겠고	1
모르겠구나	1
모르겠구먼	1
모르겠냐	1
모르겠느냐	1
모르겠는데요	1
모르겠다고	1
모르겠다고요	1
모르겠다는	1
모르겠단	1
모르겠더라구요	1
모르겠습니까	1
모르굴	1
모르는가	1
모르는걸	1
모르는구나	1
모르는구먼	1
모르더냐	1
모르던	1
모르려나	1
모르모트	1
모르시나	1
모르시는구나	1
모르시우	1
모르시잖아요	1
모르시죠	1
모르십니까	1
모르핀	1
모른다는	1
모른다는데	1
모른다더니요	1
모른다던데	1
모른다면요	1
모른대	1
모를거다	1
모를거라	1
모를거라고	1
모를껄	1
모를테지	1
모를테지만요	1
모리가	1
모리셋	1
모리슨	1
모리지오다	1
모리표	1
모방	1
모방하는	1
모성	1
모세	1
모셔가도	1
모셔둘게	1
모셔뒀다가	1
모셔라	1
모셔야	1
모셔와	1
모셔와라	1
모셔왔다	1
모셨나	1
모스모드레	1
모스크바엔	1
모시게	1
모시겠습니다	1
모시러	1
모신다	1
모신다고	1
모실까	1
모아둔	1
모아라	1
모아봐	1
모아야	1
모아줄	1
모았다	1
모았어요	1
모어	1
모였군요	1
모였어	1
모였으니	1
모욕하기요	1
모욕하는	1
모욕하면	1
모욕할	1
모욕했어	1
모우	1
모은다	1
모은다며	1
모은다면서요	1
모이는	1
모이니까	1
모이라고	1
모이라는데	1
모이셨군	1
모이자	1
모인	1
모인다고	1
모인다는	1
모일	1
모자라서	1
모자라요	1
모자란	1
모조품	1
모질게	1
모차렐라	1
모카	1
모터룸	1
모터사이클	1
모토코	1
모함	1
모함한	1
모험가	1
모호했다	1
모히칸	1
목감기	1
목격	1
목격된	1
목격하겠군	1
목격했다구	1
목격했어	1
목구멍	1
목덜미	1
목마르시죠	1
목마른가	1
목마른데	1
목말라	1
목말랐쪄요	1
목매	1
목발	1
목뿐	1
목사	1
목소린데	1
목숨걸고	1
목엔	1
목욕물	1
목욕탕	1
목욕하고	1
목욕한다는	1
목욕해	1
목욕했니	1
목욕했어	1
목이버섯	1
목장	1
목적인가요	1
목청	1
목초지	1
목타	1
목화	1
몬스터	1
몬차	1
몬케라네	1
몬타나리	1
몬테	1
몬테비데오라던가	1
몰겠어	1
몰다	1
몰두했는지	1
몰라고	1
몰라보겠어요	1
몰라볼	1
몰라볼까	1
몰락	1
몰락시키겠단	1
몰랐거든	1
몰랐구요	1
몰랐다고는	1
몰랐다는	1
몰랐단	1
몰랐던	1
몰랐던거	1
몰랐었지	1
몰랐을까	1
몰려	1
몰려가고	1
몰려오겠군요	1
몰려오지	1
몰려온	1
몰려온다	1
몰려온대	1
몰렸군	1
몰린	1
몰몬교	1
몰살당했어요	1
몰살시키고	1
몰살할	1
몰상식하기	1
몰수할	1
몰아내려면	1
몰아냈었소	1
몰아넣을	1
몰아라	1
몰아본	1
몰아봤나	1
몰아붙인	1
몰아세우는	1
몰았다고요	1
몰핀	1
몸놀림	1
몸뚱이	1
몸무게	1
몸부림쳐라	1
몸속	1
몸속엔	1
몸수색	1
몸싸움	1
몸싸움했고	1
몸져	1
몸조심들	1
몸조심하셔야지	1
몸통	1
몹니까	1
몹쓸	1
못가에	1
못가죠	1
못고치다니	1
못난	1
못난아	1
못되게	1
못되고	1
못된다고	1
못들어	1
못마땅한	1
못만나나요	1
못말려	1
못보셨습니까	1
못본거로	1
못봤나	1
못살	1
못살게	1
못살아	1
못생겨	1
못생겨도	1
못생겨서	1
못생겼다니	1
못생겼든	1
못생기면	1
못생기지	1
못쓰겠다	1
못쓰는	1
못쓴다해도	1
못쓸	1
못와요	1
못읽는다구	1
못잊도록	1
못줘	1
못지않게	1
못지않았습니다	1
못찾았다구	1
못추죠	1
못타요	1
못하겠나	1
못하겠네	1
못하겠는냐	1
못하겠니	1
못하겠다고	1
못하겠단	1
못하겠소	1
못하겠어요	1
못하는군	1
못하는지	1
못하리라	1
못하셔	1
못하셔도	1
못하셨어	1
못하시는데	1
못하잖아요	1
못한걸	1
못한다니	1
못한다니까요	1
못할거	1
못할껄	1
못할망정	1
못할지	1
못합니까	1
못해봤는데	1
못해서야	1
못해져	1
못했나	1
못했나요	1
못했네	1
못했는	1
못했다고요	1
못했다는	1
못했었는지	1
못했으니까	1
못했으면	1
못했잖아요	1
몽기스	1
몽둥이	1
몽둥이질	1
몽미라죠	1
몽상	1
몽상가	1
몽주아	1
몽테주로	1
묘미	1
묘사할까요	1
묘사했죠	1
묘한	1
무감각한	1
무감각했습니다	1
무거우시죠	1
무거운가	1
무거운데요	1
무거워졌구나	1
무거워졌는데	1
무겁네	1
무겁잖아	1
무겁죠	1
무기물	1
무기염	1
무나	1
무난히	1
무너뜨려	1
무너뜨릴	1
무너져	1
무너져요	1
무너졌어요	1
무너지고	1
무너지나	1
무너지는군	1
무너지면	1
무너지지	1
무너진다	1
무너질	1
무능	1
무능력자	1
무능하다고	1
무능한	1
무늬	1
무단결근	1
무단이탈하여	1
무단침입	1
무당파	1
무대가리	1
무대로	1
무뎌질	1
무두질	1
무등	1
무디는	1
무라타	1
무량	1
무력	1
무력해	1
무렵	1
무례	1
무례하거든요	1
무례하기는	1
무례하시네요	1
무례하신	1
무례하잖아	1
무례하지	1
무례할까	1
무례함	1
무례했군	1
무례했나요	1
무례했다	1
무례했어	1
무른	1
무릅쓰다	1
무리군	1
무리들	1
무리지	1
무리해서	1
무면허	1
무모할	1
무모해	1
무분별한	1
무사	1
무사고	1
무사다	1
무사통과했네	1
무사하겠나	1
무사하고	1
무사하나요	1
무사하면	1
무사하십시오	1
무사한가	1
무사한거지	1
무사할까	1
무사할까요	1
무사해서	1
무사해요	1
무사해줘	1
무상	1
무색	1
무서우니까	1
무서우면	1
무서울걸	1
무서울까	1
무서움	1
무서워라	1
무서워졌나	1
무서워하는구나	1
무서워하는지	1
무서워한다는	1
무서워해하고	1
무서워했다고	1
무서워했던거	1
무서웠나요	1
무서웠는데	1
무서웠다	1
무서웠어	1
무서웠을까	1
무서웠죠	1
무서웠지	1
무설탕	1
무섭거든	1
무섭고	1
무섭군	1
무섭군요	1
무섭긴요	1
무섭나	1
무섭냐고요	1
무섭느냐	1
무섭다	1
무섭다는	1
무섭다니	1
무섭소	1
무섭잖아	1
무섭잖아요	1
무섭지라	1
무섭진	1
무성영화	1
무소식	1
무수한	1
무수히	1
무스탕	1
무슨말	1
무슨소리	1
무슨짓	1
무승부구만	1
무시	1
무시무시하네	1
무시하겠는가	1
무시하겠다는	1
무시하고	1
무시하는데	1
무시하면서	1
무식	1
무식하고	1
무심하게	1
무심하시네요	1
무심하시지	1
무심할	1
무얼하는지	1
무얼하든	1
무엇과요	1
무엇이든	1
무용단	1
무용수	1
무의미하다	1
무의미해	1
무의미했다	1
무의미했어	1
무의식적	1
무의식적으로	1
무익해	1
무인들	1
무일	1
무자비한	1
무작위로	1
무작정	1
무장해제	1
무장해제시켰소	1
무장했다	1
무적이니깐	1
무전할까요	1
무정하기도	1
무조건적으로	1
무지몽매한	1
무지성	1
무지하다며	1
무지한가	1
무진장	1
무찌르다니	1
무찌른	1
무찌를	1
무차별	1
무참히	1
무채색	1
무책임하게	1
무책임하다고요	1
무책임하잖소	1
무책임해	1
무척이나	1
무턱대고	1
무패	1
무표정요	1
무하마드 알리	1
무한	1
무한열차	1
무한하다	1
무해해	1
무협물	1
무효화시키는	1
묵는	1
묵다	1
묵어도	1
묵었던	1
묵었어요	1
묵으세요	1
묵으실	1
묵은	1
묵은숲	1
묵직한	1
묶는다는	1
묶다	1
묶어놔	1
묶어버릴	1
묶어야	1
묶어요	1
묶어주니	1
묶어주지	1
묶었다	1
묶었죠	1
묶여있는	1
묶였는데	1
묶였다	1
묶으세요	1
묶은	1
묶지	1
문구류	1
문닫아	1
문도	1
문둥병자	1
문드러져라	1
문드러지게요	1
문들	1
문란해졌잖아	1
문맥	1
문맹자	1
문상	1
문안	1
문안드려야지	1
문양	1
문열어	1
문자읽고	1
문제군	1
문제아	1
문제없겠지	1
문제없을까요	1
문제투성	1
문젠가	1
문젠가요	1
문젱께	1
문지기	1
문지르지마	1
문지름	1
문쪽	1
문학상	1
문학적	1
문화계	1
문화권	1
문화들	1
문화생활	1
묻거든	1
묻건대	1
묻겠소	1
묻겠습니다	1
묻기	1
묻나	1
묻냐	1
묻냐고요	1
묻느냐	1
묻는구나	1
묻는다고	1
묻는데요	1
묻는디요	1
묻든가	1
묻어뒀는지	1
묻어버리는	1
묻어버린	1
묻어주마	1
묻어주었나	1
묻었고	1
묻었나	1
묻었더라고	1
묻었어요	1
묻었을까	1
묻으려고	1
묻을까	1
묻혀라	1
묻히기	1
묻히지	1
묻힌다고	1
물감	1
물결치는	1
물다	1
물러가	1
물러나십시오	1
물러나요	1
물러서는	1
물러서다	1
물러서도록	1
물러서라니까	1
물러서십시오	1
물러서지	1
물렁해졌다구	1
물려받았다며	1
물려본	1
물려주고	1
물려주기	1
물려주지	1
물려줄	1
물렸나	1
물렸냐	1
물렸을지도	1
물렸지	1
물리겠다는	1
물리겠어요	1
물리쳐줘	1
물리치기로	1
물리치다	1
물리칠게	1
물리학	1
물먹었잖아요	1
물먹였어요	1
물배	1
물병	1
물색	1
물속	1
물씬	1
물어내라고	1
물어다	1
물어뜯게	1
물어뜯기	1
물어뜯는	1
물어보거라	1
물어보기	1
물어보기로	1
물어보기엔	1
물어보는데요	1
물어보니	1
물어보다	1
물어보던가요	1
물어보든가	1
물어보라는데	1
물어보려고	1
물어보마	1
물어보면요	1
물어보셨습니까	1
물어보셨어	1
물어보시지	1
물어보지도	1
물어본다면	1
물어본댔어요	1
물어볼지	1
물어봅디까	1
물어봐라	1
물어봐봐	1
물어봐야	1
물어봐줄래	1
물어봤나요	1
물어봤는지	1
물어봤어야지	1
물어봤어요	1
물어봤었지	1
물어봤잖아	1
물어봤죠	1
물어오거든	1
물어온	1
물어왔어	1
물었냐	1
물었다면서요	1
물었었지	1
물었을	1
물으시죠	1
물으신	1
물장난하지	1
물주는	1
뭄바이	1
뭉개	1
뭉게지는	1
뭉글뭉글	1
뭉클하다	1
뭐게	1
뭐겠어	1
뭐겠어요	1
뭐길래	1
뭐나	1
뭐냐고요	1
뭐냐면	1
뭐더는	1
뭐더러	1
뭐데	1
뭐때문	1
뭐라그럼	1
뭐라니	1
뭐라던	1
뭐라던가	1
뭐라도	1
뭐라디	1
뭐라셨어	1
뭐라셨죠	1
뭐라시는	1
뭐라죠	1
뭐란	1
뭐랄까요	1
뭐랍니까	1
뭐래냐	1
뭐랬게	1
뭐랬길래	1
뭐려	1
뭐로든요	1
뭐살	1
뭐시라	1
뭐어	1
뭐였다고	1
뭐였지	1
뭐임	1
뭐죠	1
뭐하	1
뭐하고요	1
뭐하나	1
뭐하냐고	1
뭐하는거니	1
뭐하는거지	1
뭐하던	1
뭐하려구요	1
뭐하시는거	1
뭐하시는겁니까	1
뭐하시오	1
뭐하자는	1
뭐하죠	1
뭐한	1
뭐한거지	1
뭐한대	1
뭐해야	1
뭐했	1
뭐했게	1
뭐했다고	1
뭐했지	1
뭔들	1
뭔소리	1
뭔일	1
뭔짓	1
뭘로요	1
뭣을	1
뭣하고	1
뭣허는	1
뭣허러	1
뭣혀	1
뮌헨	1
뮐러	1
뮤일	1
뮤지컬	1
미결	1
미구엘	1
미국놈들	1
미국애	1
미꾸라지	1
미끄러져서	1
미끄러졌어	1
미끄러지는	1
미끈하게	1
미남형	1
미녀	1
미노그	1
미니밴	1
미니언즈	1
미달하다	1
미더워요	1
미덕	1
미라도르	1
미루기	1
미루다	1
미뤄	1
미뤘다	1
미르카	1
미리암	1
미마니아라니	1
미모사	1
미몰레뜨	1
미본토전역	1
미상	1
미성년	1
미셸	1
미소요	1
미소지어	1
미소지을	1
미소짓고	1
미수	1
미숙하지만	1
미숙해	1
미술가들	1
미술상	1
미스터 핑크	1
미식축구	1
미아씨	1
미안하다니까	1
미안하외다	1
미안해야지	1
미안해하지	1
미안했어	1
미안허요	1
미완료	1
미요	1
미용사	1
미우라	1
미운	1
미워서가	1
미워하고	1
미워하든	1
미워하면	1
미워한다	1
미워한다고	1
미워해	1
미워했죠	1
미유	1
미인계	1
미인박명	1
미인이시군요	1
미적	1
미제로	1
미지	1
미쳐버렸을	1
미쳐버릴까	1
미쳐본들	1
미쳐요	1
미쳐있다	1
미쳐있어	1
미쳤나봐	1
미쳤네	1
미쳤다더니	1
미쳤대요	1
미쳤습니까	1
미쳤을까	1
미쳤죠	1
미츠오	1
미치겠구먼	1
미치겠어	1
미치겠어요	1
미치는	1
미치니	1
미친걸	1
미친년	1
미친데다	1
미칠	1
미칠거	1
미칠지	1
미코	1
미키	1
미키 맨틀	1
미터	1
미투	1
미트로프	1
미하엘	1
미항공심의회	1
미행당했어	1
미행하겠다	1
미행하지	1
미행해요	1
미헤에바	1
믹서	1
믹스	1
민	1
민간	1
민감해	1
민교	1
민망해	1
민머리	1
민사	1
민영화	1
민요	1
민족들	1
민주	1
민주국가	1
민지	1
민트	1
믿겠는데	1
믿겠지	1
믿겨져요	1
믿겨지지	1
믿기나	1
믿길	1
믿냐고	1
믿네	1
믿느나	1
믿는군요	1
믿는다는	1
믿는다면	1
믿는지가	1
믿든지	1
믿습니다	1
믿어봐	1
믿어봐요	1
믿어야지	1
믿어주겠어	1
믿어주고	1
믿어주다	1
믿어주셔야	1
믿어준다고	1
믿어줬어	1
믿어지나	1
믿어지냐	1
믿어지지요	1
믿었나요	1
믿었냐	1
믿었다구요	1
믿었던	1
믿었소	1
믿었죠	1
믿우	1
믿으라는	1
믿으마	1
믿으셨단	1
믿으셨어	1
믿으시나요	1
믿으시니	1
믿으십니까	1
믿으요	1
믿을래	1
믿을만해	1
믿을수	1
믿잖아	1
믿지도	1
믿지만	1
믿지요	1
밀고하면	1
밀고하지	1
밀까요	1
밀라그로스	1
밀려난	1
밀려난게	1
밀려납니다	1
밀리는	1
밀리는데	1
밀리미터	1
밀리지	1
밀린	1
밀물	1
밀수	1
밀수하고	1
밀어내세요	1
밀어낼	1
밀어넣었지	1
밀어넣으면	1
밀어놔	1
밀어라	1
밀어서	1
밀어요	1
밀었어요	1
밀워키	1
밀입국시켰어	1
밀지마	1
밀지말아요	1
밀착	1
밀착시켜서	1
밀치며	1
밀폐실	1
밋밋한	1
밍	1
밍크	1
밑엔	1
밑질	1
밑창	1
밑천	1
바가지	1
바게트	1
바깥바람	1
바깥쪽	1
바꾸게	1
바꾸겠다	1
바꾸겠단	1
바꾸고도	1
바꾸기	1
바꾸기엔	1
바꾸나	1
바꾸는지	1
바꾸니	1
바꾸라고	1
바꾸라고요	1
바꾸면	1
바꾸셨어요	1
바꾸십시오	1
바꾸지	1
바꾼다고	1
바꿀거라	1
바꿀거라고	1
바꿀겁니다	1
바꿀래요	1
바꿉니다	1
바꿔놨어	1
바꿔도	1
바꿔드릴까요	1
바꿔라	1
바꿔보지	1
바꿔줄게	1
바꿔줄래요	1
바꿔치기해서	1
바꿔치기했더군	1
바꿔치기했죠	1
바꿨나	1
바꿨는데	1
바꿨다니	1
바꿨습니다	1
바꿨죠	1
바뀌게	1
바뀌듯	1
바뀌려	1
바뀌었길	1
바뀌었네요	1
바뀌었다고	1
바뀌었다는	1
바뀌었다면	1
바뀌었습니다	1
바뀌었을	1
바뀔	1
바뀔줄	1
바나바요	1
바느질하러	1
바닐라	1
바다가	1
바다속	1
바닥나면	1
바닥나요	1
바닥난지	1
바닥났다고	1
바닥들	1
바디	1
바라건대	1
바라겠나	1
바라는게	1
바라는데로	1
바라보기	1
바라보는	1
바라보면	1
바라보세요	1
바라본다구	1
바라볼	1
바라봐	1
바라봤어	1
바라셨나	1
바라시오	1
바라시죠	1
바라야지	1
바라오	1
바란	1
바란다고	1
바란대	1
바랄거니까	1
바람문	1
바람피우는	1
바람피워봐야	1
바람핀다고	1
바랏두르	1
바랐어	1
바래다주는	1
바래야겠군	1
바래왔던	1
바래요	1
바르는	1
바르라고요	1
바르랬니	1
바르샤바	1
바르셀로나	1
바르자	1
바르죠	1
바리어	1
바리케이드	1
바바라	1
바바리아	1
바벨탑	1
바보놈	1
바보라니	1
바보짓하겠지	1
바보천치	1
바본	1
바비답구만	1
바빴거든	1
바빴다고	1
바빴어	1
바쁘건	1
바쁘겠어	1
바쁘다	1
바쁘다구요	1
바쁘단	1
바쁘세요	1
바쁘시네	1
바쁘시단	1
바쁘신가요	1
바쁘신데	1
바쁘지만	1
바쁜가요	1
바쁩니다	1
바삐	1
바스코	1
바실리에프	1
바실리프	1
바싹	1
바엔	1
바이들링	1
바이런	1
바이바이	1
바이오코	1
바이올리니스트	1
바이퍼	1
바주머	1
바지니	1
바지니야	1
바지선	1
바쳐지죠	1
바쳤다	1
바쳤을	1
바치겠다고	1
바치겠습니다	1
바치는	1
바칩니다	1
바카디	1
바퀴들	1
바탕	1
바탕하고	1
바탕화면	1
바텐더	1
바티	1
박격포탄	1
박고	1
박고도	1
박는데요	1
박대할	1
박도	1
박박	1
박사들	1
박사랑	1
박살나게	1
박살내자	1
박스셋	1
박아버린다	1
박이다	1
박장대소하다	1
박지성	1
박차	1
박춘배	1
박춘배요	1
박탈되려면	1
박탈되어야	1
박하사탕	1
박혀	1
박혀있는	1
박혔냐고요	1
박혔다구요	1
박혔어	1
박히도록	1
반가운	1
반가울	1
반가웠다	1
반가웠습니다	1
반가웠어요	1
반갑고	1
반갑구만	1
반갑군요	1
반갑네요	1
반갑지	1
반격	1
반군	1
반납했다	1
반납했어	1
반대로만	1
반대편엔	1
반대하나요	1
반대하지	1
반대할	1
반대할거	1
반대합니다	1
반대했어요	1
반덴버그	1
반동분자	1
반딧불	1
반란	1
반란군	1
반말하는	1
반말한다고	1
반면	1
반바지	1
반박하는	1
반복되었을	1
반복하자는	1
반복하지	1
반사다	1
반사한다	1
반성	1
반성하고	1
반성하세요	1
반성해야	1
반송하는	1
반역자	1
반영됩니까	1
반영하는	1
반영하지	1
반영합니다	1
반응하고	1
반응하기	1
반응하지	1
반응할	1
반응했다	1
반인륜적	1
반인본주의	1
반인족	1
반입하셨어요	1
반입한다	1
반입할거요	1
반입했단거요	1
반전	1
반죽	1
반짝반짝	1
반짝이	1
반체제적	1
반칙	1
반카렐라	1
반파시스트	1
반품	1
반하게	1
반한	1
반한다고	1
반할까	1
반항	1
반항심	1
반항적	1
반항한	1
반항했소	1
반해	1
반해버린	1
반해서	1
반했어	1
반했어요	1
반향	1
반향실	1
받겠다고	1
받겠습니까	1
받겠습니다	1
받겠어	1
받겠어요	1
받겠지	1
받고요	1
받구	1
받나	1
받냐	1
받냐는	1
받느니	1
받는다	1
받는다며	1
받는다면	1
받는데도	1
받는지	1
받든다며	1
받들겠는가	1
받들겠습니다	1
받들라	1
받습니까	1
받아갔잖아	1
받아둔	1
받아드려요	1
받아들	1
받아들여	1
받아들여라	1
받아들였나	1
받아들였어	1
받아들였지	1
받아들이겠소	1
받아들이던지	1
받아들이라고	1
받아들이십니까	1
받아들일거요	1
받아먹기	1
받아먹었지	1
받아본	1
받아볼	1
받아쓰기하는데	1
받아오는	1
받아왔습니다	1
받아적을	1
받아주겠나	1
받아주기	1
받아주려나	1
받아주셨어	1
받아주실	1
받아주십시오	1
받아줄	1
받아줄까	1
받아줄래	1
받았고	1
받았냐	1
받았냐면	1
받았네	1
받았는데	1
받았니	1
받았다니까	1
받았다면서	1
받았소	1
받았습니까	1
받았습니다	1
받았었어	1
받았으니	1
받았으니까	1
받았을	1
받았을걸요	1
받았을까	1
받았을까요	1
받았지요	1
받으려	1
받으려면	1
받으셨군요	1
받으셨는데	1
받으셨었나요	1
받을거	1
받을까	1
받을래	1
받을래요	1
받을만한거	1
받을지	1
받자고요	1
받죠	1
받지는	1
받쳐줘	1
받치고	1
발가락	1
발각당한	1
발각돼요	1
발각되면	1
발걸음	1
발견됐다	1
발견됐다고	1
발견됐다지	1
발견됐습니까	1
발견됐어	1
발견됐을	1
발견됐죠	1
발견되기	1
발견되는	1
발견되었다고	1
발견되었죠	1
발견되지	1
발견될	1
발견하면서	1
발견할	1
발견했고	1
발견했나	1
발견했나요	1
발견했다	1
발견했다고	1
발견했다구	1
발견했대	1
발견했습니다	1
발견했어	1
발견했을	1
발광하니까	1
발굽	1
발기	1
발끈하지	1
발너	1
발달했는데	1
발동하다	1
발동해	1
발동했으니까요	1
발등	1
발라버려	1
발라주지	1
발랐나	1
발레리	1
발레리아	1
발레타	1
발리안경	1
발명가	1
발명된	1
발명해	1
발명했다는	1
발명했을까요	1
발명했지	1
발밑	1
발병	1
발붙일	1
발사관	1
발사되고	1
발사시	1
발사음	1
발사준비	1
발사하기	1
발사하라	1
발사합니다	1
발산해	1
발상	1
발생기	1
발생됐습니다	1
발생한다	1
발생했지만	1
발신인	1
발신자	1
발신지	1
발언해도	1
발음하나요	1
발음하지	1
발음합니까	1
발음해요	1
발자욱	1
발자크	1
발전된	1
발진	1
발칙하다	1
발칵	1
발코니	1
발판	1
발포하지	1
발포해	1
발표하는	1
발표합니다	1
발표해	1
발표해요	1
발할라	1
발함	1
발행인	1
발효	1
발휘하는	1
발휘하다	1
발휘할	1
밝고	1
밝든	1
밝죠	1
밝혀내었다	1
밝혀낼	1
밝혀볼까	1
밝혀야	1
밝혀요	1
밝혀졌다	1
밝혀졌다고	1
밝혀졌습니다	1
밝혀지지	1
밝혀질까요	1
밝히다	1
밝히면	1
밝히면서	1
밝힌다	1
밝힌다고	1
밝힌다면	1
밟다	1
밟아버릴	1
밟아요	1
밟았소	1
밟았어	1
밟았어요	1
밟았지	1
밟으면	1
밟을	1
밟히다	1
밤거리	1
밤마다	1
밤빛	1
밤사이	1
밤새내내	1
밤새우는	1
밤새운	1
밤새울	1
밤송이	1
밤이든	1
밤잠	1
밥 폴슨	1
밥줄	1
밥통	1
밥통들아	1
밥투정	1
밥해야	1
밧줄타기	1
방과	1
방과후	1
방대했어	1
방문객	1
방문하고	1
방문하기	1
방문하길	1
방문하니	1
방문하러	1
방문하세요	1
방문한다는	1
방문해	1
방사성	1
방송한	1
방송했던	1
방심	1
방심하면	1
방심한	1
방어구	1
방어기제	1
방어법	1
방어요	1
방어할	1
방어해	1
방언기	1
방위기밀	1
방음장	1
방재	1
방전됐어	1
방정식	1
방지	1
방청소	1
방청소부	1
방출시킨다면	1
방치됐나	1
방탄	1
방탄조끼	1
방패병	1
방폭문	1
방해돼	1
방해되나	1
방해되지는	1
방해받고	1
방해받기	1
방해받긴	1
방해하고	1
방해하는	1
방해하려고	1
방해해도	1
방해했나요	1
방해했다	1
방향제	1
방향타	1
방향타는	1
방화벽	1
방화복	1
배경지식	1
배고팠구나	1
배고프거든	1
배고프겠다	1
배고프냐	1
배고프다	1
배고프다고	1
배고프다니	1
배고프면	1
배고프시죠	1
배고프신	1
배곯지	1
배기	1
배기가스	1
배긴스요	1
배다	1
배달	1
배달꾼	1
배달왔습니다	1
배달하고	1
배달하는	1
배달하지	1
배달할	1
배당	1
배당금	1
배도록	1
배드민턴	1
배들	1
배려하십니까	1
배려해주잖아	1
배리	1
배마	1
배반	1
배반당했고	1
배반자	1
배반하는군	1
배반할	1
배반했는가	1
배부른	1
배불러	1
배상하라고요	1
배선	1
배송부	1
배신당하다니	1
배신당했다고	1
배신자놈들	1
배신하고	1
배신하려고	1
배신하면	1
배신하지	1
배신한	1
배신했구나	1
배신했기	1
배신했나	1
배우겠나	1
배우겠어	1
배우고있어요	1
배우고자했는지	1
배우나	1
배우냐	1
배우러	1
배우셨어요	1
배우자	1
배우잖습니까	1
배우잖아	1
배우패랑	1
배운다	1
배운다는	1
배울겁니다	1
배움	1
배웁니까	1
배웅	1
배웅하러	1
배웅해요	1
배워도	1
배워서	1
배워선	1
배워야지	1
배웠겠어요	1
배웠고	1
배웠구나	1
배웠나요	1
배웠냐니까	1
배웠는데	1
배웠다면	1
배웠소	1
배웠습니다	1
배웠었지	1
배웠을거야	1
배은망덕하고	1
배지내놔	1
배짱있는	1
배차원	1
배척할까	1
배치됐다는	1
배치되어	1
배터리들	1
배터리선	1
배트맨	1
배틀	1
배포	1
배포하고	1
배포할	1
배풀어	1
배필	1
배회하면	1
백개	1
백과사전	1
백광치약	1
백다리	1
백달러	1
백룡	1
백마	1
백마탄	1
백만명	1
백만장자	1
백배천배	1
백번	1
백설	1
백수된	1
백스터	1
백신	1
백악관	1
백인분	1
백지	1
백킬로	1
백퍼	1
백학동	1
밴더빌트	1
밴쿠버	1
밸러스트	1
뱃	1
뱃가죽	1
뱃길뿐	1
뱃멀미	1
뱃살	1
뱉고	1
뱉기	1
뱉는	1
뱉는다면	1
뱉어냈나	1
뱉어버려	1
뱉을까	1
버거	1
버그만	1
버나	1
버너뎃	1
버너폰	1
버는지	1
버니버로우	1
버둥거리지	1
버드나무	1
버려두겠다고	1
버려지는	1
버려진	1
버렸군	1
버렸길	1
버렸냐	1
버렸는데	1
버렸단	1
버렸던가	1
버렸습니다	1
버렸으니	1
버렸으면	1
버렸죠	1
버르장머리	1
버르장머리하곤	1
버릇없게	1
버리거라	1
버리겠는고	1
버리겠소	1
버리란	1
버리려	1
버리려고	1
버리면서	1
버리시는	1
버리자	1
버릴래	1
버뮤다	1
버뮤다 삼각지대	1
버밍햄	1
버번위스키	1
버브	1
버블머신	1
버스정류장	1
버지호	1
버클베리	1
버키	1
버킹엄	1
버텨야	1
버텼습니다	1
버트랑	1
버티게	1
버티겠어	1
버티기만	1
버티라고요	1
버티실	1
버틴건	1
버틴다고	1
버틸까	1
버틸수	1
버팅길거야	1
벅차다고	1
벅차올라	1
벅차요	1
번거래두	1
번거로운	1
번거롭게	1
번거야	1
번다고	1
번데기	1
번복하지	1
번스타인	1
번식기	1
번역가	1
번역되지	1
번역된	1
번역하기	1
번역하다	1
번역하셨어요	1
번역해줄	1
번역했다	1
번요	1
번지고	1
번지르르한	1
번지면	1
번질	1
번질까요	1
번쨉니다	1
번창한	1
번화가	1
번화가야	1
벌거벗고	1
벌거벗은	1
벌겋게	1
벌게	1
벌기	1
벌꿀오소리	1
벌렁벌렁하지	1
벌려고	1
벌려야	1
벌리기	1
벌리다	1
벌리라고	1
벌리지	1
벌받을	1
벌받지	1
벌벌	1
벌써요	1
벌어서	1
벌어왔으니	1
벌어졌는데	1
벌어졌다	1
벌어졌어	1
벌어줄	1
벌어줄게	1
벌어줄게요	1
벌어지게	1
벌어지기	1
벌어지길	1
벌어지는데	1
벌어지면	1
벌어진거	1
벌어진다면	1
벌어질	1
벌었다	1
벌었어요	1
벌었잖아	1
벌었지	1
벌여도	1
벌여야	1
벌였어	1
벌일	1
벌주	1
벌주는	1
벌칙	1
벌컥벌컥	1
벌통	1
벌한단	1
벌할	1
범이	1
범죄라니	1
범죄사건	1
범죄자들	1
범죄조직	1
범주형	1
범퍼	1
범퍼카	1
범하는	1
범한단	1
법대	1
법률제도	1
법의학자	1
법적으로	1
벗겨졌어	1
벗겨주세요	1
벗겨진	1
벗겨집니다	1
벗겼는지	1
벗겼었는데	1
벗기고	1
벗기면	1
벗어나는	1
벗어나요	1
벗어날까	1
벗어났잖아요	1
벗어도	1
벗어서	1
벗었어	1
벗었잖아	1
벗으라니	1
벗으란	1
벗을까요	1
벗을래	1
벗을래요	1
벙어리요	1
베가스	1
베거나	1
베끼래	1
베끼면	1
베낀	1
베낄	1
베네 게세리트	1
베네치아산	1
베노스트라	1
베니스	1
베니치오	1
베라크루스	1
베르나르도	1
베르너	1
베르더	1
베르베르어	1
베르트랑	1
베르트홀드	1
베르티옴상	1
베른호	1
베리글룬드	1
베리타세룸	1
베바램치네	1
베벌리힐스	1
베스트셀러	1
베어도	1
베어라	1
베어버렸어	1
베어버릴	1
베어야	1
베었는가	1
베었다	1
베었어	1
베이글	1
베이스	1
베이커	1
베지	1
베테랑	1
베팅합니다	1
베푸소서	1
베푼	1
베풀거야	1
베풀어줄	1
베풀었어	1
베프	1
벤디티	1
벤자민 클로하우저	1
벨그라드	1
벨라	1
벨루치	1
벨리스	1
벨베데레	1
벨베티	1
벨웨더시장	1
벳시	1
벼	1
벼락치기	1
벼룩시장	1
벽걸이	1
벽돌공	1
벽지	1
벽창호	1
변기통	1
변덕	1
변덕스러워	1
변동	1
변두리	1
변론	1
변명하지	1
변명해	1
변명해봐요	1
변명했니	1
변발	1
변신시킬	1
변장하고	1
변장하는	1
변장해	1
변절했다고	1
변조해요	1
변종	1
변태같은	1
변태새끼	1
변하게	1
변하는	1
변하다	1
변하다니	1
변하잖아	1
변함없나	1
변함없는	1
변함없지	1
변합니다	1
변해가나	1
변해야	1
변했다	1
변했대	1
변했죠	1
변했지	1
변호사들	1
변화하고	1
변화함	1
변화해	1
별개	1
별거하자고	1
별걸	1
별나	1
별다르게	1
별달리	1
별도	1
별로군요	1
별로일까요	1
별론데	1
별말씀을	1
별문제	1
별수	1
별장요	1
별채	1
별표	1
병나발로	1
병동	1
병들면	1
병들었다고	1
병문안	1
병신들	1
병신새끼들	1
병신아	1
병실	1
병아리콩	1
병원말	1
병원선	1
병원엔	1
병자들	1
병정	1
병충해	1
병행할	1
병환	1
보가트	1
보강됩니까	1
보강할	1
보건	1
보겔	1
보겠느냐	1
보겠다는	1
보겠소	1
보고는	1
보고다	1
보고드릴	1
보고드립니다	1
보고서라니	1
보고서라니요	1
보고싶군	1
보고싶었는데	1
보고싶었어	1
보고요	1
보고하거나	1
보고하게	1
보고하라고	1
보고하면	1
보고하셨죠	1
보고하실	1
보고하지	1
보고할거야	1
보고해라	1
보고해야	1
보고했다며	1
보고했다죠	1
보고했어	1
보관돼	1
보관됐던	1
보관실	1
보관용	1
보관하죠	1
보관했나요	1
보금자리	1
보급품	1
보기가	1
보기보다	1
보기전	1
보내겠다는	1
보내겠어	1
보내겠어요	1
보내나요	1
보내냐	1
보내놨겠어	1
보내놨다고	1
보내는데	1
보내니	1
보내도	1
보내도록	1
보내드리겠습니다	1
보내버릴까	1
보내봐	1
보내셨나요	1
보내셨어요	1
보내셨을까요	1
보내셨죠	1
보내쇼	1
보내시오	1
보내실래요	1
보내야겠나	1
보내야지	1
보내자고	1
보내자는	1
보내잖아	1
보내주게요	1
보내주겠나	1
보내주라고	1
보내주면	1
보내주소서	1
보내주신다	1
보내주십시오	1
보내줄거야	1
보내줄래	1
보내줘라	1
보내줘야	1
보내줬는지	1
보내줬다고	1
보내진	1
보낸다고요	1
보낸대요	1
보낼거지	1
보낼게	1
보낼테니까	1
보냈겠습니까	1
보냈나요	1
보냈는	1
보냈는지	1
보냈다고요	1
보냈다구	1
보냈다며	1
보냈죠	1
보냐고요	1
보네티	1
보느라고	1
보니가	1
보니까요	1
보다가	1
보다니	1
보답하겠다는	1
보답해야	1
보더라	1
보던데요	1
보던지	1
보도됐으면	1
보도블록	1
보드라운	1
보라구요	1
보라돌이	1
보랬더니	1
보러가자고	1
보려	1
보려거든	1
보려고요	1
보려면	1
보려무나	1
보루	1
보류하세요	1
보류합니다	1
보르그텐	1
보르네오	1
보름	1
보리스	1
보모	1
보보크	1
보복	1
보상하라고	1
보상해줄까요	1
보석금	1
보세	1
보셔	1
보셔야겠어요	1
보셨겠네요	1
보셨고요	1
보셨구나	1
보셨군	1
보셨나	1
보셨대	1
보셨던	1
보셨을	1
보셨지	1
보시겠대요	1
보시고요	1
보시나요	1
보시느라	1
보시다시피	1
보시라	1
보시라고요	1
보실까	1
보실까요	1
보실리스코프	1
보십시요	1
보아도	1
보아라	1
보아하니	1
보안경	1
보안팀	1
보았고	1
보았는데도요	1
보았소	1
보았습니다	1
보았어요	1
보약	1
보여달라는데	1
보여드려요	1
보여드리겠습니다	1
보여드리고	1
보여드릴	1
보여라	1
보여봐	1
보여서	1
보여서는	1
보여서요	1
보여야	1
보여주겠다는	1
보여주겠소	1
보여주겠어	1
보여주겠어요	1
보여주다	1
보여주리다	1
보여주시게	1
보여주시겠습니까	1
보여주실래요	1
보여주자	1
보여준다면	1
보여줄게	1
보여줄까요	1
보여줄래	1
보여줄지	1
보여줘라	1
보여줘서	1
보여줘야죠	1
보여줬나	1
보여줬잖아요	1
보여줬죠	1
보여줬지	1
보였나요	1
보였다고	1
보였습니까	1
보였습니다	1
보였죠	1
보오이다	1
보은한답시고	1
보이기	1
보이길래	1
보이냐니까	1
보이는가	1
보이는구만	1
보이던	1
보이던걸	1
보이라고	1
보이려나	1
보이면	1
보이시네요	1
보이잖아	1
보이제	1
보이지가	1
보이지는	1
보이트	1
보인다구	1
보인다는	1
보인다니	1
보인다던	1
보인단	1
보일까	1
보자꾸나	1
보자는데	1
보잔	1
보잖습니까	1
보장하기	1
보장하느냐	1
보장하지	1
보장할	1
보장해달란	1
보전하려고	1
보조금	1
보조요	1
보존하는	1
보증	1
보증하셨으니	1
보증할	1
보철과	1
보충	1
보치아	1
보컬	1
보태	1
보태준	1
보태질까	1
보통우편물들	1
보편적	1
보필할	1
보행인	1
보험사기꾼	1
보험증	1
보험회계사	1
보호법	1
보호세	1
보호자님	1
보호하고	1
보호하지	1
보호한다고	1
보호해주지	1
보호해줬다	1
보호했는지	1
복구	1
복구됐나	1
복귀한다	1
복근	1
복마전	1
복무	1
복무했어요	1
복무했었어	1
복부	1
복사본	1
복사품지	1
복사하고	1
복사해서	1
복사했습니다	1
복수라니	1
복수심	1
복수하게	1
복수하겠어	1
복수하겠어요	1
복수하고	1
복수하러	1
복수할	1
복수할거야	1
복수해라	1
복습	1
복실아	1
복용하시고요	1
복원되었고	1
복음	1
복잡	1
복잡하게	1
복잡하든	1
복잡한가	1
복잡한데	1
복잡해서	1
복잡해지거든	1
복잡해진	1
복종하지	1
복종해야	1
복종했어	1
복주머니	1
복직	1
복직시켜줘야	1
복창	1
복학	1
복합	1
본거지	1
본게야	1
본겨	1
본능적으로	1
본다면	1
본단	1
본데요	1
본드	1
본래부터	1
본심	1
본업	1
본적있어	1
본적있어요	1
본전	1
본점	1
본질적으로	1
본처	1
본체하고	1
볼가	1
볼까나	1
볼께요	1
볼러	1
볼로냐	1
볼링하러	1
볼만하겠군	1
볼만하지	1
볼만한	1
볼테냐	1
볼테르	1
볼품	1
볼품없이	1
볼피나라도	1
봄베이	1
봅니다	1
봇넷	1
봉고	1
봉록	1
봉사할	1
봉쇄	1
봉쇄선	1
봉쇄하게	1
봉쇄하고	1
봉쇄할	1
봉투들	1
봉투라뇨	1
봐두세요	1
봐둬라	1
봐드리죠	1
봐봐잉	1
봐서는	1
봐야겠다	1
봐야겠다고	1
봐야겠어	1
봐야겠어요	1
봐야만	1
봐주겠군	1
봐주는	1
봐주다	1
봐주세요	1
봐주시겠습니까	1
봐주실	1
봐줄까	1
봐줄래요	1
봐줘라	1
봐줘서	1
봐줘요	1
봤거든	1
봤게요	1
봤구나	1
봤느냐	1
봤는가	1
봤는데도	1
봤다니	1
봤다니까	1
봤다니까요	1
봤다면요	1
봤다시피	1
봤다지	1
봤단다	1
봤대요	1
봤더니	1
봤더라	1
봤습니까	1
봤어봐	1
봤었나	1
봤었나요	1
봤었소	1
봤었죠	1
봤으니까	1
봤으니까요	1
봤을테지	1
봤자야	1
봤잖소	1
봤잖여	1
봤지만	1
봬요	1
뵀니	1
뵈는	1
뵈면	1
뵙게	1
뵙고	1
뵙기로	1
뵙는데	1
뵙다	1
뵙죠	1
부가	1
부고란	1
부귀영화	1
부끄러워서라도	1
부끄러워야죠	1
부끄러워하겠다	1
부끄러워하시죠	1
부끄러워할	1
부끄러웠다	1
부끄러웠어요	1
부끄럼증	1
부끄럽다	1
부낭	1
부녀	1
부니까	1
부담되려나	1
부당하다고	1
부대끼러	1
부도나다	1
부드러운	1
부드러운가	1
부드럽죠	1
부드럽지	1
부딪쳤어	1
부딪치게	1
부딪치다	1
부딪치라구	1
부딪치면서	1
부딪혔습니다	1
부딪혔어	1
부딪히겠어요	1
부딪힐라	1
부뚜막	1
부락	1
부랑자	1
부랑죄	1
부랴부랴	1
부러뜨리기	1
부러워하다	1
부러워할까	1
부러워해야	1
부러져서	1
부러졌나	1
부러졌지	1
부러지겠다	1
부러지다	1
부러지면	1
부러질	1
부럽다고	1
부럽지	1
부려먹으려고	1
부려서	1
부렸어	1
부록	1
부르겠소	1
부르겠지	1
부르나요	1
부르노	1
부르는구만	1
부르더랍니다	1
부르도록	1
부르랬지	1
부르며	1
부르셔	1
부르셨나요	1
부르셨다고요	1
부르셨습니까	1
부르십시오	1
부르자는	1
부르잖아요	1
부르주아	1
부르즈	1
부르즈 칼리파	1
부르지도	1
부르진	1
부르트도록	1
부른다고	1
부를게	1
부를래	1
부를래요	1
부를진	1
부리기	1
부리니	1
부리려고	1
부리면	1
부린다고	1
부목	1
부부관계	1
부부싸움	1
부분요	1
부비고	1
부상당해서	1
부상당했다	1
부상당했어요	1
부상자들	1
부상한다	1
부서들	1
부서뜨린	1
부서졌을	1
부서지기	1
부서진	1
부서진다	1
부수	1
부수죠	1
부수지	1
부순	1
부순다	1
부순다고	1
부순다니	1
부숴라	1
부숴버려	1
부숴버려라	1
부숴버렸어	1
부숴서라고	1
부쉈니	1
부쉈다고	1
부스	1
부스러기	1
부스러졌나	1
부시	1
부시군	1
부시는	1
부시라고	1
부시오	1
부시장실	1
부어라	1
부어야	1
부었어	1
부었지만	1
부엌가위	1
부에노스아이레스	1
부역	1
부위	1
부유할	1
부인하는가	1
부인하시나요	1
부인할까요	1
부인했다고요	1
부자든	1
부작용	1
부잣집	1
부재중	1
부적절	1
부정하겠어요	1
부정하고	1
부족하군	1
부족하네	1
부족하다가	1
부족하다구	1
부족하지	1
부족한가	1
부족한가요	1
부족한데	1
부족해서	1
부족했기	1
부족했어	1
부족했잖니	1
부주의	1
부지하면서	1
부처님	1
부천	1
부쳐	1
부쳐야	1
부쳐주겠어요	1
부쳤나요	1
부추기고	1
부추기냐	1
부추기지	1
부축할게	1
부치다	1
부칠까	1
부탁드린다고	1
부탁드릴게요	1
부탁하겠어	1
부탁하고	1
부탁하다	1
부탁한	1
부탁할까요	1
부탁해봤어	1
부탁해줄래요	1
부탁했었는데	1
부터든	1
부텡	1
부트롱	1
부패경찰	1
부풀렸을	1
부품들	1
부피	1
부함장님	1
부화	1
부활시키리라	1
부활할	1
부회장	1
북경	1
북극곰	1
북극광	1
북돋아주고	1
북돋워준다	1
북동	1
북방	1
북부	1
북아프리카	1
분가	1
분노하고	1
분노하며	1
분노한다는	1
분노했다	1
분다	1
분담	1
분당	1
분리됐거든	1
분리시켜야	1
분리하고	1
분리해	1
분만	1
분명하지	1
분명할걸요	1
분명합니다	1
분명히합니까	1
분모	1
분발해	1
분부대로	1
분부라니	1
분사	1
분석관들	1
분석할까요	1
분쇄	1
분쇄기	1
분쇄되는	1
분실된	1
분장사	1
분장하시게요	1
분장한	1
분풀이	1
분할된	1
분화구엔	1
불가능하다	1
불가능하다니까요	1
불가능하든	1
불가능하지	1
불가능할까	1
불가능할껄	1
불가리아	1
불가하니	1
불경	1
불고는	1
불공평해	1
불공평해요	1
불과하다	1
불구	1
불구경	1
불구덩이	1
불규칙	1
불규칙해	1
불난집	1
불났어요	1
불다	1
불던	1
불던가요	1
불덩이	1
불독	1
불때	1
불량	1
불량스럽게	1
불량품	1
불러내	1
불러내면	1
불러낸	1
불러낸거지	1
불러낼까	1
불러냈어	1
불러들였어	1
불러들이고	1
불러야겠소	1
불러야겠어	1
불러야겠어요	1
불러오고	1
불러오라해	1
불러올	1
불러올게요	1
불러올까요	1
불러일으켰다	1
불러일으켰다고	1
불러주면	1
불러주세요	1
불러주실	1
불러주십시오	1
불러주었다	1
불러줄까	1
불러줍시다	1
불러줬지	1
불렀겠어	1
불렀군	1
불렀나	1
불렀나요	1
불렀냐	1
불렀는데	1
불렀니	1
불렀다는데	1
불렀다며	1
불렀대요	1
불렀던가	1
불렀으면	1
불렀을까요	1
불렀지	1
불룩해지지	1
불륜	1
불리기를	1
불리니	1
불리지	1
불리해	1
불릴	1
불만스러운	1
불매하라	1
불매한다고	1
불매해	1
불매해라	1
불며	1
불면	1
불면증	1
불명	1
불명예	1
불모지	1
불문율	1
불문하고	1
불법적으로	1
불법행위	1
불벼락	1
불복종	1
불복종자	1
불복하지	1
불분명한	1
불사	1
불사르는	1
불사신	1
불살라	1
불속	1
불손한	1
불순물	1
불순분자들	1
불순한	1
불신하나	1
불쌍하긴	1
불쌍하지	1
불쌍할	1
불쌍해라	1
불쌍해서	1
불씨	1
불안정하다고	1
불안정한	1
불안정해	1
불안하던가	1
불안하든	1
불안해요	1
불안해지잖아	1
불안해하고	1
불어넣습니다	1
불어왔나	1
불었다고	1
불었소	1
불었어	1
불우이웃	1
불응	1
불지기	1
불지르고	1
불질렀다며	1
불치병	1
불침번	1
불침선	1
불쾌하게	1
불쾌하구나	1
불쾌한데	1
불타	1
불타네	1
불타오르는	1
불타오를	1
불탈	1
불탔다고요	1
불탔던	1
불탔어	1
불태우고	1
불태운다	1
불태워버려	1
불턱	1
불통	1
불패함	1
불편	1
불편하게	1
불편하겠지만	1
불편하니	1
불편하다	1
불편하세요	1
불편하실텐데	1
불편한가	1
불편한가요	1
불편할	1
불편할거야	1
불편합니까	1
불편해	1
불편했던	1
불평하고	1
불평하는	1
불평하려고	1
불평할래	1
불평해	1
불평했다	1
불필요하든	1
불합격하다	1
불행하게	1
불행하든	1
불행해	1
불행했던	1
불행했어	1
불행히도	1
불화	1
불효막심한	1
불효자	1
붉은색	1
붉히다	1
붐벼	1
붓고	1
붓글씨	1
붕괴하다니	1
붕어	1
붕어빵	1
붙겠지	1
붙기	1
붙들고	1
붙어갖고	1
붙어다녀	1
붙어다니잖아	1
붙어먹었냐	1
붙어보자	1
붙어볼까	1
붙어있긴	1
붙어있다니	1
붙어있어라	1
붙었냐	1
붙었다고	1
붙었다며	1
붙었대	1
붙었수	1
붙여넣었어	1
붙여놓는	1
붙여놔	1
붙여놔야	1
붙여보지그래	1
붙여볼까요	1
붙여요	1
붙여주겠니	1
붙여주고	1
붙여주면	1
붙여주세요	1
붙였나	1
붙였을까	1
붙였죠	1
붙였지	1
붙으라고	1
붙으려고	1
붙을래	1
붙이겠다고	1
붙이겠어	1
붙이나	1
붙이랬지	1
붙이려고	1
붙이지	1
붙일	1
붙일까	1
붙일래	1
붙자고	1
붙자는	1
붙잡기	1
붙잡아두는	1
붙잡은	1
붙잡혀	1
붙잡힐	1
붙혔어	1
뷁	1
뷔페	1
뷰	1
브라우닝	1
브라우저	1
브라이어 클리프	1
브라이언 윈댄서	1
브라이트워터	1
브라질리아	1
브람스	1
브래지어	1
브랜디벅	1
브랜트	1
브러쉬	1
브러시	1
브레또	1
브레인 윈댄서	1
브레히트	1
브로트	1
브루어스	1
브룩클린	1
브리	1
브리기테	1
브리지	1
브리지오	1
블라드	1
블라디보스토크	1
블란치	1
블랑코	1
블랙 팬서	1
블랙박스	1
블랙와이어	1
블램	1
블러드	1
블러드문	1
블레셋	1
블레이드	1
블로그	1
블록	1
블록버스터	1
블록쌓기	1
블루보이	1
블루스맨	1
비겁하게	1
비겁하긴	1
비겁한데	1
비공식적	1
비공식적으로	1
비교	1
비교하는	1
비교하는데	1
비교하면	1
비교할	1
비구니	1
비꼬고	1
비꼬는	1
비난하고	1
비난하는	1
비난했다는	1
비난했을	1
비난했죠	1
비네	1
비다	1
비도문의	1
비둘기구이	1
비디오게임	1
비디오자국	1
비롯해	1
비르기타	1
비르지니	1
비리비리한	1
비명소리	1
비밀들	1
비밀스러운가	1
비밀접촉	1
비방들	1
비범	1
비벤디	1
비상문	1
비상사태	1
비상용	1
비서실장님	1
비스콘티	1
비슷하게	1
비슷하구나	1
비슷하든	1
비슷하면	1
비슷하오	1
비슷한가	1
비슷한데요	1
비슷해요	1
비슷해질	1
비시오	1
비싸고	1
비싸든	1
비싸서요	1
비싼가요	1
비싼건가요	1
비쌀걸	1
비쌀까	1
비어요	1
비었군	1
비었나요	1
비었다	1
비었다니	1
비었죠	1
비엔나	1
비엔날레	1
비열하고	1
비열해	1
비영광적	1
비옥한	1
비와	1
비우다니요	1
비우셔서	1
비운게지	1
비웃고	1
비웃으면서	1
비웃을테면	1
비웃음	1
비워두면	1
비워두세요	1
비워둬	1
비워드려요	1
비워버릴	1
비워진	1
비웠나	1
비유	1
비유대인	1
비유적으로	1
비전	1
비지	1
비참하고	1
비참하지	1
비추는	1
비추다	1
비췄구나	1
비치고	1
비치야	1
비켜나세요	1
비켜났지롱	1
비켜주겠나	1
비켜주겠어요	1
비켜주시겠습니까	1
비켜주지	1
비켜줄	1
비키길	1
비키니	1
비키라고요	1
비키라구	1
비키란	1
비키시는	1
비키지	1
비타	1
비탄	1
비토리노	1
비통하다	1
비통한	1
비트카	1
비틀다	1
비틀림	1
비틀어서	1
비평	1
비평가	1
비평해줄래	1
비프	1
비한	1
비합리적	1
비합리적으로	1
비행기라니	1
비행깃값	1
비행사들	1
비행석요	1
비행요	1
비행편	1
비행하는	1
비현실적	1
비활성화	1
빅뉴스	1
빅또르	1
빅맥	1
빅짐스	1
빅터 크룸	1
빅프렌드	1
빈다고	1
빈도	1
빈둥거리기	1
빈둥대고	1
빈말	1
빈방	1
빈정거림	1
빈정대는	1
빈털	1
빈털터리	1
빈투	1
빈트	1
빈틈없으며	1
빈티지	1
빌겠다	1
빌겠습니다	1
빌기	1
빌길	1
빌다	1
빌더	1
빌러	1
빌려가도	1
빌려가요	1
빌려드려요	1
빌려드릴까요	1
빌려주겠어	1
빌려주고	1
빌려주다	1
빌려주세요	1
빌려주실	1
빌려준	1
빌려줄까	1
빌려줘요	1
빌렸어	1
빌리러	1
빌린다	1
빌릴게요	1
빌릴까	1
빌며	1
빌어먹다	1
빌었는데	1
빌었는데요	1
빌었니	1
빌었어	1
빌었잖아	1
빌트파르크	1
빕니다	1
빗나갔어요	1
빗다	1
빗맞기	1
빗었어요	1
빗으면	1
빗질	1
빙고	1
빙글빙글	1
빙의	1
빙의한	1
빙하	1
빚다	1
빚더미	1
빚졌니	1
빚졌어	1
빚졌지	1
빛나던가요	1
빛날	1
빛났지	1
빠	1
빠는	1
빠듯했지	1
빠뜨려	1
빠뜨리고	1
빠뜨리니	1
빠뜨리다	1
빠뜨리진	1
빠뜨린	1
빠르군요	1
빠르기도	1
빠르니까	1
빠르다면서	1
빠르도다	1
빠르든	1
빠르진	1
빠른가	1
빠른가요	1
빠른데	1
빠를걸	1
빠빵	1
빠이	1
빠져나가려고	1
빠져나가봐	1
빠져나가세요	1
빠져나가지	1
빠져나갔어	1
빠져나갔지	1
빠져나오나요	1
빠져나오려는	1
빠져나온	1
빠져나와	1
빠져나왔을까요	1
빠져들었다	1
빠져라	1
빠져서	1
빠져죽은	1
빠져죽을	1
빠졌구나	1
빠졌니	1
빠졌다고	1
빠졌다던데	1
빠졌던	1
빠졌소	1
빠졌었다고	1
빠졌을	1
빠졌잖아	1
빠지겠다고	1
빠지겠다면	1
빠지기	1
빠지기야	1
빠지다니	1
빠지라고	1
빠지라고요	1
빠지라구	1
빠지라는	1
빠지려던	1
빠지면	1
빠지셨네요	1
빠질걸	1
빠집니까	1
빠트렸나요	1
빡	1
빡빡머리	1
빡빡해	1
빡치게	1
빤히	1
빨	1
빨간머리	1
빨간약	1
빨강머리	1
빨갛게	1
빨갛다	1
빨개져	1
빨개졌네	1
빨개졌는데	1
빨개졌어	1
빨개지면	1
빨갰어	1
빨게	1
빨기	1
빨듯이	1
빨라지지	1
빨라진	1
빨랐어요	1
빨래라지	1
빨래부	1
빨래하는	1
빨래할	1
빨려고	1
빨리가기나	1
빨리는데	1
빨리말해	1
빨리와	1
빨리하고	1
빨리할수록	1
빨빨	1
빨아	1
빨아들이는	1
빨아들이라면서요	1
빨아들인다던데	1
빨아볼래요	1
빨아야	1
빨았나	1
빨았다고	1
빨았었다니	1
빨았지	1
빨지	1
빨치산	1
빵빵	1
빵빵거린다고	1
빵빵한	1
빵점	1
빵집	1
빵터진다	1
빼겠어요	1
빼내게	1
빼내기	1
빼내야	1
빼내야해	1
빼내주면	1
빼냈나	1
빼놓은	1
빼도	1
빼돌렸나	1
빼돌린	1
빼라니까	1
빼먹는	1
빼먹다	1
빼먹어	1
빼먹었잖아	1
빼먹은	1
빼버릴게	1
빼앗거나	1
빼앗겼어	1
빼앗기는	1
빼앗기다	1
빼앗나	1
빼앗다	1
빼앗아	1
빼앗아가	1
빼앗았니	1
빼앗았다고	1
빼앗았어	1
빼앗으러	1
빼앗으면	1
빼야	1
빼오게	1
빼오라고	1
빼줘요	1
빼지마	1
뺀	1
뺀질이	1
뺀찌	1
뺄	1
뺏겼다고	1
뺏고	1
뺏더니	1
뺏어가	1
뺏어가지	1
뺏어내	1
뺏어놓고	1
뺏었냐	1
뺏으려는	1
뺏으면	1
뺏으시죠	1
뺏을	1
뺐겼네	1
뺐겼지	1
뺐냐	1
뺐어요	1
뺑소니라더니	1
뻐근하다	1
뻔드레하다고	1
뻔뻔스럽군	1
뻔뻔하지	1
뻔하게	1
뻔하다니	1
뻔했니	1
뻔했다면서요	1
뻔했으니	1
뻗다가	1
뻗대나	1
뻗어서	1
뻗었어	1
뻗었죠	1
뻘쭘히	1
뻣뻣하게	1
뻥치지	1
뻥카	1
뻥카인	1
뼈다귀	1
뼈대	1
뼛속	1
뽀	1
뽀개	1
뽀개면서	1
뽀뽀	1
뽀뽀해	1
뽀뽀해야지	1
뽀뽀해줘	1
뽐낼까	1
뽑게	1
뽑게요	1
뽑기	1
뽑길	1
뽑아라	1
뽑아서	1
뽑았어	1
뽑았지	1
뽑으라고	1
뽑으러	1
뽑으려고	1
뽑으면	1
뽑을	1
뽑혀라	1
뽑히고	1
뽑힌	1
뽕뽕	1
뾰족한	1
뿌듯해	1
뿌려대고	1
뿌려봤자	1
뿌려줄까	1
뿌리거나	1
뿌리겠다고	1
뿌리고	1
뿌리네	1
뿌리다	1
뿌리들	1
뿌리려고	1
뿌리려는	1
뿌리시는	1
뿌리지	1
뿌리칠	1
뿌린대요	1
뿌릴	1
뿌릴래	1
뿐이겠어	1
뿐이고	1
뿐이오!	1
뿔나팔	1
뿜어냅니다	1
뿜어져	1
뿡	1
뿡뿡	1
쁘리홀	1
삐다	1
삐라	1
삐로네	1
삐에드라스	1
삥	1
삥땅하고	1
사가려고	1
사가면	1
사각	1
사각지대	1
사간	1
사건들	1
사건엔	1
사겠다고요	1
사겠소	1
사격중지	1
사격하라	1
사격했습니다	1
사고라니	1
사고뭉치	1
사고싶어했어	1
사고요	1
사고쳤군	1
사고친	1
사과드려	1
사과라니	1
사과하네	1
사과하는데	1
사과하라고	1
사과하라는	1
사과하러	1
사과하면	1
사과하시냐고	1
사과하시는	1
사과하죠	1
사과한	1
사과한다고	1
사과한대	1
사과할거	1
사과할게요	1
사과해요	1
사과했나	1
사관학교	1
사교	1
사궜죠	1
사귀기	1
사귀니	1
사귀다	1
사귀어	1
사귀었는데	1
사귀었다던	1
사귄단	1
사귈래요	1
사기결혼	1
사기꾼들아	1
사기죄	1
사기친	1
사긴	1
사깃꾼	1
사나워	1
사나이다	1
사나이들	1
사나이잖아	1
사나토리움	1
사납군	1
사낭	1
사내놈	1
사내들	1
사내자식	1
사냐	1
사냐고	1
사냥감들	1
사냥하게	1
사냥하십시오	1
사냥하지	1
사냥해라	1
사네	1
사놓고	1
사놨는데	1
사느냐	1
사는게	1
사는데가	1
사는데요	1
사니까	1
사니까요	1
사다리다	1
사다우카르다	1
사당	1
사돈	1
사들이지	1
사라기나	1
사라기나가	1
사라예보	1
사라져도	1
사라져버리면	1
사라져서	1
사라져요	1
사라졌고	1
사라졌군요	1
사라졌네요	1
사라졌는	1
사라졌다	1
사라졌다고	1
사라졌다는	1
사라졌다니까	1
사라졌어요	1
사라졌었지	1
사라졌으면	1
사라졌을	1
사라지는	1
사라지다니	1
사라지라고	1
사라지리라	1
사라지셨다면서	1
사라지지	1
사라진다	1
사라질까	1
사라질지	1
사람같아	1
사람답게	1
사랐다	1
사랑스러운지	1
사랑스럽지	1
사랑아	1
사랑하기	1
사랑하기엔	1
사랑하냐고요	1
사랑하냐구	1
사랑하는군요	1
사랑하니까	1
사랑하던	1
사랑하든	1
사랑하시나요	1
사랑하오	1
사랑한단	1
사랑한대	1
사랑한대요	1
사랑한지는	1
사랑해라	1
사랑했나	1
사랑했나요	1
사랑했냐고	1
사랑했다	1
사랑했다고	1
사랑했다는	1
사랑했어요	1
사랑했을까요	1
사래	1
사레	1
사령관들	1
사로잡아요	1
사로잡힐	1
사료되오만	1
사르다우카	1
사리다	1
사립학교	1
사만다	1
사망일	1
사망하셨다고요	1
사망하시면	1
사망했다	1
사망했습니다	1
사매	1
사면권	1
사명감	1
사무라이씨	1
사무라일	1
사무소	1
사무용품	1
사무원	1
사미아	1
사바나	1
사범	1
사본	1
사빈	1
사사로운	1
사살	1
사상	1
사상운동	1
사서	1
사선	1
사설	1
사설탐정	1
사셔	1
사셨나요	1
사셨습니까	1
사셨어	1
사셨잖니	1
사수	1
사시오	1
사시지	1
사신다고요	1
사실들	1
사실주의	1
사악하대	1
사악함	1
사악해서요	1
사야한다고	1
사야할	1
사양하겠소	1
사양한댔지	1
사양할게	1
사양합니다	1
사업가들	1
사업해	1
사열	1
사와	1
사요	1
사용됐다고	1
사용됩니다	1
사용료	1
사용법	1
사용설명서	1
사용자님	1
사용자명	1
사용하고	1
사용하니	1
사용하셨군요	1
사용하여	1
사용한	1
사용한줄	1
사용했다	1
사용했던	1
사용했어	1
사용했어요	1
사용했죠	1
사우나	1
사우스	1
사운드	1
사울	1
사위	1
사이공	1
사이로요	1
사이먼스	1
사이버	1
사이비종교	1
사이코패스	1
사이클론	1
사이트	1
사이피오네이트	1
사인받는	1
사인스	1
사인할까	1
사인했소	1
사인했죠	1
사임하실	1
사장답게	1
사절	1
사정권안	1
사제관	1
사제들	1
사죄	1
사죠	1
사주게	1
사주고	1
사주었다	1
사주했느냐	1
사준	1
사줄래요	1
사줘	1
사줬냐	1
사줬는데	1
사줬니	1
사줬어	1
사줬어요	1
사지마	1
사직하게	1
사진기	1
사진기자	1
사진작가	1
사진첩	1
사창가	1
사천요리	1
사촌오빠	1
사춘기	1
사케	1
사티로스	1
사파라즈인	1
사파티스타	1
사퍼	1
사표	1
사프란	1
사학	1
사항들	1
사회성	1
사회악	1
사회주의	1
사회학	1
삭감하다	1
삭았어	1
삭제하는데요	1
삭제하라고	1
삭제하십시오	1
삭제할	1
삭제했어	1
산길	1
산다고요	1
산다던가	1
산다면서요	1
산다지	1
산드라	1
산들	1
산딸기	1
산란기	1
산림	1
산만	1
산봉우리	1
산사나무	1
산서성	1
산소마스크	1
산악군단	1
산악인	1
산야	1
산오가	1
산중서	1
산책시킨다	1
산책하는	1
산책했다고요	1
산책했어	1
산체스	1
산타페	1
산토스	1
살거든	1
살거죠	1
살겠네	1
살겠다고	1
살겠어	1
살겠어요	1
살겠지	1
살고싶어	1
살금살금	1
살기로	1
살기위해서	1
살기좋은	1
살길	1
살다보면	1
살다죽게	1
살도록	1
살든	1
살라	1
살라딘	1
살라미	1
살라사르	1
살려고	1
살려내겠소	1
살려낼	1
살려냈다	1
살려는	1
살려달라	1
살려달라고	1
살려두는	1
살려두자고	1
살려둘	1
살려둬라	1
살려뒀지	1
살려만	1
살려주네	1
살려주소	1
살려주었다	1
살려주지	1
살려준	1
살려줄게	1
살려줘서	1
살렸어	1
살롱	1
살류트	1
살리기	1
살리나네	1
살리라는	1
살리려는	1
살리려면	1
살리면	1
살릴게	1
살림	1
살무사	1
살빼는	1
살살하라고	1
살살하란	1
살살해	1
살생	1
살수	1
살아가게	1
살아가는	1
살아가도록	1
살아가지고	1
살아계세요	1
살아계셔서	1
살아계시거든	1
살아계시니	1
살아계신가	1
살아날	1
살아남고	1
살아남다	1
살아남되거	1
살아남아	1
살아남아야	1
살아남았고	1
살아남았네	1
살아남았는지도	1
살아남았을까요	1
살아남았죠	1
살아남으려면	1
살아남으면	1
살아남으셨죠	1
살아남을까	1
살아보니	1
살아봐	1
살아서는	1
살아서도	1
살아선	1
살아야만	1
살아올까	1
살아있군	1
살아있군요	1
살아있네	1
살아있다면	1
살아있어서	1
살아있어야	1
살아있었겠지	1
살아있었구나	1
살아있었나	1
살아있었느냐	1
살아있었어요	1
살아있었을	1
살아있을까	1
살아있음	1
살아줬으면	1
살았고	1
살았나봐요	1
살았나요	1
살았냐	1
살았었다	1
살았었다고요	1
살았으면서	1
살았을걸	1
살았을까	1
살어	1
살육	1
살인마들아	1
살인마요	1
살인사건	1
살인요	1
살인자들	1
살인하고	1
살인하는	1
살인한	1
살잖아	1
살지도	1
살지만	1
살진	1
살충제	1
살펴보고	1
살펴보지도	1
살펴봐	1
살펴봐라	1
살펴봤나	1
살펴봤냐고	1
살펴봤다	1
살펴야	1
살피거라	1
살피다	1
살해당하신	1
살해당한다고	1
살해당했다	1
살해당했다면	1
살해당했습니다	1
살해되는	1
살해했다	1
삶아	1
삼가다	1
삼각	1
삼각지대	1
삼갔으면	1
삼는	1
삼백	1
삼백만	1
삼베	1
삼봉	1
삼삼하게	1
삼성	1
삼손	1
삼수	1
삼십대	1
삼십오	1
삼십육계	1
삼았다	1
삼위일체	1
삼으려고	1
삼으면	1
삼으세요	1
삼을	1
삼제	1
삼촌네	1
삼춘	1
삼켜버려요	1
삼켜버리는	1
삼켜서	1
삼키게	1
삼키는	1
삼키라고	1
삼키지도	1
삽입	1
삽화	1
삿대질	1
삿대질하고	1
삿대질했지	1
샀게	1
샀나요	1
샀다고	1
샀다고요	1
샀단	1
샀습니까	1
샀습니다	1
샀죠	1
샀지	1
상고	1
상공	1
상관마	1
상관말아요	1
상관야	1
상관없겠네	1
상관없겠어요	1
상관없나	1
상관없나요	1
상관없다니요	1
상관없단	1
상관없대	1
상관없으니깐	1
상관없으면	1
상관없이	1
상관없지	1
상관있지	1
상관하겠어	1
상관하는	1
상권	1
상기시켜줘	1
상기시키는	1
상남자	1
상냥하게	1
상냥할	1
상담료	1
상담사	1
상담치료사	1
상담한	1
상대성	1
상대역	1
상대적	1
상대하고	1
상대하기	1
상대한	1
상대해	1
상대해야	1
상대해야지	1
상등병	1
상류층	1
상륙하면	1
상륙할	1
상상되나	1
상상속	1
상상조차	1
상상하고	1
상상한	1
상상해보십시오	1
상상해봐	1
상상했겠어	1
상상했는데요	1
상상했던	1
상세	1
상세하게	1
상속받는	1
상쇄시켜	1
상스러운	1
상승선	1
상실	1
상심	1
상영회	1
상원의원	1
상의하자고	1
상의할	1
상의해보지	1
상점가	1
상점들	1
상주한다면서	1
상징적	1
상책	1
상처받아야겠어	1
상처받을까봐	1
상처입은	1
상쾌한	1
상투적	1
상팔자	1
상하셨습니까	1
상한다	1
상한다는	1
상해있어	1
상했다구요	1
상했어	1
상현들	1
상호작용	1
상황들	1
상황실	1
상황용	1
샇샇히	1
새거	1
새것이든	1
새겠다	1
새겨지는	1
새겨진	1
새겼다고	1
새고	1
새기개	1
새기고	1
새기는	1
새긴	1
새끼답게	1
새낀데	1
새낄	1
새나가는	1
새들아	1
새디	1
새색시	1
새서	1
새신랑	1
새어나가다	1
새어머니	1
새옷	1
새우	1
새우다	1
새웠어	1
새장	1
새출발	1
새치기하지	1
새하얗게	1
색깔없는	1
색마	1
색상	1
색상들	1
색시	1
색시면	1
색채	1
색출하라	1
색칠	1
샌 프란시스코	1
샌다	1
샌드맨	1
샌디야	1
샐러드드레싱	1
샘와이즈	1
샜단	1
샜어	1
생각나나	1
생각나네	1
생각나네요	1
생각나면	1
생각나지	1
생각났나	1
생각대로	1
생각되는데요	1
생각되지	1
생각들	1
생각마	1
생각좀	1
생각지	1
생각지도	1
생각하거든	1
생각하겠죠	1
생각하길	1
생각하나봐	1
생각하네	1
생각하는가	1
생각하는구나	1
생각하는데요	1
생각하더라고요	1
생각하려	1
생각하면서	1
생각하셔	1
생각하셨나요	1
생각하셨다고요	1
생각하시겠지만	1
생각하시구요	1
생각하시는	1
생각하시는데	1
생각하시지	1
생각하잖아	1
생각하잖아요	1
생각하진	1
생각하치	1
생각한다지	1
생각해낸	1
생각해냈죠	1
생각해보겠나	1
생각해보긴	1
생각해보니까	1
생각해보면	1
생각해보신	1
생각해보았나	1
생각해보지	1
생각해봐도	1
생각해봤나	1
생각해봤소	1
생각해봤죠	1
생각해주는	1
생각햇다	1
생각했게	1
생각했네	1
생각했던대로	1
생각했습니다	1
생각했었어	1
생겨나는건가	1
생겨난	1
생겨난다	1
생겨났다는거	1
생겨났을까	1
생겨도	1
생겨서	1
생겼군요	1
생겼냐고	1
생겼는데요	1
생겼다	1
생겼더라	1
생겼던	1
생겼어도	1
생겼으니까	1
생겼을	1
생겼을게	1
생겼을까	1
생겼을지도	1
생겼잖나	1
생겼잖아	1
생긋	1
생기	1
생기겠지	1
생기나	1
생기냐	1
생기는구나	1
생기는군	1
생기시죠	1
생기지	1
생긴겁니까	1
생긴다	1
생긴다고	1
생긴다면	1
생길까요	1
생길지	1
생데니	1
생돈	1
생떼야	1
생략해도	1
생리주기	1
생리하니	1
생리할	1
생명주기	1
생물시간	1
생물학자	1
생물학자님	1
생물학적	1
생부	1
생사확인	1
생산자	1
생산하는	1
생산할	1
생산해야	1
생생하게	1
생선국	1
생시요	1
생엔	1
생일날	1
생일파티	1
생존키트	1
생존하기	1
생존할	1
생존했다니	1
생존했다면	1
생쥐같은	1
생트집	1
생포	1
생포해서	1
생활방식	1
생활비	1
생활인	1
생활한다는	1
샤넬	1
샤누이	1
샤다웃	1
샤르헨또	1
샤발리	1
샤베트	1
샤블로	1
샤오신	1
샤워하면서	1
샤이엔	1
샤프해	1
샨시요	1
샴세딘	1
샷건	1
섀끼	1
서거라	1
서게	1
서국	1
서기	1
서기장	1
서너	1
서너번	1
서니	1
서도	1
서두르게	1
서두르나	1
서두르다	1
서두르라고	1
서두르라니까	1
서두르면	1
서두르셔야	1
서두르십시오	1
서두르자	1
서두른다면	1
서둘러서	1
서든	1
서라고요	1
서라니	1
서랬지	1
서러워	1
서로들	1
서류정리	1
서른다섯	1
서먹하	1
서면	1
서명하고	1
서명하나	1
서명하는게	1
서명하다	1
서명하시겠어요	1
서명하시면	1
서명하지	1
서명할거	1
서명해	1
서명해야	1
서명했다	1
서명했소	1
서명했습니다	1
서명했잖아	1
서명했지	1
서문	1
서민	1
서베를린	1
서봐	1
서부	1
서부전선	1
서빙하라고	1
서빙해	1
서사	1
서성거려요	1
서성이시나	1
서성인	1
서식한다	1
서실래요	1
서십시오	1
서약	1
서약하겠어	1
서약하죠	1
서약한	1
서약해야	1
서예하고	1
서운해	1
서운해요	1
서울 대학교	1
서원	1
서있겠어	1
서있는	1
서있어요	1
서있을	1
서있지	1
서자	1
서장양반	1
서주고	1
서줄래요	1
서커스단	1
서태윤	1
서투르면	1
서툰짓	1
서툴러서	1
서혜	1
석간신문	1
석공	1
석방	1
석방되다	1
석방되면	1
석방하면	1
석방한다	1
석우	1
석유왕	1
섞다	1
섞어	1
섞으세요	1
선계	1
선고받게	1
선고받다	1
선교	1
선교사	1
선구자	1
선금	1
선단	1
선대	1
선더타운	1
선데이	1
선동하는	1
선두권	1
선로	1
선물하고	1
선물하는	1
선물하신	1
선물할	1
선미	1
선발됐다고	1
선방	1
선방했고	1
선배들	1
선불	1
선불교	1
선사	1
선사하고	1
선생님답지	1
선생들	1
선샤인	1
선선하게	1
선술	1
선술집	1
선실	1
선언	1
선언되었다	1
선언하겠습니다	1
선언하다	1
선언한다	1
선언해요	1
선왕	1
선율	1
선의	1
선인도	1
선인들	1
선인장	1
선임하려면	1
선전	1
선전용	1
선조	1
선진국	1
선착장	1
선처	1
선체	1
선출되었다	1
선출되었습니다	1
선출된	1
선출하는	1
선친	1
선택된	1
선택될	1
선택받는	1
선택받은	1
선택하든	1
선택하셨어요	1
선택한다구요	1
선택한다네	1
선택한다면	1
선택할거요	1
선택해서	1
선택해야	1
선택해줄까	1
선택했거든	1
선택했을까요	1
선탠	1
선탠하자고	1
선평	1
선포한다	1
선플라워	1
선하다	1
선하다고	1
선호하는	1
선홍빛	1
섣불리	1
설겆이	1
설계가	1
설계가다	1
설계됐어요	1
설계자	1
설계할	1
설교해달라고	1
설득될	1
설득력	1
설득시키고	1
설득하고	1
설득하려	1
설득하려는	1
설득해	1
설득해보면	1
설득했지	1
설레	1
설레면서	1
설레였나요	1
설레이고	1
설리먼	1
설마가	1
설명드렸는데	1
설명하게	1
설명하겠어요	1
설명하고	1
설명하러	1
설명하지	1
설명한	1
설명할거	1
설명할거야	1
설명할게	1
설명할까	1
설명합니까	1
설명해주겠나	1
설명해주기다	1
설명해주시겠습니까	1
설명해주시겠어요	1
설명해줄까	1
설명했어	1
설불의	1
설쳤나	1
설쳤냐	1
설치	1
설치고	1
설치다	1
설치며	1
설치해	1
설치했나	1
설화	1
섬겨	1
섬겨야	1
섬기라	1
섬기지	1
섬길	1
섬들	1
섬뜩해요	1
섬유	1
섭니다	1
섭섭한	1
섭섭해	1
섰거라	1
섰구만	1
섰냐	1
섰는지	1
섰니	1
섰다	1
섰던	1
섰어	1
성가대	1
성가셔	1
성가셔해요	1
성가시네	1
성가실	1
성감대	1
성공적으로	1
성공하기	1
성공하든	1
성공하면	1
성공할지	1
성공해	1
성공했구나	1
성공했나	1
성공했다고요	1
성급해	1
성급했죠	1
성낼	1
성냥팔이	1
성당엔	1
성대하게요	1
성대하겠지	1
성대하군요	1
성대한	1
성룡	1
성립	1
성립돼	1
성립된	1
성명문	1
성모상	1
성물	1
성분	1
성성	1
성성이들	1
성수	1
성숙해	1
성실할	1
성실해요	1
성인군자	1
성장할	1
성장했구나	1
성적표	1
성직자	1
성탄극	1
성하	1
성하님	1
성할	1
성향	1
성형	1
성호	1
성화	1
세가르도	1
세계적	1
세고	1
세관	1
세놓으라고	1
세뇌당한	1
세뇌되면	1
세뇌하려고	1
세뇨르	1
세다고	1
세단	1
세대들	1
세던데	1
세라	1
세럼	1
세레모니	1
세련됐어	1
세련되셨지	1
세례명	1
세릴	1
세마리라구	1
세무서라니	1
세미	1
세미나	1
세바스티앵	1
세번째	1
세보진	1
세본	1
세부적으로	1
세브르	1
세사르	1
세살	1
세상모르고	1
세수하실래요	1
세스나	1
세시	1
세실리아	1
세심하게	1
세심한	1
세어	1
세어보려고	1
세어봤나	1
세요.	1
세우겠어	1
세우는	1
세우는데	1
세우라고요	1
세우라는	1
세우려면	1
세우세요	1
세운다고	1
세워뒀더라	1
세워라	1
세워주니까	1
세워주마	1
세워주면	1
세워줘요	1
세워진다	1
세워총	1
세웠다	1
세웠습니다	1
세웠어	1
세웠을	1
세웠잖아	1
세인트	1
세인트부르크	1
세입자	1
세자르	1
세정액	1
세지	1
세차	1
세채	1
세츠	1
세탁소	1
세팅할	1
세포들	1
섹션	1
섹스샵	1
섹스하다	1
섹스하려고	1
섹스한	1
섹스할	1
섹시하다	1
섹시하다고	1
섹시한데	1
센가	1
센거요	1
센지	1
센트	1
셀까	1
셀러리	1
셀소	1
셉스	1
셌어	1
셔요	1
셔츠단	1
셔츠들	1
셔크	1
셔터	1
셔틀버스	1
션찮아서였나요	1
셜록	1
셨다	1
셨어요	1
셰넌도어	1
셰리주	1
셰이퍼엔	1
셰인	1
셴위	1
셸비요	1
솀제딘	1
소개시켜줘야	1
소개하냐	1
소개하는	1
소개하려고	1
소개하오	1
소개하지	1
소개할	1
소개해	1
소개해드릴까요	1
소개해야	1
소개해야겠군요	1
소개해줄까	1
소교	1
소굴엔	1
소극적	1
소극적으로	1
소금절인	1
소냐	1
소녀들	1
소년들	1
소니 헤이스	1
소다수	1
소도	1
소독용	1
소독해놨지	1
소독했어	1
소두구	1
소들	1
소란들	1
소란스러워	1
소란스러웠을	1
소란피우기	1
소랑	1
소렌	1
소령님	1
소류	1
소름끼쳐	1
소리나	1
소리없이	1
소리요	1
소리지르는	1
소리지를	1
소리질러서	1
소리치고	1
소리치지마	1
소리칠	1
소린가요	1
소린들	1
소린지	1
소릴해	1
소릴했어	1
소립니까	1
소망	1
소망할	1
소멸시키는데	1
소모품	1
소문나면	1
소문낸다	1
소미	1
소방소	1
소방수답나요	1
소베크	1
소변검사	1
소변본거	1
소비	1
소설가	1
소세지	1
소세지와	1
소속감	1
소속돼	1
소속부대	1
소송감	1
소수	1
소스케다	1
소시지도	1
소양	1
소외감	1
소외되지	1
소용없다	1
소용없다고	1
소용없다는	1
소용없다며	1
소용없습니다	1
소용없었다고	1
소용없을걸	1
소운운	1
소원들	1
소원하나	1
소유주	1
소유하는	1
소인배	1
소작농	1
소주	1
소중	1
소중하니	1
소중히	1
소지하고	1
소지한	1
소진해	1
소집	1
소집하라	1
소집해	1
소총끈	1
소크라테스	1
소표	1
소풍하는	1
소프트	1
소피아야	1
소행	1
소협	1
소호	1
소화기관	1
소환된	1
소환하라	1
소환한거지	1
속눈썹	1
속단하긴	1
속대	1
속든	1
속보	1
속삭이세요	1
속삭이죠	1
속삭이지	1
속삭인	1
속삭인다고요	1
속상한	1
속상한지	1
속상해하는데	1
속상해하며	1
속속들이	1
속아보라고	1
속아왔어	1
속았구나	1
속았지	1
속엔	1
속여놓고선	1
속여서	1
속였군	1
속였다고	1
속였어요	1
속였을까요	1
속으면	1
속은	1
속이고	1
속이고도	1
속이기	1
속이다니	1
속이려	1
속이지	1
속인걸	1
속인다	1
속일까봐	1
속죄	1
속죄하기	1
속죄해야	1
속지	1
속편	1
속하고	1
속하죠	1
속해있나	1
손가락들	1
손금	1
손길	1
손대기	1
손대는	1
손대면	1
손댄	1
손댔어	1
손댔지	1
손들	1
손들라고	1
손들란	1
손들어볼래	1
손들어요	1
손들지	1
손발	1
손보다	1
손보지	1
손본	1
손봐	1
손봤는데	1
손사래	1
손상돼서요	1
손수	1
손수갑	1
손수건들	1
손쉽게	1
손쓰기	1
손쓸	1
손아귀	1
손안	1
손잡고	1
손잡아주지	1
손잡아줘	1
손재주	1
손전등	1
손짓하는데	1
손찌검	1
손해배상금	1
솔개	1
솔라리스	1
솔레고	1
솔렌	1
솔로몬	1
솔로조	1
솔리도르	1
솔밭	1
솔직하고	1
솔직하라고	1
솔직하잖아	1
솔직하지	1
솔직했다	1
솔직히요	1
솜뭉치	1
솜사탕	1
솜털	1
솜털꼬리	1
솟아라	1
솟아오른	1
솟았나	1
송곳	1
송금하다	1
송금하면	1
송련	1
송로	1
송서래만	1
송장	1
송장마냥	1
송장치울	1
송환	1
쇄골	1
쇠락해요	1
쇠창살	1
쇼엔	1
쇼지	1
쇼코잖니	1
쇼타임	1
쇼팽	1
쇼핑갈	1
쇼핑백	1
쇼핑센터	1
쇼핑하고	1
쇼핑하러	1
쇼핑해	1
쇼헤이	1
수감된	1
수거	1
수고비	1
수고하세요	1
수고하셨습니다	1
수고하셨어요	1
수고하십니다	1
수고했네	1
수고했다	1
수교했다	1
수군거려요	1
수군거리다	1
수녀님들	1
수달씨	1
수도꼭지	1
수도사	1
수도세	1
수도자	1
수돗물	1
수동적	1
수동적으로	1
수두	1
수락됐고	1
수락했는가	1
수련하고	1
수령인	1
수령하다	1
수령하러	1
수로	1
수록	1
수뢰	1
수료하지	1
수륙	1
수리	1
수리됐습니까	1
수리받아야	1
수리비	1
수리수리	1
수리중	1
수리할	1
수리해서	1
수리했어	1
수메르	1
수몰시키려는	1
수박맛	1
수박씨	1
수배	1
수배범	1
수배중	1
수병	1
수비대	1
수사망	1
수사반	1
수사적	1
수사한다니	1
수상님	1
수상하게	1
수상하면	1
수상하지	1
수색꾼	1
수색하려면	1
수색할	1
수색해도	1
수색해봐	1
수생	1
수선	1
수선공	1
수성	1
수세기	1
수송선	1
수수떡	1
수수료	1
수술하다	1
수술한	1
수술해요	1
수술했다며	1
수슬	1
수습할	1
수습해야	1
수신	1
수억	1
수업료	1
수없이	1
수여하실	1
수염쟁이	1
수영복	1
수영하면	1
수영하세요	1
수영하실	1
수영하지	1
수영해	1
수영했어요	1
수용하는데	1
수월하다는	1
수월하지	1
수육	1
수은	1
수입품	1
수잔나가	1
수장	1
수적	1
수전	1
수정사항	1
수정해서	1
수정했다	1
수제	1
수제자	1
수조	1
수줍어진	1
수줍어하네	1
수줍어하는지	1
수줍은	1
수중전	1
수중팀	1
수증기	1
수진	1
수집가	1
수집가세요	1
수집하는	1
수집한	1
수집해요	1
수차례	1
수채화	1
수천개	1
수축하고	1
수출용	1
수치상	1
수치스러울까	1
수치스럽지	1
수치심	1
수칙	1
수테라	1
수풀	1
수풀레	1
수풍요	1
수프요	1
수플레	1
수플레다	1
수하들	1
수하요	1
수행하게	1
수행하지	1
수행할까요	1
수행해서	1
수행했어	1
수호신	1
수호자	1
수호자들	1
수호천사	1
수화할	1
수확기	1
수확장	1
숙녀님들	1
숙녀들	1
숙녀여러분	1
숙모님	1
숙박부	1
숙박비	1
숙박하신다고요	1
숙성시킨	1
숙여라	1
숙여요	1
숙이는	1
숙이는데	1
숙이다	1
숙이지	1
숙일	1
숙일께	1
숙제하게	1
숙제하러	1
숙제해도	1
숙지하고	1
숙청하는	1
숙취	1
순간들	1
순간적으로	1
순결한	1
순경나으리	1
순경일	1
순교	1
순사	1
순수미술	1
순수하냐	1
순수함	1
순양함	1
순위	1
순이	1
순조롭다고	1
순진한	1
순진한거	1
순진해	1
순진했다	1
순진했어	1
순찰기	1
순찰대	1
순찰비	1
순찰차	1
순찰하라	1
순풍	1
순하고	1
순하잖니	1
순환	1
순회	1
술독째	1
술래	1
술리오티스	1
술버릇	1
술수	1
술술	1
술주정뱅이들	1
숨겨놓는	1
숨겨놓은	1
숨겨놨대요	1
숨겨두기	1
숨겨서	1
숨겨주는	1
숨겨줄까요	1
숨겨줘	1
숨겨줬어	1
숨겨줬죠	1
숨겨질	1
숨결	1
숨겼는데	1
숨겼는지	1
숨겼소	1
숨겼을까봐	1
숨기게	1
숨기기	1
숨기긴	1
숨기려는	1
숨기지도	1
숨넘어가는	1
숨는	1
숨는군	1
숨쉬고	1
숨쉬어	1
숨어도	1
숨어들었니	1
숨어들었다	1
숨어서	1
숨었냐	1
숨었다고	1
숨었소	1
숨었어	1
숨었을까	1
숨울	1
숨으려고	1
숨으면	1
숨으시겠다	1
숨죽이고	1
숨지도	1
숫자들	1
숫총각	1
숫컷	1
숭배한	1
쉔크	1
쉣	1
쉬게	1
쉬겠다니	1
쉬겠어	1
쉬고들	1
쉬나	1
쉬는게	1
쉬도록	1
쉬라니까	1
쉬려고요	1
쉬며	1
쉬세요	1
쉬시겠습니까	1
쉬시는	1
쉬어져	1
쉬엄쉬엄	1
쉬었소	1
쉬었잖아	1
쉬었지	1
쉬우며	1
쉬우면	1
쉬워졌다는	1
쉬워지겠군	1
쉬웠게	1
쉬웠는데	1
쉬자	1
쉬지도	1
쉬하러	1
쉰둘	1
쉴라	1
쉽겠나	1
쉽겠소	1
쉽니까	1
쉽다고	1
쉽든	1
쉽샤이어	1
쉽지가	1
쉽지만은	1
쉿은	1
슈나이더	1
슈니첼	1
슈모쿠초	1
슈바넨베르더	1
슈바벤	1
슈바이버	1
슈바이처	1
슈베르트	1
슈브르	1
슈와마	1
슈크림	1
슈타지다	1
슈퍼맨	1
슈피겔지	1
슈피겔지에	1
슐르이코프	1
슐츠	1
스나웃	1
스누틀리	1
스레드	1
스릴	1
스마트워치	1
스며드는	1
스모크스택	1
스몰스로	1
스무채	1
스물아홉	1
스미조메	1
스바스티카	1
스베니고로드	1
스베틀라나	1
스스스스스	1
스웨덴인	1
스위트워터라니	1
스쳐	1
스치듯이	1
스친다	1
스카	1
스카두쉬	1
스카웃	1
스카이	1
스카이웨이맨요	1
스캐그네티	1
스캐너	1
스캔했어	1
스커트	1
스컬	1
스컹크라니	1
스케치	1
스케치하러	1
스코레스비	1
스콧	1
스콧-헤론	1
스쿱	1
스퀴키	1
스크라이버	1
스크래치	1
스크러버	1
스크립트	1
스키타러	1
스킨십	1
스킨크림	1
스킨헤드	1
스킨헤든	1
스타님	1
스타들	1
스타이브스샌트	1
스타크래프트	1
스타트	1
스탠 리	1
스탠든	1
스탠퍼드	1
스탠포드	1
스탭	1
스턴	1
스텀	1
스테레오	1
스테이션	1
스테이시한텐	1
스테이플러	1
스텔린	1
스텔스	1
스토너웨이	1
스토커	1
스토킹	1
스토퍼	1
스톡홀름	1
스톤	1
스톱	1
스투페파이	1
스튜어디스	1
스트레인지	1
스트레칭	1
스트로베리	1
스티커들	1
스파로	1
스파링	1
스파이들	1
스파이비	1
스파이짓	1
스파이크랬지?	1
스파카피코	1
스펀지	1
스펠링	1
스포트라이트	1
스폴딩	1
스푼	1
스프	1
스프라우트	1
스플릿	1
스피드	1
스피브로스	1
스피어맨	1
슬라이드	1
슬랫	1
슬레이터	1
슬로모션	1
슬릭	1
슬퍼서	1
슬퍼요	1
슬퍼하고	1
슬퍼하는	1
슬퍼하든	1
슬퍼하면	1
슬펐겠구나	1
슬프게	1
슬프다	1
슬프다니	1
슬프면	1
슬프세요	1
슬프지	1
슬플까요	1
슬피	1
습격당했습니다	1
습격하는	1
습격한	1
습기찬	1
습니까	1
습니다	1
습니다.	1
습니다마는	1
습니다만	1
습도	1
습명식	1
습하든	1
승강기	1
승강로	1
승객여러분	1
승객용	1
승낙	1
승낙하면	1
승낙하신	1
승낙하진	1
승리자	1
승리하길	1
승리하는	1
승리할	1
승리합니다	1
승리했다고	1
승마	1
승마하러	1
승무원들	1
승선한	1
승인됐습니다	1
승인되지	1
승인해	1
승인했나요	1
승진시켜야	1
승진시키도록	1
승진하겠다	1
승진하실	1
승진허고	1
승차권	1
승차하세요	1
승천할	1
시가릴로	1
시가지는	1
시각장애인	1
시간대	1
시간들	1
시간엔	1
시게	1
시겟치	1
시계수리공	1
시고	1
시골마을	1
시골집	1
시공간	1
시국	1
시그러워	1
시그프릿	1
시급	1
시급하지	1
시꺄	1
시끄러워서	1
시끄럽게	1
시끄럽구먼	1
시끄럽군	1
시끄럽다	1
시끄럽다고	1
시끄럽든	1
시끄럽잖아	1
시네마	1
시넬란디아	1
시녀	1
시노라	1
시노부	1
시노인고	1
시니컬	1
시달리겠죠	1
시달리는	1
시달리다	1
시답잖은	1
시댁	1
시도 이렇게 당했	1
시도중	1
시도하다	1
시도할거야	1
시도해볼게	1
시도해봐	1
시도해봤어	1
시도했다고	1
시라던데	1
시럽	1
시리	1
시린	1
시마	1
시마다는	1
시마스시	1
시마타케	1
시멍	1
시멘트	1
시모노	1
시모노프	1
시뮬레이션	1
시민과장이요	1
시민군	1
시브링	1
시빌라	1
시뻘겋게	1
시상	1
시샘하는	1
시스로란	1
시스틴	1
시시각각	1
시시때때	1
시시포스	1
시시하다	1
시시하든	1
시식	1
시아파	1
시앵커	1
시여	1
시연하게	1
시오니즘	1
시원찮나	1
시원하군	1
시원하다	1
시원하디	1
시원한	1
시원할거야	1
시원해질까요	1
시음회	1
시인하지	1
시일	1
시작돼요	1
시작됐고	1
시작됐군	1
시작됐군요	1
시작됐어	1
시작됐을	1
시작됐을까요	1
시작되려	1
시작된	1
시작된다	1
시작된다고	1
시작될	1
시작됩니다	1
시작하거나	1
시작하게	1
시작하겠다	1
시작하겠어	1
시작하겠지	1
시작하는데	1
시작하니	1
시작하신	1
시작할게요	1
시작해볼까요	1
시작해야만	1
시작해야죠	1
시작했거든요	1
시작했는데	1
시작했다고요	1
시작했죠	1
시잖아	1
시장통	1
시적	1
시조	1
시종인	1
시즌 삼, 일	1
시지요	1
시청자	1
시쳐라	1
시치미	1
시치코쿠산	1
시칠리아	1
시침	1
시카고엔	1
시커먼	1
시커멓게	1
시케인	1
시켜라	1
시켜볼까	1
시켜야지	1
시켜주라	1
시켜준다고	1
시켜줄	1
시켜줄게	1
시켜줄까	1
시켜줄래요	1
시켰겠어요	1
시켰겠죠	1
시켰나	1
시켰냐	1
시켰니	1
시켰더구나	1
시켰소	1
시켰잖아	1
시켰죠	1
시키나요	1
시키셨어요	1
시키잖아	1
시키죠	1
시킬거야	1
시킬까요	1
시킬께	1
시판한대	1
시프트	1
시행	1
시행하다	1
시험상대	1
시험하려던	1
시험하세요	1
시험하지	1
시험할까요	1
식겠다	1
식견	1
식구라며	1
식권	1
식기	1
식기세척기	1
식당가	1
식당들	1
식대	1
식도	1
식량	1
식물학자들	1
식민화될	1
식별	1
식별되는데	1
식별할	1
식별해	1
식사나	1
식사예절	1
식사하러	1
식사하세요	1
식사하셨습니까	1
식사하셨어요	1
식사하자고	1
식사하자구	1
식사했다	1
식었잖아	1
식욕감퇴	1
식으면	1
식초	1
식충이들	1
식품노조	1
식혀먹는	1
식혀주고	1
식혀주려	1
식후	1
신경계	1
신경꺼	1
신경쓰지마	1
신경쓸	1
신경외과	1
신고서	1
신고인	1
신고자	1
신고하셨어요	1
신고하실	1
신고하지	1
신고할까	1
신고할까요	1
신고해요	1
신고했냐	1
신고했어	1
신공표	1
신공표라니까	1
신기는	1
신기하구만	1
신기하죠	1
신기하지	1
신기해	1
신나겠죠	1
신나는데	1
신나든	1
신나라	1
신나할	1
신날	1
신데	1
신들	1
신랑감	1
신랑님	1
신뢰도	1
신뢰하는	1
신모델	1
신문하는	1
신박한데	1
신발짝	1
신변	1
신부님들	1
신부여	1
신비경	1
신사님	1
신사답게	1
신사복매장	1
신사숙녀	1
신생	1
신생아실	1
신선한가	1
신선해	1
신성	1
신성한가	1
신세졌어요	1
신세진	1
신속	1
신속대응팀	1
신속하게	1
신속하고	1
신식	1
신실하시니라	1
신앙	1
신야	1
신어도	1
신었네	1
신었어	1
신었잖아	1
신오부	1
신용할	1
신으라아악	1
신으면	1
신은	1
신을래	1
신음	1
신음하며	1
신입생	1
신작	1
신장	1
신전	1
신정권	1
신조	1
신중하길	1
신중함	1
신중했을	1
신참들	1
신청하다	1
신청하셨어요	1
신축	1
신하들	1
신호하면	1
신호하여	1
신혼	1
싣는거지	1
실내악	1
실내화	1
실란트	1
실려간	1
실력대로	1
실력들	1
실력발휘	1
실력있는	1
실렸다	1
실렸어	1
실례되는	1
실례하겠소	1
실례하겠습니다	1
실례하다	1
실례할	1
실례할게요	1
실례해도	1
실례했다고	1
실롭을	1
실리고	1
실린	1
실마리	1
실망스러웠다	1
실망시켜서	1
실망시켜요	1
실망시켰나요	1
실망시켰다	1
실망시키는군	1
실망시키진	1
실망시킨	1
실망하셨나요	1
실망했다	1
실물	1
실버	1
실버맨	1
실성했지라	1
실수인	1
실수한거	1
실수했을	1
실수했지	1
실습	1
실시	1
실신했어	1
실어야겠군	1
실어야지	1
실업자	1
실없긴	1
실없어	1
실없이	1
실었다	1
실었어	1
실었어요	1
실연했다든지	1
실용성	1
실용적으로	1
실전	1
실정	1
실제적	1
실제적으로	1
실존	1
실종됐거든요	1
실종됐고	1
실종됐는데	1
실종됐다며	1
실종사건	1
실종자	1
실종자들	1
실책	1
실천했어요	1
실체	1
실크	1
실패자	1
실패하는	1
실패하도록	1
실패하든	1
실패해서	1
실패했다고	1
실패했소	1
실패했을까	1
실패했지	1
실행됐나요	1
실행하고	1
실행해야	1
실행했어	1
실험실들	1
실험한다고요	1
실현	1
실현되길	1
실현되었어	1
실현하고야	1
싫게	1
싫겠지요	1
싫구나	1
싫다니까	1
싫다더니	1
싫다면요	1
싫단	1
싫어하고	1
싫어하나	1
싫어하나요	1
싫어하네	1
싫어하는지	1
싫어하다	1
싫어하든	1
싫어하셔	1
싫어하셨지만	1
싫어하십니다	1
싫어하죠	1
싫어하지만	1
싫어한다고	1
싫어한대	1
싫어할까요	1
싫어해요	1
싫어했다	1
싫어했어	1
싫어했잖아요	1
싫어했지	1
싫었어	1
싫으니까	1
싫으면서	1
싫으세요	1
싫으셨죠	1
싫을걸	1
싫죠	1
심각성	1
심각하게	1
심각하니	1
심각하다고	1
심각하죠	1
심각하지	1
심각한가요	1
심각한데	1
심각한데요	1
심각할	1
심각합니까	1
심각해	1
심각해졌다고	1
심각했어	1
심각헝께	1
심경	1
심고	1
심난하네	1
심도	1
심란하잖아	1
심란해한다고	1
심란했나	1
심리상담사	1
심리적	1
심리적으로	1
심리치료	1
심리학적	1
심문하시겠습니까	1
심문할	1
심문해	1
심문해요	1
심박	1
심박수	1
심부름시켜요	1
심사위원들	1
심산	1
심성	1
심슨	1
심신	1
심심하지	1
심심해	1
심안	1
심야	1
심야요	1
심어서	1
심어준	1
심어진	1
심은	1
심을	1
심장마비	1
심장박동	1
심장병	1
심장요	1
심지	1
심지어는	1
심층적	1
심층적으로	1
심통	1
심판진	1
심플하고	1
심하기도	1
심하네요	1
심하니까	1
심하다가	1
심하다고	1
심하시구나	1
심하시군	1
심하잖아	1
심한가	1
심한가요	1
심한거	1
심할수록	1
심해졌고요	1
심해졌대	1
심해지고	1
심했을까	1
심했죠	1
심호흡하고	1
십계명	1
십년	1
십시오	1
십억엔	1
십오분	1
십이개월	1
십자말풀이	1
싱거운	1
싱거워서	1
싱글싱글거려	1
싱싱하군	1
싱크대	1
싱크홀	1
싱클레어	1
싶거나	1
싶겠냐	1
싶겠죠	1
싶고	1
싶군	1
싶기	1
싶다구요	1
싶다는	1
싶다는데	1
싶다던데	1
싶다며	1
싶대	1
싶댔냐	1
싶댔어	1
싶댔죠	1
싶댔지	1
싶어도	1
싶어서가	1
싶어서야	1
싶어졌다	1
싶어질걸	1
싶어하다	1
싶어하진	1
싶어할걸	1
싶어합니다	1
싶어했어요	1
싶었거든	1
싶었나	1
싶었나요	1
싶었냐	1
싶었냐고	1
싶었는지	1
싶었니	1
싶었다니깐	1
싶었다며	1
싶었던	1
싶었었어	1
싶으니까	1
싶으니까요	1
싶으시잖아요	1
싶으시죠	1
싶으신	1
싶으신가요	1
싶으십니까	1
싶은걸요	1
싶은게	1
싶잖아	1
싶지는	1
싸곤	1
싸기	1
싸노코	1
싸는군	1
싸니까	1
싸다고	1
싸다며	1
싸더라도	1
싸돌아다녀	1
싸려나	1
싸매	1
싸매다	1
싸면	1
싸세요	1
싸야	1
싸요	1
싸우겠다고	1
싸우겠습니다	1
싸우겠어	1
싸우기	1
싸우기도	1
싸우는지	1
싸우다	1
싸우려는	1
싸우시겠습니까	1
싸운다는	1
싸운답니다	1
싸울거야	1
싸울까	1
싸울래요	1
싸움꾼	1
싸움꾼들	1
싸워보겠다	1
싸워보신	1
싸워볼	1
싸워볼까	1
싸워선	1
싸워야지	1
싸워야해	1
싸웠구나	1
싸웠나요	1
싸웠는데	1
싸웠다	1
싸웠다고	1
싸웠다네	1
싸웠다는	1
싸웠었지	1
싸웠을	1
싸웠지	1
싸이코	1
싸이코패스같아	1
싸인	1
싸인하는	1
싸자	1
싸잡아	1
싸죠	1
싸지르지	1
싹다	1
싹쓸이하냐구	1
쌀쌀하지	1
쌀집	1
쌈바	1
쌌구나	1
쌌다고	1
쌌어요	1
쌌으면	1
쌌잖아	1
쌌지	1
쌍년들	1
쌍놈	1
쌍둥	1
쌍둥이자리	1
쌍절곤	1
쌓긴	1
쌓는다는	1
쌓아라	1
쌓였어	1
쌓은	1
쌓이다	1
쌔리더라	1
쌔빠지는	1
쌤통	1
쌩쌩	1
쌩쌩혀	1
썌끼	1
써글	1
써놓았담	1
써놨죠	1
써먹고	1
써먹는군	1
써먹은	1
써먹지	1
써보는	1
써보세요	1
써보시는	1
써보신	1
써볼까요	1
써봐도	1
써봤어	1
써야겠습니다	1
써야죠	1
써왔다고	1
써있는	1
써있는지	1
써있어	1
써주겠대	1
써주면	1
써줄	1
써줄래	1
써줘서	1
써줬는데	1
썩게	1
썩다	1
썩어가	1
썩어라	1
썩어빠진	1
썩어야	1
썩어요	1
썩었구나	1
썩었나	1
썩었다	1
썩여	1
썩으라고요	1
썩이다	1
썩일	1
썩히고만	1
썩히려는	1
썰렁농담	1
썰렁하	1
썰렁한	1
썰물	1
썰어	1
썰어라	1
썰어주겠어	1
썰어줄	1
썰었을	1
썰지	1
썼고	1
썼나요	1
썼네	1
썼는걸	1
썼는데요	1
썼다더라	1
썼다면	1
썼더냐	1
썼던	1
썼어야	1
썼잖아	1
쎄면	1
쎈데	1
쏘게	1
쏘게요	1
쏘겠는가	1
쏘겠다고	1
쏘고도	1
쏘기	1
쏘기로	1
쏘는군	1
쏘다	1
쏘란	1
쏘려고	1
쏘셨어요	1
쏘여	1
쏘여봐라	1
쏘잉	1
쏙	1
쏜다면	1
쏟는다고	1
쏟다	1
쏟아낼	1
쏟아붓지	1
쏟아지네	1
쏟아지는데	1
쏟아지지	1
쏟아질지	1
쏟으면	1
쏟은	1
쏟을	1
쏠려고	1
쏠리냐	1
쏠리는	1
쏠테다	1
쏩니다	1
쏴버리고	1
쏴버리기	1
쏴버리라고	1
쏴버리면	1
쏴보라니까	1
쏴볼까	1
쏴서	1
쏴야	1
쏴요	1
쏴지면	1
쐈거든	1
쐈냐고	1
쐈는지	1
쐈다니까	1
쐈던	1
쐈을까	1
쐈을까요	1
쐬	1
쐬다	1
쐬러	1
쐬어도	1
쑤셔놨다니깐	1
쑤시다	1
쑤신다	1
쑥밭	1
쑥스러웠다	1
쑥쑥	1
쓰	1
쓰거나	1
쓰거라	1
쓰게하누만	1
쓰겠는가	1
쓰겠더라구	1
쓰겠지만	1
쓰고있어	1
쓰곤	1
쓰기에	1
쓰는구나	1
쓰는군	1
쓰는데요	1
쓰는지	1
쓰니	1
쓰니까	1
쓰다니요	1
쓰다듬다	1
쓰던가요	1
쓰도록	1
쓰라니까	1
쓰라려	1
쓰래	1
쓰러뜨려야	1
쓰러뜨리려고	1
쓰러뜨린	1
쓰러져요	1
쓰러졌겠죠	1
쓰러졌어	1
쓰러졌어요	1
쓰러지기	1
쓰러지면	1
쓰러지지	1
쓰러진다	1
쓰레길	1
쓰려고요	1
쓰려던	1
쓰려뜨려	1
쓰벌	1
쓰셔도	1
쓰셨나요	1
쓰셨어요	1
쓰셨지	1
쓰시게요	1
쓰시나	1
쓰시려고요	1
쓰시려나	1
쓰시오	1
쓰시지	1
쓰신다고요	1
쓰여요	1
쓰여있는데	1
쓰였나보네	1
쓰였다고	1
쓰이는	1
쓰이다	1
쓰이던	1
쓰이셨군요	1
쓰이죠	1
쓰이지	1
쓰인다	1
쓰인다고	1
쓰잖아요	1
쓰죠	1
쓰지마	1
쓱싹하려	1
쓴게야	1
쓴다고요	1
쓴다는	1
쓴다며	1
쓴약	1
쓴지	1
쓸걸	1
쓸데	1
쓸라고	1
쓸래요	1
쓸만	1
쓸만하다는	1
쓸만해	1
쓸모없고	1
쓸모없다고	1
쓸모없어	1
쓸모없어요	1
쓸모없어지면	1
쓸모없었어요	1
쓸쓸하지도	1
쓸쓸해	1
쓸어내리다	1
쓸어버려	1
쓸어버릴	1
씁니까	1
씁니다	1
씌어서	1
씌우고	1
씌울	1
씌워	1
씌워서	1
씐가	1
씐나	1
씨디들	1
씨름하고	1
씨름해요	1
씨발너미	1
씨발년	1
씨발년아	1
씨발놈	1
씨발해	1
씨벌	1
씨벌넘아	1
씨스로와	1
씨씨	1
씨앗	1
씨팔들아	1
씩씩하게	1
씩요	1
씹기	1
씹다	1
씹다만	1
씹새끼들	1
씹새들	1
씹어	1
씹었니	1
씹었어	1
씹은	1
씹탱아	1
씻기	1
씻나	1
씻는	1
씻어도	1
씻어드릴까요	1
씻어야	1
씻어줄	1
씻었다	1
씻었어	1
씻었지	1
씻으려고	1
씻으면	1
씻으셔야겠네요	1
씻으실래요	1
씻은	1
씻자	1
씻지	1
아!	1
아ㄱㄱㄱ	1
아구	1
아구스티나가	1
아구스티나잖아	1
아구창	1
아군	1
아그네스	1
아그다	1
아그라도는	1
아그리피나	1
아기돼지	1
아기들	1
아까도	1
아까운게	1
아까워라	1
아까워했어	1
아깝다	1
아껴	1
아껴두는	1
아껴두라고	1
아껴둬	1
아껴라	1
아끼기	1
아끼는구나	1
아끼는지	1
아끼려면	1
아끼시는데	1
아낀다는	1
아나베스	1
아내분	1
아낸	1
아낼	1
아냐구	1
아네트	1
아노라로	1
아늑한	1
아는걸	1
아는군	1
아는대로	1
아는데요	1
아는분	1
아니거나	1
아니겠어	1
아니겠지요	1
아니군요	1
아니기	1
아니길	1
아니냐고	1
아니냐고요	1
아니네요	1
아니다잉	1
아니더라고	1
아니더라도	1
아니되오	1
아니든	1
아니라니까요	1
아니라도	1
아니라도요	1
아니라며	1
아니라요	1
아니라지	1
아니란말야	1
아니랬소	1
아니랬지	1
아니시겠죠	1
아니시지	1
아니신가	1
아니어도	1
아니었겠죠	1
아니었고요	1
아니었냐	1
아니었니	1
아니었다고요	1
아니었다는	1
아니었던	1
아니었어든	1
아니었으면	1
아니었을까	1
아니었을까요	1
아니여	1
아니였나	1
아니였어	1
아니옵니까	1
아니옵니다	1
아니잖는가	1
아니제	1
아니지않나	1
아니진	1
아닌지요	1
아닐거야	1
아닐까봐	1
아닐세	1
아닐지까지	1
아닐텐데	1
아다마	1
아다만티움	1
아더	1
아데예미	1
아델레	1
아돌포	1
아동성애자	1
아동용	1
아드레날린	1
아드리앵	1
아따	1
아랍군	1
아랫사람	1
아랫쪽	1
아랫층	1
아령	1
아로드	1
아로라	1
아로새겨	1
아로요 델 오로엔	1
아뢰고	1
아룁니다	1
아르당	1
아르마딜로	1
아르만도	1
아르메니아인	1
아르미고	1
아르바이트한다	1
아르웬님	1
아르투로	1
아르투르	1
아르투아가	1
아르헨티나	1
아른거리는데	1
아름다우니깐	1
아름다우신걸요	1
아름다운가	1
아름다운지	1
아름다울	1
아름다웠습니다	1
아름다웠어요	1
아름답군	1
아름답기만	1
아름답네	1
아름답다는	1
아리베 델치	1
아리스토텔레스	1
아리아인	1
아리안	1
아리안님	1
아리애나	1
아마다	1
아마데오고	1
아마도요	1
아마딜로	1
아마추어같이	1
아마카스	1
아망딘	1
아메리카노	1
아메리칸	1
아멜리뿐	1
아몬	1
아몬드	1
아무거나라도	1
아무거로나	1
아무데나요	1
아무렇게나	1
아무렇지	1
아물꺼야	1
아물다	1
아뮤즈 부쉬	1
아바다	1
아바드	1
아바마마	1
아바타들	1
아방가르드한데	1
아버르제	1
아버지든	1
아벡날리	1
아부다비	1
아부다비 그랑프리	1
아부르케르	1
아부하는	1
아빠같아	1
아빠꺼	1
아빠들	1
아빠라니까	1
아빠말	1
아빠아아	1
아빠집	1
아빠한텐	1
아빤지	1
아뿔싸	1
아세테이트	1
아센디오	1
아셀라스	1
아셀라스요	1
아셨나	1
아셨는지요	1
아셨습니까	1
아셰	1
아수라장	1
아쉽겠죠	1
아쉽네	1
아스트리드 롱	1
아스퍼거	1
아스펜	1
아슬아슬하게	1
아슬아슬합니다	1
아슬아슬했네	1
아슬아슬했어	1
아슬아슬했지	1
아시는지	1
아시니	1
아시다니요	1
아시다시피	1
아시면	1
아시면서도	1
아신다	1
아실걸	1
아실걸요	1
아싸구나	1
아아아	1
아앗	1
아야겠다	1
아야야	1
아야야야	1
아에	1
아오릉	1
아우터 헤브리디스 제도	1
아울렌티	1
아웅	1
아웅다웅	1
아읏	1
아이고야	1
아이나르	1
아이다	1
아이다호	1
아이답지	1
아이덴티티	1
아이디	1
아이러니	1
아이러니하죠	1
아이러니하지	1
아이보리	1
아이브스	1
아이비	1
아이수라장	1
아이씨	1
아이용	1
아이크랑	1
아이하라	1
아자	1
아재들	1
아적	1
아정아	1
아정이	1
아제베두	1
아조씨	1
아주펩	1
아줌네	1
아지즈	1
아지트로	1
아직까진	1
아직요	1
아추야	1
아치	1
아카데미아	1
아카데미아 갤러리	1
아카자님	1
아카지	1
아칸소	1
아키라다	1
아키텍처	1
아타걸	1
아타미	1
아테네	1
아파보여	1
아파치 캐년	1
아파크	1
아파하고	1
아팟	1
아팠냐고요	1
아팠는데요	1
아팠다고	1
아팠죠	1
아폴로	1
아프가니스탄	1
아프겠구나	1
아프겠는데요	1
아프겠어요	1
아프겠지	1
아프군	1
아프네	1
아프니까	1
아프다는	1
아프다더니	1
아프다면서	1
아프단	1
아프더라도	1
아프셨니	1
아프시더라도	1
아프시죠	1
아프잖아	1
아프진	1
아프카니스탄	1
아플	1
아플지	1
아픕니까	1
아픕니다	1
아흔	1
악귀	1
악담	1
악당들	1
악덕	1
악동	1
악령들	1
악마같은	1
악마굴	1
악마배	1
악마짓	1
악명	1
악물다	1
악보들	1
악센트	1
악수라니	1
악수하겠니	1
악수하지	1
악수할	1
악수할래	1
악수해	1
악쓰는	1
악쓰지	1
악역	1
악연	1
악취웨더	1
악하게	1
악화돼	1
악화될까요	1
악화시켰어요	1
안 돼,	1
안가는	1
안가니	1
안가요	1
안간다고	1
안갈래요	1
안걸릴거에요	1
안겨주자	1
안경잽이	1
안계시니	1
안계십니까	1
안계십니다	1
안고파	1
안괜찮은거	1
안구	1
안그러냐	1
안그렇습니까	1
안길	1
안나갔어요	1
안나는	1
안나라고	1
안내견	1
안내서	1
안내원	1
안내자	1
안내하랬죠	1
안내하자	1
안녕하니	1
안녕하다	1
안녕하시니	1
안녕하신지요	1
안녕하오	1
안녕히들	1
안다구	1
안다구요	1
안다니까	1
안다던데	1
안닥쳐	1
안대	1
안데쉬	1
안도	1
안도감	1
안도해	1
안됐다고	1
안됐어요	1
안됐지만	1
안되	1
안되겠군	1
안되겠소	1
안되나	1
안되냐	1
안되는걸	1
안되셨습니다	1
안되잖니	1
안되죠	1
안되지만	1
안되지요	1
안된다	1
안된다니까	1
안된댔지	1
안될까요	1
안두겠어	1
안둘꺼야	1
안드로메다	1
안들려요	1
안들리나	1
안들어	1
안뜰	1
안락	1
안락사시킨다고	1
안마받으러	1
안마셨어도	1
안마하는	1
안마해	1
안먹어	1
안먹었니	1
안먹을래	1
안방	1
안보이네	1
안부인사	1
안산	1
안서먹어	1
안심되잖아	1
안심들	1
안심시켰다	1
안심시켰죠	1
안심하세요	1
안심했잖아	1
안쓴거	1
안아보실래요	1
안아볼래	1
안아주라고	1
안아주지	1
안아줄까	1
안아줘	1
안여서	1
안열어도	1
안와	1
안웃겨	1
안으면	1
안자라는	1
안잖아	1
안잘래	1
안전기술	1
안전빵	1
안전요원	1
안전하군요	1
안전하냐고	1
안전하다	1
안전하다고	1
안전하단	1
안전한가요	1
안전한겁니까	1
안전할거야	1
안전해요	1
안전해질	1
안전했으면	1
안절부절못하고	1
안정기	1
안정시켜야만	1
안정적	1
안젤라	1
안젤리카	1
안좋아해	1
안주	1
안줘	1
안줬어	1
안지만요	1
안창살	1
안찾아와	1
안춰요	1
안타까운데	1
안타까웠어	1
안타깝다	1
안타깝죠	1
안텍	1
안톤	1
안하고	1
안하냐	1
안하세요	1
안하셨죠	1
안하죠	1
안한거	1
안해줘	1
안해줬구나	1
안했겠냐	1
안했고	1
안했죠	1
앉게나	1
앉니	1
앉도록	1
앉든지	1
앉아 있	1
앉아계시는	1
앉아라	1
앉아봐	1
앉아있다	1
앉아있었어	1
앉아있으라고	1
앉아있으면	1
앉아있을거	1
앉아주세요	1
앉았었나	1
앉으니	1
앉으라구	1
앉으시겠어요	1
앉으시오	1
앉으시죠	1
앉으십시오	1
앉을래요	1
앉을수있을까요	1
앉을지	1
앉자마자	1
앉죠	1
앉지는	1
앉혀요	1
앉혔어	1
앉히면	1
않거나	1
않겠냐	1
않겠네	1
않겠다	1
않겠다는	1
않겠다니	1
않겠다더니	1
않겠지요	1
않고선	1
않군요	1
않그냐고	1
않냐고요	1
않는군요	1
않는다고요	1
않는단	1
않는데요	1
않는지	1
않다고요	1
않다면	1
않댔지	1
않더구나	1
않더군요	1
않더냐	1
않더니	1
않더라고	1
않더라도	1
않던	1
않디	1
않아서야	1
않아서였다	1
않아서요	1
않았겠습니까	1
않았겠지	1
않았군요	1
않았나봐	1
않았냐	1
않았느냐	1
않았다구	1
않았다네	1
않았다니	1
않았단	1
않았대요	1
않았더냐	1
않았더라도	1
않았었나	1
않았으니까	1
않았으니깐	1
않았을거야	1
않았을까요	1
않았을텐데	1
않았음을	1
않았잖소	1
않았지요	1
않울겠다고	1
않으냐	1
않으려	1
않으면서	1
않으면요	1
않으셨겠죠	1
않으셨겠지요	1
않으셨더라면	1
않으시고요	1
않으시나요	1
않으시잖아요	1
않으시죠	1
않으신가요	1
않으신다	1
않으실	1
않으실까	1
않은걸	1
않을거라	1
않을걸	1
않을걸세	1
않을게요	1
않을꺼야	1
않음을	1
않잖소	1
않해	1
않했던가	1
알거에요	1
알겄냐고	1
알겄는가	1
알겠군요	1
알겠냐구	1
알겠네요	1
알겠단다	1
알겠습니까	1
알겠지만	1
알고보니	1
알고싶어	1
알고있길	1
알고있네	1
알고있는	1
알고있었습니다	1
알고있을걸	1
알고자	1
알구	1
알기론	1
알길	1
알까보냐	1
알나리깔나리	1
알다가도	1
알다마다	1
알더라	1
알디나가	1
알라	1
알라고	1
알라구	1
알라신	1
알란	1
알람	1
알랑대라고	1
알래스카	1
알량한	1
알러지	1
알레그라	1
알레산드라	1
알레아르디	1
알레칸	1
알렉세이	1
알려고도	1
알려다오	1
알려드릴	1
알려드릴까요	1
알려라	1
알려야겠어요	1
알려야지	1
알려야해	1
알려져서는	1
알려주는	1
알려주시면	1
알려줘야	1
알려줬겠지	1
알려줬어요	1
알려줬으면	1
알렸죠	1
알료킨	1
알루미늄	1
알리는	1
알리시게요	1
알리오스	1
알리자	1
알린다	1
알릴까	1
알마니	1
알만하지	1
알맞다	1
알맹	1
알모어	1
알미늄	1
알바로	1
알바하는	1
알베르	1
알베르토	1
알부자네	1
알비노	1
알수록	1
알수없는	1
알수있게	1
알아내도록	1
알아내려는	1
알아내셨습니까	1
알아내시죠	1
알아내자고	1
알아냈나	1
알아냈다면	1
알아냈소	1
알아냈습니다	1
알아두면	1
알아듣겠나	1
알아듣겠어요	1
알아듣겠죠	1
알아듣겠지	1
알아듣긴	1
알아듣나	1
알아듣는	1
알아듣는군	1
알아듣던가요	1
알아듣습니까	1
알아들었다니까	1
알아들었소	1
알아들었습니까	1
알아들었죠	1
알아라	1
알아먹겠네	1
알아먹은	1
알아보게	1
알아보기를	1
알아보나	1
알아보는	1
알아보든	1
알아보라	1
알아보러	1
알아보세요	1
알아보시겠습니까	1
알아보시겠어요	1
알아보시겠죠	1
알아보자고	1
알아보잖아	1
알아보죠	1
알아볼게	1
알아볼까	1
알아봐야겠어	1
알아봐야지	1
알아봐요	1
알아봐줘서	1
알아봤나	1
알아봤어요	1
알아봤을	1
알아봤죠	1
알아서죠	1
알아야겠어요	1
알아야죠	1
알아예	1
알아차렸다	1
알아차리기	1
알아채실걸	1
알아채지도	1
알아챘으면	1
알았거든	1
알았게	1
알았겠냐	1
알았겠냐고	1
알았겠니	1
알았겠소	1
알았겠어요	1
알았냐고	1
알았냐고요	1
알았는걸	1
알았다네	1
알았다는	1
알았다니	1
알았대	1
알았더니	1
알제이	1
알짱댔다고	1
알칼리	1
알콜	1
알파 제로	1
알파치노	1
알폰소	1
알핀	1
앓는	1
앓다	1
앓아봤나	1
앓은	1
앓지	1
암기	1
암기하고	1
암놈	1
암말	1
암반	1
암브리스터	1
암사자	1
암살하려고	1
암살했을까요	1
암스	1
암시적	1
암시적으로	1
암시하는	1
암시하려는	1
암컷	1
암호말	1
암흑가	1
암흑속	1
압도하는	1
압박해	1
압박해야	1
압수하겠어	1
압수하랬잖아	1
압수하려	1
압수하면	1
압수할	1
압정	1
압축기	1
앗따	1
앗아가겠지	1
앗아가려했어	1
앗아갈	1
앗아갔어	1
았다가	1
았더니만	1
앙갚음	1
앙금색	1
앙탈	1
앙헬	1
앞길	1
앞날	1
앞두고	1
앞둔	1
앞머리	1
앞바다	1
앞부분	1
앞사람	1
앞서	1
앞서나가는	1
앞서나갑니다	1
앞서서	1
앞세운	1
앞엔	1
앞으로요	1
앞자리	1
앞장서	1
앞장서는	1
앞장선다	1
앞좌석	1
앞지르다니	1
앞질러	1
앞차	1
앞차기	1
애견인	1
애교스럽다고	1
애국자	1
애그네사	1
애그니언	1
애기	1
애기해	1
애기해줬어	1
애기했죠	1
애꿎은	1
애네	1
애니매트로닉	1
애당초	1
애덤 쇼	1
애도	1
애도하는	1
애드나	1
애드립	1
애디슨 위버	1
애묘인	1
애버	1
애벌레	1
애브스터	1
애비없이	1
애비티빌	1
애새끼들	1
애새낀	1
애석하게도	1
애석한	1
애송아	1
애스터	1
애써	1
애써왔다	1
애썼는지	1
애썼다	1
애썼을까	1
애쓰고	1
애쓰는걸	1
애쓰는군	1
애쓰면서	1
애쓴	1
애쓴다고	1
애쓸	1
애야	1
애원하던	1
애잖여	1
애제자	1
애지중지하는구나	1
애창곡	1
애처롭지	1
애칭	1
애틀랜타	1
애틀랜틱시티	1
애피타이저	1
애한텐	1
애호가	1
액막이	1
액막이했어	1
액세스한	1
액자	1
앤더슨	1
앤더슨빌	1
앤틀러	1
앨라배마요	1
앨라배마주	1
앨범들	1
앰프	1
앵무새	1
앵무새들	1
야가다	1
야가라고	1
야경	1
야구부	1
야구선수	1
야구요	1
야기한다	1
야단맞아야	1
야단맞지	1
야단하겠네	1
야당	1
야만인	1
야만인들	1
야만적	1
야맹증	1
야바위꾼	1
야부리	1
야비해	1
야식	1
야야야야	1
야야야야야	1
야영지	1
야옹	1
야유	1
야유하는	1
야자	1
야자수	1
야적장	1
야참	1
야채수프	1
야포	1
야하게	1
야하긴	1
야한	1
야행성	1
약골	1
약소하긴요	1
약소하죠	1
약속하거라	1
약속하게	1
약속하겠다	1
약속하다	1
약속하든	1
약속하라고	1
약속하마	1
약속하셨습니까	1
약속하셨습니다	1
약속하시겠습니까	1
약속하십니까	1
약속하죠	1
약속할수	1
약속합니까	1
약속해다오	1
약속해야	1
약속해줘	1
약속했단	1
약속했었어	1
약속했었잖아	1
약속했었지	1
약속했으니까	1
약올리는	1
약육강식	1
약은	1
약재	1
약쟁이들	1
약초학	1
약탈자들	1
약품	1
약품들	1
약하게	1
약하군	1
약하냐	1
약하다	1
약하다고	1
약하지	1
약할	1
약함	1
약해빠져서	1
약해빠진	1
약해졌구나	1
약해지기만	1
약해지면	1
약했어	1
약혼	1
약혼소감	1
약혼식	1
약혼한	1
약혼했나	1
약혼했나요	1
약혼했어요	1
약화시켰다	1
얀	1
얄궂은	1
얄미워	1
얇게	1
얇고	1
얇은	1
얌마	1
얌전하게	1
얌전하지	1
얌전한	1
얌전해요	1
얍	1
얍삽하게	1
얍삽하기는	1
양국	1
양날	1
양동이	1
양로원	1
양반아	1
양보	1
양보하는데	1
양보해야	1
양보했어요	1
양복들	1
양복점	1
양봉장	1
양성애자	1
양손	1
양수신	1
양식	1
양심타령	1
양용	1
양육비	1
양육할	1
양자	1
양자인	1
양자택일	1
양조장	1
양측	1
양치질	1
양키팀	1
양호	1
얕게	1
얕은	1
얘기에	1
얘기에요	1
얘기하겠어	1
얘기하기	1
얘기하길	1
얘기하냐고	1
얘기하는지	1
얘기하던가요	1
얘기하든	1
얘기하듯	1
얘기하자는	1
얘기하자며	1
얘기하잖니	1
얘기한다	1
얘기한다던	1
얘기한다면	1
얘기할거	1
얘기할게요	1
얘기해드려야	1
얘기해보려무나	1
얘기해볼까	1
얘기해야지	1
얘기해주면	1
얘기해줄게	1
얘기해줄까	1
얘기해줬지	1
얘기했느냐	1
얘기했던	1
얘기했으니까	1
얘긴데요	1
얘긴디	1
얘긴지	1
얘길해	1
얘네	1
얘네들	1
얘쁜	1
얘얘	1
어감	1
어겨본	1
어겨요	1
어겼나요	1
어겼는데도	1
어겼단다	1
어겼어	1
어겼어요	1
어글	1
어금니	1
어긋나니까	1
어긋나니까요	1
어긋나요	1
어긋난다고	1
어기고	1
어기고자	1
어기는	1
어깨뼈	1
어느것	1
어니	1
어댑터	1
어데	1
어데여	1
어두우셔	1
어두울	1
어두워서	1
어두컴컴한	1
어둡다고	1
어둡든	1
어둡지	1
어드서	1
어디가는	1
어디가는지	1
어디가니	1
어디가세요	1
어디가셨니	1
어디갔니	1
어디갔어	1
어디계시지	1
어디나	1
어디냐고	1
어디니	1
어디다가	1
어디라니	1
어디라도	1
어디면	1
어디보다	1
어디서나	1
어디서요	1
어디신가요	1
어디여	1
어디있는거	1
어디있는데	1
어디있었어	1
어디있죠	1
어딘	1
어딘가에	1
어딘가요	1
어딘들	1
어딜요	1
어딧어	1
어딨겠어요	1
어딨나요	1
어딨냐	1
어딨냐고요	1
어딨다고	1
어딨다고요	1
어딨대요	1
어딨더라	1
어딨었소	1
어딨었죠	1
어딨을까	1
어땟니	1
어땟어	1
어땠겠냐	1
어땠겠어요	1
어땠길래	1
어땠냐	1
어땠냐고	1
어땠냐구요	1
어땠냐니까	1
어땠을	1
어땠을지	1
어떠냐고요	1
어떠냐구	1
어떠셨습니까	1
어떠시겠어요	1
어떠실까	1
어떠실지	1
어떠하시오	1
어떠한가	1
어떡하겠소	1
어떡하나요	1
어떡하냐고	1
어떡하는	1
어떡하니	1
어떡하라고	1
어떡하라고요	1
어떡하라구요	1
어떡하려고	1
어떡하셨죠	1
어떡하시겠어요	1
어떡한다	1
어떡할까	1
어떡할꺼야	1
어떡할래요	1
어떡했어	1
어떡했을까	1
어떤거든	1
어떤지도	1
어떻게되나	1
어떻게든지	1
어떻게라뇨	1
어떻겠나	1
어떻겠니	1
어떻겠어	1
어떻고요	1
어떻까	1
어떻다고요	1
어떻다는	1
어떻단	1
어떻던	1
어떻든지	1
어떻디	1
어떻소이까	1
어떻할래	1
어떻혀	1
어뜨케	1
어랏	1
어려운가	1
어려운가요	1
어려운데	1
어려울까	1
어려워할	1
어련할까	1
어렵겠냐만	1
어렵겠네	1
어렵겠습니다	1
어렵네요	1
어렵다고	1
어렵다뇨	1
어렵든	1
어렵습니까	1
어렵지만	1
어렸다	1
어렸어	1
어렸었는데	1
어른답게	1
어리광	1
어리든	1
어리석게	1
어리석다	1
어리석다고요	1
어리석도다	1
어리석어	1
어리석은가요	1
어리석음	1
어리석지	1
어리잖아	1
어리지	1
어린시절	1
어린애같이	1
어린애같죠	1
어린이들	1
어림도	1
어림잡아도	1
어릿광대	1
어머니날	1
어머니든	1
어머니들	1
어머니신가요	1
어머머	1
어멈	1
어물쩍	1
어벤저스	1
어사	1
어색하게	1
어색하다면	1
어색하려나	1
어색한	1
어서는	1
어서어서	1
어설프구나	1
어설픈	1
어수선해도	1
어야겠다	1
어여	1
어요	1
어울리겠다	1
어울리기	1
어울리기나	1
어울리나요	1
어울리네	1
어울리네요	1
어울리는데	1
어울리던데요	1
어울리시나	1
어울리죠	1
어울릴까	1
어울림	1
어음	1
어이없어	1
어이없었을지	1
어저께	1
어지간한	1
어지러움	1
어지러워	1
어지르지	1
어째서냐	1
어째서지	1
어째선가	1
어째섭니까	1
어쨋든	1
어쨋뜬	1
어쨌	1
어쨌거나	1
어쨌건	1
어쨌길래요	1
어쨌니	1
어쨌다구	1
어쨌단	1
어쨌소	1
어쨌어요	1
어쩌겠냐	1
어쩌겠다고	1
어쩌겠대요	1
어쩌겠습니까	1
어쩌기로	1
어쩌냐니	1
어쩌니	1
어쩌다가요	1
어쩌다니	1
어쩌든	1
어쩌면요	1
어쩌시게요	1
어쩌시려고	1
어쩌시려구요	1
어쩌시렵니까	1
어쩌실	1
어쩌실래요	1
어쩐담	1
어쩐대요	1
어쩔거	1
어쩔건데	1
어쩔래요	1
어쩔수	1
어쭈	1
어찌됐죠	1
어찌된거	1
어찌된거지	1
어찌된게지	1
어찌될	1
어찌하다	1
어찌하실	1
어찌하여	1
어찌하옵니까	1
어찌할	1
어찌할까요	1
어찌해야	1
어찌해야겠나	1
어처구니없지	1
어퍼컷	1
어플	1
어학연수	1
어학원	1
어항요	1
어허라	1
어휘	1
어휴	1
억	1
억눌렀는지	1
억압	1
억압할	1
억양이니	1
억울하냐	1
억울하다는	1
억울하잖아	1
억울합니다	1
억제하고	1
억제하는	1
억지꾼아	1
억지력	1
억지로라도	1
억측	1
억한	1
언	1
언급	1
언급된	1
언급하셨나요	1
언급하지	1
언니네	1
언니다	1
언더독	1
언더월드	1
언더컷	1
언뜻	1
언론용	1
언릉	1
언쇼	1
언어학자	1
언제가요	1
언제겠어요	1
언제더라	1
언제라도	1
언제보다	1
언제였죠	1
언젠간	1
언짢았다	1
언짢으세요	1
언짢으신	1
언짢은	1
얹고	1
얹어라	1
얹어질	1
얹으라고	1
얻고자	1
얻기	1
얻는걸	1
얻는다고	1
얻어내자고	1
얻어야지	1
얻어요	1
얻었고	1
얻었는지	1
얻었다고	1
얻었단	1
얻었습니다	1
얻었어요	1
얻었으니	1
얻으려고	1
얼	1
얼간이들아	1
얼래	1
얼렁	1
얼른얼른	1
얼리지	1
얼마간	1
얼마냐	1
얼마냐고	1
얼마랬지	1
얼마만에	1
얼마만큼	1
얼마만큼이나	1
얼마면	1
얼마요	1
얼마짜린데	1
얼마큼	1
얼만큼	1
얼빠져	1
얼쑤	1
얼씬도마	1
얼어붙었다	1
얼어붙은	1
얼어붙을	1
얼어있는	1
얼어죽을	1
얼음덩이	1
얼음물	1
얼음요	1
얼지	1
얼쩡거리는	1
얼쩡대면	1
얼토당토	1
엄격했으나	1
엄마다	1
엄마아빠	1
엄마품	1
엄밀히	1
엄벌	1
엄빠	1
엄살떨기	1
엄살떨지	1
엄선	1
엄중한	1
엄청나군요	1
엄청나요	1
엄청나잖아	1
엄청나지	1
엄친아들	1
엄폐	1
엄하	1
엄해	1
엄호할	1
엄호해야지	1
엄호해줄게	1
업그레이드	1
업다	1
업데이트할	1
업데이트해	1
업된	1
업드려요	1
업로드	1
업무용	1
업무차	1
업보	1
업보다	1
업보라구	1
업신여기면	1
업어갈까	1
업이다	1
업적	1
업타운	1
업히다	1
없게요	1
없겠나	1
없겠네	1
없겠노라	1
없겠어요	1
없구만	1
없기	1
없기만	1
없냐는데	1
없는게	1
없다니깐	1
없다던데	1
없다면서	1
없대요	1
없더군	1
없더라고	1
없던데요	1
없습니다만	1
없애고	1
없애기	1
없애라고	1
없애려	1
없애버려	1
없애버려야	1
없애시려구요	1
없애야겠죠	1
없애자	1
없애지	1
없앤다고	1
없어서요	1
없어야	1
없어져	1
없어졌다	1
없어졌다면	1
없어졌단	1
없어졌대요	1
없어졌더라	1
없어졌지	1
없어지기	1
없어지냐	1
없어지는데	1
없었거든요	1
없었고요	1
없었냐고	1
없었는데도요	1
없었다고는	1
없었다고요	1
없었다니까	1
없었다니까요	1
없었다면서	1
없었다잖아	1
없었단	1
없었소	1
없었습니까	1
없었으니까	1
없었을	1
없었잖나	1
없었잖아요	1
없었죠	1
없었지만	1
없에야죠	1
없으니깐	1
없으셔	1
없으셨던	1
없으셨습니까	1
없으셨어요	1
없으시다	1
없으시죠	1
없으신가요	1
없을거에요	1
없을걸요	1
없을겁니다	1
없을꼬	1
없을정도	1
없을테고	1
없을테지	1
없인	1
없잔아요	1
없잖은가	1
엇갈렸나요	1
었다가	1
었더니	1
었더니만	1
었더라도	1
었어	1
었어요	1
엉덩이들	1
엉덩이뼈	1
엉덩짝	1
엉망진창	1
엉에	1
엉켜버렸어	1
엉켜서	1
엉클	1
엎드려서	1
엎드려있어	1
엎드리겠나	1
엎드리다	1
엎드리래도	1
엎어질	1
에게나	1
에게선	1
에게요	1
에계	1
에곤	1
에는	1
에니오잖아	1
에덴	1
에두	1
에드워드 딜린저	1
에들	1
에라도	1
에라이	1
에르마노	1
에르만노	1
에른스트	1
에리히	1
에미다	1
에밀리오	1
에밋 오델튼	1
에바 브라운	1
에바말	1
에베니저	1
에보시님	1
에볼라	1
에비앙	1
에서와	1
에선요	1
에스메	1
에스키모	1
에스트	1
에스프레소	1
에야말로	1
에어	1
에어락	1
에어백	1
에오	1
에오사인	1
에오윈님	1
에이다던가	1
에이머스	1
에이미	1
에이브러햄	1
에이와	1
에이전트	1
에지디오	1
에체바렌	1
에취	1
에클레어	1
에티오피아	1
에피소드	1
에휴	1
엑셀리온	1
엑스레이	1
엑스맨	1
엑스트라	1
엑스펠리아르무스	1
엑스피	1
엑시토	1
엑실시	1
엔고지오	1
엔기우크고	1
엔딩	1
엔박	1
엔야	1
엔젤 플라이트	1
엔지니어	1
엔지니어링	1
엔진소리	1
엔쵸비	1
엔컴	1
엔콤	1
엔트	1
엘라도	1
엘라요	1
엘레나	1
엘레노어	1
엘레베이터	1
엘레오노라	1
엘렌딜	1
엘론드	1
엘리	1
엘리야	1
엘리즈	1
엘리트	1
엘비스	1
엘프	1
엠	1
엠티	1
엡스타인	1
엥	1
여가	1
여겨지고	1
여경찰님	1
여과	1
여관	1
여권요	1
여기겠어	1
여기까지	1
여기나	1
여기니	1
여기다가	1
여기든	1
여기들	1
여기뿐	1
여기있다	1
여기쯤	1
여긴데	1
여길걸	1
여깁니까	1
여깄나	1
여깄어요	1
여뀌	1
여냐고	1
여당	1
여독	1
여동생들	1
여러모로	1
여러분들	1
여력	1
여류	1
여름학교	1
여리여리했어	1
여린	1
여명	1
여물간	1
여백	1
여버세요	1
여서	1
여섯시	1
여성분	1
여성스럽기	1
여성화하고	1
여세요	1
여셨어요	1
여시면	1
여신	1
여십시오	1
여씨미	1
여야만	1
여왕벌	1
여왕폐하는	1
여우같은	1
여우다람쥐	1
여우방지제	1
여우양반	1
여우전자충격기	1
여우창	1
여우퇴치제	1
여울	1
여인들아	1
여자같다고요	1
여자동료	1
여자라던데	1
여자말	1
여자분	1
여자쪽	1
여자한텐	1
여자형제	1
여장했다고	1
여전하군	1
여전하네	1
여전하지	1
여지라니	1
여지없지	1
여쭙소만	1
여친들	1
여태껏	1
여학생	1
여학생들	1
여행객	1
여행객들	1
여행용	1
여행하면	1
여흥	1
역강간	1
역강간한	1
역겨워해야	1
역겹죠	1
역공법	1
역기	1
역량	1
역력하다	1
역사학	1
역사학자	1
역시도	1
역심리학	1
역앞	1
역적들	1
역탐지	1
역학적	1
역학팀	1
역행	1
엮어	1
엮여서	1
엮여있을	1
엮였거나	1
엮이게	1
엮이지	1
연결고리	1
연결됐습니다	1
연결되길	1
연결되는	1
연결됩니다	1
연결부	1
연결하는	1
연결해서	1
연관된	1
연관된다	1
연관짓지	1
연구소	1
연구용	1
연구원	1
연극하냐	1
연근	1
연기되겠습니다	1
연기되었습니다	1
연기자	1
연기재	1
연기한	1
연기해	1
연기해야	1
연대	1
연두색	1
연들	1
연락됐나	1
연락되세요	1
연락드릴게요	1
연락받고	1
연락없이	1
연락주십시오	1
연락하고	1
연락하잖아	1
연락하지	1
연락할까요	1
연락할꺼요	1
연락해야	1
연락해요	1
연락했냐	1
연락했니	1
연락했다고	1
연락했다니까	1
연락했지	1
연루됐는지	1
연루됐잖아	1
연루되었습니까	1
연루된	1
연마되었어	1
연마했으면서도	1
연맹	1
연명하려나	1
연미복	1
연민	1
연분	1
연상시키니	1
연설자	1
연성되었다	1
연소	1
연속극	1
연쇄살인마	1
연습시킨	1
연습실	1
연습판	1
연습하러	1
연습할	1
연습해야지	1
연습해요	1
연습했다며	1
연습했단	1
연습했습니다	1
연습했어요	1
연안	1
연애질	1
연애하니까	1
연약하고	1
연약한	1
연약했어	1
연연하겠어요	1
연예인	1
연유	1
연이어	1
연이어서	1
연작	1
연장하다	1
연장해	1
연주될	1
연주자들	1
연주하거나	1
연주하라고	1
연주하러	1
연주하면	1
연주하시겠어요	1
연주하지	1
연주할래	1
연주했다고	1
연주했어	1
연주회	1
연차	1
연체	1
연초	1
연출하신	1
연출한	1
연출할	1
연하	1
연합할	1
연합훈련	1
연행하게	1
연행할	1
연행해	1
연회장	1
열광했죠	1
열나면	1
열네	1
열대	1
열대우림거리	1
열던가	1
열도록	1
열등한	1
열라고요	1
열라니까	1
열란	1
열람실	1
열래	1
열려고	1
열려있어	1
열렬한	1
열렷	1
열렸지	1
열리고	1
열리다	1
열리잖아	1
열린다	1
열린다는	1
열립니다	1
열받아서	1
열받았겠는데	1
열받았는데	1
열받잖아	1
열성적	1
열성적이셨지	1
열성팬	1
열세	1
열쇠들	1
열쇠라뇨	1
열아홉	1
열어도	1
열어둔	1
열어둬	1
열어뒀어요	1
열어드릴까요	1
열어버려	1
열어보지	1
열어볼	1
열어볼까	1
열어볼래	1
열어봐요	1
열어봤나	1
열어서	1
열어야지	1
열어제쳤다	1
열어주던	1
열어주실래요	1
열어줄래요	1
열어줘	1
열었나	1
열었네	1
열었는데요	1
열었다	1
열었소	1
열었습니까	1
열정적	1
열죠	1
열중하고	1
열한	1
염료	1
염산	1
염색약	1
염색하는	1
염색했게요	1
염색했다	1
염색했어	1
염소들	1
염소요정	1
염소젖	1
염원	1
염장	1
염탐해요	1
염포방	1
엽니까	1
엽시다	1
엿같	1
엿같네	1
엿같은	1
엿듣지	1
엿들어	1
엿먹어라	1
엿먹으라고	1
엿먹지	1
엿보고	1
엿보다	1
엿보세요	1
였	1
였거든	1
였게	1
였겠죠	1
였구만	1
였군요	1
였냐	1
였냐구요	1
였냐는	1
였는	1
였는지도	1
였다니까	1
였다며	1
였단다	1
였든	1
였었죠	1
였었지	1
였으니까	1
였으면	1
였을	1
였을걸	1
였잖아	1
였지요	1
영겁	1
영계	1
영계들	1
영광스러울까	1
영광스럽군	1
영구적	1
영국 해협	1
영국인	1
영도	1
영리하고	1
영리하구나	1
영리했기	1
영매	1
영생	1
영악한	1
영악해요	1
영어책	1
영업	1
영업장	1
영업하잖아요	1
영업해요	1
영영	1
영예	1
영웅놀음	1
영웅담	1
영인	1
영입하고	1
영정	1
영차	1
영한사전	1
옆자리	1
옆집엔	1
예기	1
예루살렘요	1
예명	1
예민하거든	1
예민하시지	1
예민한	1
예민해	1
예배당	1
예뻐라	1
예뻐서	1
예뻐졌지	1
예뻐지네	1
예뻤어요	1
예뻤지	1
예쁘구나	1
예쁘군요	1
예쁘기까지	1
예쁘기도	1
예쁘냐고	1
예쁘냐기에	1
예쁘다고	1
예쁘다구	1
예쁘대	1
예쁘더군요	1
예쁘시죠	1
예쁜거	1
예쁩니다	1
예상하지	1
예상했겠어	1
예상했길래	1
예상했어	1
예상했을까요	1
예선	1
예수 그리스도	1
예수상	1
예순여덟	1
예스	1
예습	1
예약했어요	1
예언가님	1
예언대로	1
예언자	1
예언자 일보	1
예일	1
예지몽	1
예측하는	1
예측할	1
예컨대	1
예핌	1
옌	1
옐로	1
옘병	1
옜다	1
오가며	1
오가인	1
오게나	1
오겠니	1
오겠다니	1
오기도	1
오냐니까	1
오네요	1
오노	1
오는가	1
오는구나	1
오는데요	1
오는디	1
오늘따라	1
오늘밤엔	1
오다기리	1
오더라도	1
오던데	1
오데트	1
오델트	1
오뎃트	1
오두막집	1
오디세이	1
오디세이요	1
오라는	1
오라는데	1
오락가락하는	1
오락거리	1
오래걸릴까요	1
오래네	1
오래되고	1
오래되지	1
오래요	1
오랜만이군요	1
오랫만	1
오랬잖아요	1
오러	1
오럴용	1
오레가노	1
오로라라니까요	1
오로라요	1
오로지	1
오르가즘	1
오르간	1
오르기	1
오르나요	1
오르는	1
오르도니에스	1
오르막	1
오르상크	1
오르세요	1
오르시니	1
오르시지요	1
오르티스	1
오른다라	1
오른손	1
오른손엔	1
오른팔	1
오리건	1
오리겠지	1
오리너구리보단	1
오리에타	1
오린	1
오마주	1
오만해	1
오물	1
오바라	1
오바했게요	1
오버라이드	1
오버라이딩	1
오버잘츠부르크	1
오버해	1
오벨리씨	1
오병아	1
오빠들	1
오산	1
오세아니아관	1
오세티야	1
오셔	1
오셨는데	1
오셨는지요	1
오셨니	1
오셨다구	1
오셨다면	1
오셨던	1
오셨어라	1
오셨으면	1
오소노	1
오솔길	1
오솔리스	1
오스길리아스	1
오스티아	1
오스틴	1
오시거나	1
오시는데	1
오시다	1
오시다니	1
오시라	1
오시오	1
오신다고	1
오신다고요	1
오신대	1
오신댔지	1
오십니다	1
오아시스	1
오열하는	1
오염시킨다	1
오오	1
오오미	1
오웬스	1
오잉	1
오자고	1
오자크	1
오작동하고	1
오잖아	1
오존층	1
오죽하겠소	1
오줌맛	1
오줌싸게	1
오즈답지	1
오지도	1
오지랍	1
오지랖	1
오지마세요	1
오지만	1
오차	1
오치무샤	1
오켈로	1
오크다	1
오크들	1
오크어	1
오크향	1
오클랜드	1
오클러먼시	1
오키누	1
오토씨	1
오프라	1
오프라인	1
오픈 소스	1
오픈마인드	1
오합지졸	1
오해야	1
오해하신	1
오해하잖아	1
오해했구만	1
오해했습니다	1
오해했어	1
옥상요	1
옥시코돈	1
옥액경상	1
옥응궁	1
옥토퍼스	1
옥허궁	1
온겨	1
온기	1
온나가타야	1
온다니	1
온다던	1
온다던가요	1
온단	1
온당치	1
온댔지	1
온순한	1
온순할	1
온실	1
온전한	1
온지	1
온타리오호	1
온혈동물	1
올거	1
올거다	1
올거라	1
올걸	1
올것	1
올드 닉	1
올드먼	1
올라가게요	1
올라가고	1
올라가기	1
올라가네요	1
올라가서요	1
올라가시오	1
올라가야겠어	1
올라가죠	1
올라간다	1
올라갈래	1
올라갑니다	1
올라갔겠습니까	1
올라갔는지	1
올라갔다고	1
올라갔담	1
올라갔을때	1
올라갔죠	1
올라설	1
올라야	1
올라오는데	1
올라오니	1
올라오던	1
올라오려고	1
올라오면	1
올라오세요	1
올라올	1
올라왔군	1
올라왔는데	1
올라왔어요	1
올라왔지	1
올라타	1
올라탔다	1
올라프	1
올랐나	1
올랐습니다	1
올랐어	1
올랐을	1
올랐지	1
올랴는	1
올랴랑	1
올렉	1
올려놓은	1
올려놓을	1
올려놔봐	1
올려놔야지	1
올려놨어	1
올려놨을까	1
올려도	1
올려라	1
올려야겠다	1
올려주세요	1
올려주시겠습니까	1
올려주시죠	1
올려줄거야	1
올려줄게	1
올려줄래	1
올렸냐고	1
올렸답니다	1
올렸습니다	1
올렸어	1
올리거라	1
올리는	1
올리든	1
올리라고	1
올리밴더	1
올리밴더씨	1
올리버	1
올리비에	1
올리자	1
올릴거	1
올빼미	1
올수록	1
올챙이	1
올해요	1
옮겨도	1
옮겨라	1
옮겨져서	1
옮겨졌다	1
옮겨줄래요	1
옮겨줘	1
옮겼어	1
옮기겠단	1
옮기기	1
옮기는	1
옮기러	1
옮기세요	1
옮기지	1
옮긴	1
옮긴다고	1
옮길	1
옮길까	1
옮았어	1
옮으면	1
옳거니	1
옳다고	1
옳소	1
옳아	1
옳았군	1
옵니까	1
옷더미	1
옹	1
와르그다	1
와보고	1
와보라지	1
와보렴	1
와본	1
와봤어요	1
와서요	1
와선	1
와실라	1
와아	1
와이파이	1
와있네	1
와있는	1
와있는데	1
와있어	1
와있을	1
와주면	1
와줄래	1
와줬군	1
와타루	1
와합	1
왁스포드	1
완강함	1
완고함	1
완료해주세요	1
완벽남	1
완벽한걸	1
완벽할	1
완벽해야	1
완벽했습니다	1
완벽했어	1
완벽했어요	1
완벽했죠	1
완벽했지	1
완성할	1
완성해야	1
완성했다는	1
완수하겠습니다	1
완수하려는	1
완수하자	1
완승	1
완탕	1
완패했다고	1
완행열차	1
왈가왈부할	1
왈래스	1
왈칵	1
왓수	1
왓츠앱	1
왔겠어	1
왔겠지	1
왔고	1
왔고요	1
왔기에	1
왔냐고	1
왔노라	1
왔는가	1
왔는걸	1
왔는데요	1
왔는지요	1
왔다가	1
왔다구요	1
왔다니까요	1
왔다니깐	1
왔다면서	1
왔댔죠	1
왔더라도	1
왔더라면	1
왔던데	1
왔데	1
왔든	1
왔디	1
왔사옵니다	1
왔수	1
왔었나	1
왔었는데	1
왔었는지	1
왔었다지	1
왔었소	1
왔었어요	1
왔었을	1
왔었잖아	1
왔었죠	1
왔으면서	1
왔을걸	1
왔을까요	1
왔을땐	1
왔지만	1
왕두란	1
왕들	1
왕따시키던	1
왕림하셔서	1
왕매미	1
왕뱀	1
왕새우	1
왕수다잖아	1
왕실	1
왕씨	1
왕자님요	1
왕자인	1
왕재수들	1
왕정위	1
왕족	1
왕초님	1
왜곡	1
왜곡된	1
왜곡하시죠	1
왜그래	1
왜그런	1
왜그려	1
왜긴	1
왜냐	1
왜냐니	1
왜놈들	1
왜라니	1
왜아닙니까	1
왜야	1
왜이래요	1
왜인지	1
왜인지도	1
왜일까요	1
왜저래	1
왜지	1
외가	1
외계	1
외계인들	1
외과	1
외교적	1
외동딸	1
외동아들	1
외딴	1
외람된	1
외로워서	1
외로워졌나	1
외로워하고	1
외로워하는	1
외로워하는지	1
외로웠다고	1
외로웠어	1
외로웠을	1
외롭고	1
외롭다	1
외무	1
외바퀴	1
외벽	1
외사	1
외상값	1
외식하러	1
외식할	1
외우게	1
외우고	1
외우다	1
외우라고	1
외워왔다고	1
외웠다고	1
외웠어요	1
외웠죠	1
외지	1
외지인	1
외쳐대	1
외쳐봐	1
외출금지	1
외출복	1
외출하기	1
외출할	1
외출할래요	1
외출해도	1
외출해요	1
외출했나	1
외치는	1
외치다	1
외형적	1
외형적으로	1
왼뺨	1
왼손	1
왼팔	1
요 /당장 안나가면 경찰 부른	1
요강	1
요것	1
요게	1
요괴족	1
요구된	1
요구하는	1
요구하지	1
요구한	1
요구한다고	1
요구합니다	1
요구해요	1
요네하	1
요런	1
요로케	1
요리책	1
요리하니	1
요리하세요	1
요리할거지	1
요리해보자	1
요리해본	1
요리해서	1
요리했다	1
요만한	1
요망	1
요사파트	1
요사한	1
요상헌	1
요새까진	1
요술	1
요실금	1
요앞	1
요약하면요	1
요약하자면	1
요약해서	1
요양차	1
요인	1
요전에	1
요절내	1
요절낼	1
요정도	1
요정들	1
요조	1
요족	1
요즈음	1
요즘엔	1
요지	1
요청하고	1
요청하라고	1
요청하진	1
요청한다	1
요청해서	1
요청했다	1
요청했더라	1
요청했습니다	1
요코	1
요코하마	1
요크셔	1
요통	1
요트 클럽	1
요하네스버그	1
요한나	1
요합니다	1
욕먹었잖아	1
욕설	1
욕심쟁이	1
욕질	1
욕하는	1
욕한	1
욕할수	1
욕했지	1
욜라도	1
욜란다	1
용감무쌍한	1
용감하구나	1
용감하시군	1
용감해지지	1
용감해질게요	1
용감했다	1
용감했어	1
용감했잖니	1
용감히	1
용구	1
용기라구	1
용덕사	1
용맹하게	1
용맹한	1
용번향	1
용병모집	1
용사	1
용사님들	1
용서될	1
용서하게	1
용서하라고	1
용서하여	1
용서하죠	1
용서한다	1
용서할까	1
용서해달라고	1
용서해주렴	1
용서해준	1
용서해줄래	1
용서해줘요	1
용서했어	1
용수지	1
용아	1
용역	1
용의선상	1
용의자들	1
용케도	1
용품	1
용하다는	1
용한	1
우간다	1
우겼어	1
우그웨이	1
우글댄다고	1
우기긴	1
우기는데	1
우나라	1
우냐	1
우도	1
우둔	1
우드	1
우드척클즈	1
우라레스행	1
우렁찬	1
우려	1
우려되는	1
우려하고	1
우려했던	1
우루과이인	1
우루크	1
우르르꽝	1
우르술라	1
우리것	1
우리고	1
우리관계	1
우리군대	1
우리꼬마	1
우리대로	1
우리라구	1
우리세상	1
우리쪽	1
우마는	1
우마인	1
우메키	1
우메키 사장님	1
우물물	1
우박	1
우방국	1
우세해	1
우수	1
우수한	1
우스꽝스런	1
우스운	1
우습군	1
우습네요	1
우습니	1
우습죠	1
우승한	1
우승할	1
우시더라	1
우시더라고	1
우씨	1
우아	1
우아하구나	1
우아한	1
우아해	1
우연치고는	1
우연한	1
우연히도	1
우열	1
우왓	1
우왕좌왕	1
우울이라니	1
우울하냐	1
우울하다	1
우울한	1
우울할	1
우울해하거나	1
우월감	1
우월하게	1
우월한	1
우웩	1
우유값	1
우유거품	1
우유부단하거나	1
우익	1
우전	1
우주비행사	1
우짜자는	1
우체부들	1
우측엔	1
우크라이안	1
우탱	1
우투루	1
우편	1
우편함	1
우향	1
우향우	1
우황	1
우회전	1
우회전요	1
우회해	1
우회해요	1
우후	1
욱	1
운다	1
운다고	1
운동종목	1
운동할	1
운동해	1
운동했다	1
운동했어	1
운반차	1
운반하죠	1
운반할	1
운반해	1
운송죄	1
운영되는	1
운영하게	1
운영하는	1
운영하다	1
운운하더니	1
운운해서	1
운전면허	1
운전석엔	1
운전술	1
운전연습	1
운전자	1
운전자들	1
운전하게	1
운전하겠어	1
운전하세요	1
운전하시게요	1
운전한다	1
운전할게	1
운전할게요	1
운전할까	1
운전했나요	1
운전했단	1
운전했었다	1
운트	1
운항	1
운행	1
운행돼	1
울게	1
울고만	1
울긴	1
울든	1
울라지	1
울러가나	1
울려라	1
울려퍼질	1
울렸던	1
울렸어	1
울리고	1
울리려는	1
울먹이면서	1
울며	1
울보	1
울부	1
울부짖는지	1
울어대지	1
울어댔다	1
울어서	1
울었는지	1
울었니	1
울었소	1
울었지	1
울음소리	1
울지도	1
울지만	1
울터	1
울프	1
울피	1
움직여도	1
움직여라	1
움직여봐	1
움직였다고	1
움직이게	1
움직이기	1
움직이다	1
움직이라니까	1
움직이란	1
움직이려고	1
움직이자	1
움직이지마	1
움직입니다	1
움찔대지	1
움찔했어	1
움켜쥐어	1
움켜쥔	1
웁니까	1
웃겠다	1
웃겨서	1
웃겨주는구만	1
웃겨줄까	1
웃겼어	1
웃고나서	1
웃기게	1
웃기냐	1
웃기냐구	1
웃기냐니까	1
웃기는군	1
웃기는데	1
웃기다	1
웃기다는	1
웃기더라	1
웃기려고	1
웃기지들	1
웃기지만	1
웃긴거	1
웃네	1
웃는데요	1
웃든	1
웃소	1
웃어줘	1
웃었습니다	1
웃으니까	1
웃으라고	1
웃은	1
웃잖아요	1
웃지마	1
웅골	1
웅성웅성	1
웅얼거리면	1
웅크리다	1
워낙	1
워딨어	1
워따	1
워런	1
워셔액	1
워엇	1
워워	1
워치케	1
워커	1
워터폴드	1
워홀	1
원대	1
원더보이	1
원래대로	1
원로님	1
원망하는	1
원망하셨습니까	1
원망한	1
원망할까요	1
원망해요	1
원망했다고요	1
원모	1
원수들	1
원수졌어요	1
원수진	1
원숭이새끼들	1
원스톱	1
원용	1
원위치	1
원자로	1
원정	1
원주민	1
원칙적으로	1
원하겠나	1
원하겠어	1
원하나본데	1
원하냐	1
원하냐고	1
원하냐고요	1
원하느냐	1
원하는데요	1
원하니	1
원하다	1
원하든	1
원하시나	1
원하시나이까	1
원하시면	1
원하시오	1
원하시죠	1
원하지는	1
원하지도	1
원하지요	1
원한관계	1
원한다고요	1
원한단	1
원한만	1
원했는데	1
원했는데요	1
원했소	1
원했습니다	1
원했어요	1
원했었잖아	1
원했잖아	1
원했잖아요	1
원형	1
원형경기장	1
월계수	1
월급날	1
월급쟁이	1
월급준	1
월요일날	1
월터보단	1
월터스 랜딩	1
웜테일	1
웠어요	1
웨스트	1
웨스트햄	1
웨이트리스	1
웨일스	1
웨지	1
웩	1
웬델	1
웰튼	1
웰튼인	1
웹브라우저	1
위급할	1
위기감	1
위닝	1
위대하게	1
위대하십니다	1
위대하지	1
위력	1
위로해주지	1
위로했었나	1
위반하랬대	1
위법	1
위베르라구	1
위베르알죠	1
위베르요	1
위생국	1
위생적	1
위생적으로	1
위선	1
위성들	1
위성방송	1
위성조정	1
위성팀	1
위원회	1
위이즐튼	1
위인들	1
위장병	1
위장용	1
위장장치	1
위조했단	1
위즐	1
위즐튼	1
위키낱말사전	1
위탁부	1
위태하실	1
위하다	1
위함	1
위해서다	1
위해서요	1
위해서죠	1
위했는데	1
위험말	1
위험물	1
위험하고	1
위험하나	1
위험하다고	1
위험하다고요	1
위험하다는	1
위험하단	1
위험하대	1
위험하잖아	1
위험하지만	1
위험한데	1
위험할까	1
위험할까요	1
위험해져	1
위험했다고	1
위협하는	1
위협했나요	1
위힘해	1
윈댄서	1
윈도우즈	1
윈윈	1
윈클러	1
윈터	1
윌리스	1
윌리엄스	1
윌킨스	1
윔블던	1
윗방	1
윗옷	1
윙윙거리는	1
윙키스	1
유가 될 만	1
유감없이	1
유감이구나	1
유고슬라비아	1
유괴됐단	1
유괴됐던	1
유괴됐어요	1
유괴범	1
유괴하려고	1
유급	1
유난히도	1
유년시절	1
유능한	1
유다	1
유다가	1
유대감	1
유대인놈들	1
유도한다고	1
유독히	1
유랑	1
유레카	1
유리층	1
유리컵	1
유리하게	1
유리해	1
유리해졌을까요	1
유망해	1
유명하다구	1
유명하다며	1
유명한건	1
유명해졌다	1
유명해지길	1
유명해지다	1
유명했나	1
유명했잖아	1
유모차	1
유미	1
유바바님	1
유발했다고	1
유방암	1
유별나	1
유복자	1
유분수	1
유사한	1
유산하려고요	1
유색인종	1
유서	1
유서프	1
유수	1
유시로	1
유압	1
유엔	1
유용성	1
유용하게	1
유용하네	1
유용하지	1
유용합니다	1
유용해	1
유용해요	1
유용했다	1
유이	1
유익해	1
유인책	1
유인하려	1
유인하려고	1
유인하면	1
유인한	1
유인할	1
유일하네요	1
유일했어	1
유입	1
유저님	1
유전자라니	1
유제품	1
유죄인	1
유즈	1
유지되고	1
유지하느라고	1
유지하며	1
유지하세요	1
유지합시다	1
유지해야	1
유충	1
유치장	1
유치하게	1
유카타	1
유쾌한	1
유키짱	1
유태계	1
유태놈	1
유태인종	1
유파다	1
유해	1
유해할	1
유행어	1
유행중	1
유행하는거	1
유행할까	1
유형	1
유혹하는	1
유혹할	1
유혹했어요	1
유효하다	1
유효한가	1
유효해요	1
유후	1
육각형	1
육감	1
육군	1
육로	1
육지거북	1
육체관계	1
육체적	1
윤도준	1
윤리	1
윤리적	1
윤상화	1
율법	1
융단	1
융단요	1
융합하고	1
으나고	1
으나니	1
으나니까	1
으나면	1
으나면서	1
으냐고	1
으냐고는	1
으냐면	1
으냐면서	1
으니까	1
으니까는	1
으디	1
으라고	1
으라고는	1
으라니	1
으라니까	1
으라면	1
으랏차차	1
으려고만	1
으려면	1
으로도	1
으르렁거려서	1
으면	1
으면서	1
으면서도	1
으세요	1
으셔요	1
으스스하다	1
으스스할까	1
으시시하네	1
으시죠	1
으시지요	1
으십시오	1
으쓱했어	1
으아악	1
으엄	1
으윽	1
으쩌냐	1
으찌	1
으하하하	1
으흠	1
윽	1
은가	1
은구나	1
은구려	1
은구먼	1
은군요	1
은근슬쩍	1
은데	1
은데도	1
은둔한	1
은둔할	1
은유	1
은이	1
은제	1
은지요	1
은커녕	1
은퇴하나요	1
은퇴하는	1
은퇴한	1
은퇴할	1
은폐하고	1
은행장님	1
을 보내	1
을게요	1
을까?	1
을까요	1
을래요	1
을마	1
을수록	1
을지요	1
읊던	1
읊어	1
읊어보겠나	1
음담패설뿐	1
음독	1
음독자살	1
음미하고	1
음반사랑	1
음부	1
음산한	1
음산해	1
음식맛	1
음식점	1
음악원	1
음야	1
음울하군	1
음음	1
음절	1
음주운전	1
음탕한	1
음표	1
음흉하다고요	1
읏고	1
응가	1
응급상황	1
응급조치	1
응급차	1
응낙했어	1
응답바란다	1
응수	1
응시했다	1
응어리	1
응용해보려는	1
응원하겠어	1
응하겠지	1
응하시는	1
의논했나	1
의대	1
의대생	1
의례	1
의뢰	1
의료도구	1
의료사	1
의료상혜택	1
의리	1
의리있다고	1
의무감	1
의무병	1
의문문	1
의문스러워	1
의미심장한	1
의미없이	1
의미할	1
의사 소통	1
의사놀이하던	1
의사선생	1
의사소통	1
의사잖나	1
의심되면	1
의심스럽게	1
의심하고	1
의심하다	1
의심하셨나요	1
의심하시던가요	1
의심한	1
의심해	1
의심했다	1
의심했다며	1
의심했어	1
의욕	1
의의	1
의자라니	1
의족	1
의존	1
의존심	1
의지대로	1
의지하자던	1
의할	1
의혹	1
이거다	1
이거뿐	1
이거요	1
이건요	1
이걸로는	1
이겁니까	1
이겁니다	1
이것은	1
이게요	1
이겠군요	1
이겠나	1
이겠냐	1
이겠어	1
이겨내고	1
이겨낸	1
이겨낼	1
이겨서	1
이겨야지	1
이겼나	1
이겼나요	1
이겼냐고	1
이겼는지	1
이겼다구	1
이겼다면	1
이겼단	1
이겼소	1
이겼습니까	1
이겼잖나	1
이겼지	1
이고도	1
이고잖아	1
이고한테	1
이구먼	1
이구요	1
이그나트	1
이금자	1
이기겠어	1
이기기	1
이기기로	1
이기길	1
이기냐	1
이기심	1
이기적인	1
이기죠	1
이기지	1
이긴다고요	1
이긴다구	1
이길까요	1
이길지도	1
이깟걸로	1
이꼴	1
이끄신	1
이끌게	1
이끌기	1
이끌까	1
이끌어야	1
이끌어주게	1
이끌어주고	1
이끌어주는	1
이끌어줬어	1
이끌었어요	1
이나마	1
이냐구요	1
이냐니까	1
이냐다	1
이년	1
이년들아	1
이념	1
이놀랍다고	1
이니고 몬토야	1
이니라	1
이다냐	1
이단	1
이달	1
이대론	1
이더라	1
이더라도	1
이던	1
이던가요	1
이던데	1
이동시키기	1
이동체	1
이동통신사	1
이동하냐고	1
이동하다	1
이동하셔도	1
이동한다니	1
이동할까	1
이동합니다	1
이동해라	1
이동해야	1
이되는	1
이되면	1
이따금	1
이따금씩	1
이라고까지	1
이라고는	1
이라고만	1
이라곤	1
이라구요	1
이라냐	1
이라니까요	1
이라니오	1
이라던	1
이라도요	1
이라든가	1
이라며요	1
이라면서	1
이라야	1
이라야만	1
이라야지	1
이라죠	1
이라지만	1
이란거	1
이란데	1
이랍니까	1
이랍니다	1
이래가지고	1
이래니	1
이래라저래라	1
이래라저래라해	1
이래서	1
이래야겠어	1
이랬다고	1
이랬다면	1
이랬었다구	1
이랬잖아	1
이럇	1
이러겠습니까	1
이러고도	1
이러고만	1
이러기예요	1
이러냐구	1
이러네	1
이러느냐구	1
이러는거	1
이러는거지	1
이러는게	1
이러니만큼	1
이러다간	1
이러시겠지	1
이러시고만	1
이러시기	1
이러시오	1
이러시죠	1
이러실까	1
이러십니까	1
이러저러	1
이러죠	1
이러지마요	1
이러하나	1
이런가	1
이런다고	1
이런대	1
이런데도	1
이런말	1
이런식	1
이런저런	1
이런짓	1
이럴려고	1
이렇게라도	1
이렇다고	1
이렇든	1
이렇죠	1
이레네	1
이레니	1
이려나	1
이력	1
이로구만	1
이론적으로	1
이롭다면	1
이루고	1
이루길	1
이루려구요	1
이루어	1
이루어졌나요	1
이루어지는	1
이루었어	1
이룩한	1
이룬	1
이룰	1
이뤄야	1
이뤄져	1
이뤘네	1
이륙준비	1
이륙해	1
이륙했나	1
이륙허가	1
이르지	1
이르케	1
이른가	1
이른데	1
이른바	1
이를테면	1
이름값	1
이름엔	1
이름을	1
이름표	1
이름하여	1
이리온	1
이리와서	1
이리저리	1
이마빡	1
이마을	1
이만한	1
이만합니다	1
이말	1
이모나	1
이모백요	1
이모지	1
이물질	1
이믄	1
이민	1
이민자들	1
이발소	1
이발하시게요	1
이방인들	1
이번주	1
이벨다	1
이보게들	1
이보다는	1
이봐요들	1
이부	1
이분들	1
이불속	1
이뻐서	1
이뻤나	1
이쁜	1
이쁜데	1
이쁜이	1
이쁠뿐	1
이사갔어요	1
이사무	1
이사한	1
이사할	1
이사해	1
이사해야	1
이사했다고요	1
이사했지	1
이삼아	1
이상없어요	1
이상없음	1
이상하	1
이상하고	1
이상하구나	1
이상하군	1
이상하긴	1
이상하든	1
이상하면	1
이상하잖아	1
이상하잖아요	1
이상합니다	1
이상했었어	1
이새꺄	1
이성애자	1
이성적	1
이성적으로	1
이세계	1
이셔서요	1
이셨나보지	1
이소룡	1
이송할겁니다	1
이송합니다	1
이슈	1
이슈타르	1
이스라엘	1
이스마엘	1
이스탄불	1
이스트	1
이스트우드	1
이승	1
이시네	1
이시니	1
이시도로	1
이시라고요	1
이시스	1
이시잖아	1
이시잖아요	1
이식	1
이식받은	1
이식하는	1
이신데	1
이야기하겠습니다	1
이야기하는	1
이야기하라고	1
이야기하려고	1
이야기하면	1
이야기하신	1
이야기하자	1
이야기하지	1
이야기한거	1
이야기할까요	1
이야기할래	1
이야기해	1
이야기해야	1
이야기해야한다고	1
이야기했나요	1
이야기했던	1
이야기했지	1
이야긴	1
이야깃거리	1
이어가고	1
이어받아줄래	1
이어받았더구나	1
이어졌다	1
이어지고	1
이어지는	1
이어지죠	1
이어지지	1
이어진	1
이어진다고	1
이어진다는	1
이어폰	1
이었거든요	1
이었군	1
이었군요	1
이었기	1
이었냐고	1
이었냐고요	1
이었네요	1
이었느냐	1
이었는가	1
이었다구	1
이었다는	1
이었다는게	1
이었다니까	1
이었더라	1
이었던거	1
이었으니까요	1
이었을	1
이었을까요	1
이었을지도	1
이에	1
이였겠죠	1
이였군요	1
이오제제하는	1
이왕	1
이용구	1
이용하고	1
이용하도록	1
이용하려	1
이용하면	1
이용하세요	1
이용하자고	1
이용한	1
이용할수	1
이용해주세요	1
이용했던	1
이용했어	1
이우	1
이웃나라	1
이유식	1
이을	1
이잇	1
이자들	1
이장	1
이전에	1
이제 우리	1
이제까진	1
이제보니	1
이종수	1
이주	1
이주민들	1
이주시키겠습니다	1
이즈메이	1
이즈모야	1
이지구	1
이지않나	1
이직시켰어	1
이진희	1
이질적	1
이집	1
이집트관	1
이집트인	1
이짝	1
이처럼	1
이코노미	1
이코노미석	1
이콘들	1
이크	1
이타성	1
이타적	1
이타적이던	1
이탈리아계	1
이탈리아산	1
이태리계	1
이태리인	1
이한테	1
이해돼	1
이해돼요	1
이해됐어요	1
이해되니	1
이해되세요	1
이해되셨죠	1
이해되실	1
이해시켜	1
이해요	1
이해하겠니	1
이해하겠지	1
이해하나	1
이해하다	1
이해하든	1
이해하려면	1
이해하셨나요	1
이해하셨습니까	1
이해하셨죠	1
이해하시겠지	1
이해하실	1
이해하오	1
이해한	1
이해한거	1
이해한다	1
이해한다고	1
이해한다는	1
이해할까요	1
이해할만	1
이해할수	1
이해합니다	1
이해해주는	1
이해해줄	1
이해했냐고	1
이해했다고	1
이해했습니까	1
이해했습니다	1
이해했어요	1
이해했으면	1
이해했죠	1
이행하고	1
이혼소송	1
이혼하고	1
이혼하는데	1
이혼하란다고	1
이혼하실	1
이혼할	1
이혼해야	1
이후엔	1
익는게	1
익는다	1
익단	1
익사시킬	1
익사한	1
익사한다	1
익사할	1
익사했어	1
익숙하시죠	1
익숙해	1
익숙해져	1
익숙해졌니	1
익숙해졌소	1
익숙해졌습니다	1
익숙해질	1
익을때	1
익지도	1
익혀도	1
익혀서	1
익혔어	1
익히는가	1
익히면	1
인가보죠	1
인가보지	1
인가봐	1
인가봐요	1
인가요?	1
인가한	1
인간들아	1
인간쓰레기	1
인간적	1
인건데	1
인게	1
인겨	1
인격	1
인격체	1
인계하러	1
인공지능	1
인근	1
인기척	1
인는	1
인데다가	1
인도될	1
인도했을텐데	1
인들	1
인란	1
인만큼	1
인맥	1
인면	1
인면어	1
인명	1
인명피해	1
인물들	1
인민	1
인민들	1
인민폐	1
인버터	1
인부	1
인부들	1
인부라니	1
인사과	1
인사드려라	1
인사드렸었어	1
인사드리러	1
인사드립니다	1
인사시켜줄래	1
인사왔던	1
인사하지	1
인사한	1
인사할까	1
인사해	1
인사해야지	1
인사했어	1
인삼	1
인색한	1
인생경험	1
인생사	1
인쇄기	1
인쇄하죠	1
인쇄했죠	1
인수하다	1
인스타	1
인식하고	1
인심	1
인양	1
인용하도록	1
인재	1
인접	1
인정사정없이	1
인정치	1
인정하겠습니까	1
인정하고	1
인정하기	1
인정하냐	1
인정하는	1
인정하는가	1
인정하라는	1
인정하세요	1
인정하십니까	1
인정하죠	1
인정한다고	1
인정했어	1
인정했잖아요	1
인조요	1
인조인간	1
인종같진	1
인종들	1
인종주의자	1
인증	1
인지도	1
인지를	1
인지야	1
인지요	1
인지하신다	1
인체	1
인치	1
인카서러스	1
인터뷰하시는	1
인터폰	1
인턴	1
인테리어	1
인텔리겐차	1
인텔리겐챠	1
인플루엔자	1
인피니티	1
인하여	1
인화하다	1
일가족	1
일감	1
일개	1
일거라	1
일거리	1
일깨워주는	1
일깨워줄	1
일껄	1
일꾼들	1
일냈군	1
일당들	1
일등석	1
일등항해사	1
일라이	1
일라이저	1
일란성	1
일러바치든지	1
일러바치진	1
일러야지	1
일러줬냐	1
일렀나	1
일렀다간	1
일렀을텐데	1
일레븐	1
일로	1
일루와	1
일루와봐	1
일루와서	1
일류	1
일리노이	1
일말	1
일반	1
일벌레	1
일보	1
일본군인	1
일본놈	1
일본인같아	1
일본조계지	1
일부든	1
일뿐	1
일삼았어	1
일상	1
일상사	1
일시	1
일시불	1
일시적	1
일식	1
일어나거라	1
일어나겠어	1
일어나겠어요	1
일어나도	1
일어나든	1
일어나려나	1
일어나봐	1
일어나봐라	1
일어나선	1
일어나셔요	1
일어나시겠어요	1
일어나시지	1
일어나십시오	1
일어나야	1
일어나있어	1
일어나죠	1
일어나진	1
일어난다	1
일어난다고	1
일어날거라	1
일어났나	1
일어났나요	1
일어났는데	1
일어났는데요	1
일어났는지	1
일어났다	1
일어서게	1
일어서냐	1
일어서는	1
일어서면	1
일어서실래요	1
일어서야	1
일어설겁니다	1
일여	1
일요일엔	1
일으켰다고	1
일으켰다고요	1
일으켰다며	1
일으켰잖아	1
일으키고	1
일으키려는	1
일으킨다고	1
일으킨다면요	1
일으킬까요	1
일인실	1
일일	1
일일이	1
일자리라니	1
일자릴	1
일전	1
일제	1
일제히	1
일체	1
일치자	1
일치하는	1
일치하다	1
일하겠네요	1
일하겠다고	1
일하겠습니까	1
일하겠어	1
일하고도	1
일하나	1
일하나요	1
일하냐	1
일하는지	1
일하니까	1
일하다가	1
일하도록	1
일하든	1
일하라고	1
일하면	1
일하세요	1
일하셨죠	1
일하시는군요	1
일하신다죠	1
일할게요	1
일할까요	1
일해도	1
일해라	1
일해보겠소	1
일해보라고	1
일해야지	1
일했다고	1
일했단	1
일했던	1
일했으면	1
일했잖아	1
일했지	1
읽겠네	1
읽기엔	1
읽긴	1
읽나	1
읽느라	1
읽습니까	1
읽습니다	1
읽어도	1
읽어보겠나	1
읽어보십시오	1
읽어볼까요	1
읽어봐도	1
읽어봐라	1
읽어봤나	1
읽어주지	1
읽어줄게	1
읽어줄까	1
읽어줄께	1
읽어줄래요	1
읽어줬다	1
읽어줬어	1
읽었냐	1
읽었더라	1
읽으렴	1
읽으면	1
읽으셨나요	1
읽으시나요	1
읽으시요	1
읽으십시오	1
읽을게	1
읽을께	1
읽을래	1
읽을만한	1
잃게	1
잃겠더라	1
잃고있잖아요	1
잃는다고	1
잃는댔지	1
잃더니	1
잃어	1
잃어버려	1
잃어버렸군	1
잃어버렸니	1
잃어버렸지만	1
잃어버리다	1
잃어버리면	1
잃어버리셨나요	1
잃어버리신	1
잃어버리지	1
잃어버릴까봐	1
잃었기	1
잃었네	1
잃었는데	1
잃었는지	1
잃었다고요	1
잃었습니까	1
잃었음에도	1
잃었음을	1
잃었지만	1
잃으라죠	1
잃으셨잖아요	1
잃으셨지	1
잃으시면	1
잃죠	1
잃지	1
임관시켰을	1
임금	1
임금님	1
임대요	1
임동환	1
임명됐나요	1
임명하겠네	1
임명하실	1
임명할	1
임무라	1
임무수행	1
임상실험	1
임시	1
임시방편	1
임시직	1
임신하고	1
임신하면	1
임신한	1
임신했어	1
임신했었다고	1
임신했으면	1
임신했죠	1
임자	1
임종	1
임차인들	1
임파선종	1
임팔라	1
임페디멘타	1
임페리오	1
임호선	1
입거나	1
입게	1
입겠냐	1
입겠다고는	1
입고는	1
입국	1
입국신고	1
입금하다	1
입금하시나요	1
입급했다	1
입기	1
입나	1
입냐	1
입는다	1
입는다고	1
입닥쳐	1
입단시켜준다구	1
입대했어	1
입든지	1
입력하다	1
입력해야	1
입문	1
입벌려라	1
입사	1
입수한	1
입실	1
입양	1
입양하면	1
입양해	1
입어보렴	1
입어보면	1
입었네	1
입었니	1
입었다구	1
입었대요	1
입었잖아	1
입었지	1
입영장	1
입원	1
입원시키는	1
입원하시게요	1
입원했다던	1
입으니까	1
입으라고요	1
입으셨어요	1
입으실	1
입을건가요	1
입잖소	1
입장료	1
입장할	1
입주하세요	1
입증하기	1
입학	1
입학시험	1
입학하다	1
입학했지	1
입혀도	1
입혀라	1
입혀서	1
입혀주긴	1
입혔어	1
입회	1
입회인	1
입히는가	1
입힐	1
입힐래	1
잇는	1
잇는다고	1
잇다니	1
잇어	1
있건	1
있겄어	1
있게만	1
있겠군	1
있겠는데요	1
있겠다고	1
있겠대	1
있겠대요	1
있구만	1
있기라도	1
있냐구요	1
있냐니까	1
있냔	1
있네마는	1
있느냐가	1
있는걸	1
있는게냐	1
있는게야	1
있는게지	1
있는다곤	1
있는지는	1
있는지로	1
있다+잖아	1
있다간	1
있다는걸	1
있다더니	1
있다던데요	1
있다면서	1
있다면서요	1
있다지	1
있담	1
있답니다	1
있댔어	1
있더라고	1
있더라고요	1
있던가	1
있던거지	1
있던게야	1
있던겐가	1
있수	1
있어본	1
있어야겠다	1
있어야죠	1
있어예	1
있어주겠나	1
있어주지	1
있어줘	1
있었거든	1
있었게	1
있었겠는가	1
있었겠죠	1
있었기에	1
있었냐고	1
있었냐고요	1
있었냐니까	1
있었느냐	1
있었느냐고	1
있었는	1
있었다구요	1
있었다니까	1
있었다면	1
있었대	1
있었대요	1
있었더라	1
있었더라면	1
있었던거	1
있었던게	1
있었으면서	1
있었음	1
있었잖습니까	1
있었지요	1
있우	1
있으나	1
있으니까요	1
있으니끼니	1
있으라	1
있으래	1
있으랬지	1
있으려고요	1
있으면요	1
있으셨던	1
있으시겠어요	1
있으시겠죠	1
있으시단다	1
있으신	1
있으신거죠	1
있을거	1
있을거라	1
있을거라고	1
있을거예요	1
있을거요	1
있을걸요	1
있을게요	1
있을까봐	1
있을성싶냐	1
있을지는	1
있을텐데	1
있음을	1
있읍니까	1
있자	1
있자니	1
있잔아	1
있잖는가	1
있지 않	1
있지는	1
있지롱	1
있진	1
잉그리드	1
잉꼬왕	1
잉어	1
잉크	1
잊게해	1
잊겠어	1
잊겠어요	1
잊겠지	1
잊는	1
잊어먹고	1
잊어버려라	1
잊어버려서	1
잊어버렸네	1
잊어버렸잖아요	1
잊어버리다	1
잊어버리지	1
잊어줘	1
잊었느냐	1
잊었수	1
잊었습니다	1
잊었지	1
잊으라고요	1
잊으셨나	1
잊으신	1
잊은거	1
잊을게	1
잊지마	1
잊혀진	1
잎들	1
자가용	1
자가포식	1
자갈	1
자객	1
자게	1
자겠다고	1
자겠습니다	1
자겠어요	1
자격요	1
자경단원	1
자고는	1
자곤	1
자극받은	1
자극했어	1
자금성	1
자기답지	1
자기방	1
자기비판	1
자기소개해	1
자기소개해도	1
자기위치	1
자기주장	1
자기편	1
자기합리화나	1
자꼬	1
자꾸만	1
자난	1
자냐	1
자네나	1
자네땜에	1
자녀들	1
자는군	1
자는지는	1
자니까	1
자동문	1
자동으로	1
자두지	1
자라게	1
자라나	1
자라는	1
자라니	1
자라니까	1
자라다	1
자라셨어요	1
자라지	1
자란다	1
자랐고	1
자랐나	1
자랐나요	1
자랐다면	1
자랐다면서	1
자랑스러운	1
자랑스러울	1
자랑스러워했겠네	1
자랑스럽군	1
자랑하고	1
자랑하는	1
자랑할	1
자랑해서	1
자러	1
자로	1
자료실	1
자르게	1
자르다니	1
자르듯이	1
자르듯이요	1
자르라고	1
자르라고요	1
자르라니까	1
자르려고요	1
자르려다	1
자른다	1
자를까	1
자립	1
자립심	1
자마자	1
자막러	1
자매님들	1
자매작	1
자면서도	1
자멸	1
자명종	1
자문해봤나	1
자미스	1
자백서	1
자백한	1
자백해	1
자백했는데	1
자백했다	1
자백했어	1
자본가	1
자봐	1
자봤어	1
자비로운	1
자비심	1
자빠지라고	1
자살하겠습니까	1
자살하고	1
자살하기	1
자살하는	1
자살하다	1
자살하려는	1
자살하실	1
자살하지	1
자살한다	1
자살할걸요	1
자살했다고	1
자살했으니	1
자살했을	1
자서전	1
자석	1
자세요	1
자손	1
자손들	1
자수	1
자수요	1
자수하려는	1
자수하지그래	1
자수한	1
자수해서	1
자습	1
자시고	1
자식놈	1
자아내다	1
자야지	1
자여	1
자연사박물관	1
자연스러웠어	1
자연스럽게	1
자연스럽고	1
자연식	1
자연적으로	1
자연주의	1
자연주의군	1
자오	1
자욱합니다	1
자원하는	1
자원해서	1
자원했다	1
자원했잖아	1
자위	1
자위하는	1
자유라니	1
자유로울	1
자유로워지고	1
자유로워지리라	1
자유로웠지	1
자유롭거든	1
자유롭고	1
자유롭기	1
자유롭지	1
자유의지	1
자유인	1
자유혁명	1
자율주행차	1
자의로	1
자자한	1
자장가	1
자재	1
자제하고	1
자제할	1
자존감	1
자질	1
자책하지	1
자처해	1
자청했다	1
자초하겠어	1
자초했잖아요	1
자축해	1
자취	1
자치령	1
자카로프	1
자칼로프	1
자켓	1
자쿠아랑	1
자쿠아씨	1
자쿠아요	1
자쿠이요	1
자퍼	1
자폐성향	1
자폐스펙트럼	1
자폐스펙트럼진단	1
자폐아	1
자폐인	1
자폐적	1
자포자기해서	1
자폭남	1
자폭하지	1
작가라	1
작고하신	1
작곡했지	1
작년엔	1
작당	1
작대기	1
작동되는	1
작동법	1
작동안	1
작동원리	1
작동하네	1
작동하는	1
작동하는지	1
작동한다	1
작동한다고	1
작동할까요	1
작동했다간	1
작든	1
작별키스	1
작살날	1
작성하게	1
작성하다	1
작성하죠	1
작아도	1
작아서	1
작아지나	1
작았었겠네요	1
작업장	1
작업하길	1
작업하니까	1
작업할	1
작업해	1
작업했어	1
작으니까	1
작은놈	1
작잖아	1
작전개시	1
작전대	1
작전대로	1
작전부	1
작정했구나	1
작지	1
작지만	1
잔거냐구	1
잔고	1
잔다구요	1
잔다르크	1
잔다며	1
잔다면서요	1
잔무늬	1
잔소리꾼	1
잔업	1
잔인하게요	1
잔인하긴	1
잔인한데	1
잔인할	1
잔잔히	1
잔챙이들	1
잖냐	1
잘가	1
잘가라	1
잘거라	1
잘걸	1
잘게	1
잘나가거든	1
잘나가던	1
잘나신	1
잘난체하는	1
잘났군	1
잘났으면	1
잘돼가고	1
잘돼서	1
잘됐구나	1
잘됐나	1
잘됐네요	1
잘됐죠	1
잘됐지	1
잘되고	1
잘되는	1
잘되면	1
잘되지	1
잘라내야	1
잘라낼	1
잘라냈는데도	1
잘라냈다는	1
잘라요	1
잘라주는	1
잘라주지	1
잘랐나	1
잘랐다고요	1
잘랐다는	1
잘랐잖아요	1
잘래요	1
잘렸는데	1
잘렸다고	1
잘리게	1
잘리고	1
잘리는	1
잘리면	1
잘리면요	1
잘리지	1
잘린다고	1
잘릴	1
잘만	1
잘못됐냐	1
잘못됐다	1
잘못됐소	1
잘못됐습니까	1
잘못됐죠	1
잘못됐지	1
잘못되는	1
잘못되었다고	1
잘못된거	1
잘못요	1
잘못하면	1
잘못해	1
잘못해서	1
잘못했게요	1
잘못했길래요	1
잘못했냐고	1
잘못했네	1
잘못했는지	1
잘못했다	1
잘못했죠	1
잘빠진	1
잘생겼거든요	1
잘생겼구만	1
잘생겼는데	1
잘생겼다는	1
잘생겼든	1
잘생겼어요	1
잘있어요	1
잘자렴	1
잘자요	1
잘잤니	1
잘지내	1
잘쳐	1
잘하게	1
잘하냐	1
잘하네요	1
잘하던가요	1
잘하라고	1
잘하려나	1
잘하면서	1
잘하시오	1
잘한다고요	1
잘해내고	1
잘해보자	1
잘해오셨잖아요	1
잘해주나	1
잘해주는	1
잘해주시고	1
잘해줬는데	1
잘해줬다	1
잘해줬어	1
잘해줬어요	1
잘했다고	1
잘했을	1
잠가라	1
잠가야	1
잠가주세요	1
잠갔나	1
잠갔는데	1
잠갔잖아	1
잠겨있잖아	1
잠겼다	1
잠궈주세요	1
잠궜소	1
잠궜어	1
잠그죠	1
잠근	1
잠금해제	1
잠기지	1
잠긴다	1
잠깐기다려	1
잠꼬대	1
잠꼬대나	1
잠꼬대하냐	1
잠꼬대했나요	1
잠드소서	1
잠들	1
잠들까	1
잠들다	1
잠들라고	1
잠들면	1
잠들수	1
잠들어서	1
잠들었는데	1
잠들었다	1
잠들었던	1
잠들었지만	1
잠망경	1
잠복하자고	1
잠수부	1
잠수준비	1
잠수하지	1
잠수한다는	1
잠시후	1
잠입하는	1
잠입한다고	1
잠입해	1
잠자고	1
잠잔다	1
잠잘	1
잠잠이	1
잠재우랬어	1
잠재우러	1
잠재적	1
잠적해버렸어	1
잠적해있어	1
잡겠네	1
잡겠단	1
잡나	1
잡나요	1
잡냐	1
잡는게	1
잡는다고	1
잡는단	1
잡는지	1
잡니까	1
잡듯	1
잡부	1
잡소린	1
잡수셨습니까	1
잡아가게	1
잡아가러	1
잡아간	1
잡아갔나	1
잡아갔단	1
잡아갔습니다	1
잡아갔어요	1
잡아갔지	1
잡아내는	1
잡아다	1
잡아당겨	1
잡아당기다	1
잡아당기면	1
잡아두고	1
잡아들였잖아	1
잡아들일	1
잡아먹게	1
잡아먹는다는	1
잡아먹어	1
잡아먹어요	1
잡아먹었거든요	1
잡아먹었나	1
잡아먹었나요	1
잡아먹었어	1
잡아먹었을	1
잡아먹었을까	1
잡아먹으려고	1
잡아먹으려고요	1
잡아먹으려던	1
잡아먹을거라고	1
잡아먹지	1
잡아먹혔어요	1
잡아먹혔을	1
잡아먹히기	1
잡아먹힐지도	1
잡아버렸어	1
잡아버릴까	1
잡아보다	1
잡아보시지	1
잡아보지	1
잡아볼래	1
잡아블면	1
잡아야겠어	1
잡아야겠어요	1
잡아야죠	1
잡아야지	1
잡아주고	1
잡아줄	1
잡아줘요	1
잡아타	1
잡았고	1
잡았냐	1
잡았네	1
잡았느냐	1
잡았다가	1
잡았다고요	1
잡았다는	1
잡았더라	1
잡았던	1
잡았습니다	1
잡았었는데	1
잡았으면	1
잡았잖아	1
잡았죠	1
잡역부	1
잡으란	1
잡으랬지	1
잡으시려고요	1
잡을때	1
잡종들	1
잡쳤어	1
잡혀가게	1
잡혀가라고	1
잡혀간다	1
잡혀갈래	1
잡혀갔거나	1
잡혀갔구나	1
잡혀서	1
잡혔나	1
잡혔냐고	1
잡혔다고	1
잡혔습니까	1
잡화점	1
잡히겠다고	1
잡히겠어	1
잡히고	1
잡히기만	1
잡히나	1
잡히는군	1
잡히다	1
잡힐까	1
잤구나	1
잤는데	1
잤단	1
잤던	1
잤었던가	1
잤으면	1
잤으므로	1
잤잖아	1
장가	1
장갑밴	1
장갑병	1
장갑장	1
장강	1
장교나리,내가 할 수	1
장난아니에요	1
장난쳐	1
장난치냐	1
장난치지마	1
장난친	1
장난친거요	1
장난하는거요	1
장난하러	1
장난하세요	1
장난하재	1
장난할래	1
장난합니까	1
장난해요	1
장녀	1
장단	1
장담	1
장담할	1
장례	1
장료	1
장마철	1
장만하고	1
장명등	1
장모님	1
장미빛깔	1
장부	1
장비들	1
장비점검	1
장사하나	1
장사했었지	1
장상	1
장식되어	1
장식들	1
장식성	1
장식품	1
장신구	1
장아찌	1
장악하고	1
장안법	1
장애네	1
장어	1
장어들	1
장유유서	1
장윤	1
장의사들	1
장인	1
장인어른	1
장작	1
장작불	1
장전됐어요	1
장전되어	1
장전된	1
장정	1
장짜리	1
장차	1
장착	1
장천이	1
장치들	1
장치해	1
장하다	1
장학사	1
장한	1
장화	1
잦았지	1
재가동	1
재갈	1
재개하오	1
재건설한다	1
재건해야	1
재계약	1
재고	1
재구성	1
재기하면	1
재는	1
재능있는	1
재도전하겠다고	1
재롱	1
재림하기	1
재목	1
재미라곤	1
재미없는	1
재미없는데	1
재미없든	1
재미없어요	1
재미없었어	1
재미없으면	1
재미없지	1
재미있게들	1
재미있겠는데	1
재미있겠지	1
재미있구먼	1
재미있군	1
재미있군요	1
재미있나	1
재미있나요	1
재미있냐	1
재미있다니	1
재미있더구나	1
재미있든	1
재미있었지	1
재미있잖아	1
재밌겠군	1
재밌겠는걸	1
재밌겠는데	1
재밌겠어	1
재밌나요	1
재밌다	1
재밌습니까	1
재밌어져요	1
재밌어지려고	1
재밌어지려던	1
재밌었나	1
재밌었는데	1
재밌었어요	1
재밌으면	1
재밌으세요	1
재발했지	1
재봉사	1
재부팅	1
재산권	1
재생력	1
재생하고	1
재생하지	1
재설정하죠	1
재성해어	1
재수사해달라고	1
재수없는	1
재수원단들아	1
재우다	1
재우다니	1
재우러	1
재우죠	1
재우지	1
재울까요	1
재워	1
재워버릴	1
재워주실래요	1
재웠어	1
재정	1
재정의	1
재조립	1
재즈킬러	1
재차	1
재채기	1
재촉하지	1
재촉해	1
재킹	1
재탐색	1
재탕한	1
재판받을래	1
재현돼요	1
재혼하셨니	1
재혼하셨어요	1
재혼했나	1
재활용된	1
재활용됩니다	1
재회	1
재회할	1
잽싸게	1
잽싼지	1
잿더미	1
잿빛	1
쟁반	1
쟁취하는	1
쟈넷트	1
쟈켓	1
쟝	1
쟤는	1
쟤라니깐	1
저거다	1
저거요	1
저건가	1
저걸로	1
저것은	1
저그여	1
저글링하는	1
저기 수갑	1
저기든	1
저긴데	1
저깄어	1
저녁기도	1
저능	1
저따위	1
저래야	1
저래야만	1
저랬나요	1
저랬다고	1
저러겠어요	1
저러는거	1
저러는지	1
저러시지	1
저런다고	1
저런다니까	1
저런대	1
저럴까	1
저렇게까지	1
저렇게나	1
저렇나	1
저렇든	1
저리들	1
저말	1
저물	1
저물다	1
저버렸구나	1
저버렸다는	1
저버리다	1
저뿐	1
저사람들	1
저사람좀	1
저어기	1
저어요	1
저역	1
저을	1
저자식들	1
저자인거	1
저장돼	1
저장하면	1
저장한다	1
저장해주게	1
저저저	1
저저저저	1
저주받았어	1
저주받았지	1
저주받을	1
저주하노라	1
저주하다니	1
저주하면	1
저주해서라도	1
저지르고	1
저지르는	1
저지르려고	1
저지르지	1
저질	1
저질러	1
저질러버려	1
저질러지는	1
저질렀나	1
저질렀냐	1
저질렀는지	1
저질렀다고	1
저질렀어	1
저질렀지	1
저째	1
저쪽엔	1
저축은행	1
저축해놓은	1
저택엔	1
저하	1
저항군	1
저항하면	1
저항하지	1
저항하지마	1
저항하지말고	1
저항한	1
적게든	1
적고	1
적극적	1
적극적으로	1
적금	1
적다는	1
적당하다면	1
적당해	1
적든	1
적반하장	1
적발	1
적색	1
적색경보	1
적셔서	1
적시타	1
적어놨어	1
적어두는	1
적어야	1
적었단	1
적었어요	1
적으라고	1
적으로	1
적으실	1
적응할	1
적응했어	1
적임자	1
적자	1
적자생존	1
적장	1
적적하지	1
적절하냐고요	1
적절한	1
적정가	1
적함	1
적합한지	1
적혀있는	1
적혀있었어요	1
적혔냐	1
적혔는지	1
적히신	1
전 많은	1
전가하다	1
전개	1
전경들	1
전공하니	1
전근	1
전기기사	1
전기밥솥	1
전기세	1
전깃불	1
전나무	1
전능하신	1
전달	1
전달받았어	1
전달하는	1
전달할	1
전달해야	1
전달해줘	1
전당	1
전락해	1
전래된	1
전략게임	1
전략요충지	1
전략적	1
전력망	1
전령	1
전면적으로	1
전면전	1
전멸시켜	1
전멸할	1
전무후무한	1
전문가들	1
전문가용	1
전문대학	1
전문의	1
전문적으로	1
전반적	1
전복돼	1
전복시키라는데	1
전부든	1
전부라니까	1
전사했어요	1
전생	1
전세계	1
전송해	1
전수하겠습니다	1
전술팀	1
전신마비	1
전언	1
전염돼	1
전염되나	1
전염병들	1
전염성	1
전용기	1
전우	1
전우들	1
전유물	1
전율	1
전임	1
전임자라니	1
전입신고	1
전자동	1
전재산	1
전쟁광들	1
전쟁때	1
전쟁망치	1
전쟁야욕	1
전쟁할	1
전쟁할까	1
전종구	1
전진하고	1
전진할거야	1
전차병	1
전철	1
전체적	1
전투구역	1
전투복	1
전투위치	1
전투해	1
전파된다	1
전파해	1
전하기나	1
전하다	1
전하도록	1
전하라구	1
전하며	1
전하세요	1
전학했어	1
전한	1
전할게	1
전할까요	1
전함	1
전해졌어	1
전해주게	1
전해주고	1
전해주라고	1
전해주세요	1
전해주시겠소	1
전해주시겠어요	1
전해줄게	1
전해줄래	1
전해지지	1
전했소	1
전화드릴게	1
전화받으라고	1
전화받지	1
전화세	1
전화왔어	1
전화왔었어	1
전화질	1
전화하게	1
전화하기	1
전화하는데	1
전화하니까	1
전화하다	1
전화하라는	1
전화하세요	1
전화하시면	1
전화하신	1
전화한다고	1
전화할까	1
전화해달라고	1
전화해봤냐	1
전화해야	1
전화해줄까	1
전화해줄래요	1
전화했겠다	1
전화했는데	1
전화했다는	1
전화했던	1
전화했소	1
전화했을까	1
전화했죠	1
전환	1
전환점	1
절교	1
절대반지	1
절대음감	1
절뚝거리는	1
절뚝거리며	1
절름발이	1
절망적	1
절망하리라	1
절멸	1
절박해	1
절세	1
절실했나	1
절어	1
절요	1
절인	1
절절한	1
절지	1
절친들	1
절하고	1
절한다	1
젊든	1
젊어지는	1
젊어지니	1
젊었나요	1
젊었어	1
젊었어요	1
젊었으면	1
젊으실	1
점검할까요	1
점검해	1
점검해라	1
점령했다	1
점령했어	1
점령했을	1
점령했지	1
점소이	1
점심때	1
점원	1
점잖게	1
점잖은	1
점지해	1
점퍼	1
점프시킬까	1
점프하면서	1
점프한다는	1
점프했어	1
점핑해	1
점호하실	1
점화	1
점화됐다	1
접근하는	1
접근하도록	1
접근하려거든	1
접근하지	1
접근해	1
접근해왔니	1
접근해왔지	1
접근했다	1
접니까	1
접대	1
접대할	1
접때	1
접속	1
접속하다	1
접수증	1
접수창구	1
접수할	1
접수했다	1
접시머리	1
접어	1
접어서	1
접어야지	1
접었어	1
접전	1
접질리다	1
접착테이프	1
접촉	1
접촉사고	1
접촉하기	1
접촉할	1
접촉합니다	1
접촉해	1
접합부	1
접히고	1
젓다	1
정곡	1
정교인	1
정교할까	1
정교회	1
정글의왕	1
정기	1
정년퇴직	1
정녕	1
정당치	1
정당하게	1
정당하다고	1
정당할까	1
정당화될	1
정당화시켜야	1
정당화할	1
정돈	1
정동	1
정들면	1
정떨어져	1
정떨어지라고	1
정량화했지	1
정렬되었습니다	1
정리돼	1
정리됐나	1
정리된거	1
정리요	1
정리하는	1
정리하다	1
정리하라니	1
정리하면	1
정리하세요	1
정리하시지	1
정리하자마자	1
정리하자면	1
정리한	1
정리한다	1
정리한다우	1
정리할	1
정리해라	1
정리해서	1
정리했어	1
정말로요	1
정말이구먼	1
정말있을까	1
정면승부	1
정무체조회	1
정민지	1
정밀한	1
정박한	1
정복	1
정복한	1
정복한다고요	1
정복해온	1
정복했었다고	1
정비	1
정비사	1
정산했어	1
정상인	1
정상인들	1
정상적으로	1
정석대로	1
정솔면	1
정수	1
정숙한	1
정신나갔어	1
정신머리	1
정신병	1
정신분열	1
정신줄	1
정신차리게	1
정연하게	1
정열	1
정원사	1
정위치	1
정육면체	1
정의하자면	1
정의할	1
정장님	1
정전됐을때	1
정중하게	1
정지하십시오	1
정직당한	1
정직당했는지	1
정직하게	1
정직하군요	1
정진하겠습니다	1
정진하며	1
정차	1
정착금	1
정착하기로	1
정찰	1
정찰기들	1
정찰병	1
정체된	1
정체불명	1
정치인들	1
정치적으로	1
정탐꾼	1
정하기	1
정하는지	1
정하다니	1
정하셨나요	1
정학	1
정해도	1
정해라	1
정해볼까요	1
정해서요	1
정해야	1
정해져	1
정해졌겠네요	1
정해졌습니까	1
정해졌습니다	1
정해졌어	1
정했군	1
정했나요	1
정했소	1
정했어요	1
정했죠	1
정했지	1
정현	1
정확하냐고	1
정확하다고	1
정확해	1
정확했어	1
정확히요	1
정효서	1
젖먹이들	1
젖소냐	1
젖어	1
젖었니	1
젖었지	1
젖통	1
젖혀	1
제가	1
제각각	1
제거돼야	1
제거되었습니다	1
제거하라고	1
제거하라는	1
제거합시다	1
제거해버려	1
제거해야	1
제거했겠소	1
제거했나	1
제거했죠	1
제공되죠	1
제공하지	1
제공할	1
제공했다	1
제국주의자	1
제기한	1
제기할	1
제기합니다	1
제꺼요	1
제꿈	1
제뉴어리지	1
제니바님	1
제단	1
제독	1
제러미	1
제문	1
제미	1
제발로	1
제법인데	1
제보자	1
제보했어요	1
제브로스 팀	1
제수씨	1
제시하다	1
제시한	1
제아마르	1
제안받은	1
제안하려는	1
제안하면	1
제안합니다	1
제안했어	1
제압하고	1
제압하지	1
제압해	1
제압했구나	1
제약	1
제약되어	1
제약해	1
제어도	1
제어하려는	1
제외	1
제외하고	1
제우스	1
제의할걸	1
제이드답지	1
제이드팰리스	1
제이미	1
제이크 설리	1
제일가는	1
제일로	1
제임스 본드	1
제임스 헌터	1
제작비	1
제작진	1
제작한	1
제작해	1
제작해야	1
제저스	1
제전	1
제조	1
제조해서	1
제즈스	1
제책임	1
제쳤습니다	1
제초제	1
제출용	1
제출하다	1
제출해	1
제품들	1
제품엔	1
제프	1
제한되어	1
제한식	1
젤라틴	1
젤렌스키	1
젭	1
져	1
져봐야	1
져서	1
져야지	1
져요	1
졌군	1
졌나	1
졌는디	1
졌다고	1
졌을땐	1
졌잖아요	1
졌지	1
조각가	1
조각난	1
조각상	1
조각했지	1
조간	1
조금요	1
조급하다고요	1
조기퇴직	1
조깅하는	1
조깅하자고	1
조나	1
조나단	1
조나스뿐	1
조난신호	1
조달하려고요	1
조디	1
조랑말	1
조롱해	1
조르기로	1
조르노	1
조르는	1
조르조	1
조르지오	1
조리법	1
조립공장	1
조만간	1
조명비	1
조부모님	1
조사받다	1
조사하라며	1
조사하지	1
조사할	1
조사합니까	1
조사해라	1
조사해볼까요	1
조사했나요	1
조사했어	1
조사했죠	1
조상님들	1
조셉 켐벨	1
조셉 화이트	1
조수	1
조쉬	1
조슈아 피어스	1
조신하게	1
조심성	1
조심스레	1
조심조심	1
조심하다니	1
조심하랬잖아	1
조심하랬지	1
조심하오	1
조심해야지	1
조심했어	1
조심혀	1
조아리라고	1
조아킴	1
조안	1
조안나가	1
조안나랬지	1
조애니	1
조용이해	1
조용하게	1
조용하길	1
조용하든	1
조용하면	1
조용하잖아	1
조용한가	1
조용할	1
조용해야	1
조용해요	1
조용해졌군	1
조용했어	1
조울증	1
조이네	1
조이라니까	1
조이방	1
조작하는	1
조작할	1
조작해	1
조절기	1
조절판	1
조절하는	1
조정하겠다	1
조정해	1
조제뜨	1
조져놓다니	1
조져주마	1
조졌다	1
조종하게	1
조종하고	1
조종하죠	1
조종한다고	1
조종해요	1
조준기	1
조준하고	1
조준하라	1
조준하세요	1
조준해	1
조중강	1
조지 워싱턴	1
조지나	1
조지프랑	1
조직들	1
조직원	1
조직하지	1
조직화된	1
조짐	1
조차요	1
조카여	1
조타륜	1
조퇴	1
조폭	1
조합	1
조향	1
조회하려고	1
조회해	1
조회해도	1
조회했을거야	1
족	1
족자	1
족족	1
족쳐	1
족하니까	1
존 웨인	1
존 웰벡	1
존 윅	1
존 윌크스 부스	1
존경하는	1
존경하지	1
존경할까요	1
존경해	1
존경했어	1
존경했어요	1
존대말	1
존속	1
존재감	1
존재하는	1
존재하는군	1
존재하는지	1
존재한다	1
존재합니까	1
존재합니다	1
존재해서는	1
존중하는	1
존중하시죠	1
존중하지	1
존중한다고	1
졸개들	1
졸기	1
졸도	1
졸라	1
졸라보세	1
졸랐지	1
졸려도	1
졸려요	1
졸리니	1
졸리지	1
졸린	1
졸린가	1
졸면서	1
졸부놈	1
졸았어	1
졸업생	1
졸업장	1
졸업하고	1
졸업하다	1
졸업하면	1
졸업한	1
졸업했어	1
좀만좀만좀만	1
좀봐	1
좀비들	1
좁게	1
좁네요	1
좁다란	1
좁습니다	1
좁아서	1
좁았다	1
좁은데	1
좁지	1
좁힐	1
종결	1
종교재판	1
종구성	1
종길아	1
종들	1
종료	1
종료된	1
종류별로	1
종신형	1
종양	1
종용	1
종이가방	1
종이쪽지	1
종잇조각	1
종자	1
종조부님	1
종족들	1
종합하면	1
종합해	1
좆까	1
좆까라	1
좆도	1
좆됐어	1
좆만	1
좋거든	1
좋게도	1
좋겠군	1
좋겠냐	1
좋겠네요	1
좋겠는	1
좋겠는데	1
좋겠니	1
좋겠다는	1
좋기는	1
좋기만	1
좋길래	1
좋나	1
좋냐고	1
좋다더니	1
좋단다	1
좋담	1
좋대요	1
좋디	1
좋아고	1
좋아보여요	1
좋아서야	1
좋아서요	1
좋아져	1
좋아졌는걸	1
좋아졌다구요	1
좋아졌어요	1
좋아지고	1
좋아지기	1
좋아질거야	1
좋아하게요	1
좋아하겠지	1
좋아하고	1
좋아하기	1
좋아하나요	1
좋아하는데요	1
좋아하는지도	1
좋아하던	1
좋아하든	1
좋아하셨습니까	1
좋아하셨어	1
좋아하시는	1
좋아하십니까	1
좋아하오	1
좋아하진	1
좋아한다는	1
좋아한대요	1
좋아해도	1
좋아해본	1
좋아해서	1
좋아했구나	1
좋아했다	1
좋아했던	1
좋아했던지	1
좋아했습니까	1
좋아했어요	1
좋아했었어	1
좋아했었잖아	1
좋아했을	1
좋아했지	1
좋았거든	1
좋았겠다	1
좋았겠지	1
좋았나요	1
좋았는데	1
좋았는지	1
좋았다며	1
좋았던	1
좋았었어	1
좋았을걸	1
좋았을텐데	1
좋았잖아	1
좋으니까	1
좋으신가	1
좋으십니다	1
좋은기여	1
좋은꿈꿔	1
좋은척	1
좋을걸	1
좋을꼬	1
좋을지	1
좋잖니	1
좋잖아요	1
좋지도	1
좌	1
좌우	1
좌익	1
좌절	1
좌초됐대요	1
좌현	1
좌회전요	1
좌회전하라며요	1
좌회전해	1
좔좔좔	1
죄명	1
죄송했습니다	1
죄책감요	1
죗값	1
죠슈아	1
주가	1
주간	1
주간지	1
주거든	1
주게서	1
주겠느냐	1
주겠단	1
주겠대	1
주겠지	1
주고받을까	1
주고저라네	1
주공	1
주관적으로	1
주구려	1
주급	1
주기	1
주기를	1
주기율표	1
주꼬	1
주네	1
주는지	1
주니까	1
주니퍼 시티	1
주다스	1
주더라	1
주더라도요	1
주던가	1
주던가요	1
주도권	1
주도했어	1
주동자	1
주동잘	1
주둥아리	1
주든가	1
주라	1
주라구	1
주란	1
주러	1
주려나	1
주려는	1
주련	1
주례	1
주름잡지	1
주름져	1
주먹질	1
주면요	1
주목받고	1
주목받는	1
주목적	1
주목하라	1
주목하세요	1
주목할	1
주무셔야	1
주무셨습니까	1
주무셨죠	1
주무시겠습니까	1
주무시겠어요	1
주무시고	1
주무시고요	1
주무시기	1
주무시는	1
주무시니	1
주무시죠	1
주무시지	1
주무신다고요	1
주무실래요	1
주무십니까	1
주문받았죠	1
주문요	1
주문하시겠어요	1
주문할	1
주문해	1
주문했네요	1
주문했어	1
주문했었지	1
주물공	1
주민번호	1
주바	1
주부	1
주사기	1
주사위	1
주색꾼	1
주서	1
주석	1
주세법	1
주셔야지	1
주셨는데요	1
주셨습니다	1
주셨을	1
주셨잖은가	1
주셨지	1
주소서	1
주시	1
주시겠죠	1
주시고	1
주시기	1
주시나	1
주시는	1
주시던데	1
주시오	1
주시옵소서	1
주시죠	1
주시해	1
주신다고	1
주실거요	1
주실수	1
주어서	1
주어졌다	1
주어졌습니다	1
주어진다	1
주어질	1
주어집니다	1
주었네	1
주었는데	1
주었니	1
주었어요	1
주었을까	1
주었죠	1
주엔	1
주옥같은	1
주요한	1
주우러	1
주워줬어	1
주웠네	1
주웠어	1
주위엔	1
주윤발	1
주의깊게	1
주의세요	1
주의점	1
주의하게	1
주의하고	1
주의하라	1
주의하라고	1
주의하세요	1
주의할	1
주의해	1
주의해서	1
주인공들	1
주인들	1
주인아주머니	1
주인장	1
주일	1
주임	1
주임원사	1
주입당한	1
주입하면	1
주자구요	1
주잖아	1
주잖아요	1
주장하다	1
주장할	1
주재하다	1
주저하는가	1
주저하면	1
주전	1
주절대지	1
주접	1
주제넘은거	1
주조	1
주중	1
주지사님요	1
주지사랑	1
주진	1
주차권	1
주차단속차	1
주차비	1
주차하기	1
주차하다	1
주차하면	1
주체	1
주치의	1
주키니	1
주택	1
주테니얼	1
주토피아이니까	1
주토피아행	1
주트니오	1
주특기	1
주파수변환	1
죽겠다니	1
죽겠다니까	1
죽겠지	1
죽고싶어	1
죽기야	1
죽기전	1
죽냐	1
죽느냐	1
죽는날	1
죽는다는	1
죽는다니	1
죽는다한들	1
죽는줄	1
죽던	1
죽마고우들	1
죽어가	1
죽어가겠지	1
죽어가면서도	1
죽어가잖아	1
죽어간다고요	1
죽어갈	1
죽어갔는지도	1
죽어나가는	1
죽어나가는데	1
죽어버렸어	1
죽어버리면	1
죽어서	1
죽어서도	1
죽어서인데	1
죽어있는	1
죽어있더란	1
죽어주길	1
죽었거나	1
죽었고	1
죽었구나	1
죽었기를	1
죽었냐고	1
죽었는데요	1
죽었는디	1
죽었다구요	1
죽었다니까	1
죽었다니까요	1
죽었다며	1
죽었다잖아	1
죽었디야	1
죽었소	1
죽었었죠	1
죽었으니까	1
죽었음	1
죽었잖아요	1
죽여달라고요	1
죽여버려요	1
죽여버리겠다	1
죽여버리겠다는	1
죽여버리겠죠	1
죽여버리고	1
죽여버리는	1
죽여버리려고	1
죽여버릴까	1
죽여버릴꺼야	1
죽여버릴껄	1
죽여버릴테다	1
죽여봐	1
죽여봤어요	1
죽여부따고	1
죽여부띠야	1
죽여야겠니	1
죽여야지	1
죽여요	1
죽여주지	1
죽여줄까	1
죽여줘	1
죽여줬어	1
죽였군	1
죽였기	1
죽였다구	1
죽였다니까	1
죽였다니까요	1
죽였다며	1
죽였더라도	1
죽였습니다	1
죽였었지	1
죽였으면	1
죽였을	1
죽였을까요	1
죽으라는	1
죽으란	1
죽으란다구	1
죽으려고만	1
죽으려는	1
죽으면요	1
죽을거야	1
죽을걸	1
죽을껄	1
죽을라고	1
죽을라구	1
죽을병	1
죽을뻔했어	1
죽을지도	1
죽이	1
죽이거나	1
죽이겠소	1
죽이고도	1
죽이기도	1
죽이나	1
죽이니까요	1
죽이던	1
죽이라는	1
죽이란	1
죽이랬어	1
죽이려는지	1
죽이마	1
죽이면서	1
죽이면요	1
죽이셨으니	1
죽인다며	1
죽일거	1
죽일래요	1
죽일지	1
죽일테다	1
죽입니다	1
죽입시다	1
죽자고	1
죽자는	1
죽자며	1
죽잖아	1
죽지마	1
죽질	1
죽창질	1
죽치고	1
준다는	1
준다니깐요	1
준다더니	1
준댔지	1
준데요	1
준비됐고	1
준비됐냐	1
준비됐는데	1
준비됐는지	1
준비됐다면	1
준비됐습니까	1
준비되겠나	1
준비되다	1
준비되면	1
준비되셨나요	1
준비되셨어요	1
준비되셨죠	1
준비되었을까	1
준비될	1
준비성	1
준비완료	1
준비요	1
준비하라	1
준비하셨나요	1
준비하지	1
준비한게	1
준비할까	1
준비해두나	1
준비해야지	1
준비해줘	1
준비했게	1
준비했는데	1
준비했다	1
준비했다고	1
준비했어	1
준비했을까	1
준수	1
준장님	1
줄거리	1
줄건데	1
줄건데요	1
줄걸	1
줄기	1
줄다	1
줄로	1
줄리안 딜린저	1
줄리언	1
줄리에타	1
줄리엣	1
줄어드는	1
줄어들고	1
줄었겠지	1
줄여서	1
줄여줄래	1
줄이고	1
줄이다	1
줄이려면	1
줄이세요	1
줄이셔야	1
줄이자면	1
줄인	1
줄창	1
줄행랑	1
줍고	1
줍니까	1
중간중간	1
중계	1
중계방송할까	1
중계하겠어	1
중고차	1
중국식당	1
중년	1
중단됐습니다	1
중단시켜	1
중단시켜요	1
중단하게	1
중단하고	1
중단할	1
중단할까요	1
중단합니까	1
중도	1
중독됐다	1
중독됐어요	1
중독되었어	1
중령님	1
중반	1
중병	1
중사	1
중산층	1
중상	1
중성	1
중신들	1
중심	1
중심적	1
중얼거려	1
중얼거리느냐	1
중요치	1
중요하겠습니까	1
중요하겠어	1
중요하세요	1
중요하지않아	1
중요한가	1
중요한걸	1
중요한데	1
중요할	1
중요할까	1
중요해서	1
중요헌	1
중이었습니다	1
중재인	1
중재해	1
중지라며	1
중지시켜요	1
중지하고	1
중퇴하려	1
중학교	1
중형	1
중화기	1
중화한다	1
줘볼래요	1
줘야겠는데	1
줘야겠어	1
줘야겠지	1
줘야돼	1
줘야잖아	1
줘야죠	1
줘야하나	1
줬겠니	1
줬는지	1
줬다니까	1
줬다면	1
줬대	1
줬소	1
줬어야지	1
줬었지	1
줬을	1
줬잖아	1
쥐난	1
쥐네	1
쥐들	1
쥐떼들	1
쥐똥	1
쥐라니	1
쥐뿔만한	1
쥐새끼같으니	1
쥐새끼들아	1
쥐약	1
쥐어	1
쥐어뜯다	1
쥐었다는	1
쥐었어	1
쥐여준	1
쥑인겨	1
쥔	1
쥔건	1
쥘	1
쥘 베른	1
쥴리오	1
즈음	1
즉각적으로	1
즉석	1
즐거우셨소	1
즐거움	1
즐거워	1
즐거웠고	1
즐거웠나	1
즐거웠어요	1
즐겁고	1
즐겁구만	1
즐겁다	1
즐겁든	1
즐겁자고	1
즐겨볼까	1
즐겼나	1
즐겼다	1
즐기게	1
즐기기	1
즐기다니	1
즐기도록	1
즐기라고	1
즐기라던	1
즐기렴	1
즐기세요	1
즐기시나요	1
즐기자	1
즐기자고	1
즐기질	1
즐길	1
즙	1
증가시켜왔다	1
증가하고	1
증가했어	1
증거품	1
증권사	1
증기압	1
증명하면	1
증명하면요	1
증명한다는	1
증명할까	1
증명해	1
증명해봐	1
증명해서	1
증명해야지	1
증발시킨다면서	1
증발했지	1
증세	1
증언할	1
증언해줄	1
증언해줘요	1
증오스러운가	1
증원	1
증인보호	1
증조할아버지	1
지각	1
지각비	1
지각하시라고	1
지각할	1
지각할거	1
지각해서	1
지각했다	1
지겠지요	1
지겨우니	1
지겨우시겠지만	1
지겨운	1
지겨운데	1
지겨워지니	1
지겹게	1
지겹군	1
지겹지	1
지겹진	1
지구상	1
지구엔	1
지그재그	1
지금요	1
지급하다	1
지급한다	1
지긋지긋하고	1
지긋지긋하죠	1
지긋지긋해	1
지기미	1
지껄였어	1
지껄였지	1
지껄이냐	1
지껄이는데	1
지껄이는지	1
지껄이는지는	1
지껄이면서	1
지껄인	1
지나가던	1
지나가도	1
지나가라고	1
지나가라고요	1
지나가면	1
지나가버릴거야	1
지나가야	1
지나가자	1
지나가자꾸나	1
지나가지	1
지나갈게	1
지나갑니다	1
지나갑시다	1
지나갔나	1
지나갔니	1
지나갔다고	1
지나갔습니다	1
지나다	1
지나도	1
지나서	1
지나오면서	1
지나잖아	1
지나치십니다	1
지나치지	1
지난번에	1
지난번엔	1
지났네	1
지났습니까	1
지났어	1
지났잖니	1
지났지	1
지내려나	1
지내셔	1
지내셨소	1
지내실	1
지내야	1
지내잖아	1
지낸다고	1
지낸대	1
지낼겁니까	1
지냅니까	1
지냈냐고	1
지냈느냐	1
지냈던	1
지네	1
지노	1
지는게	1
지는데	1
지능	1
지능적	1
지대	1
지대공	1
지대로	1
지도는	1
지도력	1
지도자님	1
지도해줄	1
지독하게	1
지독하고요	1
지독한	1
지든	1
지랄하고	1
지렁이	1
지렸어	1
지령	1
지뢰다	1
지루하겠죠	1
지루하군	1
지루하다	1
지루하든	1
지루하잖아	1
지루해요	1
지루해했어	1
지르게	1
지르냐	1
지르다	1
지르세요	1
지를래	1
지리는	1
지리와	1
지린	1
지명	1
지명하시겠습니까	1
지목해	1
지문인증	1
지배당한	1
지배되는	1
지배하는	1
지배할	1
지부	1
지불	1
지불하게	1
지불하죠	1
지불하지	1
지불한	1
지불한다는	1
지불했다고	1
지불했어	1
지붕말고	1
지브롤터	1
지사제	1
지상처리반	1
지속되겠죠	1
지속적	1
지속적으로	1
지속적인	1
지시등	1
지시사항	1
지시하고	1
지시할까	1
지시했나	1
지식재산권	1
지식체계	1
지어내라고요	1
지어내지	1
지어야지	1
지어준	1
지어줄게	1
지어줬다고요	1
지어줬어	1
지어지고	1
지어진	1
지었나요	1
지었다면	1
지연된	1
지오그래픽	1
지오토	1
지우고	1
지우다	1
지우죠	1
지워버려야	1
지워버렸어	1
지워버리고	1
지워볼까	1
지원군	1
지원대	1
지원바랍니다	1
지원자	1
지원하고	1
지원하는	1
지원하는데	1
지원하러	1
지원하셨죠	1
지원할	1
지원할까	1
지웠어	1
지웠어요	1
지은	1
지저분하지	1
지저분해지지	1
지저스	1
지적해	1
지적해야	1
지정됐지	1
지정받았죠	1
지정석	1
지정해준	1
지져요	1
지지리	1
지지하는가	1
지지하실	1
지지합니다	1
지지해주지	1
지진다	1
지쳐	1
지쳐보였어	1
지쳐서	1
지쳤고	1
지쳤는가	1
지쳤소	1
지치게	1
지치진	1
지칠	1
지켜내고	1
지켜내는	1
지켜달라	1
지켜만	1
지켜보면서	1
지켜보세요	1
지켜보시라니까	1
지켜보았는데	1
지켜본	1
지켜볼테니	1
지켜봅니다	1
지켜봅시다	1
지켜봐야겠구나	1
지켜봐줄래	1
지켜봤나요	1
지켜봤는데	1
지켜봤다	1
지켜봤어	1
지켜야겠지	1
지켜야죠	1
지켜야지	1
지켜왔단다	1
지켜져야	1
지켜주려	1
지켜주면	1
지켜주세요	1
지켜주시길	1
지켜주실	1
지켜준다고	1
지켜줄게	1
지켜줘서	1
지켜줘요	1
지켜질	1
지켰느냐	1
지켰니	1
지켰던	1
지키는데	1
지키라고	1
지키러	1
지키려는	1
지키마	1
지키세요	1
지키시지요	1
지키자는	1
지키죠	1
지킨	1
지킨다	1
지킬게요	1
지킬려고	1
지탱해야	1
지토	1
지폰	1
지표	1
지표면	1
지푸라기	1
지피고	1
지피면	1
지피스	1
지하굴	1
지하사무실	1
지하수	1
지혈	1
지혜로운	1
지휘부	1
지휘자님	1
지휘하고	1
지휘하나	1
지휘하는	1
지휘하시지도	1
지휘한다	1
지휘할	1
직거래	1
직권	1
직면했는지	1
직면했습니다	1
직무	1
직무유기	1
직물	1
직선적	1
직시하자고	1
직위	1
직장인	1
직접적	1
직진하세요	1
직책	1
직통	1
직함	1
직행	1
직행해요	1
직후	1
진검	1
진격시켰다	1
진격할	1
진격합시다	1
진군	1
진군하라	1
진나라	1
진다는	1
진단	1
진단말야	1
진단받아	1
진단받았다	1
진료	1
진료받는	1
진료비	1
진리	1
진면목	1
진보	1
진보된	1
진상	1
진술하기	1
진술하셨겠죠	1
진술한다는	1
진실된	1
진심이쇼	1
진압당해	1
진입로	1
진입하라	1
진입할	1
진입합니다	1
진입해야	1
진입했다	1
진자시계	1
진작에	1
진정됐나	1
진정됐어	1
진정으로	1
진정하거라	1
진정하게	1
진정하다	1
진정하라구	1
진정하셔	1
진정하시옵소서	1
진정하실까	1
진정하옵소서	1
진정하자	1
진정해야	1
진주	1
진지하고	1
진지하지	1
진지한	1
진지해져	1
진짜라니까	1
진짜배기요	1
진짜아	1
진짜요	1
진짜잘하더라	1
진짠가	1
진찰받는	1
진창	1
진척	1
진척시킬까	1
진통	1
진학	1
진한	1
진행되지	1
진행중	1
진행해야	1
진화	1
진화론	1
진화하고	1
진화해	1
진흙탕	1
진희	1
질거야	1
질까요	1
질러가	1
질러라	1
질려버렸어	1
질렸습니다	1
질렸어요	1
질로	1
질리	1
질리지도	1
질린	1
질문들	1
질문요	1
질문하다	1
질문하시겠어요	1
질문할	1
질문할까	1
질문해	1
질문했잖아	1
질문했지	1
질베르	1
질소	1
질식	1
질식시킬	1
질식해서	1
질의	1
질쟁이	1
질척거려	1
질척거리는	1
질투나는	1
질투날	1
질투심	1
질투하고	1
질투하나	1
질투하는지	1
질투하시긴	1
질투할	1
질투했습니까	1
질환	1
짐작해서	1
집고	1
집념	1
집다	1
집단적으로	1
집단주의	1
집배원	1
집어넣고	1
집어넣어야	1
집어넣어야지	1
집어넣었니	1
집어넣으려는	1
집어넣은	1
집어던지게	1
집어던진	1
집어봐	1
집어삼키는	1
집어올렸다	1
집어와	1
집어치고	1
집었거든	1
집으세요	1
집적대지	1
집중력	1
집중시키다	1
집중하라고	1
집중합니다	1
집중해볼까	1
집중해서	1
집중해야	1
집중해요	1
집착하고	1
집착한다	1
집착할	1
집청소	1
집필한	1
집합시키고	1
집합하라고	1
집합했냐	1
집행유예	1
집행유예라니	1
집행한다	1
집히는	1
짓거릴	1
짓궂은	1
짓누른다	1
짓눌러	1
짓눌려	1
짓눌렸어	1
짓는다는	1
짓던	1
짓든지	1
짓말고	1
짓물렀으니까	1
짓발아	1
짓밟겠다는	1
짓밟고	1
짓밟히고	1
짓엔	1
징	1
징그럽게	1
징그럽잖니	1
징글징글하다	1
징글징글해	1
징집되었습니다	1
징징	1
징징거리는	1
징징거리시지	1
징징대	1
징징대지마	1
징크스	1
징표	1
짖네	1
짖어대	1
짖지	1
짙은	1
짚는	1
짚신	1
짚어볼래	1
짚은	1
짚이는	1
짜게	1
짜나요	1
짜놨는데	1
짜다	1
짜도	1
짜리	1
짜릿하지	1
짜버린	1
짜부러졌어	1
짜부러진	1
짜실	1
짜안	1
짜야지	1
짜요	1
짜줬지	1
짜증나는	1
짝눈	1
짝사랑	1
짝지어주게	1
짠다	1
짤까요	1
짤린	1
짧든	1
짧았다	1
짧았던	1
짧았잖아	1
짧았지	1
짭짤하다며	1
짱개	1
짱박힐	1
짱짱한	1
째	1
째깍대던가요	1
째요	1
째지는	1
쨍쨍하네	1
쨍쨍한	1
쨍쨍한데	1
쩌	1
쩌렁쩌렁하네	1
쩌어	1
쩍	1
쩔로	1
쩔지	1
쩝	1
쩨쩨하게	1
쩨쩨하긴	1
쪄서	1
쪘어	1
쪼가리	1
쪼개기	1
쪼개며	1
쪼개서	1
쪼개지겠어	1
쪼개진다	1
쪼께	1
쪼꼬미	1
쪼끄만	1
쪼다가	1
쪼들리고	1
쪼매만	1
쪼아	1
쪼잔아	1
쪼잔하다고	1
쪼잔한	1
쪽배	1
쪽쪽	1
쪽팔려	1
쪽팔리게	1
쪽팔리는	1
쪽팔리니	1
쪽팔린다	1
쫄딱	1
쫄리냐	1
쫄아줘야	1
쫄았대	1
쫄쫄	1
쫄티	1
쫑긋	1
쫑내고	1
쫓겠다	1
쫓겨나게	1
쫓겨나겠지	1
쫓겨나고	1
쫓겨나기	1
쫓겨난다	1
쫓겨날텐데	1
쫓겨났겠어요	1
쫓겨났어	1
쫓겨났죠	1
쫓기나	1
쫓기는	1
쫓기다	1
쫓길까요	1
쫓아가야지	1
쫓아가요	1
쫓아갔다	1
쫓아내게요	1
쫓아내려고	1
쫓아내려고요	1
쫓아낸	1
쫓아다녔다는	1
쫓아다니게	1
쫓아다니곤	1
쫓아버려	1
쫓아오던가요	1
쫓아오지	1
쫓아와	1
쫓아와요	1
쫓아왔어	1
쫓으라고	1
쫓은	1
쫓을	1
쫴	1
쬐더니	1
쬐었군	1
쬭	1
쭈그려	1
쯤요	1
쯧	1
찌꺼기	1
찌끄러기들	1
찌다	1
찌르지	1
찌른	1
찌질	1
찌질해	1
찍게	1
찍게요	1
찍겠습니다	1
찍냐고	1
찍던	1
찍소리	1
찍어볼까	1
찍어야	1
찍어야지	1
찍어주다	1
찍어주세요	1
찍었니	1
찍었잖아	1
찍었죠	1
찍으라고	1
찍으라는	1
찍으라니까	1
찍으라며	1
찍으러	1
찍으려고	1
찍으려면	1
찍으면	1
찍으세요	1
찍으시려는	1
찍으시오	1
찍을께	1
찍혔잖아	1
찍힌	1
찍힐	1
찔끔거리고	1
찔러버릴	1
찔러보시지	1
찔러봐	1
찔러야	1
찔렀던	1
찔렀어도	1
찔려도	1
찔려서	1
찔려요	1
찔리고	1
찔리나	1
찔리는데	1
찔리셨나	1
찜질방	1
찜질할까요	1
찜통	1
찝쩍거렸지	1
찡그려서	1
찡그렸어	1
찡하다	1
찢겨졌어	1
찢는	1
찢어내버려	1
찢어발겨	1
찢어버렸다니	1
찢어버릴	1
찢어버릴라	1
찢어요	1
찢어졌어	1
찢어진	1
찢었다	1
찢었다며	1
찧지	1
차가워라	1
차가웠나	1
차갑게요	1
차갑네	1
차갑다	1
차갑든	1
차거든	1
차관	1
차기	1
차긴	1
차나가	1
차는구나	1
차는군	1
차다가	1
차다니	1
차단하겠습니다	1
차단해버렸어	1
차도	1
차든	1
차라	1
차랑	1
차량관리국	1
차량번호판	1
차량용	1
차려라	1
차려보면	1
차려야	1
차려입었어	1
차려입은	1
차려줬나	1
차렸겠죠	1
차렸지	1
차리던가	1
차리세요	1
차리시지	1
차리죠	1
차림요	1
차버려	1
차버리는	1
차번호	1
차베스	1
차별해도	1
차분해질	1
차비	1
차서	1
차악	1
차야	1
차엔	1
차였는지	1
차였어요	1
차였을걸요	1
차용하지	1
차이람	1
차이콥스키	1
차인	1
차인거네	1
차입니까	1
차있는데	1
차잖아	1
차지하다	1
차지하려	1
차지하려고	1
차지했어요	1
차지했을걸	1
차질	1
차체	1
차츰	1
차츰차츰	1
차키	1
착각하면	1
착각했다며	1
착란	1
착륙하느냐지	1
착륙하면	1
착륙하자마자	1
착륙했어요	1
착석	1
착수하자구	1
착수할까요	1
착용해주세요	1
착지지	1
착착	1
착취하라	1
착하기도	1
착하다	1
착하든	1
착하진	1
착한가요	1
착할	1
착해요	1
찬 사람은 위	1
찬데요	1
찬성표	1
찬성하나	1
찬성하나요	1
찬성하든	1
찬성해	1
찬성했어	1
찬양하라	1
찰	1
찰떡	1
찰스 린드버그	1
찰칵	1
참가할거	1
참가했나	1
참가했어	1
참겠네	1
참겠단말야	1
참겠어요	1
참견하는	1
참견할	1
참고만	1
참고할	1
참고해	1
참관	1
참깨	1
참나	1
참는	1
참다니	1
참말	1
참말로	1
참모님	1
참석	1
참석하겠어요	1
참석하다	1
참석하려고	1
참석할	1
참석해	1
참석해야	1
참수	1
참수했다는	1
참아볼래	1
참아요	1
참아준	1
참아줘야	1
참았어	1
참을까	1
참인간	1
참전하실	1
참전했군요	1
참죠	1
찼나	1
찼다는	1
찼다니	1
창구	1
창궐하다니	1
창끝	1
창녀같이	1
창녀라며	1
창녀촌	1
창년	1
창백	1
창백해	1
창백해졌다	1
창안자	1
창업자	1
창의적	1
창자	1
창작자	1
창작자님	1
창작할	1
창조	1
창조하였다	1
창조할	1
창조해	1
창창해	1
창피당해요	1
창피하죠	1
창피할	1
창피해라	1
창피해하고	1
창피해하는	1
창피해해	1
찾거나	1
찾겠네	1
찾겠다	1
찾겠다고	1
찾겠다는	1
찾겠더라	1
찾겠습니다	1
찾겠죠	1
찾겠지	1
찾기는	1
찾긴	1
찾냐고요	1
찾는다며	1
찾는단	1
찾는데	1
찾는지	1
찾니	1
찾다니	1
찾다니요	1
찾던	1
찾소	1
찾아갔어	1
찾아내기	1
찾아내서	1
찾아내실	1
찾아냈다	1
찾아냈다고	1
찾아냈지	1
찾아다녀요	1
찾아다니면서	1
찾아돌아다녔다니까	1
찾아보기	1
찾아보는	1
찾아보면	1
찾아보실	1
찾아볼	1
찾아볼까요	1
찾아볼래	1
찾아봐요	1
찾아봤나요	1
찾아봤을까	1
찾아뵐까요	1
찾아야겠군요	1
찾아야겠나	1
찾아야겠네	1
찾아야해요	1
찾아오는	1
찾아오라고	1
찾아오셨네	1
찾아오셨네요	1
찾아오셨다고	1
찾아오지는	1
찾아온다고	1
찾아왔겠어	1
찾아왔는가	1
찾아왔답니다	1
찾아왔도다	1
찾아왔소	1
찾아왔으면	1
찾아주마	1
찾아주실	1
찾아주지	1
찾아준	1
찾았냐	1
찾았냐고	1
찾았네	1
찾았는가	1
찾았는데	1
찾았는줄	1
찾았다더라	1
찾았다면	1
찾았다면서	1
찾았다잖아	1
찾았다죠	1
찾았단다	1
찾았대	1
찾았대요	1
찾았댔지	1
찾았어라	1
찾았으니	1
찾았을	1
찾았잖아	1
찾어	1
찾었냐	1
찾으라고요	1
찾으라구요	1
찾으라는데	1
찾으랬잖아	1
찾으려던	1
찾으려면	1
찾으렴	1
찾으리란	1
찾으셔요	1
찾으셨나요	1
찾으셨다고요	1
찾으셨어요	1
찾으셨죠	1
찾으시나	1
찾으시나요	1
찾으시려는지요	1
찾으신다죠	1
찾으실	1
찾을걸요	1
찾을게	1
찾을까	1
찾자	1
찾지도	1
채구	1
채굴꾼	1
채닝	1
채래야	1
채로네	1
채모	1
채봉아	1
채식	1
채식주의	1
채식하시면	1
채용된	1
채용하다	1
채용하셨어	1
채우고	1
채우라니	1
채운다	1
채울까	1
채울까요	1
채워놓을까	1
채워져	1
채워주려고	1
채웠다	1
채지	1
채집한	1
책망할	1
책임져야지	1
책임지도록	1
책임지면	1
책임지실	1
책임질래	1
책정해야	1
챌	1
챗지피티	1
챙겨가도	1
챙겨라	1
챙겨와	1
챙겨요	1
챙겨주실래요	1
챙겨주죠	1
챙겨줬는데	1
챙겼어요	1
챙기는	1
챙기도록	1
챙기되	1
챙기랬다고	1
챙기세요	1
챙기셨어요	1
챙기슈	1
챙기자고	1
챙기지	1
챙긴	1
챙길게	1
챵녀야	1
처	1
처남	1
처넣게요	1
처넣기	1
처넣도록	1
처넣을	1
처녀들	1
처단	1
처단하는	1
처단하자	1
처들었잖아	1
처리돼	1
처리반	1
처리하게	1
처리하겠어	1
처리하라고	1
처리하죠	1
처리한	1
처리할게요	1
처리할까요	1
처리해요	1
처리해주겠나	1
처리했습니다	1
처마셔	1
처맞는냐고	1
처맞은	1
처맞을	1
처먹고선	1
처먹었어	1
처박는다	1
처박혔었다지	1
처박힌	1
처발랐을까	1
처방하셨죠	1
처방한	1
처벌받는다	1
처벌하겠나	1
처벌하길	1
처벌할	1
처분하는	1
처신	1
처신하셔야	1
처음보는	1
처음부터요	1
처음엔	1
처음이든	1
처음치고는	1
처자	1
처자고	1
처제	1
처졌어	1
처참하게	1
처참해진다고	1
처참히	1
처치	1
처치해	1
처치해야	1
처치했나	1
처치했어	1
처하게	1
처할	1
처해야죠	1
처했다	1
처형감	1
처형당하게	1
처형당하겠구만	1
처형당해야	1
처형당했다는	1
처형되신	1
처형될	1
처형하게	1
처형하라	1
처형할까요	1
척수시상로	1
척지겠다는	1
척척	1
척하는지	1
척하다니	1
척하라는	1
척하시고	1
척하죠	1
척할	1
척해야	1
척해줘야지	1
천겁	1
천공	1
천금	1
천당	1
천둥소리	1
천둥칠때	1
천막	1
천문학	1
천박해	1
천부적	1
천사들	1
천식	1
천식약	1
천안역	1
천자	1
천재적	1
천주교인	1
천지차군	1
천천히요	1
천하고	1
천하다고	1
천하장사	1
천하태평	1
철갑탄	1
철강	1
철교	1
철군하라	1
철길	1
철두공	1
철렁하다	1
철로	1
철모	1
철물점	1
철부지다	1
철사	1
철선	1
철수	1
철수하면	1
철수하셨소	1
철수한	1
철수할까요	1
철썩	1
철썩이	1
철야	1
철주	1
철창들	1
철회됐다고	1
철회하겠나	1
철회했다	1
첨	1
첨가하는	1
첨부파일	1
첨탑	1
첩	1
첩년	1
첩자라뇨	1
첫면	1
첫벗째	1
첫사랑	1
첫인상	1
첫일	1
첫출근	1
청구	1
청구인	1
청구했지	1
청렴하고	1
청렴한지	1
청바지	1
청부업자	1
청산유수네	1
청산하다	1
청색	1
청소부들	1
청소하고	1
청소하는	1
청소하라구요	1
청소했나	1
청심환	1
청아	1
청장님	1
청첩장	1
청춘	1
청하지	1
청한답니다	1
청할	1
청해도	1
청해야	1
청했나	1
청했다	1
청혼했나요	1
청혼했는데	1
체격	1
체계	1
체념하고	1
체액	1
체인	1
체조	1
체증	1
체크	1
체크메이트	1
체크아웃하셔야겠습니다	1
체크인하시겠습니까	1
체크인하시는	1
체크한	1
체포당했지	1
체포되었습니다	1
체포장	1
체포하게	1
체포하겠다	1
체포하길	1
체포하는데	1
체포하랬어	1
체포하려고요	1
체포하려는	1
체포한	1
체포한다고	1
체포해요	1
체포했게	1
체포했다	1
체포했잖아	1
체험	1
첼랴빈스크	1
쳇	1
쳇바퀴	1
쳇쳇	1
쳐넣을까요	1
쳐다	1
쳐다보기	1
쳐다보기만	1
쳐다보나	1
쳐다보나요	1
쳐다보냐	1
쳐다보는지	1
쳐다보라고	1
쳐다보란	1
쳐다보세요	1
쳐다보시는	1
쳐다보았다	1
쳐다보지는	1
쳐다보지도	1
쳐다봐요	1
쳐다봤었지요	1
쳐닫아	1
쳐달라고	1
쳐들어	1
쳐들어와	1
쳐먹고	1
쳐박는	1
쳐버려	1
쳐보라니까요	1
쳐볼까요	1
쳐서	1
쳐야	1
쳐져	1
쳐주실	1
쳐줄	1
쳐줄걸	1
쳐줘라	1
쳤구나	1
쳤네	1
쳤니	1
쳤대	1
쳤소	1
쳤어요	1
쳤죠	1
쳤지	1
쳬계적	1
초과되었습니다	1
초능력자	1
초단파	1
초대받았어	1
초대받았어요	1
초대받은	1
초대받지	1
초대장	1
초대하다니	1
초대할	1
초대할까	1
초대할까요	1
초대해야	1
초대해줄래	1
초대했다	1
초대했다고요	1
초도	1
초등	1
초라하긴	1
초래할	1
초록	1
초록옷	1
초르니면	1
초면	1
초보자	1
초상권	1
초석	1
초소형	1
초승달	1
초심리학자	1
초원	1
초읽기	1
초코	1
초코바	1
초테	1
촉박하니까	1
촉진하여야	1
촌놈들	1
촌뜨기	1
촌수	1
촌스러운	1
촌스러워	1
촌스러워서	1
촌스럽잖니	1
촌스럽죠	1
촌장님	1
촘	1
촘촘하게	1
촘촘해야	1
총각	1
총각파티	1
총공세	1
총구멍	1
총동원	1
총동원하면	1
총병대	1
총부리	1
총쏘면	1
총있어	1
총장	1
총질한	1
총통각하께	1
총회	1
촬영장	1
촬영지	1
촬영하는	1
촬영하라고	1
촬영하러	1
촬영하면	1
촬영한	1
촬영한다면서요	1
촬영할	1
최고급	1
최고로	1
최고사령부	1
최고속도	1
최고형	1
최곤데	1
최곤데요	1
최근엔	1
최대로	1
최대출력	1
최루탄	1
최면	1
최소화하며	1
최장	1
최전방	1
최정예	1
최종적	1
최종적으로	1
최초로	1
최후거점	1
추가로	1
추겠어요	1
추격	1
추격해	1
추구시죠	1
추구했을까요	1
추근대지	1
추기경님들	1
추네	1
추는데	1
추다	1
추돌사고	1
추라구	1
추락	1
추락하는	1
추락했다고	1
추락했다고요	1
추락했습니다	1
추락했어	1
추락했어요	1
추락했을	1
추락했잖아요	1
추력기	1
추리게	1
추방당한	1
추방됐지	1
추방되면	1
추방시켜	1
추방해	1
추상적	1
추상적으로	1
추상화	1
추실까요	1
추앙되었어	1
추앙받던	1
추우든	1
추우세요	1
추운	1
추운걸요	1
추워졌다	1
추월하려는	1
추웠다더라	1
추웠어	1
추자	1
추자고	1
추잡하고	1
추잡한지	1
추잡해	1
추장	1
추적기	1
추적대	1
추적되지	1
추적앱	1
추적하고	1
추적하는	1
추적하라는	1
추적하면	1
추적한다	1
추적해	1
추지	1
추지만	1
추진엔진	1
추천	1
추천드리지	1
추천인	1
추천하셨다	1
추천할게	1
추천해	1
추천해줄래	1
추천했는지	1
추천했어요	1
추출하면	1
추출하세요	1
추측한다면	1
추켜세워	1
추태	1
추파	1
추파카브라	1
축구게임	1
축구복권	1
축구시합	1
축구하고	1
축구해요	1
축복하노라	1
축복해	1
축산	1
축성하는	1
축소하다	1
축여라	1
축음기라뇨	1
축의금	1
축이다	1
축제날	1
축제말야	1
축축하지	1
축축한	1
축하객	1
축하드려요	1
축하라니	1
축하연	1
축하하고	1
축하하러	1
축하하실	1
축하하지	1
축하해야	1
축하해야겠네	1
축하해야지	1
춘대요	1
춘향아	1
출격	1
출구나	1
출근하는	1
출근하세요	1
출근한	1
출근할	1
출근해서	1
출근해야	1
출금하다	1
출동시켜	1
출동요청	1
출동하세요	1
출동할지	1
출동해	1
출동해서	1
출력합니다	1
출발하게	1
출발하기	1
출발하기로	1
출발하셔야	1
출발하죠	1
출발한다고요	1
출발할	1
출발할까	1
출범할까요	1
출산예정일	1
출산했다면서	1
출산휴가	1
출생	1
출석자	1
출석한	1
출세	1
출소하다	1
출시되었을	1
출시된다지	1
출연	1
출연시켰을까	1
출연시키면	1
출연자	1
출연한	1
출연할	1
출연했소	1
출입구	1
출입금지	1
출입금지라니	1
출입문	1
출입증	1
출전시키려고	1
출전하게	1
출정하지	1
출제될	1
출중하다고	1
출출하지	1
출타하셨다고	1
출판	1
출하	1
출혈	1
춤꾼들	1
춤추던	1
춤추시겠어요	1
춤추자	1
춤출까	1
춤출까요	1
춤출래요	1
춤춰라	1
춤춰야	1
춤춰요	1
춥나	1
춥냐	1
춥다는데요	1
춥더구나	1
춥치	1
충격받으면	1
충격적이군	1
충고하나	1
충고해	1
충고해도	1
충고해줄	1
충돌사고	1
충돌하겠어요	1
충돌합니다	1
충동적으로	1
충분하겠군요	1
충분하네	1
충분하잖아	1
충분한가	1
충분한가요	1
충분할까	1
충분할까요	1
충분합니다	1
충분했더라면	1
충성하겠나	1
충성하지	1
충신들	1
충실하지	1
충실했어	1
충실히	1
충전됐죠	1
충전할	1
충족되면	1
충족시켜	1
충족시키다	1
충직해	1
충직해요	1
춰!	1
춰야지	1
춰요	1
춰줄까	1
췄는데	1
췄다	1
췄다고	1
취급하고	1
취급하는	1
취급하는데	1
취급하니까	1
취급해요	1
취급했잖아	1
취미생활	1
취소됐나보지	1
취소되었습니다	1
취소하게	1
취소하고	1
취소하는	1
취소하는게	1
취소하다	1
취소할래요	1
취소해야	1
취소해야죠	1
취소했다	1
취씨	1
취업하기	1
취조해	1
취직된	1
취직하는데	1
취직했어요	1
취하라	1
취하랬더니	1
취하려고	1
취하며	1
취하셨나	1
취하셨습니까	1
취하진	1
취한다는	1
취할	1
취합해	1
취해버리자	1
취해봤나	1
취해야겠어	1
취했나	1
취했네	1
취했는데	1
취했습니다	1
취했었다	1
취했죠	1
취했지만	1
츄리닝	1
츠구코들	1
측량	1
측정	1
측정하게	1
측정했나	1
치겠군	1
치겠어	1
치고서는	1
치냐	1
치는데	1
치니까요	1
치던	1
치러집니까	1
치렀네	1
치렀지만	1
치려고요	1
치료받아야	1
치료받아야죠	1
치료받으니	1
치료받으면	1
치료받을	1
치료법	1
치료제	1
치료하려고	1
치료한	1
치료해야	1
치뤄야지	1
치르게	1
치르고	1
치르기	1
치르는	1
치를거요	1
치매	1
치며	1
치부	1
치사하게	1
치사하다	1
치사하다고	1
치사해	1
치셨어요	1
치안	1
치안부	1
치약	1
치었다면요	1
치었어요	1
치여	1
치였다	1
치욕	1
치우	1
치우게	1
치우고야	1
치워달라니까	1
치워도	1
치워버릴까	1
치워줄까	1
치웠어	1
치웠어요	1
치유	1
치유되진	1
치인	1
치인다고	1
치즈향	1
치차	1
치카네	1
치카다	1
치켜	1
칙령	1
친구니	1
친구들아	1
친구하나	1
친군	1
친동생	1
친딸	1
친목	1
친부모	1
친부모님	1
친분	1
친숙하게	1
친숙한	1
친아빠	1
친오빠	1
친위대	1
친자매	1
친절하고	1
친절하네	1
친절하다	1
친절하다구	1
친절하면서도	1
친절하십니다	1
친절할	1
친절했다고	1
친절히	1
친찰로	1
친척들	1
친척집	1
친하시다고요	1
친한가요	1
친한데	1
친할아버지	1
친해	1
친해졌지	1
친했나	1
친했는데	1
친했다고	1
칠거지	1
칠까요	1
칠리	1
칠면조	1
칠백만	1
칠십	1
칠하고	1
칠하는데	1
칠할	1
칠해	1
칠해놓다니	1
칠했다	1
칠했어	1
침공	1
침공했다	1
침낭	1
침략자	1
침략할	1
침로	1
침몰시켜	1
침몰시켰습니까	1
침몰시킨다	1
침몰한다	1
침범했다고	1
침울함	1
침울해져	1
침임자	1
침임자다	1
침입자들	1
침입했다	1
침입했다가	1
침입했어요	1
침착하세요	1
침착했다	1
침투하여	1
침해하다	1
침해한	1
칩니다	1
칭송	1
칭찬할	1
칭찬했다	1
카나다	1
카나리아	1
카나시	1
카넬라	1
카노바	1
카놀리	1
카다잔	1
카더멈	1
카도레	1
카드게임	1
카드뮴	1
카디자	1
카렌	1
카르카로프	1
카를라	1
카를로스	1
카리나	1
카멘카	1
카무앙	1
카뮈	1
카밀라	1
카바	1
카바할	1
카발료	1
카비블리나	1
카빌리아	1
카살디	1
카셀러	1
카스트로프	1
카시트	1
카에타노	1
카운트되지	1
카울리	1
카이로	1
카이장군	1
카이텔	1
카인드	1
카인스	1
카일리	1
카일리 미노그	1
카자그란데	1
카잣둠	1
카챠	1
카츠히코	1
카카오맨요	1
카쿠	1
카타나	1
카타노	1
카텔리나가	1
카톨릭	1
카트엔	1
카페테라스	1
카페트	1
카페트도 망쳐	1
카포네	1
카푸어	1
카프로니	1
카프카	1
카피	1
칸	1
칸다하르	1
칸로지	1
칸지	1
칸타	1
칸타냐	1
칼끝	1
칼놀림	1
칼란다	1
칼로제	1
칼로제로	1
칼륨	1
칼리니코프	1
칼리스크	1
칼만	1
칼집	1
칼초네	1
캄보	1
캄보디아	1
캄브리아기	1
캄캄하구나	1
캄캄하다	1
캄캄한	1
캇라	1
캐고	1
캐내는	1
캐내서	1
캐니언	1
캐려고	1
캐묻지	1
캐비지패치	1
캐빈	1
캐스티	1
캐스팅요	1
캐시디	1
캐주얼	1
캐치	1
캔디	1
캘	1
캘러웨이	1
캠핑	1
캠핑카	1
캡슐	1
커리어	1
커밍아웃	1
커버해줄	1
커졌네	1
커지게는	1
커지나	1
커지는	1
커지죠	1
커진	1
커피숍	1
커피포트	1
컨시어지	1
컨트롤되지	1
컬트	1
컴컴한	1
컴튼	1
컵스	1
컸구나	1
컸나	1
컸나요	1
컸냐	1
컸는데	1
컸던	1
컸어	1
컸을까	1
컸잖아	1
컸죠	1
케다브라	1
케드릭 디고리	1
케밥	1
케어링	1
케이브	1
케이조	1
케이트 모스	1
케익	1
케인	1
케챱	1
켄트	1
켐벨	1
켐프	1
켐프카	1
켕기다	1
켜는지	1
켜도	1
켜둔	1
켜라고	1
켜야겠지요	1
켜졌다	1
켜죠	1
켜지자마자	1
켜질까	1
켤	1
켤까	1
켤께	1
켤레	1
켰나	1
코고는	1
코골았어	1
코골이	1
코나	1
코넬리	1
코놀리	1
코드명	1
코디	1
코딱지	1
코란	1
코랬어	1
코로나	1
코루냐엔	1
코르시카	1
코르티니	1
코를레오네	1
코마이누	1
코만도	1
코미디언	1
코믹콘	1
코브라	1
코뿔소	1
코뿔소문어	1
코사치	1
코스모	1
코스타리카행	1
코스트	1
코스프레	1
코알라	1
코어	1
코옵	1
코요테	1
코치들	1
코카콜라	1
코코아	1
코클리도	1
코털	1
코페르니쿠스	1
코펜호펜	1
코흘리개들	1
콕토	1
콘도그	1
콘차	1
콘치타	1
콘테스트	1
콘텐츠	1
콘플레이크	1
콜라다나	1
콜럼버스	1
콜렉션	1
콜로세움	1
콜로헤	1
콜롬보	1
콜롬비아	1
콜리브리	1
콜리야	1
콜린스	1
콜먼	1
콜벳	1
콜호즈	1
콤비나트	1
콤플렉스	1
콧구멍	1
콧대	1
콧등	1
콧베기	1
콩닥콩닥	1
콩밥	1
콩소메	1
콩알	1
콩팥	1
콰광	1
콰드리도	1
콱스	1
쾌락	1
쿠	1
쿠데타군	1
쿠랑	1
쿠로	1
쿠리코	1
쿠리코요	1
쿠헤이지	1
쿤츠	1
쿨해	1
쿰베타	1
쿱	1
쿵	1
쿵쾅거리면	1
쿵쿵대지	1
쿵푸팬더	1
퀀서트	1
퀄리파잉	1
퀘넬	1
퀭한	1
퀴디치	1
퀴시사나	1
퀴에테	1
퀸스	1
큐우에몽	1
크게요	1
크게한	1
크는	1
크다고	1
크다는	1
크다던데	1
크대	1
크든	1
크라운	1
크라이시스	1
크라일스하임	1
크라임스토퍼	1
크라쿠프	1
크래커	1
크레디트	1
크레스팽	1
크레이그	1
크레이브	1
크렌젠돌프	1
크로	1
크로마뇽인	1
크로스	1
크로우	1
크루거	1
크루시아투스	1
크루시오	1
크룩생크	1
크리비치	1
크리비치족	1
크리스마스이브	1
크리스마스트리	1
크리스찬	1
크리스천스	1
크리스티나	1
크리스티아네	1
크리스티안양	1
크리스티앙	1
크립튼	1
크시지	1
크악	1
크잖아	1
크죠	1
큰가	1
큰걸	1
큰데	1
큰데요	1
큰마님	1
큰물고기	1
큰소린데	1
큰일나는	1
큰일나셨네	1
큰일났군	1
큰일났다	1
큰일났어	1
큰코다치고	1
큰코다칠지	1
클	1
클라리스라	1
클라우드	1
클란카	1
클랜	1
클랭커	1
클러스터	1
클러치	1
클레멘티니	1
클렘	1
클로에	1
클리너	1
클리닉	1
클리어	1
클리어하세요	1
클릭	1
클린턴	1
클린트	1
큼지막하게	1
큼직하게	1
키다가	1
키다리다	1
키다마시나가	1
키랬어	1
키르케	1
키리스	1
키리코씨	1
키무라	1
키스니	1
키스하고	1
키스할래	1
키스할래요	1
키스해줄래	1
키스해줘	1
키시	1
키예프	1
키우기	1
키우나	1
키우는데	1
키우다니	1
키우라고	1
키우려면	1
키우면	1
키운다	1
키운다는	1
키울려고	1
키워도	1
키워드리겠다	1
키워보신	1
키워본	1
키워야	1
키워주고	1
키웠네	1
키웠다는	1
키웠어	1
키이라	1
키이스	1
키이우는	1
키쿠오구나	1
키쿠치요님	1
키트	1
키티	1
키프로스	1
킬	1
킬데어	1
킬로	1
킬트	1
킹	1
킹버그	1
킹스	1
킹스 크로스	1
킹칸데	1
킹콩	1
타거라	1
타겠소	1
타겠어	1
타격대	1
타격팀	1
타격할	1
타기	1
타기만	1
타낫	1
타는지	1
타니까	1
타다니	1
타던	1
타들어	1
타디우스	1
타라	1
타라고	1
타라니	1
타락해	1
타령할	1
타로	1
타버려라	1
타버렸네	1
타버렸다	1
타버렸으면	1
타볼까	1
타볼래	1
타봤지	1
타셨죠	1
타시게요	1
타시겠습니까	1
타오	1
타오르지	1
타오릅니다	1
타와나	1
타이라	1
타이룽	1
타이르면	1
타이프나	1
타이핑	1
타이핑할	1
타잔	1
타종하게	1
타죽었어	1
타케오	1
타코	1
타코빵	1
타킷	1
타테	1
타티아나	1
타파스	1
타한가	1
타향살이	1
타협하는	1
타협할	1
타호	1
타히티	1
탁구	1
탁운	1
탁월한	1
탄력받은	1
탄복할	1
탄산	1
탄생한	1
탄생했단	1
탄수화물	1
탄알	1
탄압	1
탄원서	1
탄지로군	1
탄핵	1
탄핵될까	1
탈락했고요	1
탈래	1
탈세	1
탈옥	1
탈옥한	1
탈옥했다	1
탈출시켜줘	1
탈출시킬	1
탈출요	1
탈출하기	1
탈출하기엔	1
탈출하려는	1
탈출하세요	1
탈출하여	1
탈출한	1
탈출한다	1
탈출해도	1
탈출했나	1
탈출했다고요	1
탈출했어요	1
탐구	1
탐나	1
탐나더냐	1
탐내	1
탐내지	1
탐냈었지	1
탐문	1
탐사봉	1
탐사선	1
탐사정	1
탐사하고	1
탐사할	1
탐색할	1
탐욕스러운	1
탐지기	1
탐지음	1
탐탐	1
탐험	1
탐험나온	1
탐험대	1
탐험하겠다구	1
탑승하라	1
탑승하세요	1
탑승할	1
탑승해야	1
탓하겠어	1
탓하겠어요	1
탓하지	1
탔네	1
탔는지	1
탔다고	1
탔다는	1
탔을지	1
탔잖아	1
탕	1
탕감하라는	1
태도람	1
태브	1
태블릿	1
태산	1
태세	1
태양계	1
태양신	1
태양열	1
태양전지판	1
태어나게	1
태어나기	1
태어나다	1
태어나면	1
태어나셨습니까	1
태어나셨어요	1
태어나지도	1
태어났기	1
태어났나	1
태어났나요	1
태어났니	1
태어났다는	1
태우게	1
태우겠다고	1
태우기	1
태우러	1
태우면요	1
태우시겠소	1
태우지	1
태운다는	1
태울까요	1
태워다주지	1
태워다줄래	1
태워버려야	1
태워버리고	1
태워버릴	1
태워버릴지라	1
태워야	1
태워야겠어	1
태워야지	1
태워주다니	1
태워주세요	1
태워주시오	1
태워주실래요	1
태워줄래요	1
태워줘	1
태워줘요	1
태워줬어요	1
태웠는데도	1
태웠다고	1
태웠다고요	1
태웠다는	1
태웠지	1
태을진인	1
택배	1
택시라니	1
택하지	1
택할까요	1
택할래요	1
택했는진	1
탤리	1
탬파	1
탭	1
탯줄	1
터득하다니	1
터뜨려줄	1
터뜨렸습니다	1
터뜨렸어	1
터뜨렸지	1
터뜨리고	1
터뜨리다	1
터뜨리라구요	1
터뜨리지	1
터뜨린단	1
터무니없군	1
터미널	1
터보	1
터빈	1
터졌다고	1
터졌다니까	1
터졌습니다	1
터졌으면	1
터졌을	1
터졌잖아	1
터지는걸	1
터진	1
터진다	1
터진대	1
터질까	1
터집니다	1
터키어	1
터투	1
터프한	1
턴	1
털거야	1
털다	1
털다니	1
털러간다더니	1
털려	1
털려고	1
털려고요	1
털모자	1
털실	1
털어	1
털어가려고	1
털어갔다고	1
털어놓기를	1
털어놓지	1
털어놔요	1
털어줄래요	1
털었잖아	1
털자고	1
텃밭	1
텅텅	1
테	1
테구시갈파	1
테네시	1
테니슨	1
테니아냐고	1
테데스코	1
테러리스트	1
테러리스트들	1
테러범	1
테러범들	1
테르미니	1
테면	1
테발디	1
테벳	1
테스토스테론	1
테스트하는	1
테시오	1
테오	1
테요	1
테워줄까요	1
테유	1
테이프들	1
테잎	1
테즈라	1
테지	1
테크닉	1
텔레토비	1
톈진	1
토깽아	1
토껴	1
토꼈어요	1
토노브	1
토라	1
토론토	1
토론할	1
토룩	1
토르메키아군	1
토마시	1
토막	1
토막토막	1
토모카즈	1
토미오카	1
토미오카님	1
토박이	1
토사물	1
토스터	1
토양	1
토우와리	1
토크쇼	1
토키토	1
토탈루스	1
토하게	1
토하던가	1
토하려나봐요	1
토해	1
토해야	1
토했다	1
토했어	1
톡톡히	1
톨	1
톨렙슨	1
톨맨	1
톨스토이	1
톰네	1
톰보	1
톰시노	1
톰한텐	1
톱	1
통계표	1
통계학과	1
통곡	1
통과될	1
통과시켜	1
통과시켜선	1
통과시키면	1
통과하다	1
통과하실	1
통과할지	1
통과합니다	1
통과해서	1
통과했다는	1
통금	1
통상적	1
통속	1
통솔권	1
통솔자	1
통스	1
통신하는	1
통역	1
통역사	1
통역해	1
통일되니까	1
통일할	1
통제광	1
통제권	1
통제선	1
통제하	1
통제하는	1
통제하랬지	1
통제하시지	1
통제할	1
통제했겠지	1
통조림따개	1
통채로	1
통촉하소서	1
통치되고	1
통치하오	1
통쾌하겠는가	1
통탄할	1
통통한	1
통틀어서	1
통판	1
통풍구	1
통하거든	1
통하네	1
통하는	1
통하여	1
통하죠	1
통한다는	1
통할까	1
통할까요	1
통해서요	1
통했을까	1
통했죠	1
통행증	1
통화되세요	1
통화중	1
통화하게	1
통화하기	1
통화하긴	1
통화하는	1
통화하며	1
통화하셨나요	1
통화하셨죠	1
통화한다고	1
통화해	1
통화해도	1
통화해야겠니	1
통화했나	1
통화했다고요	1
통화했었죠	1
퇴각시켜	1
퇴각하려나	1
퇴각해서	1
퇴근하려고요	1
퇴근하세요	1
퇴근하지	1
퇴근한다고	1
퇴근할테니	1
퇴근해요	1
퇴근했어	1
퇴근했어요	1
퇴근했지	1
퇴마	1
퇴물	1
퇴원하라고	1
퇴직금	1
퇴치하라며	1
퇴치해	1
퇴학당한	1
퇴학당했어	1
투기	1
투덜대지마	1
투라노	1
투레트증후군	1
투메오	1
투명하다	1
투박해	1
투상	1
투석기	1
투성	1
투성이	1
투신	1
투옥된	1
투입됐을	1
투입된	1
투입하지	1
투자자	1
투자했죠	1
투자했지	1
투정부리는	1
투타리	1
투탕카멘	1
투펠로	1
투표하자	1
투표했나요	1
투피르	1
투피스	1
투항	1
투항치	1
툭스판	1
툭툭	1
툭하면	1
툴쿤족	1
퉁실한	1
퉤	1
튀겠지	1
튀겨	1
튀기겠냐	1
튀기지	1
튀기지도	1
튀긴	1
튀는데	1
튀다니	1
튀려고	1
튀르크인들	1
튀어나오신다	1
튀어나왔는가	1
튀어라	1
튀어버려	1
튀어야	1
튀었다고	1
튀었을걸	1
튀었잖아	1
튀었죠	1
튀자	1
튀자고	1
튀잖아	1
튄	1
튕겨나갑니다	1
튕겨나갔습니다	1
튕겨나갔어요	1
튕기는	1
튜바	1
튜크	1
트게	1
트는	1
트다	1
트라이앵글	1
트랙터	1
트랜스퍼	1
트램펄린	1
트램프	1
트러스트	1
트러플러	1
트럭기사	1
트럭들	1
트레이너	1
트렌볼론	1
트렌트	1
트로스탸네츠	1
트로이다	1
트로페아	1
트롤선	1
트루디	1
트루먼	1
트름본	1
트리	1
트림벨	1
트시오	1
트윈폴리오	1
트윙키	1
트을림	1
특권	1
특권층	1
특근할	1
특별실	1
특별요리	1
특별판	1
특별하고	1
특별하시다	1
특별하죠	1
특별했어	1
특사	1
특수경찰	1
특수부대	1
특수자석	1
특수자석요	1
특이	1
특이사항	1
특이점	1
특정	1
특징	1
특징적	1
튼튼하게	1
튼튼하든	1
튼튼해	1
튼튼해지려고	1
튼튼했거든	1
틀	1
틀겠다는	1
틀까	1
틀까요	1
틀다	1
틀라고	1
틀렸거나	1
틀렸나	1
틀렸다면	1
틀렸대	1
틀렸었나요	1
틀렸을	1
틀리는	1
틀리다	1
틀리든	1
틀리잖아	1
틀리지	1
틀림없나	1
틀림없는	1
틀림없다	1
틀어놨나	1
틀어달라고	1
틀어도	1
틀어박혀	1
틀어볼까	1
틀어져	1
틀어주마	1
틀어줘	1
틀어줬죠	1
틀어지다	1
틀어지면	1
틀었다고	1
틀지	1
틈새	1
틈틈이	1
티끌	1
티뇨	1
티니	1
티레시아스	1
티레야	1
티모시	1
티모페예브나	1
티모페예브나라니	1
티베리아스경	1
티베리우스	1
티베트	1
티보면	1
티슈	1
티타	1
티탄	1
티토	1
티파니	1
파검	1
파격	1
파견됐지	1
파견한	1
파괴되길	1
파괴되오	1
파괴되지	1
파괴자	1
파괴주의자들	1
파괴하기	1
파괴하자는	1
파괴한	1
파괴한다	1
파괴할거	1
파괴해요	1
파괴했나	1
파괴했어	1
파기하다	1
파노지	1
파는지	1
파니	1
파다	1
파던	1
파드레	1
파딜	1
파라	1
파라라라락	1
파랗고	1
파랗냐	1
파로우크	1
파르하니트레이트	1
파리네	1
파면	1
파면하셨다고요	1
파멸될	1
파묻겠다는	1
파묻는	1
파묻힐	1
파벌들	1
파벨	1
파보는	1
파보시지	1
파상풍	1
파셨지	1
파스칼	1
파스퇴르나	1
파실	1
파악하지	1
파악했나	1
파악했어	1
파악했어요	1
파운드	1
파워트론	1
파이들	1
파이어볼트	1
파이어폭스	1
파이크	1
파이터	1
파인지가	1
파인트	1
파일들	1
파자마	1
파주	1
파지	1
파치	1
파코요	1
파크	1
파킨슨	1
파탄	1
파탄났어	1
파테르나	1
파트너즈	1
파트타임	1
파티에선	1
파티엔	1
파티하고	1
파티해요	1
파피	1
파헤쳐	1
파헤치고	1
팍	1
팍삭	1
팍스	1
팍시티비	1
팍팍	1
판같이	1
판국	1
판니	1
판다뇨	1
판다는	1
판단하고	1
판단하는	1
판단하라는	1
판단하시길	1
판대	1
판댔잖아	1
판매소	1
판매원	1
판매한	1
판사님	1
판스프링	1
판초	1
판코브	1
판타지	1
팔겠냐	1
팔겠수	1
팔긴	1
팔꿈치	1
팔다가	1
팔다리	1
팔라스	1
팔란티르	1
팔려고	1
팔려나	1
팔렸다	1
팔렸다고	1
팔렸어	1
팔로알토	1
팔로우하세요	1
팔리는	1
팔릴거야	1
팔목	1
팔아넘길걸	1
팔아대는	1
팔아먹어	1
팔아먹은	1
팔아먹을	1
팔아줘	1
팔아줬는데	1
팔았나	1
팔았다고	1
팔았었거든	1
팔았었지	1
팔았을까요	1
팔았지만	1
팔죠	1
팔지도	1
팔진	1
팔짱	1
팔차치오	1
팔켄하임	1
팜	1
팝니다	1
팝콘	1
팟캐스트	1
팠어	1
팡고른	1
팥빙수	1
패거리라뇨	1
패는	1
패니	1
패닉	1
패덕	1
패러독스	1
패려는	1
패밀리들	1
패배	1
패배자	1
패배자들	1
패배할	1
패배했어	1
패버리라고	1
패소	1
패스트푸드	1
패스하라고	1
패전하고	1
패주시게	1
패줄	1
패치	1
패플	1
패혈증	1
팩션	1
팩트	1
팬앰	1
팬팔	1
팼다고	1
팼지	1
팽개쳐	1
팽개치고	1
팽이	1
퍼낸다	1
퍼넬	1
퍼니셔	1
퍼뜨려	1
퍼뜨려라	1
퍼뜨리고	1
퍼레이드	1
퍼먼	1
퍼붓게	1
퍼붓죠	1
퍼붓지요	1
퍼시	1
퍼져나갔다	1
퍼져야	1
퍼졌습니다	1
퍼졌어	1
퍼즐	1
퍼지	1
퍼지는	1
퍼질겁니다	1
퍼플	1
퍼피	1
퍼피디아	1
퍼핀	1
퍼핀스	1
퍽이나	1
펀	1
펄럭	1
펌프로	1
펑거스	1
펑지	1
펑지에	1
펑크난	1
펑크새끼	1
펑펑	1
페넬로페	1
페레그린	1
페레코드	1
페레코디	1
페루초	1
페르난데스	1
페르디난도	1
페르초	1
페리	1
페리오니	1
페리이로	1
페리쿨럼	1
페리쿨룸	1
페뿌지오	1
페이로드	1
페이스요	1
페이크린	1
페이튼 플레이스	1
페인트칠	1
페인트칠하기로	1
페인트칠할	1
페터 크란츠	1
페투니아	1
페트라	1
페트로	1
페트리피쿠스	1
페티시	1
페퍼로니	1
펜드래곤	1
펜스	1
펜시오니	1
펜타닐	1
펜팔	1
펠박사	1
펠박사님	1
펠트키르크	1
펴지면	1
편달	1
편리하긴	1
편부터	1
편안하든	1
편안합니까	1
편안해	1
편안해서	1
편안해요	1
편안해지더군	1
편안했다	1
편을 외	1
편을 읽	1
편지들	1
편지지	1
편지해	1
편차	1
편찮아요	1
편하겠어	1
편하겠죠	1
편하고	1
편하네	1
편하다	1
편하신	1
편하신가요	1
편하죠	1
편하지	1
편해서	1
편해졌지	1
편해질	1
편했어	1
펼	1
펼쳐라	1
펼쳐져	1
펼치다	1
펼치다가	1
펼치면	1
폈구요	1
폈네	1
평	1
평가된다	1
평가할	1
평균	1
평균치	1
평등하게	1
평등하다	1
평등해	1
평민	1
평범	1
평범하든	1
평범해	1
평상시	1
평상시대로	1
평생동안	1
평소같지	1
평안	1
평안하도록	1
평온한	1
평온할	1
평의회	1
평일	1
평점표	1
평평해요	1
평화로운	1
평화로운지	1
평화롭겐	1
평화롭습니다	1
폐기되는	1
폐기될	1
폐디난드	1
폐렴	1
폐쇄됐어	1
폐쇄하라	1
폐쇄한다	1
폐쇄해버리겠다고	1
폐암	1
폐업식	1
폐업했나요	1
폐해	1
포격해	1
포기하건	1
포기하겠습니다	1
포기하다니	1
포기하라고요	1
포기하려	1
포기하셨다는	1
포기할거야	1
포기할래	1
포기합니다	1
포기해선	1
포기해야죠	1
포기했나	1
포기했습니다	1
포기했어	1
포기했으니까	1
포뇨다	1
포니테일	1
포도당	1
포도따기	1
포동포동하군	1
포르쉐	1
포르코다	1
포르타	1
포르타 테르미니	1
포름알데히드	1
포사이드	1
포상	1
포식	1
포신	1
포옹하자고	1
포옹해도	1
포옹했어	1
포위당했소	1
포위됐다	1
포위망	1
포위전	1
포위해	1
포위해라	1
포위했습니다	1
포유동물들	1
포유류재단	1
포자	1
포장되어	1
포장지	1
포장하는	1
포장해드릴까요	1
포졸장	1
포착	1
포착했습니다	1
포춘쿠키	1
포켓	1
포크네	1
포탈	1
포털	1
포트란	1
포트로스키	1
포트와인	1
포트키로	1
포트키야	1
포트폴리오	1
포티스	1
포함	1
포함된	1
포함하는	1
포함해	1
포함해서죠	1
포화	1
포획하기	1
포획하지	1
폭군	1
폭등했다지	1
폭력성	1
폭력적이고	1
폭로	1
폭로되기를	1
폭로하기	1
폭로하라	1
폭로할거란	1
폭로했습니다	1
폭발하니	1
폭발한	1
폭발해	1
폭발해서	1
폭발해요	1
폭발했다	1
폭발했소	1
폭발했습니다	1
폭삭	1
폭시	1
폭우	1
폭탄값	1
폭파되고	1
폭파시켰지	1
폭파시키지	1
폭파조	1
폭파할	1
폭파해	1
폭파했네	1
폭파했는지	1
폭포엔	1
폭행범	1
폰요	1
폰테인	1
폰헬도르프	1
폴고레잖아	1
폴더	1
폴란드	1
폴섬	1
폴슨	1
폼페우	1
퐁듀	1
퐁드보	1
표결	1
표기하지	1
표명	1
표백했어	1
표범	1
표본	1
표시된	1
표시등	1
표시하고	1
표절한	1
표준영어	1
표지	1
표지판	1
표하고	1
표한다	1
표할거	1
표합니다	1
표했다	1
표현하기	1
표현하는	1
표현하는데	1
표현하면	1
표현할때	1
표현해	1
푸다	1
푸딩	1
푸슈킨	1
푸아드	1
푸이	1
푸짐하게	1
푹신해	1
푼돈	1
풀러	1
풀려나서	1
풀려나지	1
풀려날	1
풀려났는데	1
풀려났다	1
풀려도	1
풀렸네	1
풀렸을	1
풀렸잖아	1
풀렸죠	1
풀렸지	1
풀리고	1
풀리는	1
풀리는데요	1
풀리셨나요	1
풀린다며	1
풀면서	1
풀무	1
풀어보실까	1
풀어봐도	1
풀어져	1
풀어졌어	1
풀어주겠다고	1
풀어주라고	1
풀어주셨었죠	1
풀어주었나	1
풀어주자	1
풀어준	1
풀어준다고	1
풀어줄래	1
풀어줘라	1
풀어줬고	1
풀어줬단	1
풀어헤치고	1
풀었겠죠	1
풀었나	1
풀었느냐	1
풀었다며	1
풀었죠	1
풀장	1
품격	1
품귀	1
품다니	1
품안	1
품종	1
풋고추	1
풋볼	1
풍겼어	1
풍기는	1
풍기는데	1
풍년	1
풍랑	1
풍문	1
풍미	1
풍부한	1
풍선껌	1
풍성하다	1
퓌러	1
퓨리어스	1
퓨리오사	1
프라우드풋들	1
프라우드핏	1
프란체스코 페트라르카	1
프란츠 뮐러	1
프랑소와	1
프랑수아	1
프랑스답게	1
프랑스엔	1
프랑켄슈타인	1
프랑크	1
프래즐	1
프랭크 롱바텀	1
프랭클린	1
프랭클린 브리지행	1
프랭키 밸리	1
프러포즈했어	1
프런트	1
프럼	1
프레다	1
프레첼	1
프렌더개스트	1
프렌즈	1
프로레슬러	1
프로브	1
프로세서	1
프로테고	1
프로팀엔	1
프로필	1
프론트	1
프론티어	1
프륀	1
프리라줄라이제이션	1
프리실라	1
프리퀄	1
프리터	1
플라스크	1
플라테로	1
플랑드르	1
플랜지	1
플랩	1
플럭스	1
플레밍	1
플레이	1
플레인	1
플로	1
플로라	1
플로스턴	1
플로어	1
플로터	1
플로피	1
플뢰르	1
플립플랍	1
피값	1
피격	1
피고인들	1
피곤	1
피곤하겠지	1
피곤하네	1
피곤하니	1
피곤하세요	1
피곤하셔	1
피곤하셨죠	1
피곤하여	1
피곤하지도	1
피곤한가	1
피곤해보이는구나	1
피곤해할까	1
피구나	1
피그미족	1
피나는	1
피난	1
피난시키는	1
피난처	1
피냐	1
피네	1
피는게	1
피다	1
피둥피둥	1
피드백	1
피떡	1
피라구	1
피라냐	1
피라뇨	1
피란다	1
피로연	1
피리페로	1
피멍	1
피바다	1
피바다가	1
피범벅	1
피보단	1
피복	1
피부관리사	1
피부색	1
피쉬	1
피스켄	1
피스크	1
피식	1
피신시켜	1
피신처	1
피아노맨	1
피아니스트	1
피어	1
피어몽거	1
피어스 모건	1
피에몬테	1
피에트로	1
피에트로는요	1
피엔차	1
피여	1
피요	1
피우나요	1
피우니	1
피우러	1
피우시나요	1
피우십니까	1
피우자구요	1
피우잖아	1
피운다	1
피운다고	1
피울까	1
피워볼까	1
피워봐도	1
피워서	1
피유지요	1
피임약	1
피자값	1
피잖아	1
피조물	1
피지	1
피차일반	1
피츠버그	1
피카	1
피카야	1
피크	1
피터슨	1
피토	1
피하기	1
피하나	1
피하는	1
피하다	1
피하던	1
피하도록	1
피하려	1
피하려고요	1
피하면서	1
피하시오	1
피할까	1
피해도	1
피해망상증	1
피해서	1
피해액	1
피했겠지만	1
피했나	1
피했냐	1
피했네	1
피했다고	1
픽스	1
핀다면	1
핀바	1
필	1
필기도구	1
필드	1
필딩	1
필라델피아	1
필리라	1
필리핀	1
필린셴	1
필립스	1
필법	1
필수	1
필수품	1
필연적	1
필요까진	1
필요없겠죠	1
필요없다	1
필요없소	1
필요없을거라니까요	1
필요없죠	1
필요치	1
필요하거든요	1
필요하겠군	1
필요하겠어	1
필요하겠어요	1
필요하겠죠	1
필요하긴	1
필요하까요	1
필요하냐	1
필요하네	1
필요하니	1
필요하다구요	1
필요하다며	1
필요하다면서	1
필요하단	1
필요하든	1
필요하쇼	1
필요하시겠죠	1
필요하시면	1
필요하신가	1
필요하잖아	1
필요한건	1
필요한게	1
필요한데요	1
필요해서	1
필요했기	1
필요했는데	1
필요했댔지	1
필요했어요	1
필요했을	1
필요했을까	1
필적한다고	1
필적할	1
필체	1
필치	1
필치씨	1
핏물	1
핏바이퍼	1
핑	1
핑계까정	1
핑크색	1
하ㅏ하하	1
하객들	1
하거나	1
하거든요	1
하겐	1
하겠구나	1
하겠군	1
하겠는데	1
하겠는데요	1
하겠다	1
하겠다구	1
하겠다구요	1
하겠다는데	1
하겠대요	1
하겠죠	1
하고들	1
하고선	1
하고있어	1
하군요	1
하급생	1
하기만	1
하기에	1
하기위한	1
하나라며	1
하나미치	1
하나씩만	1
하나이	1
하난	1
하냐고요	1
하네다	1
하누카	1
하느냐	1
하느니라	1
하느라고	1
하는게야	1
하는게지	1
하는군	1
하는군요	1
하니까요	1
하다구	1
하더라고	1
하더라구요	1
하더라크	1
하던가	1
하던게	1
하던지	1
하드트러스트	1
하든가	1
하라구요	1
하라니깐	1
하라면	1
하라면서요	1
하랄드	1
하랬다고	1
하랬잖아요	1
하러요	1
하려구요	1
하려는데	1
하루되세요	1
하루빨리	1
하루아침	1
하루이틀	1
하루하루	1
하룻강아지	1
하르마니	1
하리	1
하마다	1
하마도	1
하면서도	1
하면은	1
하바수	1
하벨	1
하사관님	1
하선할	1
하셨고	1
하셨다고	1
하셨던	1
하셨어야	1
하셨을걸요	1
하셨을까	1
하셨지	1
하수폘	1
하숙	1
하시거든	1
하시게	1
하시겠어	1
하시고요	1
하시구	1
하시길	1
하시니까요	1
하시던가요	1
하시던데요	1
하시라들	1
하시라라니	1
하시라야	1
하시라였지만	1
하시려고	1
하시려고요	1
하시려는	1
하시면서	1
하신가	1
하신단다	1
하신대	1
하실겁니까	1
하실까요	1
하얀	1
하얗게	1
하얗고	1
하얘	1
하에	1
하여	1
하였느니라	1
하였다	1
하오리	1
하온데	1
하와트	1
하울링	1
하워드	1
하위권	1
하이데	1
하이디	1
하이제사	1
하이파이브	1
하이픈	1
하인도	1
하일랜드	1
하자고요	1
하자구요	1
하자꾸나	1
하자더군요	1
하자하자	1
하잔	1
하잖나	1
하잖습니까	1
하재요	1
하지나	1
하지는	1
하지말아	1
하차	1
하찮군	1
하찮아	1
하코트	1
하쿠랑	1
하쿠잖아	1
하틀리	1
하품했어	1
하혈한	1
학과장	1
학구열	1
학대해서는	1
학력	1
학문	1
학부모	1
학생증	1
학술적	1
학습하랬지	1
학예회	1
학원	1
학원비	1
학자여	1
학장	1
학점	1
학회	1
한 게	1
한가	1
한가지만	1
한가한	1
한가해	1
한개	1
한거냐고	1
한걸음	1
한곡	1
한국사람	1
한기	1
한꺼번에요	1
한나	1
한냐와	1
한눈	1
한다면서	1
한다잖아요	1
한달음에	1
한담	1
한대냐	1
한대도요	1
한들	1
한마디로	1
한마디하세요	1
한마디해도	1
한발	1
한밤	1
한번도	1
한번씩	1
한사람	1
한술	1
한시간	1
한심하니까	1
한심하오	1
한심하지	1
한인	1
한일	1
한잔하겠나	1
한잔하고	1
한잔하면	1
한잔해	1
한장	1
한정	1
한정돼	1
한정판	1
한지로	1
한지로가	1
한짓	1
한턱낸다더니	1
한턱낸대요	1
한테는	1
한테만	1
한팀	1
한패고	1
할거다	1
할거라	1
할거지	1
할건지	1
할걸세	1
할걸요	1
할꺼니	1
할껄	1
할꼬	1
할당된	1
할디르	1
할딱	1
할렉	1
할려구	1
할로윈	1
할리파	1
할만한	1
할만해	1
할망굴	1
할매	1
할미	1
할배네	1
할아버지같아	1
할아버지만큼	1
할아비	1
할애비	1
할인한다	1
할인해	1
할퀴지마	1
할터이니	1
할테니	1
할텐가	1
핥고	1
핥아주려고	1
핥았니	1
함	1
함구하세요	1
함께가지	1
함께하겠나	1
함께하는	1
함께한다	1
함께합니다	1
함께해야지만	1
함께해요	1
함께해주셔서	1
함락	1
함락될	1
함락될거요	1
함성	1
함장	1
합격하다	1
합격했어	1
합당한	1
합류하셨고요	1
합류할래요	1
합류해서	1
합류했어	1
합리적	1
합법	1
합성체	1
합의한	1
합의한거	1
합쳐서	1
합쳐야	1
합쳐졌어	1
합쳐질	1
핫소스	1
핫토리	1
핫한	1
항가	1
항공기술	1
항모	1
항복하겠다	1
항복하는가	1
항복하라	1
항복하셨죠	1
항복할게	1
항복합니다	1
항복해	1
항복해야	1
항복했다	1
항복했대요	1
항복했어	1
항소하였다	1
항우울제	1
항의하겠네	1
항의했다	1
항주	1
항체	1
항해길드	1
항해사	1
항해자들	1
해가지고	1
해결되길	1
해결되었군	1
해결된다면	1
해결될	1
해결될거라고	1
해결하나요	1
해결하는	1
해결하다	1
해결하던가	1
해결하마	1
해결한다고	1
해결해왔느냐는	1
해결했다	1
해결했어	1
해결했어요	1
해결했으면	1
해고당하면	1
해고당했다	1
해고당했다는	1
해고당했죠	1
해고될	1
해고라구	1
해고하다	1
해고하면	1
해고하실	1
해고한다고	1
해고할	1
해고해	1
해내겠군요	1
해내면	1
해내야	1
해내야한다	1
해내자	1
해낼수	1
해냈겠소	1
해냈군요	1
해녀	1
해놓았겠지	1
해님	1
해달라는	1
해달래	1
해대고	1
해독약	1
해독했어	1
해동	1
해두자면	1
해두죠	1
해둘	1
해둘까	1
해둬	1
해드려	1
해드려서	1
해드리겠습니다	1
해드리죠	1
해드릴게요	1
해뜨기	1
해로운	1
해리네	1
해리엇	1
해리포터	1
해리하우젠	1
해마	1
해마다	1
해먹겠네	1
해먹고	1
해밀턴	1
해밀턴 피어스	1
해바라기	1
해방군	1
해방시켜주십시오	1
해방시키기	1
해방시키자	1
해버렸네	1
해변엔	1
해병	1
해보거라	1
해보겠습니까	1
해보기	1
해보라고요	1
해보려나	1
해보렴	1
해보세요	1
해보시지	1
해보실까	1
해보자구요	1
해보자니까요	1
해볼래요	1
해봐야	1
해봐야죠	1
해봤냐	1
해봤다	1
해봤자	1
해봤잖아	1
해봤지	1
해부당하라고	1
해블록	1
해산하십시오	1
해산한다고	1
해상	1
해서든지	1
해석	1
해석되고	1
해석하기	1
해석하나요	1
해석하십니까	1
해석할	1
해석했나	1
해소하고	1
해시라가	1
해시태그	1
해안	1
해안가	1
해야겠군요	1
해야겠나	1
해야겠다	1
해야겠어요	1
해야겠지	1
해야돼	1
해야됐고	1
해야하는	1
해야한다고요	1
해야한다는	1
해야할지	1
해야해	1
해야해요	1
해양	1
해온건	1
해와	1
해왔는데	1
해왔다	1
해왔어	1
해왕여	1
해외여행	1
해이해지니까	1
해임하신	1
해장	1
해적들	1
해제될	1
해제할	1
해주	1
해주겠소	1
해주나요	1
해주는	1
해주니	1
해주다	1
해주라	1
해주래	1
해주려던	1
해주셔도	1
해주셔야	1
해주셨어	1
해주셨어요	1
해주시겠대	1
해주시오	1
해주시죠	1
해주실	1
해주실래요	1
해주십니까	1
해주었어	1
해주었어요	1
해주었지	1
해주죠	1
해준다네	1
해준다더니	1
해준다며	1
해준다면	1
해줄거에요	1
해줄게	1
해줘도	1
해줬겠지	1
해줬나요	1
해줬니	1
해줬다	1
해줬더니	1
해줬으면	1
해줬잖아요	1
해지다	1
해지면	1
해지셨어	1
해지했다	1
해체될	1
해치게	1
해치고	1
해치다니	1
해치려	1
해치려는	1
해치우자	1
해치울수있어	1
해치워버려	1
해치웠다	1
해치진	1
해친	1
해친다	1
해친다고	1
해커	1
해킹범	1
해킹할	1
해피앤딩	1
해피했겠지	1
해하게	1
해하지	1
핵	1
핵공격	1
핵보복	1
핵임	1
핵전쟁	1
핵탄두	1
핼러윈	1
햄버거나	1
햄샌드위치	1
햄프턴	1
햇파	1
햇파라면	1
했겠소	1
했구나	1
했냐는	1
했네요	1
했는	1
했는줄	1
했는지나	1
했다간	1
했다는거요	1
했다니	1
했다니까요	1
했다더라	1
했다며	1
했다면서	1
했다지	1
했더니	1
했어야죠	1
했었나요	1
했었냐고	1
했었는데	1
했었니	1
했었다구	1
했었다면	1
했었소	1
했었습니다	1
했었어요	1
했었잖아	1
했었잖아요	1
했으나	1
했을지	1
했을텐데	1
했읍니까	1
했잖습니까	1
했지요	1
행군하라	1
행군한다	1
행군해야지	1
행동력	1
행동하는	1
행동하면	1
행동하지	1
행동해야지	1
행방불명	1
행복요	1
행복하게요	1
행복하길	1
행복하다	1
행복하다는	1
행복하도록	1
행복하든	1
행복하러	1
행복하셨습니까	1
행복하셨어	1
행복하잖아요	1
행복한거	1
행복할까	1
행복해야	1
행복해졌어	1
행복해지고	1
행복해지면	1
행복해하네	1
행복해할까요	1
행복했겠네	1
행복했나요	1
행복했단다	1
행복했어	1
행복했었습니다	1
행사장	1
행상꾼	1
행새	1
행실	1
행운아	1
행정	1
행진곡	1
행진해야	1
행패	1
행하고	1
행할래	1
행해오셨나요	1
향기롭다	1
향낭	1
향수적	1
향신료	1
향유고래	1
향하게	1
향하나요	1
향하는	1
향한	1
향할	1
향해서	1
향했다는	1
허가됐습니까	1
허가받고	1
허가받았소	1
허공	1
허구	1
허구한	1
허그할까	1
허기져서	1
허는지	1
허덜	1
허둥지둥	1
허라고	1
허락된	1
허락받고	1
허락받았다고	1
허락받았어	1
허락없이	1
허락하실까요	1
허락하실지	1
허락한다고	1
허락한다면	1
허락해야만	1
허락해주시는	1
허락해준	1
허락했냐고	1
허락했는데	1
허름한	1
허릴	1
허먼	1
허물	1
허물어	1
허버드	1
허브향	1
허비한	1
허세인	1
허술하네	1
허스키 팀	1
허신	1
허십니까	1
허약해	1
허요	1
허용되나	1
허울뿐	1
허위	1
허위광고죄	1
허위신고	1
허전한	1
허점	1
허주	1
허주여	1
허지만	1
허추궈	1
허탕	1
허풍쟁	1
허황된	1
헌	1
헌것이든	1
헌금함	1
헌병	1
헌신하십시오	1
헌팅	1
헌혈하세요	1
헌혈해	1
헐값	1
헐거워졌어	1
헐겁잖아요	1
헐딸	1
헐크	1
험 인물	1
험멜	1
험악한	1
험프리	1
험하게	1
헛갈릴	1
헛거	1
헛겄어	1
헛되히	1
헛소리구먼	1
헛소리들	1
헛소리마	1
헛소리하나	1
헛소리하는	1
헛소리하면	1
헛소리한	1
헛수고	1
헛수고했나	1
헛짓거리에나	1
헝가리	1
헤드헌터	1
헤딩	1
헤르메스	1
헤맸다고	1
헤벨씨	1
헤센슈타인	1
헤아릴	1
헤어	1
헤어만	1
헤어스타일	1
헤어져	1
헤어져야겠지	1
헤어졌어요	1
헤어지는	1
헤어지다	1
헤어질	1
헤엄쳐	1
헤엄쳐서	1
헤엄치는	1
헤이그	1
헤이하치	1
헤치는	1
헤트비히 브란트	1
헤픈	1
헥까닥	1
헥터 해몬드 박사님	1
헨리라니	1
헨첼	1
헬스	1
헬스장	1
헴프	1
헷갈려선	1
헷갈려요	1
헷갈렸나	1
헷갈렸어	1
헷갈리는	1
헷빛	1
혀돌리기	1
혁명가	1
현규	1
현대	1
현대극	1
현대인	1
현대적으로	1
현명하게	1
현명하고	1
현명하군	1
현명하다고	1
현명한	1
현명할까요	1
현명했네	1
현모양처	1
현상수배범	1
현상하다	1
현세	1
현자들	1
현주소	1
현찰로	1
현혹되지	1
혈	1
혈귀술	1
혈색	1
혈압	1
혈액	1
혈중	1
혐오스러워	1
혐오자들	1
혐오증	1
혐오하지	1
혐의라니	1
혐의점	1
협력	1
협력하겠네	1
협력하려고	1
협박당했나	1
협박하던가	1
협박하지	1
협박할까	1
협박해도	1
협박했소	1
협상법	1
협상하든가	1
협상할거라	1
협의할	1
협조해	1
협탁	1
혔는가	1
형님들	1
형무소	1
형사답게	1
형상	1
형성되지	1
형성해	1
형식들	1
형제단	1
형제애	1
형주	1
형체	1
형편없는	1
형편없어요	1
형편엔	1
혜령이요	1
혜택	1
호강하고	1
호강하는군	1
호그우드	1
호남성	1
호네커	1
호두	1
호두나무	1
호랑	1
호러	1
호룸룸	1
호리	1
호모들	1
호밀리	1
호박파이	1
호송될	1
호스티스	1
호외요	1
호위병	1
호일	1
호전적	1
호출된	1
호출했죠	1
호칭	1
호텔방	1
호퍼	1
호헨리헨	1
호홀코프	1
호화로운	1
호화유람선	1
호환안되고	1
호흡기	1
혹하게	1
혼구멍	1
혼나지	1
혼난다고	1
혼난다니까	1
혼났어	1
혼내시오	1
혼내줄	1
혼다	1
혼동한	1
혼동할까	1
혼동해서는	1
혼란스러워	1
혼란스러워하는	1
혼란스러웠어	1
혼란스럽지	1
혼신	1
혼원주	1
혼인하는	1
혼인하라는	1
혼자니	1
혼자다	1
혼자되면	1
혼자라니	1
혼자만요	1
혼자면	1
혼자서도	1
혼자서만	1
혼자선	1
혼자세요	1
혼자였기	1
혼자였나요	1
혼자인가	1
혼자잖아	1
혼자잖아요	1
혼자힘	1
혼잡하네요	1
혼잣말해	1
혼조	1
혼쭐내	1
혼쭐내주게	1
혼쭐내줘요	1
혼천릉	1
혼합되지	1
혼합된	1
혼합물	1
홀	1
홀덤	1
홀딩스	1
홀딱	1
홀려	1
홀로웨이	1
홀리게	1
홀린	1
홈스쿨링	1
홈즈	1
홉스 형사	1
홉스형사	1
홍등가	1
홍산오	1
홍합	1
화끈해	1
화나고	1
화나면	1
화나서	1
화나셨나요	1
화나셨다고	1
화나셨어	1
화나셨어요	1
화났고	1
화났는가	1
화났다고	1
화났어요	1
화내고	1
화내든	1
화내지는	1
화낸	1
화낸다	1
화낸단	1
화냈지	1
화대	1
화랑	1
화려하죠	1
화려하지	1
화려한데	1
화리	1
화만루	1
화백	1
화분	1
화사한	1
화살촉	1
화석	1
화성상승선	1
화성암	1
화신	1
화약냄새	1
화염방사기	1
화장대	1
화장되고	1
화장시키려고	1
화장하는	1
화장해야	1
화장했어	1
화폐	1
화풀이	1
화풀이하지	1
화풀이할래	1
화학물질	1
화합물	1
화합하는	1
화해	1
화해하지	1
화해할까요	1
화형대로	1
확고하다는데	1
확고한	1
확고한데	1
확대돼요	1
확대되지	1
확대해줄래	1
확보되지	1
확보한	1
확보했다	1
확보했어	1
확신하나	1
확신하세요	1
확신하십니까	1
확신한	1
확신한단다	1
확신했어	1
확신했어요	1
확신했을까	1
확신했지	1
확실성	1
확실하냐고	1
확실하네	1
확실하니	1
확실하다	1
확실하다고	1
확실하대	1
확실하십니까	1
확실하오	1
확실하지가	1
확실한건	1
확실함	1
확실합니까	1
확실히요	1
확인됐나	1
확인되나	1
확인된	1
확인바랍니다	1
확인받고	1
확인용	1
확인하는	1
확인하시기	1
확인하죠	1
확인한	1
확인할까	1
확인해도	1
확인해라	1
확인해보지그래	1
확인해볼	1
확인해봐	1
확인해봤어	1
확인해주마	1
확인했나요	1
확인했다	1
확인했다고요	1
확인했잖아	1
확인했지	1
확장하다	1
확정	1
확확	1
환각	1
환각제	1
환경장치	1
환대	1
환대받고	1
환불해도	1
환상적이더라	1
환상적이죠	1
환생	1
환영하오	1
환영하지	1
환영한다고	1
환영해야	1
환영해준다곤	1
환원기	1
환자취급	1
환장	1
환장하겠군	1
환장한	1
환장할	1
환장해	1
환장했거나	1
환전하다	1
환청	1
환타지아야	1
환호	1
환호하는	1
환호했는지	1
활동구역	1
활동금지	1
활동했던	1
활동했죠	1
활력	1
활보하며	1
활보하자고	1
활성화	1
활성화시켜요	1
활성화하겠습니다	1
활실해	1
활용	1
활용하는	1
활용하세요	1
활용해야	1
활짝	1
활활	1
황개	1
황공하옵니다	1
황군	1
황금	1
황금귀	1
황금백합기	1
황금알	1
황급히	1
황당하겠구만	1
황당할	1
황무지	1
황실	1
황지명	1
황천	1
황토색	1
황홀하게	1
황홀해	1
회	1
회개한	1
회개합니까	1
회개해	1
회계사	1
회귀하는	1
회까닥하는	1
회까닥했냐	1
회복되고	1
회복하겠다고	1
회복하라니	1
회복할	1
회복해	1
회부하실	1
회비	1
회상씬	1
회상해	1
회수	1
회수하고	1
회수하는	1
회수한다	1
회식	1
회심	1
회오리다	1
회오리바람	1
회원가입	1
회의론자	1
회의실	1
회장실	1
회전목마	1
회피하는	1
회피하다	1
회피할	1
획득했습니다	1
횡대로	1
효용	1
효자들	1
효자손	1
후끈하지	1
후니	1
후들	1
후레자식들	1
후레자식아	1
후련하게	1
후련하냐	1
후련하세요	1
후미	1
후배	1
후보들	1
후부	1
후식	1
후아레즈	1
후예	1
후예들	1
후원자들	1
후원하고	1
후임	1
후줄근한	1
후지모토	1
후지카와	1
후지코마	1
후쿠시마 케이코씨	1
후키	1
후키야	1
후타바지	1
후퇴시켜라	1
후퇴시켰다고	1
후퇴하게	1
후퇴하고	1
후퇴하라	1
후퇴하라고	1
후퇴한다	1
후퇴할	1
후퇴할거야	1
후폭풍	1
후하게	1
후한	1
후회되기	1
후회하고	1
후회한다	1
후회할걸	1
후회할지도	1
후회해	1
후회해요	1
후후	1
훅	1
훈련되지	1
훈련받았나	1
훈련받았어	1
훈련받은	1
훈련시켰지	1
훈련시킬	1
훈련하는	1
훈련하면	1
훈련했는지	1
훈련했던	1
훈수	1
훌륭하구나	1
훌륭하군	1
훌륭하다	1
훌륭하지	1
훌륭한데요	1
훌륭히	1
훌리오	1
훌쩍	1
훌쩍거리고	1
훌쩍여	1
훑어보는	1
훑어보는지	1
훔쳐갈	1
훔쳐놓고	1
훔쳐다	1
훔쳐달래	1
훔쳐먹는	1
훔쳐봤는데	1
훔쳐봤어	1
훔쳐야	1
훔쳐오니	1
훔쳐와	1
훔쳐요	1
훔쳤나	1
훔쳤다	1
훔쳤다구요	1
훔쳤다는	1
훔쳤어요	1
훔쳤을	1
훔쳤을걸	1
훔쳤을까	1
훔쳤지	1
훔치겠어요	1
훔치기	1
훔치다가	1
훔치쟀어	1
훔칠줄	1
훔프스양	1
훗날	1
훠이	1
훤히	1
훼손	1
훼손시켰지	1
훼손한	1
훼손해도	1
훼손해서요	1
훼손했겠죠	1
휑하지	1
휘날리던가요	1
휘두르던	1
휘두르면	1
휘두르지	1
휘두른	1
휘둘렀을까요	1
휘말렸는지	1
휘말렸어	1
휘말리든	1
휘어잡겠니	1
휘저었던	1
휘저은	1
휘젓는	1
휙	1
휩쓸고	1
휴가중	1
휴가차	1
휴게소	1
휴대용	1
휴스턴	1
휴이	1
휴정	1
휴지	1
휴학	1
흄	1
흉기	1
흉내낼수도	1
흉물	1
흉본	1
흉부외과의	1
흉악	1
흉측해	1
흉폭	1
흉하게	1
흉한	1
흐느껴	1
흐렸다	1
흐르고	1
흐르다	1
흐른다구	1
흐릅니다	1
흐리고	1
흐리다	1
흐리든	1
흐미	1
흔드는	1
흔드시면	1
흔든	1
흔들	1
흔들거려요	1
흔들고	1
흔들리고	1
흔들흔들	1
흔듭니다	1
흔치	1
흔하겠어	1
흔하냐	1
흔해	1
흔해빠진	1
흔해요	1
흔히	1
흘러	1
흘러가죠	1
흘러갈지	1
흘러나오고	1
흘러내려	1
흘러들어간다	1
흘러야	1
흘렀다는	1
흘렀습니다	1
흘렀죠	1
흘려대는	1
흘려라	1
흘려서	1
흘렸고	1
흘렸나	1
흘렸네	1
흘렸잖아	1
흘리겠는가	1
흘리면	1
흘리면서	1
흘릴까요	1
흙탕물	1
흠씬	1
흠잡을	1
흠집하나	1
흡수할	1
흡수해	1
흡입기	1
흥겹지	1
흥미로운데	1
흥미로워	1
흥미로웠다고	1
흥미롭군	1
흥미롭긴	1
흥미롭네	1
흥미롭다	1
흥미롭다니	1
흥미롭든	1
흥미있는데	1
흥미진진하군요	1
흥미진진한	1
흥미진진해	1
흥분됐어	1
흥분됐을까	1
흥분되네	1
흥분될	1
흥분시켜주련	1
흥분하고	1
흥분하냐구	1
흥분하네	1
흥분하시지	1
흥분해요	1
흥분했지	1
흥얼거리는	1
흥정하는	1
흥정했어요	1
흩어지면	1
흩어지자	1
흩어지지	1
희고	1
희곡	1
희귀	1
희귀한	1
희든가	1
희랍인	1
희망한다	1
희망해서	1
희생되는	1
희생정신	1
희생하고	1
희생할	1
희석해	1
희어	1
희한한	1
흰토끼	1
히긴스	1
히노에	1
히메지	1
히메지마	1
히메지마님	1
히미님	1
히브리어	1
히사코	1
히유	1
히죽대는데	1
히틀러소년단	1
히페리온	1
히피들	1
힐	1
힐츠	1
힘겨루기할	1
힘내라고	1
힘드세요	1
힘드시죠	1
힘든가요	1
힘들걸	1
힘들게만	1
힘들겠어요	1
힘들기	1
힘들다구요	1
힘들다는	1
힘들데	1
힘들면서	1
힘들어하고	1
힘들었다더라	1
힘들었소	1
힘들었어요	1
힘들여	1
힘들잖니	1
힘뿐	1
힘센데	1
힘써	1
힘주고	1
힘줄	1
힘줘	1
