# strings this corpus segments more than one way, worst first.
# minority = token instances that would change if the majority form were made canonical.
# forms lists every observed segmentation as form:count, majority first.
surface	total	minority	majority	forms	splits
のに	1376	650	の|に	の|に:726 のに:650	test=5,train=1361,val=10
ので	1244	618	ので	ので:626 の|で:618	test=8,train=1231,val=5
何か	1397	477	何|か	何|か:920 何か:477	test=12,train=1375,val=10
なん	1766	323	な|ん	な|ん:1443 なん:323	test=15,train=1742,val=9
誰か	646	275	誰|か	誰|か:371 誰か:275	test=1,train=644,val=1
とも	610	222	と|も	と|も:388 とも:222	test=6,train=598,val=6
だって	441	171	だ|って	だ|って:270 だって:171	test=2,train=434,val=5
どうか	416	120	どう|か	どう|か:296 どうか:120	test=6,train=404,val=6
何て	226	100	何|て	何|て:126 何て:100	test=1,train=224,val=1
どこか	212	99	どこ|か	どこ|か:113 どこか:99	test=4,train=208
でも	2284	97	で|も	で|も:2187 でも:97	test=23,train=2244,val=17
だい	189	90	だい	だい:99 だ|い:90	test=3,train=185,val=1
であった	261	88	であった	であった:173 で|あった:88	test=3,train=255,val=3
違いない	181	88	違い|ない	違い|ない:93 違いない:88	test=3,train=178
非常に	377	87	非常|に	非常|に:290 非常に:87	test=5,train=367,val=5
なんだ	1051	82	な|ん|だ	な|ん|だ:969 なん|だ:72 なんだ:10	test=9,train=1037,val=5
もの	2803	78	もの	もの:2725 も|の:78	test=19,train=2758,val=26
ところで	183	77	ところ|で	ところ|で:106 ところで:77	train=178,val=5
かしら	346	75	かしら	かしら:271 か|しら:75	test=2,train=341,val=3
でなく	158	75	でなく	でなく:83 で|なく:75	train=158
なんと	158	71	なんと	なんと:87 なん|と:71	test=2,train=156
今まで	175	66	今まで	今まで:109 今|まで:66	test=1,train=174
なんで	529	59	なんで	なんで:470 なん|で:59	test=6,train=519,val=4
それとも	199	57	それ|と|も	それ|と|も:142 それとも:49 それ|とも:8	test=3,train=194,val=2
そのような	107	52	その|よう|な	その|よう|な:55 そのような:52	test=1,train=106
それで	445	49	それ|で	それ|で:396 それで:49	test=3,train=437,val=5
いくつか	190	46	いくつ|か	いくつ|か:144 いくつか:46	test=1,train=188,val=1
高橋教授	173	44	高橋|教授	高橋|教授:129 高橋教授:44	train=173
そういう	128	44	そう|いう	そう|いう:84 そういう:44	test=1,train=125,val=2
どのくらい	243	43	どの|くらい	どの|くらい:200 どのくらい:43	test=1,train=239,val=3
とか	142	42	と|か	と|か:100 とか:42	test=2,train=139,val=1
だけど	209	41	だ|けど	だ|けど:168 だけど:41	test=2,train=205,val=2
なんです	371	40	な|ん|です	な|ん|です:331 なん|です:31 なんです:9	test=3,train=364,val=4
いつでも	146	40	いつ|で|も	いつ|で|も:106 いつでも:38 いつ|でも:2	test=1,train=143,val=2
できるだけ	141	40	できる|だけ	できる|だけ:101 できるだけ:40	test=2,train=138,val=1
かい	461	38	かい	かい:423 か|い:38	test=4,train=454,val=3
どれくらい	231	38	どれ|くらい	どれ|くらい:193 どれくらい:38	test=1,train=229,val=1
どうして	806	36	どうして	どうして:770 どう|して:36	test=6,train=794,val=6
どうしても	85	36	どうしても	どうしても:49 どう|して|も:25 どうして|も:11	train=84,val=1
それに	308	34	それ|に	それ|に:274 それに:34	test=3,train=302,val=3
そこで	209	34	そこ|で	そこ|で:175 そこで:34	test=3,train=204,val=2
にちがいない	59	33	に|ちがいない	に|ちがいない:26 に|ちがい|ない:15 にちがいない:13 にち|が|いない:5	train=59
こういう	113	32	こういう	こういう:81 こう|いう:32	train=112,val=1
でない	71	32	で|ない	で|ない:39 でない:32	train=71
いるようだ	122	31	いるようだ	いるようだ:91 いる|よう|だ:31	train=121,val=1
めったに	114	31	めった|に	めった|に:83 めったに:31	test=1,train=111,val=2
その後	75	31	その後	その後:44 その|後:31	test=1,train=73,val=1
対して	198	30	対して	対して:168 対|して:30	train=197,val=1
愛して	168	30	愛して	愛して:138 愛|して:30	test=1,train=166,val=1
本当だ	87	30	本当|だ	本当|だ:57 本当だ:30	test=1,train=86
だから	419	29	だ|から	だ|から:390 だから:29	test=2,train=417
一日中	160	29	一日|中	一日|中:131 一日中:29	test=1,train=158,val=1
してた	232	27	してた	してた:205 して|た:27	train=232
どういう	206	27	どういう	どういう:179 どう|いう:27	test=2,train=204
対する	141	27	対する	対する:114 対|する:27	train=140,val=1
世界中	71	27	世界|中	世界|中:44 世界中:27	train=71
いかがです	149	26	いかがです	いかがです:123 いかが|です:26	test=1,train=148
自分自身	57	26	自分|自身	自分|自身:31 自分自身:26	test=1,train=55,val=1
これから	94	25	これ|から	これ|から:69 これから:25	test=1,train=92,val=1
今や	71	25	今|や	今|や:46 今や:25	train=71
ともに	68	24	ともに	ともに:44 とも|に:24	train=67,val=1
時間通り	53	24	時間|通り	時間|通り:29 時間通り:24	train=52,val=1
この世	61	23	この|世	この|世:38 この世:23	test=1,train=60
とたんに	37	23	と|たんに	と|たんに:14 とたん|に:10 とたんに:9 と|たん|に:4	train=37
本当の	253	22	本当|の	本当|の:231 本当の:22	test=1,train=252
はならない	222	22	は|ならない	は|ならない:200 はならない:22	train=218,val=4
実に	88	22	実に	実に:66 実|に:22	train=88
実は	85	22	実|は	実|は:63 実は:22	test=1,train=84
この前	72	22	この|前	この|前:50 この前:22	train=72
少なくとも	59	22	少なく|とも	少なく|とも:37 少なくとも:20 少なく|と|も:2	train=58,val=1
本当です	47	22	本当|です	本当|です:25 本当です:22	train=46,val=1
別に	120	21	別に	別に:99 別|に:21	test=2,train=118
とっても	64	21	とっても	とっても:43 とって|も:21	train=64
だれか	49	21	だれ|か	だれ|か:28 だれか:21	test=1,train=47,val=1
死に	44	21	死|に	死|に:23 死に:21	train=43,val=1
そうだ	161	20	そう|だ	そう|だ:141 そうだ:20	train=159,val=2
僕ら	148	20	僕ら	僕ら:128 僕|ら:20	train=148
二度と	163	19	二度|と	二度|と:144 二度と:19	test=1,train=161,val=1
急に	162	19	急|に	急|に:143 急に:19	train=162
いいね	92	19	いい|ね	いい|ね:73 いいね:19	test=1,train=90,val=1
必ずしも	76	19	必ず|しも	必ず|しも:57 必ずしも:19	train=76
いっぱいだ	41	19	いっぱい|だ	いっぱい|だ:22 いっぱいだ:19	train=41
それから	105	18	それ|から	それ|から:87 それから:18	test=2,train=103
そのまま	72	18	そのまま	そのまま:54 その|まま:18	test=1,train=71
のようだ	71	18	の|よう|だ	の|よう|だ:53 の|ようだ:17 のようだ:1	train=70,val=1
値する	62	18	値する	値する:44 値|する:18	train=62
きちんと	58	18	きちんと	きちんと:40 きちん|と:18	train=57,val=1
共に	55	18	共に	共に:37 共|に:18	train=55
わたしたち	37	18	わたし|たち	わたし|たち:19 わたしたち:18	train=37
何で	490	17	何|で	何|で:473 何で:17	test=3,train=486,val=1
ようだ	162	17	よう|だ	よう|だ:145 ようだ:17	train=160,val=2
ちゃんと	123	17	ちゃんと	ちゃんと:106 ちゃん|と:17	train=121,val=2
はいかがです	96	17	は|いかがです	は|いかがです:79 は|いかが|です:12 はいかがです:5	test=1,train=95
いくらか	72	17	いくらか	いくらか:55 いくら|か:17	train=71,val=1
愛する	57	17	愛する	愛する:40 愛|する:17	train=57
間違いない	35	17	間違い|ない	間違い|ない:18 間違いない:17	train=35
なって	1191	16	なって	なって:1175 な|って:16	test=9,train=1174,val=8
だが	546	16	だ|が	だ|が:530 だが:16	test=3,train=538,val=5
たまに	56	16	たまに	たまに:40 たま|に:16	test=1,train=54,val=1
あっても	49	16	あって|も	あって|も:33 あっても:16	train=49
カナダ人	46	16	カナダ人	カナダ人:30 カナダ|人:16	train=45,val=1
ちがいない	43	16	ちがいない	ちがいない:27 ちがい|ない:16	train=43
いっぱいだった	39	16	いっぱい|だった	いっぱい|だった:23 いっぱいだった:16	train=39
なんだって	27	16	な|ん|だ|って	な|ん|だ|って:11 なんだって:7 な|ん|だって:5 なん|だ|って:3 なん|だって:1	train=27
どの	703	15	どの	どの:688 ど|の:15	test=5,train=692,val=6
はいけない	230	15	は|いけない	は|いけない:215 はいけない:15	test=2,train=226,val=2
どのように	124	15	どの|よう|に	どの|よう|に:109 どのように:15	test=1,train=121,val=2
何度も	117	15	何度|も	何度|も:102 何度も:15	test=1,train=115,val=1
はいる	73	15	は|いる	は|いる:58 はいる:15	train=73
なるほど	52	15	なる|ほど	なる|ほど:37 なるほど:15	train=50,val=2
じゃねえ	47	15	じゃねえ	じゃねえ:32 じゃ|ねえ:15	test=1,train=46
海外旅行	43	15	海外旅行	海外旅行:28 海外|旅行:15	train=43
ほんとに	42	15	ほんと|に	ほんと|に:27 ほんとに:15	test=1,train=41
仕事中	32	15	仕事|中	仕事|中:17 仕事中:15	test=1,train=31
ほんの	105	14	ほんの	ほんの:91 ほん|の:14	train=105
をつかんだ	62	14	を|つかんだ	を|つかんだ:48 をつかんだ:14	test=1,train=61
本当で	36	14	本当|で	本当|で:22 本当で:14	train=36
反対だ	30	14	反対|だ	反対|だ:16 反対だ:14	train=29,val=1
何と	261	13	何|と	何|と:248 何と:13	train=260,val=1
絶対に	131	13	絶対|に	絶対|に:118 絶対に:13	test=1,train=129,val=1
どれぐらい	74	13	どれ|ぐらい	どれ|ぐらい:61 どれぐらい:13	train=74
朝早く	57	13	朝|早く	朝|早く:44 朝早く:13	train=57
やいなや	45	13	やいなや	やいなや:32 や|いなや:13	train=45
し始めた	42	13	し始めた	し始めた:29 し|始めた:13	test=1,train=41
木の葉	42	13	木の葉	木の葉:29 木|の|葉:13	train=41,val=1
徐々に	41	13	徐々|に	徐々|に:28 徐々に:13	train=41
・・・	35	13	・・・	・・・:22 ・|・|・:13	train=35
約17人	28	13	約17人	約17人:15 約|17人:13	train=28
殺人事件	27	13	殺人|事件	殺人|事件:14 殺人事件:13	train=27
では	3158	12	で|は	で|は:3146 では:12	test=23,train=3112,val=23
したら	325	12	したら	したら:313 した|ら:12	test=2,train=320,val=3
別の	261	12	別|の	別|の:249 別の:12	test=1,train=259,val=1
――	153	12	―|―	―|―:141 ――:12	train=153
からだ	117	12	から|だ	から|だ:105 からだ:12	train=116,val=1
どうも	99	12	どうも	どうも:87 どう|も:12	test=2,train=96,val=1
どんなに	87	12	どんな|に	どんな|に:75 どんなに:12	train=86,val=1
愛してる	82	12	愛|してる	愛|してる:70 愛してる:12	train=82
だっけ	76	12	だ|っけ	だ|っけ:64 だっけ:12	train=76
泣き出した	64	12	泣き出した	泣き出した:52 泣き|出した:12	train=63,val=1
なくなって	54	12	なくなって	なくなって:42 なく|なって:12	train=53,val=1
大っ嫌い	50	12	大っ嫌い	大っ嫌い:38 大っ|嫌い:12	train=49,val=1
いるようだった	46	12	いるようだった	いるようだった:34 いる|よう|だった:12	test=1,train=45
にわか雨	44	12	にわか雨	にわか雨:32 にわか|雨:9 に|わか雨:3	train=43,val=1
この間	32	12	この間	この間:20 この|間:12	train=31,val=1
よくなった	27	12	よく|なった	よく|なった:15 よくなった:12	train=27
約40人	24	12	約40人	約40人:12 約|40人:12	train=24
なんか	213	11	なんか	なんか:202 なん|か:10 な|ん|か:1	test=2,train=208,val=3
お名前	79	11	お名前	お名前:68 お|名前:11	train=78,val=1
賛成です	57	11	賛成|です	賛成|です:46 賛成です:11	train=57
あ～	46	11	あ|～	あ|～:35 あ～:11	train=45,val=1
なんでしょう	45	11	な|ん|でしょう	な|ん|でしょう:34 なん|でしょう:7 なんでしょう:4	train=45
世の中	39	11	世|の|中	世|の|中:28 世の中:11	train=39
学生時代	34	11	学生|時代	学生|時代:23 学生時代:11	train=34
でなければ	29	11	で|なければ	で|なければ:18 でなければ:11	train=28,val=1
いまだに	28	11	いまだ|に	いまだ|に:17 いまだに:11	train=28
約37人	24	11	約|37人	約|37人:13 約37人:11	train=24
約54人	23	11	約|54人	約|54人:12 約54人:11	train=23
遠くで	23	11	遠くで	遠くで:12 遠く|で:11	train=23
主に	22	11	主に	主に:11 主|に:11	test=1,train=21
約43人	22	11	約43人	約43人:11 約|43人:11	train=22
一晩中	80	10	一晩|中	一晩|中:70 一晩中:10	test=1,train=78,val=1
これまで	65	10	これ|まで	これ|まで:55 これまで:10	train=65
ありがとうございました	61	10	ありがとう|ございました	ありがとう|ございました:51 ありがとうございました:10	train=60,val=1
夜遅く	56	10	夜|遅く	夜|遅く:46 夜遅く:10	test=1,train=55
髪の毛	49	10	髪|の|毛	髪|の|毛:39 髪の毛:10	train=47,val=2
近いうち	29	10	近い|うち	近い|うち:19 近いうち:10	train=29
見えなくなった	28	10	見えなく|なった	見えなく|なった:18 見えなくなった:10	train=28
だそうだ	26	10	だそうだ	だそうだ:16 だ|そう|だ:10	train=26
監視隊	26	10	監視|隊	監視|隊:16 監視隊:10	train=26
さもないと	25	10	さも|ない|と	さも|ない|と:15 さもないと:9 さ|も|ない|と:1	train=25
約11人	25	10	約11人	約11人:15 約|11人:10	train=25
約27人	25	10	約27人	約27人:15 約|27人:10	train=25
約36人	23	10	約36人	約36人:13 約|36人:10	train=23
しな	22	10	しな	しな:12 し|な:10	test=1,train=21
約45人	22	10	約45人	約45人:12 約|45人:10	train=22
ゆえに	21	10	ゆえ|に	ゆえ|に:11 ゆえに:10	train=21
入学試験	20	10	入学試験	入学試験:10 入学|試験:10	train=20
です	11446	9	です	です:11437 で|す:9	test=81,train=11288,val=77
大好きな	174	9	大好き|な	大好き|な:165 大好きな:9	train=173,val=1
奴ら	82	9	奴ら	奴ら:73 奴|ら:9	test=1,train=80,val=1
なんでも	60	9	なん|で|も	なん|で|も:51 なんでも:9	train=60
～っ	54	9	～|っ	～|っ:45 ～っ:9	train=53,val=1
ようです	53	9	よう|です	よう|です:44 ようです:9	test=1,train=52
ごめんなさい	39	9	ごめんなさい	ごめんなさい:30 ごめん|なさい:9	train=39
町中	36	9	町中	町中:27 町|中:9	train=36
はいられない	33	9	は|いられない	は|いられない:24 はいられない:6 は|い|られない:3	train=33
時間どおり	29	9	時間|どおり	時間|どおり:20 時間どおり:9	train=28,val=1
約3.5km	27	9	約|3.5|km	約|3.5|km:18 約|3.5km:7 約3.5km:2	train=27
いるようです	25	9	いるようです	いるようです:16 いる|よう|です:9	test=1,train=24
約12人	23	9	約|12人	約|12人:14 約12人:9	train=23
窓ガラス	22	9	窓ガラス	窓ガラス:13 窓|ガラス:9	train=22
約10人	22	9	約|10人	約|10人:13 約10人:9	train=22
馬鹿で	22	9	馬鹿|で	馬鹿|で:13 馬鹿で:9	train=22
約87人	21	9	約87人	約87人:12 約|87人:9	train=21
約23人	19	9	約|23人	約|23人:10 約23人:9	train=19
約24人	19	9	約24人	約24人:10 約|24人:9	train=19
休暇中	18	9	休暇中	休暇中:9 休暇|中:9	train=18
何かしら	17	9	何|か|しら	何|か|しら:8 何|かしら:7 何かしら:2	test=1,train=16
第二次世界大戦	16	9	第二次|世界|大戦	第二次|世界|大戦:7 第二次|世界大戦:6 第二次世界大戦:3	train=16
それでも	128	8	それ|で|も	それ|で|も:120 それでも:8	test=1,train=127
なのに	101	8	な|のに	な|のに:93 な|の|に:5 なのに:3	test=1,train=100
なくして	60	8	なくして	なくして:52 なく|して:8	test=1,train=59
お前ら	52	8	お前ら	お前ら:44 お前|ら:8	train=52
なんとか	49	8	なんとか	なんとか:41 なんと|か:8	train=49
勝手に	47	8	勝手|に	勝手|に:39 勝手に:8	train=45,val=2
病気だった	46	8	病気|だった	病気|だった:38 病気だった:8	test=1,train=44,val=1
行ってた	46	8	行ってた	行ってた:38 行って|た:8	train=45,val=1
もっとも	44	8	もっとも	もっとも:36 もっと|も:8	train=44
出来るだけ	44	8	出来る|だけ	出来る|だけ:36 出来るだけ:8	train=44
病気だ	43	8	病気|だ	病気|だ:35 病気だ:8	train=43
といえば	39	8	と|いえば	と|いえば:31 といえば:8	train=39
降り始めた	37	8	降り始めた	降り始めた:29 降り|始めた:8	train=37
お電話	36	8	お電話	お電話:28 お|電話:8	train=36
直ちに	34	8	直ちに	直ちに:26 直ち|に:8	train=32,val=2
たん	31	8	た|ん	た|ん:23 たん:8	train=31
はいかない	31	8	は|いかない	は|いかない:23 はいかない:8	train=31
やる気	31	8	やる気	やる気:23 やる|気:8	test=1,train=30
かって	30	8	か|って	か|って:22 かって:8	train=30
礼儀正しい	30	8	礼儀|正しい	礼儀|正しい:22 礼儀正しい:8	test=2,train=27,val=1
ごらんなさい	29	8	ごらんなさい	ごらんなさい:21 ごらん|なさい:8	train=28,val=1
約66人	25	8	約|66人	約|66人:17 約66人:8	train=25
あるようだ	24	8	あるようだ	あるようだ:16 ある|よう|だ:8	train=23,val=1
入院中	23	8	入院|中	入院|中:15 入院中:8	train=23
動くな	21	8	動くな	動くな:13 動く|な:8	train=21
約34人	21	8	約|34人	約|34人:13 約34人:8	train=21
馬鹿だ	21	8	馬鹿|だ	馬鹿|だ:13 馬鹿だ:8	train=21
約26人	19	8	約26人	約26人:11 約|26人:8	train=19
約41人	19	8	約|41人	約|41人:11 約41人:8	train=19
約4人	19	8	約|4人	約|4人:11 約4人:8	train=19
約58人	19	8	約58人	約58人:11 約|58人:8	train=19
約33人	18	8	約|33人	約|33人:10 約33人:8	train=18
あるがまま	17	8	ある|が|まま	ある|が|まま:9 ある|がまま:5 あるがまま:3	train=17
第85章	17	8	第85章	第85章:9 第|85|章:8	train=17
約38人	17	8	約38人	約38人:9 約|38人:8	train=17
約42人	17	8	約|42人	約|42人:9 約42人:8	train=17
約48人	17	8	約48人	約48人:9 約|48人:8	train=17
幾つか	16	8	幾つか	幾つか:8 幾つ|か:8	train=16
して	10476	7	して	して:10469 し|て:7	test=68,train=10346,val=62
かな	722	7	か|な	か|な:715 かな:7	test=8,train=709,val=5
もない	439	7	も|ない	も|ない:432 もない:7	test=4,train=434,val=1
もし	349	7	もし	もし:342 も|し:7	test=6,train=342,val=1
間に	272	7	間|に	間|に:265 間に:7	test=1,train=271
すでに	131	7	すでに	すでに:124 すで|に:7	test=1,train=129,val=1
せいで	118	7	せい|で	せい|で:111 せいで:7	test=1,train=115,val=2
となった	118	7	と|なった	と|なった:111 となった:7	test=1,train=117
関して	106	7	関して	関して:99 関|して:7	test=2,train=104
はいけません	101	7	は|いけません	は|いけません:94 はいけません:7	test=2,train=98,val=1
最高の	73	7	最高|の	最高|の:66 最高の:7	train=71,val=2
のって	70	7	の|って	の|って:63 のって:7	train=68,val=2
間に合った	63	7	間に合った	間に合った:56 間|に|合った:4 間に|合った:2 間|に合った:1	test=1,train=62
忘れてた	54	7	忘れてた	忘れてた:47 忘れて|た:7	train=52,val=2
注意深く	53	7	注意深く	注意深く:46 注意|深く:7	train=52,val=1
けれども	49	7	けれども	けれども:42 けれど|も:6 けれ|ども:1	train=49
無駄だった	46	7	無駄だった	無駄だった:39 無駄|だった:7	test=2,train=44
思いついた	44	7	思いついた	思いついた:37 思い|ついた:7	train=44
どれだけ	43	7	どれ|だけ	どれ|だけ:36 どれだけ:7	train=43
はやって	42	7	は|やって	は|やって:35 はやって:7	train=41,val=1
逃げ出した	40	7	逃げ出した	逃げ出した:33 逃げ|出した:7	train=40
賛成だ	37	7	賛成|だ	賛成|だ:30 賛成だ:7	train=37
自動車事故	34	7	自動車|事故	自動車|事故:27 自動車事故:7	test=1,train=33
はいられなかった	29	7	は|いられなかった	は|いられなかった:22 はいられなかった:4 は|い|られなかった:3	train=29
午前9時	28	7	午前9時	午前9時:21 午前|9時:7	train=28
叔父さん	28	7	叔父さん	叔父さん:21 叔父|さん:7	test=1,train=26,val=1
存在する	28	7	存在|する	存在|する:21 存在する:7	train=28
あっと	27	7	あっ|と	あっ|と:20 あっと:7	train=27
お元気です	26	7	お元気です	お元気です:19 お元気|です:6 お|元気です:1	test=1,train=24,val=1
3.5km	25	7	3.5|km	3.5|km:18 3.5km:7	train=25
約8人	25	7	約8人	約8人:18 約|8人:7	train=25
となり	23	7	と|なり	と|なり:16 となり:7	train=23
興味深い	23	7	興味深い	興味深い:16 興味|深い:7	train=23
魅力的	22	7	魅力的	魅力的:15 魅力|的:7	train=21,val=1
ってば	21	7	って|ば	って|ば:14 ってば:7	train=21
反対で	21	7	反対|で	反対|で:14 反対で:7	train=21
約6人	21	7	約|6人	約|6人:14 約6人:7	train=21
世界一周	20	7	世界|一周	世界|一周:13 世界一周:7	test=1,train=19
約46人	20	7	約46人	約46人:13 約|46人:7	train=20
約56人	20	7	約|56人	約|56人:13 約56人:7	train=20
約3人	19	7	約|3人	約|3人:12 約3人:7	train=19
約81人	19	7	約81人	約81人:12 約|81人:7	train=19
クリスマスプレゼント	18	7	クリスマス|プレゼント	クリスマス|プレゼント:11 クリスマスプレゼント:7	train=18
第20章	18	7	第|20|章	第|20|章:11 第20章:7	train=18
あ～っ	17	7	あ|～|っ	あ|～|っ:10 あ～っ:6 あ|～っ:1	train=16,val=1
世界大戦	16	7	世界|大戦	世界|大戦:9 世界大戦:7	train=16
我が社	16	7	我が|社	我が|社:9 我が社:7	train=16
泣き続けた	16	7	泣き続けた	泣き続けた:9 泣き|続けた:7	train=16
約15人	16	7	約15人	約15人:9 約|15人:7	train=16
かして	15	7	か|して	か|して:8 かして:7	train=15
やむなく	15	7	やむなく	やむなく:8 やむ|なく:7	train=15
体中	15	7	体|中	体|中:8 体中:7	train=15
約22人	15	7	約|22人	約|22人:8 約22人:7	train=15
そうそう	14	7	そう|そう	そう|そう:7 そうそう:7	train=14
なんじゃ	13	7	な|ん|じゃ	な|ん|じゃ:6 なん|じゃ:5 なんじゃ:2	train=13
お知らせ下さい	12	7	お知らせ下さい	お知らせ下さい:5 お知らせ|下さい:5 お|知らせ下さい:2	train=12
お立ち寄りください	12	7	お立ち寄りください	お立ち寄りください:5 お|立ち寄りください:4 お立ち寄り|ください:3	train=12
なんだい	12	7	な|ん|だい	な|ん|だい:5 なん|だ|い:3 なんだい:2 な|ん|だ|い:1 なん|だい:1	train=12
してる	922	6	してる	してる:916 して|る:6	test=8,train=906,val=8
なんて	771	6	なんて	なんて:765 なん|て:3 な|ん|て:2 な|んて:1	test=8,train=759,val=4
いるよう	181	6	いる|よう	いる|よう:175 いるよう:6	test=4,train=176,val=1
はい	163	6	はい	はい:157 は|い:6	train=161,val=2
といけない	156	6	と|いけない	と|いけない:150 といけない:6	train=155,val=1
完全に	139	6	完全|に	完全|に:133 完全に:6	train=139
お会い	94	6	お会い	お会い:88 お|会い:6	train=93,val=1
何とか	87	6	何とか	何とか:81 何|とか:5 何|と|か:1	train=86,val=1
！！	73	6	！|！	！|！:67 ！！:6	train=73
話し合った	44	6	話し合った	話し合った:38 話し|合った:6	train=43,val=1
降り出した	41	6	降り出した	降り出した:35 降り|出した:6	train=41
それほど	35	6	それ|ほど	それ|ほど:29 それほど:6	train=35
留守中	35	6	留守|中	留守|中:29 留守中:6	train=35
滅多に	34	6	滅多|に	滅多|に:28 滅多に:6	train=34
飛び出した	29	6	飛び出した	飛び出した:23 飛び|出した:6	train=29
言ったろ	28	6	言ったろ	言ったろ:22 言った|ろ:6	train=28
叔母さん	27	6	叔母さん	叔母さん:21 叔母|さん:6	test=1,train=26
なっても	26	6	なって|も	なって|も:20 なっても:6	train=25,val=1
約69人	26	6	約|69人	約|69人:20 約69人:6	train=26
あるなら	25	6	あるなら	あるなら:19 ある|なら:6	train=25
しっかりと	25	6	しっかり|と	しっかり|と:19 しっかりと:6	train=25
ちっとも	25	6	ちっと|も	ちっと|も:19 ちっとも:6	train=25
はなくて	25	6	は|なくて	は|なくて:19 はなくて:5 は|なく|て:1	train=25
がまま	24	6	が|まま	が|まま:18 がまま:6	train=24
よくなって	24	6	よく|なって	よく|なって:18 よくなって:6	train=24
反対です	24	6	反対|です	反対|です:18 反対です:6	train=24
なぜなら	23	6	なぜ|なら	なぜ|なら:17 なぜなら:6	train=23
約75人	23	6	約|75人	約|75人:17 約75人:6	train=23
はあっ	22	6	は|あっ	は|あっ:16 はあっ:6	train=22
誠実さ	21	6	誠実さ	誠実さ:15 誠実|さ:6	train=21
約2人	20	6	約|2人	約|2人:14 約2人:6	train=20
約30人	20	6	約|30人	約|30人:14 約30人:6	train=20
約76人	20	6	約|76人	約|76人:14 約76人:6	train=20
おまけに	19	6	おまけ|に	おまけ|に:13 おまけに:6	train=18,val=1
としてる	19	6	と|してる	と|してる:13 としてる:4 と|して|る:2	train=19
バカ野郎	19	6	バカ|野郎	バカ|野郎:13 バカ野郎:6	train=19
良くなった	19	6	良く|なった	良く|なった:13 良くなった:6	train=19
野生動物	19	6	野生|動物	野生|動物:13 野生動物:6	train=19
たどり着いた	18	6	たどり着いた	たどり着いた:12 たどり|着いた:6	train=18
約20人	18	6	約20人	約20人:12 約|20人:6	train=18
約99人	18	6	約|99人	約|99人:12 約99人:6	train=18
かっと	17	6	かっ|と	かっ|と:11 かっと:6	test=1,train=16
テレビ番組	17	6	テレビ|番組	テレビ|番組:11 テレビ番組:6	train=17
第82章	17	6	第|82|章	第|82|章:11 第82章:6	train=17
約67人	17	6	約|67人	約|67人:11 約67人:6	train=17
約9人	17	6	約9人	約9人:11 約|9人:6	train=17
ああいう	16	6	ああ|いう	ああ|いう:10 ああいう:6	train=16
オレンジジュース	16	6	オレンジジュース	オレンジジュース:10 オレンジ|ジュース:6	train=16
日本料理	16	6	日本料理	日本料理:10 日本|料理:6	train=16
生まれ育った	16	6	生まれ育った	生まれ育った:10 生まれ|育った:6	train=16
約49人	16	6	約49人	約49人:10 約|49人:6	train=16
約68人	16	6	約|68人	約|68人:10 約68人:6	train=16
約80人	16	6	約80人	約80人:10 約|80人:6	train=16
約88人	16	6	約88人	約88人:10 約|88人:6	train=16
うんざりだ	15	6	うんざりだ	うんざりだ:9 うんざり|だ:6	train=15
反対側	15	6	反対側	反対側:9 反対|側:6	train=15
我が国	15	6	我が|国	我が|国:9 我が国:6	train=15
約29人	15	6	約29人	約29人:9 約|29人:6	train=15
約32人	15	6	約32人	約32人:9 約|32人:6	train=15
約51人	15	6	約|51人	約|51人:9 約51人:6	train=15
話し中	15	6	話し|中	話し|中:9 話し中:6	train=14,val=1
ほんとうに	14	6	ほんとう|に	ほんとう|に:8 ほんとうに:6	train=14
学生さん	14	6	学生さん	学生さん:8 学生|さん:6	train=14
第75章	14	6	第75章	第75章:8 第|75|章:6	train=14
第88章	14	6	第88章	第88章:8 第|88|章:6	train=14
仕方ない	13	6	仕方ない	仕方ない:7 仕方|ない:6	train=13
多かれ少なかれ	13	6	多かれ少なかれ	多かれ少なかれ:7 多かれ|少なかれ:6	train=13
愛した	13	6	愛した	愛した:7 愛|した:6	train=13
約5人	13	6	約5人	約5人:7 約|5人:6	train=13
試験勉強	13	6	試験勉強	試験勉強:7 試験|勉強:6	train=13
かした	12	6	か|した	か|した:6 かした:6	train=12
でなくて	12	6	で|なくて	で|なくて:6 でなくて:6	train=12
夢中で	12	6	夢中で	夢中で:6 夢中|で:6	train=12
第15章	12	6	第15章	第15章:6 第|15|章:6	train=12
なんとも	10	6	なんとも	なんとも:4 なん|と|も:4 なん|とも:1 なんと|も:1	train=10
よって	393	5	よって	よって:388 よ|って:5	test=6,train=385,val=2
を買った	322	5	を|買った	を|買った:317 を買った:5	test=4,train=317,val=1
必要だ	220	5	必要だ	必要だ:215 必要|だ:5	train=219,val=1
かね	205	5	か|ね	か|ね:200 かね:5	test=1,train=204
なに	123	5	なに	なに:118 な|に:5	train=123
まさに	120	5	まさに	まさに:115 まさ|に:5	train=119,val=1
皆さん	102	5	皆さん	皆さん:97 皆|さん:5	train=102
は限らない	99	5	は|限らない	は|限らない:94 は限らない:5	train=99
はね	72	5	は|ね	は|ね:67 はね:5	train=72
してます	70	5	してます	してます:65 して|ます:5	train=70
無駄だ	57	5	無駄だ	無駄だ:52 無駄|だ:5	train=57
授業中	51	5	授業|中	授業|中:46 授業中:5	test=1,train=50
そのもの	47	5	その|もの	その|もの:42 そのもの:5	test=1,train=45,val=1
気になる	44	5	気|に|なる	気|に|なる:39 気になる:5	test=1,train=43
をしてた	43	5	を|してた	を|してた:38 を|して|た:4 をしてた:1	train=43
お目	41	5	お目	お目:36 お|目:5	train=41
最悪の	41	5	最悪|の	最悪|の:36 最悪の:5	train=40,val=1
金持ちで	41	5	金持ち|で	金持ち|で:36 金持ちで:5	train=41
何もかも	40	5	何|も|か|も	何|も|か|も:35 何もかも:5	train=40
息子さん	38	5	息子さん	息子さん:33 息子|さん:5	train=38
次々と	38	5	次々|と	次々|と:33 次々と:5	train=38
話してた	38	5	話してた	話してた:33 話して|た:5	train=38
いるらしい	36	5	いるらしい	いるらしい:31 いる|らしい:5	train=36
うまくいった	34	5	うまく|いった	うまく|いった:29 うまくいった:5	test=1,train=32,val=1
・・	34	5	・|・	・|・:29 ・・:5	train=34
世界平和	33	5	世界|平和	世界|平和:28 世界平和:5	train=32,val=1
朝食前	33	5	朝食|前	朝食|前:28 朝食前:5	train=33
とたん	32	5	とたん	とたん:27 と|たん:5	train=31,val=1
かいた	29	5	かいた	かいた:24 か|いた:5	train=29
このような	29	5	このような	このような:24 この|よう|な:5	train=29
わずかに	28	5	わずか|に	わずか|に:23 わずかに:5	train=28
接して	26	5	接して	接して:21 接|して:5	train=26
ご存知です	25	5	ご存知|です	ご存知|です:20 ご存知です:5	train=25
あとは	23	5	あと|は	あと|は:18 あとは:5	train=23
お時間	23	5	お時間	お時間:18 お|時間:5	train=22,val=1
交通渋滞	23	5	交通|渋滞	交通|渋滞:18 交通渋滞:5	test=1,train=22
食事中	23	5	食事|中	食事|中:18 食事中:5	train=23
はな	21	5	は|な	は|な:16 はな:5	train=20,val=1
一緒だった	21	5	一緒|だった	一緒|だった:16 一緒だった:5	train=21
拾い上げた	21	5	拾い上げた	拾い上げた:16 拾い|上げた:5	train=21
行儀よく	21	5	行儀|よく	行儀|よく:16 行儀よく:5	train=21
第27章	18	5	第27章	第27章:13 第|27|章:5	train=18
がな	17	5	が|な	が|な:12 がな:5	train=17
ばかだ	17	5	ばか|だ	ばか|だ:12 ばかだ:5	train=17
一人息子	17	5	一人息子	一人息子:12 一人|息子:5	test=1,train=16
是非とも	17	5	是非|とも	是非|とも:12 是非|と|も:3 是非とも:2	train=17
約57人	17	5	約|57人	約|57人:12 約57人:5	train=17
約59人	17	5	約|59人	約|59人:12 約59人:5	train=17
しさえ	16	5	しさえ	しさえ:11 し|さえ:5	train=16
とっくに	16	5	とっくに	とっくに:11 とっく|に:4 とっ|くに:1	train=16
三年前	16	5	三年|前	三年|前:11 三年前:3 三|年前:2	train=16
時代遅れだ	16	5	時代遅れ|だ	時代遅れ|だ:11 時代遅れだ:4 時代|遅れ|だ:1	train=16
約25人	16	5	約25人	約25人:11 約|25人:5	train=16
エスペラント語	15	5	エスペラント|語	エスペラント|語:10 エスペラント語:5	train=15
第94章	15	5	第94章	第94章:10 第|94|章:5	train=15
約84人	15	5	約84人	約84人:10 約|84人:5	train=15
ありのまま	14	5	あり|の|まま	あり|の|まま:9 ありのまま:3 ありの|まま:2	train=13,val=1
う～	14	5	う|～	う|～:9 う～:5	train=14
かない	14	5	か|ない	か|ない:9 かない:5	train=13,val=1
やってん	14	5	やって|ん	やって|ん:9 やってん:5	train=14
一年中	14	5	一年|中	一年|中:9 一年中:5	train=13,val=1
睡眠不足	14	5	睡眠不足	睡眠不足:9 睡眠|不足:5	train=14
科学技術	14	5	科学|技術	科学|技術:9 科学技術:5	train=14
第74章	14	5	第|74|章	第|74|章:9 第74章:5	train=14
約19人	14	5	約19人	約19人:9 約|19人:5	train=14
約21人	14	5	約|21人	約|21人:9 約21人:5	train=14
約53人	14	5	約|53人	約|53人:9 約53人:5	train=14
約82人	14	5	約82人	約82人:9 約|82人:5	train=14
身分証明書	14	5	身分|証明書	身分|証明書:9 身分証明書:5	train=14
ろくでなし	13	5	ろくでなし	ろくでなし:8 ろく|で|なし:5	train=12,val=1
何だか	13	5	何|だ|か	何|だ|か:8 何|だか:3 何だか:2	train=13
微笑みかけた	13	5	微笑みかけた	微笑みかけた:8 微笑み|かけた:5	train=13
短編小説	13	5	短編|小説	短編|小説:8 短編小説:5	train=13
話し続けた	13	5	話し続けた	話し続けた:8 話し|続けた:5	train=13
いいや	12	5	いいや	いいや:7 いい|や:5	train=11,val=1
それなり	12	5	それなり	それなり:7 それ|な|り:4 それ|なり:1	train=12
ばかげている	12	5	ばかげている	ばかげている:7 ばかげて|いる:5	train=12
やってんだ	12	5	やって|ん|だ	やって|ん|だ:7 やってんだ:5	train=12
カッと	12	5	カッと	カッと:7 カッ|と:5	train=12
化した	12	5	化した	化した:7 化|した:5	train=12
気の毒に	12	5	気の毒|に	気の毒|に:7 気|の|毒|に:3 気の毒に:2	train=12
生の	12	5	生|の	生|の:7 生の:5	train=12
お済みです	11	5	お済みです	お済みです:6 お済み|です:5	train=11
なんだか	11	5	なん|だ|か	なん|だ|か:6 なんだか:5	train=11
フランス語版	11	5	フランス語版	フランス語版:6 フランス語|版:5	train=11
愛し	11	5	愛し	愛し:6 愛|し:5	train=11
時間厳守	11	5	時間|厳守	時間|厳守:6 時間厳守:5	train=11
第87章	11	5	第87章	第87章:6 第|87|章:5	train=11
約14人	11	5	約14人	約14人:6 約|14人:5	train=11
お話しください	10	5	お話しください	お話しください:5 お話し|ください:3 お|話しください:2	train=10
とある	10	5	と|ある	と|ある:5 とある:5	train=10
生き字引	10	5	生き|字引	生き|字引:5 生き字引:5	train=10
第60章	10	5	第|60|章	第|60|章:5 第60章:5	train=10
第90章	10	5	第|90|章	第|90|章:5 第90章:5	train=10
過小評価	10	5	過小|評価	過小|評価:5 過小評価:5	train=10
お会いしましょう	9	5	お会い|しましょう	お会い|しましょう:4 お会いしましょう:4 お|会いしましょう:1	train=9
もう	2595	4	もう	もう:2591 も|う:4	test=16,train=2563,val=16
本当に	887	4	本当に	本当に:883 本当|に:4	test=2,train=884,val=1
もっと	854	4	もっと	もっと:850 も|っと:4	test=5,train=842,val=7
必要な	193	4	必要|な	必要|な:189 必要な:4	train=192,val=1
がなかった	189	4	が|なかった	が|なかった:185 がなかった:4	test=2,train=186,val=1
奥さん	148	4	奥さん	奥さん:144 奥|さん:4	test=3,train=144,val=1
さらに	146	4	さらに	さらに:142 さら|に:4	test=1,train=144,val=1
なり	135	4	なり	なり:131 な|り:4	train=133,val=2
いたら	106	4	いたら	いたら:102 いた|ら:4	train=106
じっと	102	4	じっと	じっと:98 じっ|と:4	test=1,train=100,val=1
常に	102	4	常に	常に:98 常|に:4	test=1,train=100,val=1
明らかに	100	4	明らか|に	明らか|に:96 明らかに:4	test=2,train=97,val=1
関する	91	4	関する	関する:87 関|する:4	test=1,train=90
何時間	90	4	何時間	何時間:86 何|時間:4	train=88,val=2
行っても	88	4	行って|も	行って|も:84 行っても:4	test=2,train=86
ところが	76	4	ところ|が	ところ|が:72 ところが:4	train=76
がついた	75	4	が|ついた	が|ついた:71 がついた:4	test=1,train=72,val=2
お話	71	4	お話	お話:67 お|話:4	test=1,train=70
だか	69	4	だ|か	だ|か:65 だか:4	train=69
さっさと	66	4	さっさと	さっさと:62 さっさ|と:4	train=65,val=1
普通の	59	4	普通|の	普通|の:55 普通の:4	train=59
一般的に	53	4	一般的|に	一般的|に:49 一般的に:4	test=2,train=51
そうです	51	4	そう|です	そう|です:47 そうです:4	train=51
はるかに	50	4	はるか|に	はるか|に:46 はるかに:3 は|るかに:1	test=1,train=49
ファン・ユエン	46	4	ファン・ユエン	ファン・ユエン:42 ファン|・|ユエン:4	test=1,train=45
変だ	45	4	変だ	変だ:41 変|だ:4	test=1,train=44
夕食後	43	4	夕食|後	夕食|後:39 夕食後:4	train=43
金持ちだ	40	4	金持ち|だ	金持ち|だ:36 金持ちだ:4	test=1,train=39
お借り	38	4	お借り	お借り:34 お|借り:4	train=38
ご自由	38	4	ご自由	ご自由:34 ご|自由:4	test=1,train=34,val=3
行方不明	36	4	行方不明	行方不明:32 行方|不明:4	train=36
娘さん	35	4	娘さん	娘さん:31 娘|さん:4	test=1,train=32,val=2
したがって	34	4	したがって	したがって:30 し|たがって:4	test=1,train=33
同然だ	32	4	同然|だ	同然|だ:28 同然だ:4	train=32
行きたがって	31	4	行きたがって	行きたがって:27 行き|たがって:4	train=31
お好き	30	4	お好き	お好き:26 お|好き:4	train=30
なぜか	30	4	なぜ|か	なぜ|か:26 なぜか:4	test=1,train=29
数年	30	4	数年	数年:26 数|年:4	train=29,val=1
何個	29	4	何個	何個:25 何|個:4	train=29
次々に	29	4	次々|に	次々|に:25 次々に:4	train=29
なおさら	28	4	なおさら	なおさら:24 なお|さら:4	train=28
容易に	28	4	容易|に	容易|に:24 容易に:4	train=28
いったん	27	4	いったん	いったん:23 いった|ん:4	train=27
はあ	27	4	はあ	はあ:23 は|あ:4	train=27
天然資源	27	4	天然|資源	天然|資源:23 天然資源:4	train=27
思い通り	27	4	思い|通り	思い|通り:23 思い通り:4	test=1,train=25,val=1
様々な	25	4	様々|な	様々|な:21 様々な:4	test=1,train=24
約44人	24	4	約|44人	約|44人:20 約44人:4	train=24
ご連絡	23	4	ご連絡	ご連絡:19 ご|連絡:4	train=23
してん	23	4	してん	してん:19 して|ん:4	train=22,val=1
宇宙飛行士	22	4	宇宙|飛行士	宇宙|飛行士:18 宇宙飛行士:4	train=22
お伝えください	20	4	お伝えください	お伝えください:16 お伝え|ください:2 お|伝えください:2	test=1,train=19
約96人	20	4	約|96人	約|96人:16 約96人:4	train=20
話し相手	20	4	話し相手	話し相手:16 話し|相手:4	train=20
なにも	19	4	なに|も	なに|も:15 なにも:3 な|に|も:1	train=19
何らか	19	4	何らか	何らか:15 何ら|か:4	train=18,val=1
約92人	19	4	約|92人	約|92人:15 約92人:4	train=19
たんに	18	4	たんに	たんに:14 たん|に:4	train=18
ひょっとして	18	4	ひょっと|して	ひょっと|して:14 ひょっとして:4	train=17,val=1
寒くなった	18	4	寒く|なった	寒く|なった:14 寒くなった:4	train=18
楽しみだ	18	4	楽しみ|だ	楽しみ|だ:14 楽しみだ:4	train=18
気の毒	18	4	気の毒	気の毒:14 気|の|毒:3 気|の毒:1	train=18
約52人	18	4	約|52人	約|52人:14 約52人:4	train=18
約62人	18	4	約|62人	約|62人:14 約62人:4	train=18
約89人	18	4	約89人	約89人:14 約|89人:4	train=18
～～	18	4	～|～	～|～:14 ～～:4	test=1,train=17
いやだ	17	4	いやだ	いやだ:13 いや|だ:4	train=17
はいた	17	4	は|いた	は|いた:13 はいた:4	train=17
子供時代	17	4	子供|時代	子供|時代:13 子供時代:4	train=17
水中	17	4	水中	水中:13 水|中:4	train=17
約55人	17	4	約|55人	約|55人:13 約55人:4	train=17
約83人	17	4	約83人	約83人:13 約|83人:4	train=17
約98人	17	4	約|98人	約|98人:13 約98人:4	train=17
はならなかった	16	4	は|ならなかった	は|ならなかった:12 はならなかった:4	train=16
ばかに	16	4	ばか|に	ばか|に:12 ばかに:4	train=16
一週間前	16	4	一週間|前	一週間|前:12 一週間前:4	train=16
世界一	16	4	世界一	世界一:12 世界|一:4	train=16
夢見て	16	4	夢見て	夢見て:12 夢|見て:4	train=16
心配事	16	4	心配事	心配事:12 心配|事:4	train=16
約28人	16	4	約28人	約28人:12 約|28人:4	train=16
約60人	16	4	約|60人	約|60人:12 約60人:4	train=16
お知らせください	15	4	お知らせ|ください	お知らせ|ください:11 お|知らせください:2 お知らせください:2	train=15
かわりに	15	4	かわり|に	かわり|に:11 かわりに:4	train=14,val=1
はいらない	15	4	は|いらない	は|いらない:11 はいらない:4	train=15
切り倒した	15	4	切り倒した	切り倒した:11 切り|倒した:4	train=15
妹さん	15	4	妹さん	妹さん:11 妹|さん:4	train=15
属して	15	4	属して	属して:11 属|して:4	train=15
礼儀正しく	15	4	礼儀|正しく	礼儀|正しく:11 礼儀正しく:4	train=14,val=1
緊急事態	15	4	緊急事態	緊急事態:11 緊急|事態:4	train=15
良くなる	15	4	良く|なる	良く|なる:11 良くなる:4	train=15
そのうえ	14	4	そのうえ	そのうえ:10 その|うえ:4	train=14
はいって	14	4	はいって	はいって:10 は|いって:4	train=14
外出中	14	4	外出|中	外出|中:10 外出中:4	train=14
野球チーム	14	4	野球|チーム	野球|チーム:10 野球チーム:4	train=14
龍公	14	4	龍公	龍公:10 龍|公:4	train=14
あちらこちら	13	4	あちら|こちら	あちら|こちら:9 あちらこちら:4	train=13
いなくなった	13	4	いなくなった	いなくなった:9 いなく|なった:4	train=13
こいつら	13	4	こいつら	こいつら:9 こいつ|ら:4	train=12,val=1
してると	13	4	してる|と	してる|と:9 してると:4	train=13
何キロ	13	4	何キロ	何キロ:9 何|キロ:4	train=13
結婚生活	13	4	結婚生活	結婚生活:9 結婚|生活:4	train=13
いっぱいです	12	4	いっぱい|です	いっぱい|です:8 いっぱいです:4	train=12
いわれている	12	4	いわれて|いる	いわれて|いる:8 いわ|れて|いる:2 いわれている:2	train=12
おおいに	12	4	おおいに	おおいに:8 おおい|に:4	test=1,train=11
はいえない	12	4	は|いえない	は|いえない:8 はいえない:4	train=12
ハウルの	12	4	ハウル|の	ハウル|の:8 ハウルの:4	train=12
バカだ	12	4	バカ|だ	バカ|だ:8 バカだ:4	train=12
成田空港	12	4	成田空港	成田空港:8 成田|空港:4	train=12
楚度	12	4	楚度	楚度:8 楚|度:4	train=12
第24章	12	4	第24章	第24章:8 第|24|章:4	train=12
第31章	12	4	第31章	第31章:8 第|31|章:4	train=12
約31人	12	4	約|31人	約|31人:8 約31人:4	train=12
ご案内	11	4	ご案内	ご案内:7 ご|案内:4	train=11
はなれない	11	4	は|なれない	は|なれない:7 はなれない:4	train=11
世界一周旅行	11	4	世界|一周|旅行	世界|一周|旅行:7 世界一周旅行:4	train=11
二日酔い	11	4	二日酔い	二日酔い:7 二日|酔い:4	train=11
何種類	11	4	何種類	何種類:7 何|種類:4	train=11
勤務中	11	4	勤務|中	勤務|中:7 勤務中:4	test=1,train=9,val=1
左側通行	11	4	左側|通行	左側|通行:7 左側通行:4	train=11
文法的に	11	4	文法的|に	文法的|に:7 文法的に:3 文法|的|に:1	train=11
泣き始めた	11	4	泣き始めた	泣き始めた:7 泣き|始めた:4	train=11
約18人	11	4	約|18人	約|18人:7 約18人:4	train=11
賞金稼ぎ	11	4	賞金|稼ぎ	賞金|稼ぎ:7 賞金稼ぎ:4	train=11
連れ出した	11	4	連れ出した	連れ出した:7 連れ|出した:4	train=11
お上手です	10	4	お上手です	お上手です:6 お|上手です:2 お上手|です:2	train=10
お探しです	10	4	お探しです	お探しです:6 お探し|です:3 お|探しです:1	train=10
こういった	10	4	こう|いった	こう|いった:6 こういった:4	train=10
そうでなければ	10	4	そう|で|なければ	そう|で|なければ:6 そう|でなければ:3 そうでなければ:1	train=9,val=1
たしかに	10	4	たしかに	たしかに:6 たしか|に:4	test=1,train=9
でなかった	10	4	でなかった	でなかった:6 で|なかった:4	train=10
ホッと	10	4	ホッ|と	ホッ|と:6 ホッと:4	train=10
余儀なく	10	4	余儀|なく	余儀|なく:6 余儀なく:4	train=9,val=1
働き続けた	10	4	働き続けた	働き続けた:6 働き|続けた:4	test=1,train=9
君ら	10	4	君ら	君ら:6 君|ら:4	train=10
巨陽	10	4	巨|陽	巨|陽:6 巨陽:4	train=10
村中	10	4	村|中	村|中:6 村中:4	test=1,train=8,val=1
監天塔	10	4	監|天塔	監|天塔:6 監天塔:4	train=10
空だ	10	4	空|だ	空|だ:6 空だ:4	train=10
飲酒運転	10	4	飲酒|運転	飲酒|運転:6 飲酒運転:4	train=10
うってつけ	9	4	うってつけ	うってつけ:5 うって|つけ:4	train=9
し続けた	9	4	し|続けた	し|続けた:5 し続けた:4	test=1,train=8
そういえば	9	4	そういえば	そういえば:5 そう|いえば:4	train=9
はいった	9	4	はいった	はいった:5 は|いった:4	train=9
ほどなく	9	4	ほど|なく	ほど|なく:5 ほどなく:4	train=9
よくなるだろう	9	4	よく|なるだろう	よく|なるだろう:5 よくなるだろう:4	train=9
フロントガラス	9	4	フロントガラス	フロントガラス:5 フロント|ガラス:4	train=9
不注意で	9	4	不注意で	不注意で:5 不注意|で:4	train=9
子供扱い	9	4	子供|扱い	子供|扱い:5 子供扱い:4	train=9
悪化した	9	4	悪化|した	悪化|した:5 悪化した:4	train=9
扱い方	9	4	扱い|方	扱い|方:5 扱い方:4	train=9
看護婦さん	9	4	看護婦さん	看護婦さん:5 看護婦|さん:4	train=9
第16章	9	4	第16章	第16章:5 第|16|章:4	train=9
言ってん	9	4	言って|ん	言って|ん:5 言ってん:4	train=9
からだった	8	4	から|だった	から|だった:4 からだった:4	train=7,val=1
だったようだ	8	4	だった|よう|だ	だった|よう|だ:4 だったようだ:4	train=8
ときっぱり	8	4	と|きっぱり	と|きっぱり:4 ときっぱり:4	train=8
まことに	8	4	まこと|に	まこと|に:4 まことに:4	train=8
ろくに	8	4	ろく|に	ろく|に:4 ろくに:4	train=8
マラニ人	8	4	マラニ|人	マラニ|人:4 マラニ人:4	train=8
不在です	8	4	不在|です	不在|です:4 不在です:4	train=8
厄介事	8	4	厄介|事	厄介|事:4 厄介事:4	train=8
好き嫌い	8	4	好き|嫌い	好き|嫌い:4 好き嫌い:4	train=8
年前	8	4	年|前	年|前:4 年前:4	train=8
私的	8	4	私的	私的:4 私|的:4	train=8
第一印象	8	4	第一印象	第一印象:4 第一|印象:4	train=8
自動車産業	8	4	自動車|産業	自動車|産業:4 自動車産業:4	train=8
衛兵隊	8	4	衛兵隊	衛兵隊:4 衛兵|隊:4	train=8
言ってんだ	8	4	言ってんだ	言ってんだ:4 言って|ん|だ:4	train=8
ものともせず	7	4	もの|と|も|せず	もの|と|も|せず:3 ものともせず:2 ものとも|せず:2	test=1,train=6
そっとして	6	4	そっと|して	そっと|して:2 そっ|と|して:2 そっとして:2	train=6
あの	2410	3	あの	あの:2407 あ|の:3	test=25,train=2364,val=21
はない	1969	3	は|ない	は|ない:1966 はない:3	test=13,train=1950,val=6
いつも	1328	3	いつも	いつも:1325 いつ|も:3	test=9,train=1313,val=6
でした	613	3	でした	でした:610 で|した:3	test=3,train=606,val=4
するよう	309	3	する|よう	する|よう:306 するよう:3	test=2,train=306,val=1
見つけた	291	3	見つけた	見つけた:288 見|つけた:3	test=2,train=288,val=1
かの	282	3	か|の	か|の:279 かの:3	test=3,train=277,val=2
ついに	267	3	ついに	ついに:264 つい|に:3	test=2,train=265
なあ	260	3	なあ	なあ:257 な|あ:3	test=2,train=254,val=4
させた	234	3	させた	させた:231 さ|せた:3	test=1,train=229,val=4
みな	203	3	みな	みな:200 み|な:3	test=2,train=200,val=1
してるん	147	3	してる|ん	してる|ん:144 して|る|ん:2 してるん:1	test=1,train=143,val=3
大いに	136	3	大いに	大いに:133 大い|に:3	train=134,val=2
いつか	134	3	いつか	いつか:131 いつ|か:3	test=1,train=132,val=1
はずっと	123	3	は|ずっと	は|ずっと:120 はずっと:3	test=2,train=120,val=1
思ってた	95	3	思ってた	思ってた:92 思って|た:3	test=2,train=92,val=1
みたいな	91	3	みたい|な	みたい|な:88 みたいな:3	train=91
ダメだ	88	3	ダメだ	ダメだ:85 ダメ|だ:3	train=88
といって	85	3	と|いって	と|いって:82 といって:3	train=84,val=1
人達	85	3	人|達	人|達:82 人達:3	test=2,train=83
行くん	84	3	行く|ん	行く|ん:81 行くん:3	test=2,train=82
十分に	82	3	十分|に	十分|に:79 十分に:3	train=81,val=1
何者	81	3	何者	何者:78 何|者:3	train=78,val=3
をつく	77	3	を|つく	を|つく:74 をつく:3	train=76,val=1
どうにか	68	3	どうにか	どうにか:65 どう|に|か:2 どうに|か:1	train=68
何より	67	3	何|より	何|より:64 何より:3	train=67
一回	65	3	一回	一回:62 一|回:3	train=63,val=2
しなくては	63	3	しなくて|は	しなくて|は:60 しなくては:3	train=62,val=1
マジで	62	3	マジ|で	マジ|で:59 マジで:3	train=62
あいつら	58	3	あいつら	あいつら:55 あいつ|ら:3	test=2,train=56
お話し	58	3	お話し	お話し:55 お|話し:3	train=57,val=1
次第に	58	3	次第|に	次第|に:55 次第に:3	test=1,train=57
が悪かった	56	3	が|悪かった	が|悪かった:53 が悪かった:3	test=1,train=55
最大の	52	3	最大|の	最大|の:49 最大の:3	train=52
お持ちです	51	3	お持ちです	お持ちです:48 お持ち|です:2 お|持ちです:1	test=1,train=50
と思ってた	51	3	と|思ってた	と|思ってた:48 と思ってた:2 と|思って|た:1	test=1,train=50
取り出した	48	3	取り出した	取り出した:45 取り|出した:3	train=48
生まれつき	47	3	生まれつき	生まれつき:44 生まれ|つき:3	train=46,val=1
いられない	44	3	いられない	いられない:41 い|られない:3	train=44
これほど	44	3	これ|ほど	これ|ほど:41 これほど:3	train=44
達した	40	3	達した	達した:37 達|した:3	test=1,train=39
したって	39	3	した|って	した|って:36 し|たって:2 したって:1	train=39
大嫌い	39	3	大嫌い	大嫌い:36 大|嫌い:3	train=39
と言えば	38	3	と|言えば	と|言えば:35 と言えば:3	train=38
なにか	38	3	なにか	なにか:35 なに|か:3	train=38
当然の	38	3	当然|の	当然|の:35 当然の:3	train=37,val=1
お医者さん	37	3	お医者さん	お医者さん:34 お医者|さん:3	train=36,val=1
そのうち	36	3	その|うち	その|うち:33 そのうち:3	train=36
なくなった	36	3	なくなった	なくなった:33 なく|なった:3	test=2,train=34
ばかな	36	3	ばか|な	ばか|な:33 ばかな:3	train=36
立ち上がった	36	3	立ち上がった	立ち上がった:33 立ち|上がった:3	train=36
役立つ	35	3	役立つ	役立つ:32 役|立つ:3	train=35
いつまでも	34	3	いつ|まで|も	いつ|まで|も:31 いつまでも:3	train=34
なんの	34	3	なん|の	なん|の:31 なんの:3	train=34
いっぱいに	33	3	いっぱい|に	いっぱい|に:30 いっぱいに:3	train=33
我ら	33	3	我ら	我ら:30 我|ら:3	train=33
名づけた	32	3	名づけた	名づけた:29 名|づけた:3	train=32
いられなかった	31	3	いられなかった	いられなかった:28 い|られなかった:3	train=31
お子さん	31	3	お子さん	お子さん:28 お子|さん:3	train=31
育てられた	31	3	育てられた	育てられた:28 育て|られた:3	train=31
をえなかった	30	3	を|えなかった	を|えなかった:27 をえなかった:3	train=30
時代遅れ	29	3	時代遅れ	時代遅れ:26 時代|遅れ:3	train=29
お祈り	28	3	お祈り	お祈り:25 お|祈り:3	train=27,val=1
ここまで	28	3	ここ|まで	ここ|まで:25 ここまで:3	train=28
どれほど	28	3	どれ|ほど	どれ|ほど:25 どれほど:3	train=28
ご遠慮	27	3	ご遠慮	ご遠慮:24 ご|遠慮:3	train=27
ですって	27	3	です|って	です|って:24 ですって:3	train=27
したよう	26	3	した|よう	した|よう:23 したよう:3	test=1,train=25
であって	26	3	で|あって	で|あって:23 であって:3	train=26
亡くなりました	26	3	亡くなりました	亡くなりました:23 亡く|なりました:3	train=26
うまくいって	25	3	うまく|いって	うまく|いって:22 うまくいって:3	train=25
そうだった	25	3	そう|だった	そう|だった:22 そうだった:3	train=25
主な	25	3	主な	主な:22 主|な:3	train=25
約93人	25	3	約|93人	約|93人:22 約93人:3	train=25
お気	24	3	お気	お気:21 お|気:3	train=24
あっという間	23	3	あっ|と|いう|間	あっ|と|いう|間:20 あっという間:3	train=23
いつ頃	23	3	いつ頃	いつ頃:20 いつ|頃:3	train=23
約70人	23	3	約|70人	約|70人:20 約70人:3	train=23
ないよう	22	3	ない|よう	ない|よう:19 ないよう:3	train=22
健康で	22	3	健康で	健康で:19 健康|で:3	train=22
戦争中	22	3	戦争|中	戦争|中:19 戦争中:3	train=22
訳して	22	3	訳して	訳して:19 訳|して:3	train=21,val=1
本当だろう	21	3	本当|だろう	本当|だろう:18 本当だろう:3	train=21
笑い出した	21	3	笑い出した	笑い出した:18 笑い|出した:3	train=21
まともに	20	3	まとも|に	まとも|に:17 まともに:3	train=20
連れてって	20	3	連れてって	連れてって:17 連れて|って:3	train=20
着てた	19	3	着てた	着てた:16 着て|た:3	test=1,train=18
働いてた	18	3	働いてた	働いてた:15 働いて|た:3	train=18
国中	18	3	国中	国中:15 国|中:3	train=18
地球上	18	3	地球|上	地球|上:15 地球上:3	train=18
立ち上がって	18	3	立ち上がって	立ち上がって:15 立ち|上がって:3	train=18
約50人	18	3	約|50人	約|50人:15 約50人:3	train=18
約86人	18	3	約86人	約86人:15 約|86人:3	train=18
野球選手	18	3	野球|選手	野球|選手:15 野球選手:3	train=18
開けっ放し	18	3	開けっ放し	開けっ放し:15 開け|っ放し:3	train=18
高橋博士	18	3	高橋|博士	高橋|博士:15 高橋博士:3	train=18
まだまだ	17	3	まだまだ	まだまだ:14 まだ|まだ:3	train=17
プロフィール写真	17	3	プロフィール|写真	プロフィール|写真:14 プロフィール写真:3	train=17
約35人	17	3	約35人	約35人:14 約|35人:3	train=17
約85人	17	3	約85人	約85人:14 約|85人:3	train=17
約91人	17	3	約|91人	約|91人:14 約91人:3	train=17
いかがでした	16	3	いかがでした	いかがでした:13 いかが|でした:3	train=16
第50章	16	3	第50章	第50章:13 第|50|章:3	train=16
読み終えた	16	3	読み終えた	読み終えた:13 読み|終えた:3	train=16
お二人	15	3	お二人	お二人:12 お|二人:3	train=15
数年前	15	3	数年|前	数年|前:12 数年前:3	train=15
第54章	15	3	第54章	第54章:12 第|54|章:3	train=15
第73章	15	3	第|73|章	第|73|章:12 第73章:3	train=15
約47人	15	3	約47人	約47人:12 約|47人:3	train=15
約64人	15	3	約|64人	約|64人:12 約64人:3	train=15
だけれど	14	3	だ|けれど	だ|けれど:11 だけれど:2 だけれ|ど:1	train=14
世界的	14	3	世界的	世界的:11 世界|的:3	train=14
大気汚染	14	3	大気|汚染	大気|汚染:11 大気汚染:3	train=14
泳ぎ方	14	3	泳ぎ|方	泳ぎ|方:11 泳ぎ方:3	train=14
混んでいた	14	3	混んで|いた	混んで|いた:11 混んでいた:3	train=13,val=1
なかったので	13	3	なかった|ので	なかった|ので:10 なかったので:2 なかった|の|で:1	train=13
三日前	13	3	三日|前	三日|前:10 三日前:3	train=13
確実に	13	3	確実|に	確実|に:10 確実に:3	train=13
第18章	13	3	第|18|章	第|18|章:10 第18章:3	train=13
約13人	13	3	約|13人	約|13人:10 約13人:3	train=13
約16人	13	3	約|16人	約|16人:10 約16人:3	train=13
約39人	13	3	約|39人	約|39人:10 約39人:3	train=13
お体	12	3	お体	お体:9 お|体:3	train=11,val=1
お楽しみ	12	3	お楽しみ	お楽しみ:9 お|楽しみ:3	train=12
したようだ	12	3	したようだ	したようだ:9 した|よう|だ:3	train=11,val=1
ってんだ	12	3	って|ん|だ	って|ん|だ:9 ってん|だ:2 ってんだ:1	train=12
よっ	12	3	よっ	よっ:9 よ|っ:3	train=12
を表した	12	3	を|表した	を|表した:9 を表した:2 を|表|した:1	train=11,val=1
別だ	12	3	別だ	別だ:9 別|だ:3	train=11,val=1
子供向け	12	3	子供|向け	子供|向け:9 子供向け:3	train=12
書き始めた	12	3	書き始めた	書き始めた:9 書き|始めた:3	train=11,val=1
最終バス	12	3	最終|バス	最終|バス:9 最終バス:3	train=12
流行遅れ	12	3	流行遅れ	流行遅れ:9 流行|遅れ:3	train=12
男らしく	12	3	男|らしく	男|らしく:9 男らしく:3	train=12
第19章	12	3	第|19|章	第|19|章:9 第19章:3	train=12
第52章	12	3	第52章	第52章:9 第|52|章:3	train=12
この記事	11	3	この|記事	この|記事:8 この記事:3	train=10,val=1
しだいに	11	3	しだいに	しだいに:8 しだい|に:3	train=11
そうかい	11	3	そう|かい	そう|かい:8 そうかい:2 そう|か|い:1	train=11
第17章	11	3	第|17|章	第|17|章:8 第17章:3	train=11
第89章	11	3	第|89|章	第|89|章:8 第89章:3	train=11
誕生日プレゼント	11	3	誕生日|プレゼント	誕生日|プレゼント:8 誕生日プレゼント:3	train=11
いやいや	10	3	いやいや	いやいや:7 いや|いや:3	train=10
したいなら	10	3	したいなら	したいなら:7 したい|なら:3	train=10
し続けて	10	3	し続けて	し続けて:7 し|続けて:3	train=10
どのぐらい	10	3	どの|ぐらい	どの|ぐらい:7 どのぐらい:3	train=10
のり	10	3	の|り	の|り:7 のり:3	train=10
ものとも	10	3	もの|と|も	もの|と|も:7 ものとも:3	test=1,train=9
やすやすと	10	3	やすやす|と	やすやす|と:7 やすやすと:3	train=10
一番列車	10	3	一番|列車	一番|列車:7 一番列車:3	train=10
丸一日	10	3	丸|一日	丸|一日:7 丸一日:3	train=10
害した	10	3	害した	害した:7 害|した:3	train=10
無くなった	10	3	無くなった	無くなった:7 無く|なった:3	train=10
王子様	10	3	王子様	王子様:7 王子|様:3	train=10
留守だった	10	3	留守|だった	留守|だった:7 留守だった:3	train=10
第22章	10	3	第22章	第22章:7 第|22|章:3	train=10
第51章	10	3	第51章	第51章:7 第|51|章:3	train=10
第70章	10	3	第|70|章	第|70|章:7 第70章:3	train=10
第78章	10	3	第|78|章	第|78|章:7 第78章:3	train=10
第91章	10	3	第91章	第91章:7 第|91|章:3	train=10
罰せられた	10	3	罰せられた	罰せられた:7 罰|せられた:3	train=10
話し始めた	10	3	話し始めた	話し始めた:7 話し|始めた:3	train=10
運動不足	10	3	運動|不足	運動|不足:7 運動不足:3	train=10
間中	10	3	間中	間中:7 間|中:3	train=10
いただけると	9	3	いただけると	いただけると:6 いただける|と:2 いただけ|る|と:1	train=9
くれている	9	3	くれて|いる	くれて|いる:6 くれている:3	train=9
はいはい	9	3	はい|はい	はい|はい:6 はいはい:3	train=9
シヴァ神	9	3	シヴァ神	シヴァ神:6 シヴァ|神:3	train=9
何マイル	9	3	何マイル	何マイル:6 何|マイル:3	train=9
全精力	9	3	全精力	全精力:6 全|精力:3	train=9
我が子	9	3	我が|子	我が|子:6 我が子:3	train=9
死に方	9	3	死に方	死に方:6 死に|方:3	train=9
盛んに	9	3	盛ん|に	盛ん|に:6 盛んに:3	train=9
立ち入り禁止	9	3	立ち入り|禁止	立ち入り|禁止:6 立ち入り禁止:3	train=9
笑い始めた	9	3	笑い始めた	笑い始めた:6 笑い|始めた:3	train=9
第11章	9	3	第11章	第11章:6 第|11|章:3	train=9
第98章	9	3	第98章	第98章:6 第|98|章:3	train=9
飢え死に	9	3	飢え死に	飢え死に:6 飢え死|に:3	train=9
がっかりだ	8	3	がっかり|だ	がっかり|だ:5 がっかりだ:3	train=8
こちら側	8	3	こちら|側	こちら|側:5 こちら側:3	test=1,train=7
ごめんだ	8	3	ごめんだ	ごめんだ:5 ごめん|だ:2 ごめ|ん|だ:1	test=1,train=7
してんだ	8	3	してんだ	してんだ:5 して|ん|だ:3	train=8
し合う	8	3	し合う	し合う:5 し|合う:3	train=8
なくなりました	8	3	なくなりました	なくなりました:5 なく|なりました:3	train=8
ならなくなった	8	3	ならなくなった	ならなくなった:5 ならなく|なった:3	train=8
ひっきりなし	8	3	ひっきり|なし	ひっきり|なし:5 ひっきりなし:3	train=8
よッ	8	3	よ|ッ	よ|ッ:5 よッ:3	train=8
オレンジ色	8	3	オレンジ|色	オレンジ|色:5 オレンジ色:3	train=8
十年前	8	3	十年|前	十年|前:5 十|年|前:2 十年前:1	train=8
女子生徒	8	3	女子生徒	女子生徒:5 女子|生徒:3	train=8
少年時代	8	3	少年|時代	少年|時代:5 少年時代:3	train=8
弁論大会	8	3	弁論|大会	弁論|大会:5 弁論大会:3	train=8
独身です	8	3	独身|です	独身|です:5 独身です:3	train=8
登場人物	8	3	登場|人物	登場|人物:5 登場人物:3	train=8
第23章	8	3	第23章	第23章:5 第|23|章:3	train=8
第79章	8	3	第|79|章	第|79|章:5 第79章:3	train=8
行く手	8	3	行く|手	行く|手:5 行く手:3	train=8
運良く	8	3	運|良く	運|良く:5 運良く:3	train=8
いくつもり	7	3	いくつもり	いくつもり:4 いく|つもり:3	train=7
いっぱいで	7	3	いっぱい|で	いっぱい|で:4 いっぱいで:3	train=7
お亡くなり	7	3	お|亡くなり	お|亡くなり:4 お亡くなり:3	train=7
けがした	7	3	けが|した	けが|した:4 けがした:3	train=7
し合って	7	3	し合って	し合って:4 し|合って:3	train=7
つくな	7	3	つく|な	つく|な:4 つくな:3	train=7
ですら	7	3	で|すら	で|すら:4 ですら:2 です|ら:1	train=7
は合わない	7	3	は|合わない	は|合わない:4 は合わない:3	train=7
まったくない	7	3	まったく|ない	まったく|ない:4 まったくない:3	train=7
わが社	7	3	わが|社	わが|社:4 わが社:3	train=7
サッカーボール	7	3	サッカー|ボール	サッカー|ボール:4 サッカーボール:3	train=7
ヨーロッパ旅行	7	3	ヨーロッパ|旅行	ヨーロッパ|旅行:4 ヨーロッパ旅行:3	train=7
一緒です	7	3	一緒です	一緒です:4 一緒|です:3	train=7
不正行為	7	3	不正|行為	不正|行為:4 不正行為:3	train=7
事故現場	7	3	事故|現場	事故|現場:4 事故現場:3	train=7
二年前	7	3	二年前	二年前:4 二年|前:3	train=7
外国旅行	7	3	外国|旅行	外国|旅行:4 外国旅行:3	train=7
持ちつ	7	3	持ちつ	持ちつ:4 持ち|つ:3	train=7
数年間	7	3	数年間	数年間:4 数年|間:3	train=7
最終決定	7	3	最終決定	最終決定:4 最終|決定:3	train=7
有罪だ	7	3	有罪|だ	有罪|だ:4 有罪だ:3	train=7
泣いてた	7	3	泣いてた	泣いてた:4 泣いて|た:3	train=7
満開だ	7	3	満開|だ	満開|だ:4 満開だ:3	train=7
相互理解	7	3	相互|理解	相互|理解:4 相互理解:3	train=7
第83章	7	3	第|83|章	第|83|章:4 第83章:3	train=7
お気の毒に	6	3	お気|の|毒|に	お気|の|毒|に:3 お気の毒に:2 お|気|の|毒|に:1	train=6
お許しください	6	3	お許し|ください	お許し|ください:3 お許しください:2 お|許しください:1	test=1,train=4,val=1
ご苦労さま	6	3	ご苦労さま	ご苦労さま:3 ご苦労|さま:3	train=6
じゃね	6	3	じゃね	じゃね:3 じゃ|ね:3	train=6
とやら	6	3	とやら	とやら:3 と|やら:3	train=6
やせている	6	3	やせている	やせている:3 やせて|いる:3	train=6
らしくない	6	3	らしくない	らしくない:3 らしく|ない:3	train=6
タイ料理	6	3	タイ料理	タイ料理:3 タイ|料理:3	train=6
バカだった	6	3	バカ|だった	バカ|だった:3 バカだった:3	train=6
一人っきり	6	3	一人っきり	一人っきり:3 一人|っきり:3	train=6
何ごと	6	3	何|ごと	何|ごと:3 何ごと:3	train=6
出だ	6	3	出|だ	出|だ:3 出だ:3	train=6
制限速度	6	3	制限|速度	制限|速度:3 制限速度:3	train=6
動かなくなった	6	3	動かなくなった	動かなくなった:3 動かなく|なった:3	train=6
四奥様	6	3	四|奥様	四|奥様:3 四奥様:2 四奥|様:1	train=6
屋根裏部屋	6	3	屋根裏部屋	屋根裏部屋:3 屋根裏|部屋:3	train=6
我慢強い	6	3	我慢|強い	我慢|強い:3 我慢強い:3	train=5,val=1
旅して	6	3	旅して	旅して:3 旅|して:3	train=6
母なる	6	3	母なる	母なる:3 母|なる:3	train=6
火災保険	6	3	火災|保険	火災|保険:3 火災保険:3	train=6
目覚まし時計	6	3	目覚まし|時計	目覚まし|時計:3 目覚まし時計:3	train=6
直行便	6	3	直行|便	直行|便:3 直行便:3	test=1,train=5
誠に	6	3	誠|に	誠|に:3 誠に:3	train=6
運転手さん	6	3	運転手さん	運転手さん:3 運転手|さん:3	train=6
お疲れさま	5	3	お疲れ|さま	お疲れ|さま:2 お疲れさま:2 お|疲れ|さま:1	train=5
世間知らずだ	5	3	世間知らずだ	世間知らずだ:2 世間知らず|だ:2 世間|知らずだ:1	train=5
借りして	5	3	借り|し|て	借り|し|て:2 借りして:2 借り|して:1	train=5
観光案内所	5	3	観光|案内|所	観光|案内|所:2 観光|案内所:2 観光案内所:1	train=5
がある	2883	2	が|ある	が|ある:2881 がある:2	test=22,train=2842,val=19
いない	1144	2	いない	いない:1142 い|ない:2	test=4,train=1132,val=8
という	1116	2	と|いう	と|いう:1114 という:2	test=4,train=1106,val=6
にして	1108	2	に|して	に|して:1106 にして:2	test=8,train=1093,val=7
があります	1008	2	が|あります	が|あります:1006 があります:2	test=6,train=997,val=5
好きだ	676	2	好きだ	好きだ:674 好き|だ:2	test=2,train=674
僕は	641	2	僕|は	僕|は:639 僕は:2	test=5,train=633,val=3
とした	508	2	と|した	と|した:506 とした:2	test=6,train=499,val=3
と思って	423	2	と|思って	と|思って:421 と思って:2	test=2,train=419,val=2
どうした	386	2	どう|した	どう|した:384 どうした:2	test=5,train=378,val=3
方源	232	2	方源	方源:230 方|源:2	test=3,train=228,val=1
なぁ	216	2	なぁ	なぁ:214 な|ぁ:2	test=5,train=210,val=1
静かに	212	2	静か|に	静か|に:210 静かに:2	train=212
に来る	209	2	に|来る	に|来る:207 に来る:2	test=2,train=205,val=2
持っています	203	2	持って|います	持って|います:201 持っています:2	train=203
に入った	197	2	に|入った	に|入った:195 に入った:2	test=2,train=194,val=1
に着いた	195	2	に|着いた	に|着いた:193 に着いた:2	test=2,train=192,val=1
お茶	190	2	お茶	お茶:188 お|茶:2	test=1,train=189
するか	190	2	する|か	する|か:188 するか:2	test=2,train=187,val=1
親切に	175	2	親切|に	親切|に:173 親切に:2	test=4,train=171
必要です	152	2	必要です	必要です:150 必要|です:2	train=150,val=2
成功した	145	2	成功|した	成功|した:143 成功した:2	train=145
ありがとうございます	142	2	ありがとう|ございます	ありがとう|ございます:140 ありがとうございます:2	test=1,train=140,val=1
言ってる	139	2	言ってる	言ってる:137 言って|る:2	test=3,train=136
までも	137	2	まで|も	まで|も:135 までも:2	train=137
するな	136	2	する|な	する|な:134 するな:2	test=1,train=135
やり方	125	2	やり方	やり方:123 やり|方:2	test=1,train=123,val=1
見に	125	2	見|に	見|に:123 見に:2	test=1,train=124
もって	121	2	もって	もって:119 も|って:2	train=121
しかない	104	2	しか|ない	しか|ない:102 しかない:2	train=103,val=1
やってきた	97	2	やって|きた	やって|きた:95 やってきた:2	train=96,val=1
悪いの	97	2	悪い|の	悪い|の:95 悪いの:2	test=1,train=96
あまりに	96	2	あまり|に	あまり|に:94 あまりに:2	train=96
に着く	86	2	に|着く	に|着く:84 に着く:2	test=1,train=85
お酒	76	2	お酒	お酒:74 お|酒:2	train=76
についた	75	2	に|ついた	に|ついた:73 についた:2	test=1,train=74
ついている	70	2	ついて|いる	ついて|いる:68 ついている:2	test=1,train=68,val=1
やっている	67	2	やって|いる	やって|いる:65 やっている:2	train=67
であり	66	2	で|あり	で|あり:64 であり:2	train=66
楽に	65	2	楽|に	楽|に:63 楽に:2	train=64,val=1
しも	64	2	しも	しも:62 し|も:2	train=64
っていう	64	2	って|いう	って|いう:62 っていう:2	train=63,val=1
わざと	62	2	わざと	わざと:60 わざ|と:2	test=1,train=59,val=2
を持ってる	62	2	を|持ってる	を|持ってる:60 を持ってる:2	test=1,train=61
立てる	62	2	立てる	立てる:60 立て|る:2	test=1,train=61
できました	61	2	できました	できました:59 で|きました:2	test=2,train=58,val=1
にない	60	2	に|ない	に|ない:58 にない:2	test=1,train=58,val=1
だわ	59	2	だ|わ	だ|わ:57 だわ:2	train=59
見ること	59	2	見る|こと	見る|こと:57 見ること:2	test=1,train=57,val=1
金曜日	59	2	金曜日	金曜日:57 金曜|日:2	train=59
今に	58	2	今|に	今|に:56 今に:2	train=58
を着た	55	2	を|着た	を|着た:53 を着た:2	train=55
午前中	54	2	午前中	午前中:52 午前|中:2	test=2,train=52
しかも	52	2	しかも	しかも:50 しか|も:2	train=52
やること	52	2	やる|こと	やる|こと:50 やること:2	train=50,val=2
必要で	52	2	必要で	必要で:50 必要|で:2	train=52
思い出した	52	2	思い出した	思い出した:50 思い|出した:2	train=52
そうか	51	2	そう|か	そう|か:49 そうか:2	test=1,train=50
駄目だ	51	2	駄目だ	駄目だ:49 駄目|だ:2	train=51
そうした	49	2	そう|した	そう|した:47 そうした:2	train=49
慎重に	49	2	慎重|に	慎重|に:47 慎重に:2	train=49
をもたらした	45	2	を|もたらした	を|もたらした:43 をもたらした:2	train=45
ならば	44	2	ならば	ならば:42 なら|ば:2	train=43,val=1
そのため	43	2	その|ため	その|ため:41 そのため:2	train=43
正確に	43	2	正確|に	正確|に:41 正確に:2	train=42,val=1
クソ野郎	42	2	クソ|野郎	クソ|野郎:40 クソ野郎:2	train=42
我が家	42	2	我が家	我が家:40 我が|家:2	train=42
お待ち	41	2	お待ち	お待ち:39 お|待ち:2	train=41
目の前	41	2	目|の|前	目|の|前:39 目の前:2	train=41
みなさん	40	2	みなさん	みなさん:38 みな|さん:2	train=40
懸命に	40	2	懸命|に	懸命|に:38 懸命に:2	test=1,train=39
がつかない	39	2	が|つかない	が|つかない:37 がつかない:2	test=1,train=37,val=1
行くよう	39	2	行く|よう	行く|よう:37 行くよう:2	train=39
話してる	39	2	話してる	話してる:37 話|してる:2	train=39
うちは	37	2	うち|は	うち|は:35 うちは:2	train=36,val=1
もしかして	37	2	もしかして	もしかして:35 もしか|して:1 も|しかして:1	train=37
蠱仙	36	2	蠱仙	蠱仙:34 蠱|仙:2	train=36
あるよう	35	2	ある|よう	ある|よう:33 あるよう:2	train=34,val=1
した後	35	2	した|後	した|後:33 し|た|後:1 した後:1	train=35
わずかな	35	2	わずか|な	わずか|な:33 わずかな:2	train=35
何枚	35	2	何枚	何枚:33 何|枚:2	train=35
引き起こした	35	2	引き起こした	引き起こした:33 引き|起こした:2	test=1,train=34
うわ～	33	2	うわ|～	うわ|～:31 うわ～:2	train=33
お待ちください	33	2	お待ちください	お待ちください:31 お|待ちください:2	train=33
すんだ	33	2	すんだ	すんだ:31 す|ん|だ:2	train=33
そっと	32	2	そっと	そっと:30 そっ|と:2	train=31,val=1
怖いの	32	2	怖い|の	怖い|の:30 怖いの:2	train=31,val=1
？！	32	2	？|！	？|！:30 ？！:2	train=32
はっきりと	31	2	はっきり|と	はっきり|と:29 はっきりと:2	test=2,train=29
はなりません	30	2	は|なりません	は|なりません:28 はなりません:2	train=30
大嫌いだ	30	2	大嫌いだ	大嫌いだ:28 大|嫌いだ:2	test=2,train=28
幸福で	30	2	幸福で	幸福で:28 幸福|で:2	train=30
ご一緒	29	2	ご一緒	ご一緒:27 ご|一緒:2	train=29
そうだろ	29	2	そう|だろ	そう|だろ:27 そうだろ:2	train=29
見てた	29	2	見てた	見てた:27 見て|た:2	train=28,val=1
しきりに	28	2	しきり|に	しきり|に:26 しきりに:2	train=28
傷つける	28	2	傷つける	傷つける:26 傷|つける:2	train=27,val=1
魔法使い	28	2	魔法使い	魔法使い:26 魔法|使い:2	train=28
あの日	27	2	あの|日	あの|日:25 あの日:2	test=1,train=26
はいて	27	2	はいて	はいて:25 は|いて:2	train=27
わが国	27	2	わが|国	わが|国:25 わが国:2	test=1,train=26
十年	27	2	十年	十年:25 十|年:2	train=27
平和に	27	2	平和|に	平和|に:25 平和に:2	train=26,val=1
約65人	27	2	約|65人	約|65人:25 約65人:2	train=27
しなくちゃ	26	2	しなくちゃ	しなくちゃ:24 しなく|ちゃ:2	train=25,val=1
どなたか	26	2	どなた|か	どなた|か:24 どなたか:2	train=26
必要なら	26	2	必要なら	必要なら:24 必要|なら:2	train=26
率直に	26	2	率直|に	率直|に:24 率直に:2	train=26
表して	26	2	表して	表して:24 表|して:2	train=26
間もなく	26	2	間もなく	間もなく:24 間|も|なく:2	train=26
ちらりと	25	2	ちらり|と	ちらり|と:23 ちらりと:2	train=25
ほっと	25	2	ほっと	ほっと:23 ほっ|と:2	test=1,train=23,val=1
先ほど	25	2	先ほど	先ほど:23 先|ほど:2	train=25
冷静に	25	2	冷静|に	冷静|に:23 冷静に:2	test=1,train=24
最新の	25	2	最新|の	最新|の:23 最新の:2	train=25
しすぎる	23	2	しすぎる	しすぎる:21 し|すぎる:2	train=23
年上です	23	2	年上|です	年上|です:21 年上です:2	train=23
悪くなった	23	2	悪く|なった	悪く|なった:21 悪くなった:2	train=23
押し入った	23	2	押し入った	押し入った:21 押し|入った:2	train=21,val=2
要するに	23	2	要する|に	要する|に:21 要するに:2	train=23
買ってきた	23	2	買って|きた	買って|きた:21 買ってきた:2	train=23
えッ	22	2	えッ	えッ:20 え|ッ:2	train=22
がた	22	2	がた	がた:20 が|た:2	train=22
どころか	22	2	どころ|か	どころ|か:20 どころか:2	train=22
大成功	22	2	大成功	大成功:20 大|成功:2	train=22
建てられた	22	2	建てられた	建てられた:20 建て|られた:2	train=22
流暢に	22	2	流暢|に	流暢|に:20 流暢に:2	train=21,val=1
独特の	22	2	独特|の	独特|の:20 独特の:2	train=21,val=1
鈴木博士	22	2	鈴木|博士	鈴木|博士:20 鈴木博士:2	train=22
高校時代	22	2	高校|時代	高校|時代:20 高校時代:2	train=22
をえない	21	2	を|えない	を|えない:19 をえない:2	train=21
木曜日	21	2	木曜日	木曜日:19 木曜|日:2	train=21
独自の	21	2	独自|の	独自|の:19 独自の:2	train=21
約74人	21	2	約|74人	約|74人:19 約74人:2	train=21
つくと	20	2	つく|と	つく|と:18 つくと:2	train=20
であれ	20	2	で|あれ	で|あれ:18 であれ:2	train=20
一体全体	20	2	一体|全体	一体|全体:18 一体全体:2	train=20
一等賞	20	2	一等賞	一等賞:18 一等|賞:2	train=20
仙蛊	20	2	仙蛊	仙蛊:18 仙|蛊:2	train=20
何とかして	20	2	何とか|して	何とか|して:18 何とかして:2	train=20
夕食前	20	2	夕食|前	夕食|前:18 夕食前:2	train=20
夜通し	20	2	夜通し	夜通し:18 夜|通し:2	train=20
約90人	20	2	約|90人	約|90人:18 約90人:2	train=20
豊かな	20	2	豊か|な	豊か|な:18 豊かな:2	train=20
遠慮なく	20	2	遠慮|なく	遠慮|なく:18 遠慮なく:2	train=20
適して	20	2	適して	適して:18 適|して:2	train=20
お役	19	2	お役	お役:17 お|役:2	test=1,train=18
そうして	19	2	そう|して	そう|して:17 そうして:2	train=19
クラシック音楽	19	2	クラシック|音楽	クラシック|音楽:17 クラシック音楽:2	train=18,val=1
二年	19	2	二年	二年:17 二|年:2	train=18,val=1
心配で	19	2	心配で	心配で:17 心配|で:2	test=1,train=18
約94人	19	2	約|94人	約|94人:17 約94人:2	train=19
なくなる	18	2	なくなる	なくなる:16 なく|なる:2	train=18
ヤツら	18	2	ヤツら	ヤツら:16 ヤツ|ら:2	train=17,val=1
不注意だった	18	2	不注意だった	不注意だった:16 不注意|だった:2	train=18
伊藤博士	18	2	伊藤|博士	伊藤|博士:16 伊藤博士:2	train=18
田中博士	18	2	田中|博士	田中|博士:16 田中博士:2	train=18
裏切り者	18	2	裏切り者	裏切り者:16 裏切り|者:2	test=1,train=17
追いかけて	18	2	追いかけて	追いかけて:16 追い|かけて:2	train=18
適当に	18	2	適当|に	適当|に:16 適当に:2	train=18
順調に	18	2	順調|に	順調|に:16 順調に:2	train=18
いわれて	17	2	いわれて	いわれて:15 いわ|れて:2	train=17
お年	17	2	お年	お年:15 お|年:2	train=17
ご注意	17	2	ご注意	ご注意:15 ご|注意:2	train=17
一人旅	17	2	一人旅	一人旅:15 一人|旅:2	train=17
愛し合って	17	2	愛し合って	愛し合って:15 愛|し|合って:2	train=17
特別に	17	2	特別|に	特別|に:15 特別に:2	train=17
立派に	17	2	立派|に	立派|に:15 立派に:2	train=17
約61人	17	2	約|61人	約|61人:15 約61人:2	train=17
約97人	17	2	約|97人	約|97人:15 約97人:2	train=17
お支払い	16	2	お支払い	お支払い:14 お|支払い:2	train=16
お迎え	16	2	お迎え	お迎え:14 お|迎え:2	train=16
この先	16	2	この|先	この|先:14 この先:2	train=16
反して	16	2	反して	反して:14 反|して:2	train=15,val=1
宗ちゃん	16	2	宗|ちゃん	宗|ちゃん:14 宗ちゃん:2	train=16
山田博士	16	2	山田|博士	山田|博士:14 山田博士:2	train=16
第55章	16	2	第55章	第55章:14 第|55|章:2	train=16
間に合わない	16	2	間に合わない	間に合わない:14 間|に合わない:1 間に|合わない:1	train=16
お部屋	15	2	お部屋	お部屋:13 お|部屋:2	train=15
かなって	15	2	かなって	かなって:13 か|な|って:2	train=15
ご記入	15	2	ご記入	ご記入:13 ご|記入:2	train=15
したらしい	15	2	したらしい	したらしい:13 した|らしい:2	train=15
はさみ	15	2	はさみ	はさみ:13 は|さみ:2	train=15
投げつけた	15	2	投げつけた	投げつけた:13 投げ|つけた:2	train=15
暖かくなって	15	2	暖かく|なって	暖かく|なって:13 暖かくなって:2	train=15
私自身	15	2	私|自身	私|自身:13 私自身:2	train=15
飛行機事故	15	2	飛行機|事故	飛行機|事故:13 飛行機事故:2	train=14,val=1
お取り下さい	14	2	お取り下さい	お取り下さい:12 お|取り下さい:2	train=14
お疲れ	14	2	お疲れ	お疲れ:12 お|疲れ:2	train=14
お静か	14	2	お静か	お静か:12 お|静か:2	train=14
させることが	14	2	させる|こと|が	させる|こと|が:12 させることが:2	train=14
すん	14	2	すん	すん:12 す|ん:2	train=14
だし	14	2	だ|し	だ|し:12 だし:2	train=14
もしかしたら	14	2	もしか|したら	もしか|したら:12 もしかしたら:2	train=14
マスケット銃	14	2	マスケット|銃	マスケット|銃:12 マスケット銃:2	train=14
健康状態	14	2	健康状態	健康状態:12 健康|状態:2	train=14
偶然だった	14	2	偶然|だった	偶然|だった:12 偶然だった:2	train=14
影宗	14	2	影宗	影宗:12 影|宗:2	train=14
得意で	14	2	得意で	得意で:12 得意|で:2	train=14
愛される	14	2	愛される	愛される:12 愛|される:2	train=14
成り立って	14	2	成り立って	成り立って:12 成り|立って:2	train=14
木の実	14	2	木|の|実	木|の|実:12 木の実:2	train=14
生活様式	14	2	生活様式	生活様式:12 生活|様式:2	train=14
第29章	14	2	第29章	第29章:12 第|29|章:2	train=14
約63人	14	2	約|63人	約|63人:12 約63人:2	train=14
約73人	14	2	約|73人	約|73人:12 約73人:2	train=14
紫薇仙子	14	2	紫薇|仙子	紫薇|仙子:12 紫薇仙子:2	train=13,val=1
蠱虫	14	2	蠱虫	蠱虫:12 蠱|虫:2	train=14
言い張った	14	2	言い張った	言い張った:12 言い|張った:2	train=14
お越しください	13	2	お越しください	お越しください:11 お越し|ください:2	train=13
ご存じです	13	2	ご存じ|です	ご存じ|です:11 ご存じです:2	train=13
ただちに	13	2	ただちに	ただちに:11 ただち|に:2	train=13
ぱっと	13	2	ぱっと	ぱっと:11 ぱっ|と:2	train=13
をつかまえた	13	2	を|つかまえた	を|つかまえた:11 をつかまえた:2	train=13
右足	13	2	右足	右足:11 右|足:2	train=13
心配ない	13	2	心配|ない	心配|ない:11 心配ない:2	train=13
旦那さん	13	2	旦那さん	旦那さん:11 旦那|さん:2	train=13
暗くなった	13	2	暗く|なった	暗く|なった:11 暗くなった:2	train=13
気持ちいい	13	2	気持ち|いい	気持ち|いい:11 気持ちいい:2	train=13
申し訳ない	13	2	申し訳ない	申し訳ない:11 申し訳|ない:2	train=13
第28章	13	2	第28章	第28章:11 第|28|章:2	train=13
第86章	13	2	第86章	第86章:11 第|86|章:2	train=13
見事に	13	2	見事|に	見事|に:11 見事に:2	train=13
資金不足	13	2	資金|不足	資金|不足:11 資金不足:2	train=13
走り去った	13	2	走り去った	走り去った:11 走り|去った:2	train=13
ありの	12	2	あり|の	あり|の:10 ありの:2	train=12
ぎょっと	12	2	ぎょっと	ぎょっと:10 ぎょっ|と:2	train=11,val=1
ご覧ください	12	2	ご覧|ください	ご覧|ください:10 ご覧ください:1 ご|覧|ください:1	test=1,train=11
ってん	12	2	って|ん	って|ん:10 ってん:2	train=12
ついてない	12	2	ついてない	ついてない:10 ついて|ない:2	train=12
テレビゲーム	12	2	テレビゲーム	テレビゲーム:10 テレビ|ゲーム:2	train=10,val=2
ベルベル語	12	2	ベルベル語	ベルベル語:10 ベルベル|語:2	train=12
三年間	12	2	三年間	三年間:10 三|年間:1 三年|間:1	train=12
八転	12	2	八転	八転:10 八|転:2	train=12
土砂降り	12	2	土砂降り	土砂降り:10 土砂|降り:2	train=12
心臓発作	12	2	心臓発作	心臓発作:10 心臓|発作:2	train=12
患者さん	12	2	患者さん	患者さん:10 患者|さん:2	train=12
持ち上げた	12	2	持ち上げた	持ち上げた:10 持ち|上げた:2	train=12
知りたがって	12	2	知りたがって	知りたがって:10 知り|たがって:2	train=12
裸で	12	2	裸|で	裸|で:10 裸で:2	train=12
語って	12	2	語って	語って:10 語|って:2	train=12
豊富に	12	2	豊富|に	豊富|に:10 豊富に:2	train=12
開いてます	12	2	開いてます	開いてます:10 開いて|ます:2	train=12
頻繁に	12	2	頻繁|に	頻繁|に:10 頻繁に:2	train=12
食べてた	12	2	食べてた	食べてた:10 食べて|た:2	train=12
あら捜し	11	2	あら|捜し	あら|捜し:9 あら捜し:2	test=1,train=10
あり得ない	11	2	あり得ない	あり得ない:9 あり|得ない:2	train=11
いるなら	11	2	いるなら	いるなら:9 いる|なら:2	train=11
お待たせ	11	2	お待たせ	お待たせ:9 お|待たせ:1 お|待た|せ:1	train=11
かんで	11	2	かんで	かんで:9 かん|で:2	train=11
はら	11	2	はら	はら:9 は|ら:2	train=11
ヘブライ語	11	2	ヘブライ語	ヘブライ語:9 ヘブライ|語:2	train=11
一杯だった	11	2	一杯|だった	一杯|だった:9 一杯だった:2	train=11
哺乳動物	11	2	哺乳動物	哺乳動物:9 哺乳|動物:2	train=11
夜明け前	11	2	夜明け|前	夜明け|前:9 夜明け前:2	train=11
引き裂いた	11	2	引き裂いた	引き裂いた:9 引き|裂いた:2	train=11
気分転換	11	2	気分転換	気分転換:9 気分|転換:2	train=11
第92章	11	2	第92章	第92章:9 第|92|章:2	train=11
第95章	11	2	第95章	第95章:9 第|95|章:2	train=11
精神的に	11	2	精神的|に	精神的|に:9 精神的に:2	train=11
あらあら	10	2	あらあら	あらあら:8 あら|あら:2	train=10
くれぐれも	10	2	くれぐれ|も	くれぐれ|も:8 くれぐれも:2	train=9,val=1
をしかった	10	2	を|しかった	を|しかった:8 をしかった:2	train=9,val=1
ハーバード大学	10	2	ハーバード大学	ハーバード大学:8 ハーバード|大学:2	train=10
メールアドレス	10	2	メールアドレス	メールアドレス:8 メール|アドレス:2	train=10
地の	10	2	地|の	地|の:8 地の:2	train=10
大切さ	10	2	大切さ	大切さ:8 大切|さ:2	train=10
始発電車	10	2	始発電車	始発電車:8 始発|電車:2	train=10
屈した	10	2	屈した	屈した:8 屈|した:2	train=10
後ろ戸	10	2	後ろ戸	後ろ戸:8 後ろ|戸:2	train=10
急激に	10	2	急激|に	急激|に:8 急激に:2	train=10
扱いにくい	10	2	扱いにくい	扱いにくい:8 扱い|にくい:1 扱い|に|くい:1	train=10
最終列車	10	2	最終|列車	最終|列車:8 最終列車:2	train=10
本当だった	10	2	本当|だった	本当|だった:8 本当だった:2	train=10
水なし	10	2	水|なし	水|なし:8 水なし:2	train=10
物理学者	10	2	物理学者	物理学者:8 物理|学者:2	test=1,train=9
生きてた	10	2	生きてた	生きてた:8 生きて|た:2	train=10
第12章	10	2	第|12|章	第|12|章:8 第12章:2	train=10
第30章	10	2	第30章	第30章:8 第|30|章:2	train=10
第40章	10	2	第40章	第40章:8 第|40|章:2	train=10
第80章	10	2	第|80|章	第|80|章:8 第80章:2	train=10
第84章	10	2	第|84|章	第|84|章:8 第84章:2	train=10
良くなって	10	2	良く|なって	良く|なって:8 良くなって:2	train=10
読んでも	10	2	読んで|も	読んで|も:8 読んでも:2	train=10
運動選手	10	2	運動|選手	運動|選手:8 運動選手:2	train=10
ええと	9	2	ええと	ええと:7 ええ|と:2	train=9
お召し上がりください	9	2	お召し上がりください	お召し上がりください:7 お召し上がり|ください:2	test=1,train=8
お許し下さい	9	2	お許し|下さい	お許し|下さい:7 お許し下さい:2	train=9
ご自分	9	2	ご自分	ご自分:7 ご|自分:2	test=1,train=8
ご近所さん	9	2	ご近所さん	ご近所さん:7 ご近所|さん:2	train=9
し過ぎる	9	2	し過ぎる	し過ぎる:7 し|過ぎる:2	train=9
じゃなく	9	2	じゃなく	じゃなく:7 じゃ|なく:2	train=9
なしだ	9	2	なし|だ	なし|だ:7 なしだ:2	train=9
よ～し	9	2	よ～し	よ～し:7 よ|～|し:2	train=9
乗り方	9	2	乗り方	乗り方:7 乗り|方:2	train=9
備えなければならない	9	2	備えなければ|ならない	備えなければ|ならない:7 備えなければならない:2	train=9
失業中	9	2	失業|中	失業|中:7 失業中:2	train=9
害する	9	2	害する	害する:7 害|する:2	test=1,train=8
強くなった	9	2	強く|なった	強く|なった:7 強くなった:2	train=9
役立った	9	2	役立った	役立った:7 役|立った:2	train=9
待ち望んで	9	2	待ち望んで	待ち望んで:7 待ち|望んで:2	train=9
愛してない	9	2	愛してない	愛してない:7 愛|してない:2	train=9
満足だ	9	2	満足だ	満足だ:7 満足|だ:2	train=9
無実で	9	2	無実で	無実で:7 無実|で:2	train=9
発明品	9	2	発明品	発明品:7 発明|品:2	train=9
百万長者	9	2	百万長者	百万長者:7 百万|長者:2	train=9
第26章	9	2	第26章	第26章:7 第|26|章:2	train=9
罰せられる	9	2	罰せられる	罰せられる:7 罰|せられる:2	train=9
至る所	9	2	至る|所	至る|所:7 至る所:2	train=9
行くなら	9	2	行くなら	行くなら:7 行く|なら:2	train=9
買い物客	9	2	買い物客	買い物客:7 買い物|客:2	train=9
いっぱいでした	8	2	いっぱい|でした	いっぱい|でした:6 いっぱいでした:2	train=8
いないよう	8	2	いない|よう	いない|よう:6 いないよう:2	train=8
うまくいかなかった	8	2	うまく|いかなかった	うまく|いかなかった:6 うまくいかなかった:2	train=8
お使いください	8	2	お使いください	お使いください:6 お使い|ください:1 お|使いください:1	train=8
しなくても	8	2	しなくて|も	しなくて|も:6 しなくても:2	train=8
じゃありません	8	2	じゃ|ありません	じゃ|ありません:6 じゃありません:2	train=8
はやった	8	2	は|やった	は|やった:6 はやった:2	train=8
ほど遠い	8	2	ほど遠い	ほど遠い:6 ほど|遠い:2	train=8
をとらない	8	2	を|とらない	を|とらない:6 をとらない:2	train=8
アイヌ語	8	2	アイヌ|語	アイヌ|語:6 アイヌ語:2	train=8
アルファベット順	8	2	アルファベット|順	アルファベット|順:6 アルファベット順:2	train=8
ショックだった	8	2	ショック|だった	ショック|だった:6 ショックだった:2	train=8
トキさん	8	2	トキ|さん	トキ|さん:6 トキさん:2	train=8
トルコ語	8	2	トルコ語	トルコ語:6 トルコ|語:2	train=8
不注意でした	8	2	不注意でした	不注意でした:6 不注意|でした:2	train=8
何日間	8	2	何日間	何日間:6 何日|間:2	test=1,train=7
四方八方	8	2	四方八方	四方八方:6 四方|八方:2	train=8
大ファン	8	2	大ファン	大ファン:6 大|ファン:2	train=8
宇宙人	8	2	宇宙人	宇宙人:6 宇宙|人:2	train=7,val=1
安楽に	8	2	安楽|に	安楽|に:6 安楽に:2	train=8
差し込んだ	8	2	差し込んだ	差し込んだ:6 差し|込んだ:2	train=8
当然で	8	2	当然で	当然で:6 当然|で:2	test=1,train=7
必要事項	8	2	必要|事項	必要|事項:6 必要事項:2	train=8
思ってます	8	2	思ってます	思ってます:6 思って|ます:2	train=8
投げかけた	8	2	投げかけた	投げかけた:6 投げ|かけた:2	train=8
放っておいて	8	2	放って|おいて	放って|おいて:6 放っておいて:2	train=7,val=1
日本経済	8	2	日本|経済	日本|経済:6 日本経済:2	train=8
映画スター	8	2	映画|スター	映画|スター:6 映画スター:2	train=8
暖かくなった	8	2	暖かく|なった	暖かく|なった:6 暖かくなった:2	train=7,val=1
本質的に	8	2	本質的|に	本質的|に:6 本質的に:2	train=8
来てた	8	2	来てた	来てた:6 来て|た:2	train=8
正午前	8	2	正午|前	正午|前:6 正午前:2	train=8
洞主	8	2	洞主	洞主:6 洞|主:2	train=8
満席です	8	2	満席|です	満席|です:6 満席です:2	train=8
無罪だ	8	2	無罪だ	無罪だ:6 無罪|だ:2	train=8
琅琊地霊	8	2	琅琊地霊	琅琊地霊:6 琅琊|地霊:2	train=8
琅琊派	8	2	琅琊派	琅琊派:6 琅琊|派:2	train=8
聞いてた	8	2	聞いてた	聞いてた:6 聞いて|た:2	train=8
見てます	8	2	見てます	見てます:6 見て|ます:2	train=8
話しつづけた	8	2	話しつづけた	話しつづけた:6 話し|つづけた:2	train=8
語り合った	8	2	語り合った	語り合った:6 語り|合った:2	test=1,train=7
近づくな	8	2	近づくな	近づくな:6 近づく|な:2	train=8
金時計	8	2	金|時計	金|時計:6 金時計:2	train=8
雨降り	8	2	雨降り	雨降り:6 雨|降り:2	train=8
いっぱいの	7	2	いっぱい|の	いっぱい|の:5 いっぱいの:2	train=7
いるようで	7	2	いるようで	いるようで:5 いる|よう|で:2	train=7
うまくいくだろう	7	2	うまく|いくだろう	うまく|いくだろう:5 うまくいくだろう:2	train=7
お座りください	7	2	お座りください	お座りください:5 お座り|ください:1 お|座りください:1	train=7
かけないで	7	2	かけないで	かけないで:5 かけない|で:2	train=7
ここら辺	7	2	ここら辺	ここら辺:5 ここら|辺:2	train=7
ごちそうさま	7	2	ごちそうさま	ごちそうさま:5 ごちそう|さま:2	train=7
されてた	7	2	されてた	されてた:5 されて|た:2	train=6,val=1
しろです	7	2	しろです	しろです:5 しろ|です:2	train=7
じゃねぇ	7	2	じゃねぇ	じゃねぇ:5 じゃ|ねぇ:2	train=7
たくさんだ	7	2	たくさん|だ	たくさん|だ:5 たくさんだ:2	train=6,val=1
なりがちだ	7	2	なりがちだ	なりがちだ:5 なり|がちだ:2	train=7
はいろんな	7	2	は|いろんな	は|いろんな:5 は|いろん|な:1 はいろんな:1	train=7
はらはら	7	2	はらはら	はらはら:5 はら|はら:2	train=7
ひとりひとり	7	2	ひとりひとり	ひとりひとり:5 ひとり|ひとり:2	train=7
もがな	7	2	も|がな	も|がな:5 もがな:2	test=1,train=6
もとの	7	2	もと|の	もと|の:5 もとの:2	train=7
アメリカ史	7	2	アメリカ|史	アメリカ|史:5 アメリカ史:2	train=6,val=1
クソ女	7	2	クソ女	クソ女:5 クソ|女:2	train=7
タタリ神	7	2	タタリ神	タタリ神:5 タタリ|神:2	train=7
ドイツ軍	7	2	ドイツ軍	ドイツ軍:5 ドイツ|軍:2	train=7
バースデーケーキ	7	2	バースデー|ケーキ	バースデー|ケーキ:5 バースデーケーキ:2	train=7
人形使い	7	2	人形使い	人形使い:5 人形|使い:2	train=7
今さら	7	2	今さら	今さら:5 今|さら:2	test=1,train=6
同然だった	7	2	同然|だった	同然|だった:5 同然だった:2	train=7
否か	7	2	否か	否か:5 否|か:2	train=7
喋り方	7	2	喋り方	喋り方:5 喋り|方:2	train=7
大流行	7	2	大流行	大流行:5 大|流行:2	train=7
好きでない	7	2	好きで|ない	好きで|ない:5 好きでない:2	train=7
学校生活	7	2	学校|生活	学校|生活:5 学校生活:2	train=7
定期的に	7	2	定期的|に	定期的|に:5 定期的に:2	train=7
家中	7	2	家中	家中:5 家|中:2	train=7
寝てました	7	2	寝てました	寝てました:5 寝て|ました:2	train=7
幸運だった	7	2	幸運だった	幸運だった:5 幸運|だった:2	test=1,train=6
延々と	7	2	延々|と	延々|と:5 延々と:2	train=7
心がけて	7	2	心がけて	心がけて:5 心|がけて:2	train=7
案の定	7	2	案の定	案の定:5 案|の|定:2	train=7
歴史上	7	2	歴史|上	歴史|上:5 歴史上:2	train=7
無礼に	7	2	無礼|に	無礼|に:5 無礼に:2	train=7
相当の	7	2	相当|の	相当|の:5 相当の:2	train=7
真っ白に	7	2	真っ白|に	真っ白|に:5 真っ白に:2	train=7
第81章	7	2	第81章	第81章:5 第|81|章:2	train=7
行くな	7	2	行くな	行くな:5 行く|な:2	train=7
観光バス	7	2	観光|バス	観光|バス:5 観光バス:2	train=7
返せよ	7	2	返せ|よ	返せ|よ:5 返せよ:2	train=7
部分的に	7	2	部分的|に	部分的|に:5 部分的に:2	train=7
露骨に	7	2	露骨|に	露骨|に:5 露骨に:2	train=7
静まり返って	7	2	静まり返って	静まり返って:5 静まり|返って:2	train=6,val=1
ありとあらゆる	6	2	ありとあらゆる	ありとあらゆる:4 あり|と|あらゆる:2	train=6
おかげさま	6	2	おかげ|さま	おかげ|さま:4 おかげさま:2	train=6
お乗り	6	2	お乗り	お乗り:4 お|乗り:2	train=6
お先に	6	2	お先|に	お先|に:4 お先に:2	train=6
お告げ所	6	2	お告げ所	お告げ所:4 お告げ|所:2	train=6
お迎えください	6	2	お迎え|ください	お迎え|ください:4 お|迎えください:1 お迎えください:1	train=6
かんでも	6	2	かんでも	かんでも:4 かん|で|も:2	train=6
このかた	6	2	この|かた	この|かた:4 このかた:2	train=6
すか	6	2	す|か	す|か:4 すか:2	train=6
といた	6	2	と|いた	と|いた:4 といた:2	train=6
ないであろう	6	2	ないであろう	ないであろう:4 ないで|あろう:2	train=6
なしです	6	2	なし|です	なし|です:4 なしです:2	train=6
はかって	6	2	はかって	はかって:4 は|かって:2	test=1,train=5
はかなわない	6	2	は|かなわない	は|かなわない:4 はかなわない:2	train=6
はまったくない	6	2	は|まったく|ない	は|まったく|ない:4 は|まったくない:1 はまったくない:1	train=6
ぽつんと	6	2	ぽつんと	ぽつんと:4 ぽつん|と:2	train=6
みたくなった	6	2	みたく|なった	みたく|なった:4 みたくなった:2	train=6
みなが	6	2	みな|が	みな|が:4 みなが:1 み|な|が:1	train=5,val=1
もちろんだ	6	2	もちろんだ	もちろんだ:4 もちろん|だ:2	train=6
やってのけた	6	2	やって|のけた	やって|のけた:4 やってのけた:2	train=6
よせよ	6	2	よせよ	よせよ:4 よせ|よ:2	train=5,val=1
わが家	6	2	わが|家	わが|家:4 わが家:2	train=6
わきへ	6	2	わきへ	わきへ:4 わき|へ:2	train=6
エヴァンダー・パリアデス	6	2	エヴァンダー・パリアデス	エヴァンダー・パリアデス:4 エヴァンダー|・|パリアデス:2	train=6
ソン・レン	6	2	ソン・レン	ソン・レン:4 ソン|・|レン:2	train=6
チン・バイション	6	2	チン・バイション	チン・バイション:4 チン|・|バイション:2	train=6
ビタミンＣ	6	2	ビタミンＣ	ビタミンＣ:4 ビタミン|Ｃ:2	train=6
上の空	6	2	上の空	上の空:4 上|の|空:2	train=6
上層部	6	2	上層部	上層部:4 上層|部:2	train=6
世界記録	6	2	世界|記録	世界|記録:4 世界記録:2	train=6
世間知らず	6	2	世間知らず	世間知らず:4 世間|知らず:2	train=5,val=1
人工知能	6	2	人工知能	人工知能:4 人工|知能:2	train=6
人里離れた	6	2	人里離れた	人里離れた:4 人里|離れた:2	train=6
付き合い始めた	6	2	付き合い始めた	付き合い始めた:4 付き合い|始めた:2	train=6
何年間	6	2	何年|間	何年|間:4 何|年間:1 何年間:1	test=1,train=5
何組	6	2	何組	何組:4 何|組:2	train=6
作り上げた	6	2	作り上げた	作り上げた:4 作り|上げた:2	train=6
処せられた	6	2	処せられた	処せられた:4 処|せられた:2	train=6
別問題	6	2	別|問題	別|問題:4 別問題:2	train=6
同時通訳	6	2	同時|通訳	同時|通訳:4 同時通訳:2	train=6
命からがら	6	2	命|からがら	命|からがら:4 命からがら:2	train=6
固有の	6	2	固有|の	固有|の:4 固有の:2	train=6
妊娠中絶	6	2	妊娠中絶	妊娠中絶:4 妊娠|中絶:2	train=6
強制的に	6	2	強制的|に	強制的|に:4 強制的に:2	train=6
忙しくても	6	2	忙しくて|も	忙しくて|も:4 忙しくても:2	train=6
拍手喝采	6	2	拍手|喝采	拍手|喝采:4 拍手喝采:2	train=6
教え方	6	2	教え|方	教え|方:4 教え方:2	train=6
月一	6	2	月|一	月|一:4 月一:2	train=6
来るなら	6	2	来るなら	来るなら:4 来る|なら:2	test=1,train=5
歌い始めた	6	2	歌い始めた	歌い始めた:4 歌い|始めた:2	train=6
歩きまわった	6	2	歩きまわった	歩きまわった:4 歩き|まわった:2	train=6
歩き始めた	6	2	歩き始めた	歩き始めた:4 歩き|始めた:2	train=6
狐仙福地	6	2	狐仙|福地	狐仙|福地:4 狐仙福地:2	train=6
瓜二つだ	6	2	瓜二つ|だ	瓜二つ|だ:4 瓜二つだ:2	train=6
生まれ故郷	6	2	生まれ故郷	生まれ故郷:4 生まれ|故郷:2	train=6
生機葉	6	2	生機葉	生機葉:4 生機|葉:2	train=6
生活水準	6	2	生活水準	生活水準:4 生活|水準:2	train=6
目立ちたがり屋	6	2	目立ちたがり屋	目立ちたがり屋:4 目立ち|たがり|屋:2	test=1,train=5
秦百勝	6	2	秦百勝	秦百勝:4 秦|百勝:2	train=6
競争相手	6	2	競争|相手	競争|相手:4 競争相手:2	train=6
第41章	6	2	第41章	第41章:4 第|41|章:2	train=6
第十三	6	2	第十三	第十三:4 第|十三:2	train=6
筋違いだ	6	2	筋違いだ	筋違いだ:4 筋違い|だ:2	train=6
結婚相手	6	2	結婚|相手	結婚|相手:4 結婚相手:2	train=5,val=1
練習問題	6	2	練習問題	練習問題:4 練習|問題:2	train=6
花酒行者	6	2	花酒行者	花酒行者:4 花|酒|行者:2	train=6
薬姫	6	2	薬姫	薬姫:4 薬|姫:2	train=6
行儀作法	6	2	行儀作法	行儀作法:4 行儀|作法:2	train=6
見せびらかした	6	2	見せびらかした	見せびらかした:4 見せ|びらかした:1 見せ|びらか|した:1	train=6
規則正しく	6	2	規則|正しく	規則|正しく:4 規則正しく:2	train=6
言わんと	6	2	言わん|と	言わん|と:4 言わんと:2	train=6
身の毛	6	2	身|の|毛	身|の|毛:4 身の毛:2	train=6
通りすがり	6	2	通りすがり	通りすがり:4 通り|すがり:2	train=6
遠距離恋愛	6	2	遠距離|恋愛	遠距離|恋愛:4 遠距離恋愛:2	train=6
部屋番号	6	2	部屋番号	部屋番号:4 部屋|番号:2	train=6
都会生活	6	2	都会|生活	都会|生活:4 都会生活:2	train=6
金切り声	6	2	金切り|声	金切り|声:4 金切り声:2	train=6
降りだした	6	2	降りだした	降りだした:4 降り|だした:2	train=6
電気自動車	6	2	電気自動車	電気自動車:4 電気|自動車:2	train=6
青仇	6	2	青仇	青仇:4 青|仇:2	train=6
飛行艇乗り	6	2	飛行艇|乗り	飛行艇|乗り:4 飛行艇乗り:2	train=6
食事制限	6	2	食事|制限	食事|制限:4 食事制限:2	train=6
馬鹿じゃ	6	2	馬鹿じゃ	馬鹿じゃ:4 馬鹿|じゃ:2	train=6
黒家	6	2	黒家	黒家:4 黒|家:2	train=6
ありさえ	5	2	あり|さえ	あり|さえ:3 ありさえ:2	train=5
いえども	5	2	いえども	いえども:3 いえ|ども:2	train=5
おタバコ	5	2	おタバコ	おタバコ:3 お|タバコ:2	train=5
ご理解	5	2	ご|理解	ご|理解:3 ご理解:2	train=5
だに	5	2	だに	だに:3 だ|に:2	train=5
とうなずいた	5	2	と|うなずいた	と|うなずいた:3 とうなずいた:2	train=4,val=1
のっ	5	2	の|っ	の|っ:3 のっ:2	train=5
もうまい	5	2	も|うまい	も|うまい:3 もうまい:2	train=5
もってこい	5	2	もって|こい	もって|こい:3 もってこい:2	train=5
もののけ姬	5	2	もののけ姬	もののけ姬:3 もの|の|け姬:2	train=5
よくありません	5	2	よくありません	よくありません:3 よく|ありません:2	train=5
わけない	5	2	わけ|ない	わけ|ない:3 わけない:2	train=5
アジア人	5	2	アジア人	アジア人:3 アジア|人:2	train=5
イタリア製	5	2	イタリア製	イタリア製:3 イタリア|製:2	train=5
インスタントラーメン	5	2	インスタントラーメン	インスタントラーメン:3 インスタント|ラーメン:2	train=5
チャンチャル	5	2	チャンチャル	チャンチャル:3 チャン|チャル:2	train=4,val=1
テニスコート	5	2	テニス|コート	テニス|コート:3 テニスコート:2	train=5
一万円	5	2	一万円	一万円:3 一万|円:2	train=5
三つ目	5	2	三つ目	三つ目:3 三つ|目:2	train=5
上流階級	5	2	上流階級	上流階級:3 上流|階級:2	train=5
下院議員	5	2	下院議員	下院議員:3 下院|議員:2	train=5
不作だった	5	2	不作だった	不作だった:3 不作|だった:2	train=5
両国間	5	2	両国|間	両国|間:3 両国間:2	train=5
中国料理	5	2	中国料理	中国料理:3 中国|料理:2	train=5
主たる	5	2	主たる	主たる:3 主|たる:2	train=5
二枚目	5	2	二枚目	二枚目:3 二枚|目:2	train=5
五年間	5	2	五年間	五年間:3 五年|間:2	train=5
人生経験	5	2	人生|経験	人生|経験:3 人生経験:2	train=5
人種差別	5	2	人種|差別	人種|差別:3 人種差別:2	test=1,train=4
仕事ぶり	5	2	仕事ぶり	仕事ぶり:3 仕事|ぶり:2	train=5
何ひとつ	5	2	何|ひとつ	何|ひとつ:3 何ひとつ:2	train=5
何層	5	2	何層	何層:3 何|層:2	train=5
俺んち	5	2	俺んち	俺んち:3 俺|んち:2	train=5
健康でなければ	5	2	健康でなければ	健康でなければ:3 健康で|なければ:2	train=5
健康上	5	2	健康上	健康上:3 健康|上:2	train=5
公平だ	5	2	公平だ	公平だ:3 公平|だ:2	train=5
出張中	5	2	出張中	出張中:3 出張|中:2	train=5
刻々と	5	2	刻々と	刻々と:3 刻々|と:2	train=5
動き出した	5	2	動き出した	動き出した:3 動き|出した:2	train=5
危険すぎる	5	2	危険すぎる	危険すぎる:3 危険|すぎる:2	train=5
古代人	5	2	古代人	古代人:3 古代|人:2	train=5
右側通行	5	2	右側|通行	右側|通行:3 右側通行:2	train=5
各駅停車	5	2	各駅|停車	各駅|停車:3 各駅停車:2	train=5
合法的	5	2	合法|的	合法|的:3 合法的:2	train=5
営業時間	5	2	営業時間	営業時間:3 営業|時間:2	train=5
四年	5	2	四年	四年:3 四|年:2	train=5
外交関係	5	2	外交|関係	外交|関係:3 外交関係:2	train=5
大伴大納言	5	2	大伴|大納言	大伴|大納言:3 大伴大納言:2	train=5
大問題	5	2	大|問題	大|問題:3 大問題:2	train=5
女優さん	5	2	女優さん	女優さん:3 女優|さん:2	train=5
学生生活	5	2	学生|生活	学生|生活:3 学生生活:2	train=5
定期購読	5	2	定期購読	定期購読:3 定期|購読:2	train=5
客室乗務員	5	2	客室|乗務員	客室|乗務員:3 客室乗務員:2	train=5
小人数	5	2	小人数	小人数:3 小|人数:2	train=5
少数民族	5	2	少数民族	少数民族:3 少数|民族:2	train=4,val=1
工事中	5	2	工事中	工事中:3 工事|中:2	train=5
往復切符	5	2	往復|切符	往復|切符:3 往復切符:2	train=5
忘れがちで	5	2	忘れがちで	忘れがちで:3 忘れ|がちで:2	train=5
意気消沈	5	2	意気消沈	意気消沈:3 意気|消沈:2	train=5
愛してます	5	2	愛してます	愛してます:3 愛|してます:2	train=5
愛します	5	2	愛|します	愛|します:3 愛します:2	train=5
押しさえ	5	2	押しさえ	押しさえ:3 押し|さえ:2	test=1,train=4
持たれつ	5	2	持たれ|つ	持たれ|つ:3 持たれつ:2	train=5
指揮下	5	2	指揮下	指揮下:3 指揮|下:2	train=5
損害賠償	5	2	損害|賠償	損害|賠償:3 損害賠償:2	train=5
支払うよう	5	2	支払う|よう	支払う|よう:3 支払うよう:2	train=5
文芸界	5	2	文芸界	文芸界:3 文芸|界:2	train=5
新作映画	5	2	新作|映画	新作|映画:3 新作映画:2	train=5
新刊書	5	2	新刊|書	新刊|書:3 新刊書:2	train=5
新計画	5	2	新|計画	新|計画:3 新計画:2	train=5
日本中	5	2	日本中	日本中:3 日本|中:2	train=5
時間つぶし	5	2	時間つぶし	時間つぶし:3 時間|つぶし:2	train=5
晴れ女	5	2	晴れ女	晴れ女:3 晴れ|女:2	train=5
最高傑作	5	2	最高|傑作	最高|傑作:3 最高傑作:2	train=5
月旅行	5	2	月旅行	月旅行:3 月|旅行:2	train=5
期待外れ	5	2	期待外れ	期待外れ:3 期待|外れ:2	train=5
本当じゃ	5	2	本当じゃ	本当じゃ:3 本当|じゃ:2	train=5
案内所	5	2	案内所	案内所:3 案内|所:2	train=5
歯医者さん	5	2	歯医者|さん	歯医者|さん:3 歯医者さん:2	train=5
母親似	5	2	母親|似	母親|似:3 母親似:2	train=5
民主国家	5	2	民主|国家	民主|国家:3 民主国家:2	train=5
気がかり	5	2	気|がかり	気|がかり:3 気がかり:2	train=5
気前よく	5	2	気前|よく	気前|よく:3 気前よく:2	train=5
泥まみれ	5	2	泥まみれ	泥まみれ:3 泥|まみれ:2	train=5
活気づいた	5	2	活気|づいた	活気|づいた:3 活気づいた:2	train=5
海岸沿い	5	2	海岸|沿い	海岸|沿い:3 海岸沿い:2	train=5
涙ながら	5	2	涙ながら	涙ながら:3 涙|ながら:2	train=5
田舎暮らし	5	2	田舎暮らし	田舎暮らし:3 田舎|暮らし:2	train=5
病気でした	5	2	病気でした	病気でした:3 病気|でした:2	train=5
相談相手	5	2	相談|相手	相談|相手:3 相談相手:2	train=5
真に	5	2	真|に	真|に:3 真に:2	train=5
私立探偵	5	2	私立|探偵	私立|探偵:3 私立探偵:2	train=5
空だった	5	2	空|だった	空|だった:3 空だった:2	train=5
窃盗罪	5	2	窃盗|罪	窃盗|罪:3 窃盗罪:2	train=5
範囲内	5	2	範囲内	範囲内:3 範囲|内:2	train=5
経済状態	5	2	経済|状態	経済|状態:3 経済状態:2	train=5
結婚記念日	5	2	結婚記念日	結婚記念日:3 結婚|記念日:2	train=5
脱出した	5	2	脱出|した	脱出|した:3 脱出した:2	train=5
血の気	5	2	血|の|気	血|の|気:3 血の気:2	train=5
行きな	5	2	行きな	行きな:3 行き|な:2	train=5
衝突事故	5	2	衝突事故	衝突事故:3 衝突|事故:2	train=5
言うなら	5	2	言うなら	言うなら:3 言う|なら:2	train=5
話せよ	5	2	話せ|よ	話せ|よ:3 話せよ:2	train=5
逆に	5	2	逆に	逆に:3 逆|に:2	train=5
途中下車	5	2	途中|下車	途中|下車:3 途中下車:2	train=5
連れてく	5	2	連れて|く	連れて|く:3 連れてく:2	train=5
運動神経	5	2	運動神経	運動神経:3 運動|神経:2	train=5
重要でない	5	2	重要で|ない	重要で|ない:3 重要でない:2	train=5
飛行時間	5	2	飛行|時間	飛行|時間:3 飛行時間:2	train=5
高所恐怖症	5	2	高所|恐怖症	高所|恐怖症:3 高所恐怖症:2	train=5
あるようだった	4	2	あるようだった	あるようだった:2 ある|よう|だった:2	train=4
あ～～	4	2	あ～～	あ～～:2 あ|～|～:2	train=4
いたようです	4	2	いたようです	いたようです:2 いた|よう|です:2	train=4
いないようだ	4	2	いないようだ	いないようだ:2 いない|よう|だ:2	train=4
おいとましなければ	4	2	おいとましなければ	おいとましなければ:2 おいとま|しなければ:2	train=4
おてんば娘	4	2	おてんば娘	おてんば娘:2 おてんば|娘:2	test=1,train=3
お分かりです	4	2	お分かり|です	お分かり|です:2 お分かりです:2	train=4
お寺さん	4	2	お寺|さん	お寺|さん:2 お寺さん:2	train=4
お祖父さん	4	2	お祖父さん	お祖父さん:2 お祖父|さん:2	train=4
お越しいただき	4	2	お越し|いただき	お越し|いただき:2 お越しいただき:2	train=4
お送りしましょう	4	2	お送り|しましょう	お送り|しましょう:2 お送りしましょう:2	train=4
かお	4	2	かお	かお:2 か|お:2	train=4
がたい	4	2	がたい	がたい:2 が|たい:2	train=4
こだました	4	2	こだました	こだました:2 こだま|した:2	train=4
ご無事で	4	2	ご無事で	ご無事で:2 ご無事|で:2	train=4
さえない	4	2	さえない	さえない:2 さえ|ない:2	train=4
さては	4	2	さて|は	さて|は:2 さては:2	train=4
しなくなった	4	2	しなくなった	しなくなった:2 しなく|なった:2	train=4
しろってんだ	4	2	しろ|って|ん|だ	しろ|って|ん|だ:2 しろってんだ:2	train=4
し始めて	4	2	し始めて	し始めて:2 し|始めて:2	train=4
し過ぎ	4	2	し|過ぎ	し|過ぎ:2 し過ぎ:2	train=4
すらっと	4	2	すらっと	すらっと:2 すらっ|と:2	train=4
だあ	4	2	だあ	だあ:2 だ|あ:2	train=4
だあれ	4	2	だあれ	だあれ:2 だ|あれ:2	train=4
できなくなった	4	2	できなくなった	できなくなった:2 できなく|なった:2	train=4
なんなん	4	2	なんな|ん	なんな|ん:2 なんなん:2	train=4
にて	4	2	にて	にて:2 に|て:2	train=4
はなれなかった	4	2	はなれなかった	はなれなかった:2 は|なれなかった:2	train=4
ひいては	4	2	ひいて|は	ひいて|は:2 ひいては:2	train=4
もうもう	4	2	もうもう	もうもう:2 もう|もう:2	train=4
もってこいの	4	2	もってこいの	もってこいの:2 もって|こい|の:1 もってこい|の:1	train=4
やり終えて	4	2	やり|終えて	やり|終えて:2 やり終えて:2	train=4
ゆいが	4	2	ゆいが	ゆいが:2 ゆい|が:2	train=4
よお	4	2	よ|お	よ|お:2 よお:2	train=4
アルプス山脈	4	2	アルプス|山脈	アルプス|山脈:2 アルプス山脈:2	train=4
クスの	4	2	クス|の	クス|の:2 クスの:2	train=4
ケンブリッジ大学	4	2	ケンブリッジ|大学	ケンブリッジ|大学:2 ケンブリッジ大学:2	train=4
スイート･ウオーター	4	2	スイート|･|ウオーター	スイート|･|ウオーター:2 スイート･ウオーター:2	train=3,val=1
チャオ家	4	2	チャオ|家	チャオ|家:2 チャオ家:2	train=4
テーマパーク	4	2	テーマ|パーク	テーマ|パーク:2 テーマパーク:2	train=4
ネズミ捕り	4	2	ネズミ捕り	ネズミ捕り:2 ネズミ|捕り:2	train=4
マジだ	4	2	マジ|だ	マジ|だ:2 マジだ:2	train=4
ヴォラピュク語	4	2	ヴォラピュク|語	ヴォラピュク|語:2 ヴォラピュク語:2	train=4
一両日中	4	2	一両日中	一両日中:2 一両日|中:2	train=4
一件落着	4	2	一件落着	一件落着:2 一件|落着:2	train=4
一卵性双生児	4	2	一卵性双生児	一卵性双生児:2 一卵性|双生児:2	train=4
一年目	4	2	一年目	一年目:2 一年|目:2	train=4
一汁	4	2	一汁	一汁:2 一|汁:2	train=4
一般公開	4	2	一般公開	一般公開:2 一般|公開:2	train=4
七転蛊仙	4	2	七転|蛊仙	七転|蛊仙:2 七転蛊仙:2	train=4
三々五々	4	2	三々|五々	三々|五々:2 三々五々:2	train=4
三奥様	4	2	三奥様	三奥様:2 三奥|様:2	train=4
不自然に	4	2	不自然に	不自然に:2 不自然|に:2	test=1,train=3
二者択一	4	2	二者|択一	二者|択一:2 二者択一:2	train=4
五年前	4	2	五|年前	五|年前:2 五年前:1 五年|前:1	train=4
交通手段	4	2	交通|手段	交通|手段:2 交通手段:2	train=4
仙友	4	2	仙|友	仙|友:2 仙友:2	train=4
仙材	4	2	仙|材	仙|材:2 仙材:2	train=4
仙陣	4	2	仙陣	仙陣:2 仙|陣:2	train=4
何とかなる	4	2	何とかなる	何とかなる:2 何とか|なる:2	train=4
働きすぎです	4	2	働きすぎ|です	働きすぎ|です:2 働きすぎです:2	test=1,train=3
元蓮仙尊	4	2	元蓮仙尊	元蓮仙尊:2 元蓮|仙尊:2	train=4
免税品	4	2	免税|品	免税|品:2 免税品:2	train=4
全速前進	4	2	全速前進	全速前進:2 全速|前進:2	train=4
初仕事	4	2	初仕事	初仕事:2 初|仕事:2	train=4
動き続けて	4	2	動き続けて	動き続けて:2 動き|続けて:2	train=4
千里地狼蛛	4	2	千里|地|狼蛛	千里|地|狼蛛:2 千里地狼蛛:2	train=4
半ダース	4	2	半ダース	半ダース:2 半|ダース:2	train=4
原子力発電所	4	2	原子力|発電所	原子力|発電所:2 原子力発電所:2	train=3,val=1
友好関係	4	2	友好|関係	友好|関係:2 友好関係:2	train=4
台無しだ	4	2	台無し|だ	台無し|だ:2 台無しだ:2	train=4
君んち	4	2	君|んち	君|んち:2 君んち:2	train=4
唯我独尊	4	2	唯我独尊	唯我独尊:2 唯|我|独尊:2	train=4
垂直に	4	2	垂直|に	垂直|に:2 垂直に:2	train=4
売り切れた	4	2	売り|切れた	売り|切れた:2 売り切れた:2	train=4
夢求真	4	2	夢|求真	夢|求真:2 夢求真:2	train=4
太上大長老	4	2	太上|大|長老	太上|大|長老:2 太上大長老:2	train=4
妙音仙子	4	2	妙音|仙子	妙音|仙子:2 妙音仙子:2	train=4
姉妹都市	4	2	姉妹|都市	姉妹|都市:2 姉妹都市:2	train=4
察する	4	2	察|する	察|する:2 察する:2	train=4
左手家	4	2	左手家	左手家:2 左手|家:2	train=4
巫鬼	4	2	巫鬼	巫鬼:2 巫|鬼:2	train=4
年より	4	2	年より	年より:2 年|より:2	train=4
座るよう	4	2	座るよう	座るよう:2 座る|よう:2	train=4
強盗事件	4	2	強盗事件	強盗事件:2 強盗|事件:2	test=1,train=3
押しのけた	4	2	押し|のけた	押し|のけた:2 押しのけた:1 押し|の|けた:1	train=4
探索隊	4	2	探索|隊	探索|隊:2 探索隊:2	train=4
昏睡状態	4	2	昏睡|状態	昏睡|状態:2 昏睡状態:2	train=4
智慧蛊	4	2	智慧蛊	智慧蛊:2 智慧|蛊:2	train=4
核実験	4	2	核|実験	核|実験:2 核実験:2	train=4
沈魚落雁	4	2	沈魚|落雁	沈魚|落雁:2 沈魚落雁:2	train=4
涙もろい	4	2	涙|もろい	涙|もろい:2 涙もろい:2	train=4
満員だ	4	2	満員|だ	満員|だ:2 満員だ:2	train=4
無け無し	4	2	無け|無し	無け|無し:2 無け無し:2	train=4
無視し	4	2	無視|し	無視|し:2 無視し:2	train=4
独立記念日	4	2	独立|記念日	独立|記念日:2 独立記念日:2	train=4
王さん	4	2	王さん	王さん:2 王|さん:2	train=4
現在形	4	2	現在|形	現在|形:2 現在形:2	train=4
産業革命	4	2	産業革命	産業革命:2 産業|革命:2	train=4
申し訳ないです	4	2	申し訳ないです	申し訳ないです:2 申し訳|ないです:2	train=4
男らしさ	4	2	男らしさ	男らしさ:2 男|らしさ:2	train=4
疲れたよう	4	2	疲れたよう	疲れたよう:2 疲れた|よう:2	train=4
百足天君	4	2	百足天君	百足天君:2 百足|天君:2	train=4
直に	4	2	直に	直に:2 直|に:2	train=4
研石老人	4	2	研石老人	研石老人:2 研石|老人:2	train=4
秘匿委員会	4	2	秘匿委員会	秘匿委員会:2 秘匿|委員会:2	train=4
第13章	4	2	第|13|章	第|13|章:2 第13章:2	train=4
管理人さん	4	2	管理人さん	管理人さん:2 管理人|さん:2	train=4
精一杯だった	4	2	精一杯だった	精一杯だった:2 精一杯|だった:2	train=4
精神分析	4	2	精神分析	精神分析:2 精神|分析:2	train=4
精神分析医	4	2	精神分析医	精神分析医:2 精神|分析|医:2	train=4
置いてく	4	2	置いてく	置いてく:2 置いて|く:2	train=4
群力蠱	4	2	群|力|蠱	群|力|蠱:2 群力蠱:2	train=4
考えな	4	2	考え|な	考え|な:2 考えな:2	train=4
苦貝酒	4	2	苦貝酒	苦貝酒:2 苦|貝|酒:2	train=4
莫家	4	2	莫家	莫家:2 莫|家:2	train=4
蛊仙界	4	2	蛊仙界	蛊仙界:2 蛊仙|界:2	train=4
蠱方	4	2	蠱方	蠱方:2 蠱|方:2	train=4
血なまぐさい	4	2	血なまぐさい	血なまぐさい:2 血|なまぐさい:2	train=4
裸だった	4	2	裸だった	裸だった:2 裸|だった:2	train=4
見ず知らず	4	2	見ず|知らず	見ず|知らず:2 見ず知らず:2	train=4
規則正しい	4	2	規則|正しい	規則|正しい:2 規則正しい:2	train=4
豊作だった	4	2	豊作|だった	豊作|だった:2 豊作だった:2	train=4
負けず嫌い	4	2	負けず嫌い	負けず嫌い:2 負けず|嫌い:2	train=4
踏み出した	4	2	踏み出した	踏み出した:2 踏み|出した:2	train=4
身の上話	4	2	身|の|上話	身|の|上話:2 身の上話:2	train=4
追加料金	4	2	追加|料金	追加|料金:2 追加料金:2	train=4
透明人間	4	2	透明人間	透明人間:2 透明|人間:2	train=4
道痕	4	2	道痕	道痕:2 道|痕:2	train=4
道路地図	4	2	道路地図	道路地図:2 道路|地図:2	train=4
都市生活	4	2	都市|生活	都市|生活:2 都市生活:2	train=4
鏡舞い	4	2	鏡|舞い	鏡|舞い:2 鏡舞い:2	train=4
間違えたようだ	4	2	間違えたようだ	間違えたようだ:2 間違えた|よう|だ:2	train=4
電気ストーブ	4	2	電気ストーブ	電気ストーブ:2 電気|ストーブ:2	train=4
電話口	4	2	電話口	電話口:2 電話|口:2	train=4
頭痛い	4	2	頭痛い	頭痛い:2 頭|痛い:1 頭痛|い:1	train=4
飛び込んできた	4	2	飛び込んで|きた	飛び込んで|きた:2 飛び込んできた:2	train=4
駐屯軍	4	2	駐屯|軍	駐屯|軍:2 駐屯軍:2	train=4
鮮やかに	4	2	鮮やか|に	鮮やか|に:2 鮮やかに:2	train=4
お話し中	3	2	お話し|中	お話し|中:1 お|話し|中:1 お話し中:1	train=3
ぞっこんな	3	2	ぞっこん|な	ぞっこん|な:1 ぞっ|こんな:1 ぞっこんな:1	train=3
まにあった	3	2	ま|に|あった	ま|に|あった:1 まに|あった:1 まにあった:1	train=3
よその	3	2	よその	よその:1 よ|その:1 よそ|の:1	train=3
わねえ	3	2	わねえ	わねえ:1 わ|ねえ:1 わ|ね|え:1	train=3
上手くいった	3	2	上手|くいった	上手|くいった:1 上手くいった:1 上手く|いった:1	train=3
上手くいってる	3	2	上手くいってる	上手くいってる:1 上手|くいってる:1 上手く|いってる:1	train=3
息子ども	3	2	息|子ども	息|子ども:1 息子ども:1 息子|ども:1	train=3
死にてえ	3	2	死に|てえ	死に|てえ:1 死|にてえ:1 死にてえ:1	train=3
石頭シートウ	3	2	石頭シートウ	石頭シートウ:1 石頭|シートウ:1 石|頭|シートウ:1	train=3
彼女	13574	1	彼女	彼女:13573 |彼女:1	test=127,train=13334,val=113
した	11238	1	した	した:11237 し|た:1	test=92,train=11074,val=72
この	8961	1	この	この:8960 こ|の:1	test=73,train=8811,val=77
ように	2391	1	よう|に	よう|に:2390 ように:1	test=13,train=2367,val=11
なの	2275	1	な|の	な|の:2274 なの:1	test=14,train=2248,val=13
自分の	1668	1	自分|の	自分|の:1667 自分の:1	test=11,train=1646,val=11
である	1606	1	で|ある	で|ある:1605 である:1	test=11,train=1588,val=7
我々	1378	1	我々	我々:1377 我|々:1	test=7,train=1357,val=14
だと	1302	1	だ|と	だ|と:1301 だと:1	test=11,train=1287,val=4
できる	1173	1	できる	できる:1172 で|きる:1	test=7,train=1158,val=8
みんな	1057	1	みんな	みんな:1056 みん|な:1	test=6,train=1045,val=6
と思う	1046	1	と|思う	と|思う:1045 と思う:1	test=8,train=1033,val=5
なら	891	1	なら	なら:890 な|ら:1	test=10,train=874,val=7
すぐに	839	1	すぐ|に	すぐ|に:838 すぐに:1	test=1,train=828,val=10
がいい	824	1	が|いい	が|いい:823 がいい:1	train=818,val=6
しない	710	1	しない	しない:709 し|ない:1	test=6,train=700,val=4
の方	539	1	の|方	の|方:538 の方:1	test=4,train=527,val=8
にした	529	1	に|した	に|した:528 にした:1	test=4,train=522,val=3
の話	474	1	の|話	の|話:473 の話:1	test=4,train=468,val=2
すると	458	1	する|と	する|と:457 すると:1	test=2,train=454,val=2
人々	450	1	人々	人々:449 人|々:1	test=6,train=442,val=2
どちら	439	1	どちら	どちら:438 |どちら:1	test=4,train=430,val=5
しか	437	1	しか	しか:436 し|か:1	test=2,train=433,val=2
にする	395	1	に|する	に|する:394 にする:1	test=1,train=391,val=3
よね	335	1	よ|ね	よ|ね:334 よね:1	test=1,train=331,val=3
しなければならない	317	1	しなければ|ならない	しなければ|ならない:316 しなければならない:1	test=1,train=316
したん	297	1	した|ん	した|ん:296 したん:1	test=2,train=293,val=2
できた	296	1	できた	できた:295 で|きた:1	test=1,train=294,val=1
話して	288	1	話して	話して:287 話|して:1	test=2,train=284,val=2
される	259	1	される	される:258 さ|れる:1	test=4,train=252,val=3
なし	257	1	なし	なし:256 な|し:1	test=2,train=255
できなかった	235	1	できなかった	できなかった:234 で|きなかった:1	test=1,train=231,val=3
にあった	216	1	に|あった	に|あった:215 にあった:1	test=1,train=214,val=1
あと	209	1	あと	あと:208 あ|と:1	test=1,train=207,val=1
ねえ	205	1	ねえ	ねえ:204 ね|え:1	test=1,train=204
おかげ	201	1	おかげ	おかげ:200 お|かげ:1	test=1,train=200
を着て	197	1	を|着て	を|着て:196 を着て:1	test=1,train=196
今の	186	1	今|の	今|の:185 今の:1	test=2,train=183,val=1
できて	175	1	できて	できて:174 で|きて:1	train=173,val=2
とする	172	1	と|する	と|する:171 とする:1	test=2,train=169,val=1
会いに	168	1	会い|に	会い|に:167 会いに:1	train=167,val=1
後で	146	1	後|で	後|で:145 後で:1	train=144,val=2
はっきり	140	1	はっきり	はっきり:139 は|っきり:1	test=3,train=137
もん	136	1	もん	もん:135 も|ん:1	test=1,train=135
を作った	136	1	を|作った	を|作った:135 を作った:1	test=1,train=134,val=1
んじゃない	134	1	ん|じゃ|ない	ん|じゃ|ない:133 んじゃない:1	train=132,val=2
はなく	129	1	は|なく	は|なく:128 はなく:1	test=3,train=126
出かけた	123	1	出かけた	出かけた:122 出|かけた:1	test=1,train=122
になりました	122	1	に|なりました	に|なりました:121 になりました:1	test=1,train=119,val=2
になるだろう	118	1	に|なるだろう	に|なるだろう:117 になるだろう:1	train=117,val=1
はできない	118	1	は|できない	は|できない:117 はできない:1	train=118
簡単に	118	1	簡単|に	簡単|に:117 簡単に:1	train=117,val=1
思い出す	112	1	思い出す	思い出す:111 思い|出す:1	test=1,train=111
がいた	110	1	が|いた	が|いた:109 がいた:1	train=110
が気	105	1	が|気	が|気:104 が気:1	train=104,val=1
父さん	105	1	父さん	父さん:104 父|さん:1	test=1,train=104
の意味	103	1	の|意味	の|意味:102 の意味:1	test=4,train=99
もなかった	101	1	も|なかった	も|なかった:100 もなかった:1	train=101
何年	100	1	何年	何年:99 何|年:1	train=97,val=3
ごめん	99	1	ごめん	ごめん:98 ごめ|ん:1	train=99
を出した	98	1	を|出した	を|出した:97 を出した:1	test=1,train=97
を得た	98	1	を|得た	を|得た:97 を得た:1	test=2,train=96
いたん	96	1	いた|ん	いた|ん:95 いたん:1	test=1,train=94,val=1
が見える	96	1	が|見える	が|見える:95 が見える:1	test=1,train=94,val=1
もと	95	1	もと	もと:94 も|と:1	test=1,train=94
何回	92	1	何回	何回:91 何|回:1	train=91,val=1
を知ってる	90	1	を|知ってる	を|知ってる:89 を知ってる:1	test=2,train=85,val=3
我が	90	1	我が	我が:89 我|が:1	train=90
なったら	88	1	なったら	なったら:87 なった|ら:1	train=88
なくて	87	1	なくて	なくて:86 なく|て:1	test=1,train=85,val=1
なしで	87	1	なし|で	なし|で:86 なしで:1	train=87
をとる	85	1	を|とる	を|とる:84 をとる:1	test=1,train=84
ときどき	84	1	ときどき	ときどき:83 と|きどき:1	test=1,train=82,val=1
電話番号	84	1	電話番号	電話番号:83 電話|番号:1	test=3,train=81
が入って	82	1	が|入って	が|入って:81 が入って:1	test=1,train=80,val=1
に行かない	81	1	に|行かない	に|行かない:80 に行かない:1	test=1,train=80
きれいに	79	1	きれい|に	きれい|に:78 きれいに:1	train=76,val=3
できている	79	1	できて|いる	できて|いる:78 できている:1	train=79
ひとりで	77	1	ひとり|で	ひとり|で:76 ひとりで:1	train=76,val=1
もかかわらず	76	1	も|かかわらず	も|かかわらず:75 もかかわらず:1	test=2,train=73,val=1
はしない	73	1	は|しない	は|しない:72 はしない:1	test=2,train=71
なっています	67	1	なって|います	なって|います:66 なっています:1	train=67
かかっている	66	1	かかって|いる	かかって|いる:65 かかっている:1	train=63,val=3
に行こう	66	1	に|行こう	に|行こう:65 に行こう:1	test=1,train=65
受け取った	66	1	受け取った	受け取った:65 受け|取った:1	test=1,train=65
間に合う	66	1	間に合う	間に合う:65 間に|合う:1	train=66
を出た	65	1	を|出た	を|出た:64 を出た:1	train=65
使い方	62	1	使い方	使い方:61 使い|方:1	train=62
話し	61	1	話し	話し:60 話|し:1	train=61
一時間	60	1	一時間	一時間:59 一|時間:1	test=1,train=59
になるでしょう	59	1	に|なるでしょう	に|なるでしょう:58 になるでしょう:1	train=59
日曜	59	1	日曜	日曜:58 日|曜:1	train=57,val=2
実際に	58	1	実際|に	実際|に:57 実際に:1	train=58
行くと	58	1	行く|と	行く|と:57 行くと:1	train=58
そこの	57	1	そこ|の	そこ|の:56 そこの:1	train=57
になろう	57	1	に|なろう	に|なろう:56 になろう:1	train=57
はいかが	57	1	は|いかが	は|いかが:56 はいかが:1	train=57
行ってきた	57	1	行って|きた	行って|きた:56 行ってきた:1	test=3,train=54
が見えます	56	1	が|見えます	が|見えます:55 が見えます:1	test=1,train=55
手の	56	1	手|の	手|の:55 手の:1	train=56
……	55	1	…|…	…|…:54 ……:1	train=55
もはや	55	1	もはや	もはや:54 も|はや:1	train=55
を変えた	55	1	を|変えた	を|変えた:54 を変えた:1	train=55
いつもの	53	1	いつも|の	いつも|の:52 いつもの:1	train=53
と思ってる	53	1	と|思ってる	と|思ってる:52 と思ってる:1	train=53
ままで	53	1	まま|で	まま|で:52 ままで:1	train=53
寝てる	53	1	寝てる	寝てる:52 寝て|る:1	train=53
が出る	50	1	が|出る	が|出る:49 が出る:1	train=50
を見かけた	50	1	を|見かけた	を|見かけた:49 を見かけた:1	train=49,val=1
友だち	50	1	友だち	友だち:49 友|だち:1	test=1,train=47,val=2
ようだった	49	1	よう|だった	よう|だった:48 ようだった:1	test=1,train=48
日の	49	1	日|の	日|の:48 日の:1	test=1,train=47,val=1
ご覧	48	1	ご覧	ご覧:47 ご|覧:1	test=1,train=47
ため息	48	1	ため息	ため息:47 ため|息:1	test=2,train=46
にしよう	48	1	に|しよう	に|しよう:47 にしよう:1	train=47,val=1
はじめて	48	1	はじめて	はじめて:47 は|じめて:1	train=48
お気に入り	46	1	お気に入り	お気に入り:45 お|気に入り:1	test=1,train=44,val=1
お宅	44	1	お宅	お宅:43 お|宅:1	train=44
いいこと	43	1	いい|こと	いい|こと:42 いいこと:1	train=43
くらいです	43	1	くらい|です	くらい|です:42 くらいです:1	train=42,val=1
知り合った	43	1	知り合った	知り合った:42 知り|合った:1	test=1,train=42
終わりに	43	1	終わり|に	終わり|に:42 終わりに:1	train=43
が悪く	42	1	が|悪く	が|悪く:41 が悪く:1	train=42
はあった	42	1	は|あった	は|あった:41 はあった:1	test=1,train=40,val=1
に従って	41	1	に|従って	に|従って:40 に従って:1	train=40,val=1
ことって	40	1	こと|って	こと|って:39 ことって:1	train=39,val=1
をひいた	39	1	を|ひいた	を|ひいた:38 をひいた:1	train=39
乗り遅れた	39	1	乗り遅れた	乗り遅れた:38 乗り|遅れた:1	train=39
俺達	39	1	俺|達	俺|達:38 俺達:1	train=38,val=1
天気予報	39	1	天気予報	天気予報:38 天気|予報:1	train=39
話したい	38	1	話したい	話したい:37 話|したい:1	train=37,val=1
近くで	38	1	近く|で	近く|で:37 近くで:1	test=1,train=37
やらない	37	1	やらない	やらない:36 やら|ない:1	train=36,val=1
を示した	37	1	を|示した	を|示した:36 を示した:1	train=37
三日	37	1	三日	三日:36 三|日:1	train=37
作り方	36	1	作り方	作り方:35 作り|方:1	train=35,val=1
前もって	36	1	前もって	前もって:35 前|もって:1	train=36
遅かれ早かれ	36	1	遅かれ|早かれ	遅かれ|早かれ:35 遅かれ早かれ:1	train=36
でさえ	35	1	で|さえ	で|さえ:34 でさえ:1	test=1,train=34
もんだ	35	1	もん|だ	もん|だ:34 もんだ:1	train=35
ある日	34	1	ある|日	ある|日:33 ある日:1	train=33,val=1
要する	34	1	要する	要する:33 要|する:1	train=33,val=1
かろうじて	33	1	かろうじて	かろうじて:32 かろう|じて:1	test=1,train=32
に出かける	32	1	に|出かける	に|出かける:31 に出かける:1	train=32
愚かな	32	1	愚か|な	愚か|な:31 愚かな:1	test=1,train=31
探してる	32	1	探してる	探してる:31 探して|る:1	train=31,val=1
旅行中	32	1	旅行|中	旅行|中:31 旅行中:1	train=30,val=2
高くない	32	1	高くない	高くない:31 高く|ない:1	test=1,train=30,val=1
いろんな	31	1	いろんな	いろんな:30 いろん|な:1	test=1,train=29,val=1
にしました	31	1	に|しました	に|しました:30 にしました:1	train=31
ひと	31	1	ひと	ひと:30 ひ|と:1	train=30,val=1
飛び込んだ	31	1	飛び込んだ	飛び込んだ:30 飛び|込んだ:1	test=1,train=30
あなた達	30	1	あなた|達	あなた|達:29 あなた達:1	train=30
お休み	30	1	お休み	お休み:29 お|休み:1	train=30
愛されて	30	1	愛されて	愛されて:29 愛|されて:1	train=29,val=1
新たな	30	1	新た|な	新た|な:29 新たな:1	test=1,train=29
はこう	29	1	は|こう	は|こう:28 はこう:1	train=29
確かな	29	1	確か|な	確か|な:28 確かな:1	train=29
お仕事	28	1	お仕事	お仕事:27 お|仕事:1	train=28
お住まい	28	1	お住まい	お住まい:27 お|住まい:1	train=27,val=1
その上	28	1	その|上	その|上:27 その上:1	test=1,train=27
外出して	28	1	外出|して	外出|して:27 外出して:1	test=1,train=27
に行けなかった	27	1	に|行けなかった	に|行けなかった:26 に行けなかった:1	test=1,train=26
を着る	27	1	を|着る	を|着る:26 を着る:1	train=26,val=1
比べると	26	1	比べる|と	比べる|と:25 比べると:1	train=26
社会的	26	1	社会的	社会的:25 社会|的:1	train=26
親切で	26	1	親切で	親切で:25 親切|で:1	train=26
間違いなく	26	1	間違い|なく	間違い|なく:25 間違いなく:1	train=25,val=1
いっつも	25	1	いっつも	いっつも:24 いっつ|も:1	train=25
おやすみ	25	1	おやすみ	おやすみ:24 お|やすみ:1	train=24,val=1
お祝い	25	1	お祝い	お祝い:24 お|祝い:1	train=25
かいて	25	1	かいて	かいて:24 か|いて:1	train=25
が入ってる	25	1	が|入ってる	が|入ってる:24 が入ってる:1	train=25
立ち去った	25	1	立ち去った	立ち去った:24 立ち|去った:1	train=25
といけません	24	1	と|いけません	と|いけません:23 といけません:1	train=22,val=2
と言ったら	24	1	と|言ったら	と|言ったら:23 と言ったら:1	train=24
に向かった	24	1	に|向かった	に|向かった:23 に向かった:1	train=24
一人暮らし	24	1	一人暮らし	一人暮らし:23 一人|暮らし:1	train=24
数時間	24	1	数時間	数時間:23 数|時間:1	train=24
正直者	24	1	正直者	正直者:23 正直|者:1	test=1,train=23
美人だ	24	1	美人|だ	美人|だ:23 美人だ:1	train=24
お伺い	23	1	お伺い	お伺い:22 お|伺い:1	train=23
するなら	23	1	するなら	するなら:22 する|なら:1	train=22,val=1
は行かない	23	1	は|行かない	は|行かない:22 は行かない:1	train=23
やってた	23	1	やってた	やってた:22 やって|た:1	test=1,train=22
何度か	23	1	何度|か	何度|か:22 何度か:1	train=23
召し上がって	23	1	召し上がって	召し上がって:22 召し|上がって:1	train=23
忘れないで	23	1	忘れないで	忘れないで:22 忘れない|で:1	train=23
思い出します	23	1	思い出します	思い出します:22 思い|出します:1	test=1,train=21,val=1
曲は	23	1	曲|は	曲|は:22 曲は:1	train=23
病気です	23	1	病気|です	病気|です:22 病気です:1	train=23
約78人	23	1	約|78人	約|78人:22 約78人:1	train=23
お祭り	22	1	お祭り	お祭り:21 お|祭り:1	test=1,train=21
お聞き	22	1	お聞き	お聞き:21 お|聞き:1	train=22
かわかる	22	1	か|わかる	か|わかる:21 かわかる:1	train=22
になれ	22	1	に|なれ	に|なれ:21 になれ:1	train=22
のど	22	1	のど	のど:21 の|ど:1	train=22
もならない	22	1	も|ならない	も|ならない:21 もならない:1	train=22
ホントに	22	1	ホント|に	ホント|に:21 ホントに:1	train=21,val=1
予定通り	22	1	予定|通り	予定|通り:21 予定通り:1	test=1,train=21
大都市	22	1	大都市	大都市:21 大|都市:1	train=22
来るよう	22	1	来る|よう	来る|よう:21 来るよう:1	train=22
自己紹介	22	1	自己紹介	自己紹介:21 自己|紹介:1	train=22
追いかけた	22	1	追いかけた	追いかけた:21 追い|かけた:1	train=22
お嬢さん	21	1	お嬢さん	お嬢さん:20 お嬢|さん:1	train=21
に入らない	21	1	に|入らない	に|入らない:20 に入らない:1	train=21
もだ	21	1	も|だ	も|だ:20 もだ:1	train=21
アメリカ合衆国	21	1	アメリカ合衆国	アメリカ合衆国:20 アメリカ|合衆国:1	test=1,train=20
寒くなって	21	1	寒く|なって	寒く|なって:20 寒くなって:1	train=21
対し	21	1	対し	対し:20 対|し:1	train=21
愚か者	21	1	愚か者	愚か者:20 愚か|者:1	train=21
手渡した	21	1	手渡した	手渡した:20 手|渡した:1	train=21
約79人	21	1	約|79人	約|79人:20 約79人:1	train=21
通り抜けた	21	1	通り抜けた	通り抜けた:20 通り|抜けた:1	train=21
おかけ	20	1	おかけ	おかけ:19 お|かけ:1	train=20
かかっていた	20	1	かかって|いた	かかって|いた:19 かかっていた:1	train=20
さも	20	1	さも	さも:19 さ|も:1	train=20
でする	20	1	で|する	で|する:19 でする:1	test=1,train=19
にきて	20	1	に|きて	に|きて:19 にきて:1	train=20
に合わない	20	1	に|合わない	に|合わない:19 に合わない:1	train=20
はやく	20	1	はやく	はやく:19 は|やく:1	train=20
を見つめた	20	1	を|見つめた	を|見つめた:19 を見つめた:1	train=20
徹底的に	20	1	徹底的|に	徹底的|に:19 徹底的に:1	train=19,val=1
殺人罪	20	1	殺人罪	殺人罪:19 殺人|罪:1	train=20
訳した	20	1	訳した	訳した:19 訳|した:1	train=20
くるん	19	1	くる|ん	くる|ん:18 くるん:1	train=18,val=1
くれてる	19	1	くれてる	くれてる:18 くれて|る:1	train=19
はいえ	19	1	は|いえ	は|いえ:18 はいえ:1	train=19
は無い	19	1	は|無い	は|無い:18 は無い:1	train=19
を下ろした	19	1	を|下ろした	を|下ろした:18 を下ろした:1	train=19
中古車	19	1	中古車	中古車:18 中古|車:1	train=19
会いたがって	19	1	会いたがって	会いたがって:18 会い|たがって:1	train=19
何語	19	1	何語	何語:18 何|語:1	train=19
受け入れた	19	1	受け入れた	受け入れた:18 受け|入れた:1	train=19
受け取って	19	1	受け取って	受け取って:18 受け|取って:1	train=18,val=1
大きくなった	19	1	大きく|なった	大きく|なった:18 大きくなった:1	train=19
日の出	19	1	日の出	日の出:18 日|の|出:1	test=1,train=18
見上げた	19	1	見上げた	見上げた:18 見|上げた:1	train=19
遊んでた	19	1	遊んでた	遊んでた:18 遊んで|た:1	train=19
そういった	18	1	そう|いった	そう|いった:17 そういった:1	train=18
そっちは	18	1	そっち|は	そっち|は:17 そっちは:1	train=18
よくなる	18	1	よく|なる	よく|なる:17 よくなる:1	train=17,val=1
をつくる	18	1	を|つくる	を|つくる:17 をつくる:1	train=17,val=1
を集めた	18	1	を|集めた	を|集めた:17 を集めた:1	train=18
一気に	18	1	一気|に	一気|に:17 一気に:1	train=18
佐藤博士	18	1	佐藤|博士	佐藤|博士:17 佐藤博士:1	train=18
日暮らし	18	1	日暮らし	日暮らし:17 日|暮らし:1	train=18
無しで	18	1	無し|で	無し|で:17 無しで:1	train=18
無料で	18	1	無料で	無料で:17 無料|で:1	train=18
逃亡	18	1	逃亡	逃亡:17 |逃亡:1	test=1,train=17
お尋ね	17	1	お尋ね	お尋ね:16 お|尋ね:1	train=17
お願いいたします	17	1	お願い|いたします	お願い|いたします:16 お願いいたします:1	train=17
お飲み物	17	1	お飲み物	お飲み物:16 お|飲み物:1	train=17
ご協力	17	1	ご協力	ご協力:16 ご|協力:1	train=17
ご覧なさい	17	1	ご覧|なさい	ご覧|なさい:16 ご覧なさい:1	train=17
しろって	17	1	しろ|って	しろ|って:16 しろって:1	train=17
ないし	17	1	ない|し	ない|し:16 ないし:1	train=17
ねっ	17	1	ねっ	ねっ:16 ね|っ:1	train=17
の毒	17	1	の|毒	の|毒:16 の毒:1	train=17
もつ	17	1	もつ	もつ:16 も|つ:1	train=16,val=1
んなら	17	1	ん|なら	ん|なら:16 んなら:1	train=17
出てけ	17	1	出てけ	出てけ:16 出て|け:1	train=17
好きでした	17	1	好きでした	好きでした:16 好き|でした:1	train=17
安心して	17	1	安心|して	安心|して:16 安心して:1	test=2,train=15
輸入品	17	1	輸入品	輸入品:16 輸入|品:1	train=17
面して	17	1	面して	面して:16 面|して:1	test=1,train=16
さんっ	16	1	さん|っ	さん|っ:15 さんっ:1	train=16
どうに	16	1	どう|に	どう|に:15 どうに:1	train=16
はがっかり	16	1	は|がっかり	は|がっかり:15 はがっかり:1	train=16
は思わなかった	16	1	は|思わなかった	は|思わなかった:15 は思わなかった:1	train=16
使い果たした	16	1	使い果たした	使い果たした:15 使い|果たした:1	train=16
広大な	16	1	広大|な	広大|な:15 広大な:1	train=16
正しくない	16	1	正しくない	正しくない:15 正しく|ない:1	test=1,train=15
生き残った	16	1	生き残った	生き残った:15 生き|残った:1	test=1,train=15
生じる	16	1	生じる	生じる:15 生じ|る:1	train=16
約7人	16	1	約|7人	約|7人:15 約7人:1	train=16
貧乏だった	16	1	貧乏だった	貧乏だった:15 貧乏|だった:1	train=16
述べる	16	1	述べる	述べる:15 述べ|る:1	train=16
おかしな	15	1	おかしな	おかしな:14 おかし|な:1	train=15
お住まいです	15	1	お住まい|です	お住まい|です:14 お住まいです:1	train=15
お取りください	15	1	お取りください	お取りください:14 お|取りください:1	train=14,val=1
お返し	15	1	お返し	お返し:14 お|返し:1	train=15
ご迷惑	15	1	ご迷惑	ご迷惑:14 ご|迷惑:1	train=15
せっせと	15	1	せっせと	せっせと:14 せっせ|と:1	train=15
に入れました	15	1	に|入れました	に|入れました:14 に入れました:1	train=15
やつら	15	1	やつら	やつら:14 やつ|ら:1	train=15
クリスマスカード	15	1	クリスマスカード	クリスマスカード:14 クリスマス|カード:1	train=15
嫌って	15	1	嫌って	嫌って:14 嫌|って:1	train=15
建設中	15	1	建設|中	建設|中:14 建設中:1	train=14,val=1
携帯電話	15	1	携帯電話	携帯電話:14 携帯|電話:1	train=15
旦那様	15	1	旦那様	旦那様:14 旦那|様:1	train=15
瀧くん	15	1	瀧|くん	瀧|くん:14 瀧くん:1	train=15
無理やり	15	1	無理やり	無理やり:14 無理|やり:1	test=2,train=13
第48章	15	1	第48章	第48章:14 第|48|章:1	train=15
約72人	15	1	約|72人	約|72人:14 約72人:1	train=15
走り出した	15	1	走り出した	走り出した:14 走り|出した:1	test=2,train=13
高速道路	15	1	高速道路	高速道路:14 高速|道路:1	train=15
あれほど	14	1	あれ|ほど	あれ|ほど:13 あれほど:1	train=14
いただける	14	1	いただける	いただける:13 いただけ|る:1	train=14
お便り	14	1	お便り	お便り:13 お|便り:1	train=14
お巡りさん	14	1	お巡りさん	お巡りさん:13 お巡り|さん:1	train=14
お薬	14	1	お薬	お薬:13 お|薬:1	train=14
かすかな	14	1	かすか|な	かすか|な:13 かすかな:1	train=14
かわいそうな	14	1	かわいそう|な	かわいそう|な:13 かわいそうな:1	train=14
くるんだ	14	1	くる|ん|だ	くる|ん|だ:13 くるんだ:1	train=13,val=1
そいつら	14	1	そいつら	そいつら:13 そいつ|ら:1	train=14
であろう	14	1	で|あろう	で|あろう:13 であろう:1	train=14
に慣れた	14	1	に|慣れた	に|慣れた:13 に慣れた:1	train=14
のうわさ	14	1	の|うわさ	の|うわさ:13 のうわさ:1	train=14
は～い	14	1	は～い	は～い:13 は|～|い:1	train=13,val=1
もしも	14	1	もしも	もしも:13 もし|も:1	train=14
ものすごく	14	1	ものすごく	ものすごく:13 もの|すごく:1	train=14
三回	14	1	三回	三回:13 三|回:1	train=14
交通規則	14	1	交通|規則	交通|規則:13 交通規則:1	train=14
具体的に	14	1	具体的|に	具体的|に:13 具体的に:1	train=14
出たん	14	1	出た|ん	出た|ん:13 出たん:1	test=1,train=13
大喜び	14	1	大喜び	大喜び:13 大|喜び:1	train=14
山ほど	14	1	山|ほど	山|ほど:13 山ほど:1	train=14
巻き込まれた	14	1	巻き込まれた	巻き込まれた:13 巻き|込まれた:1	train=14
年老いた	14	1	年老いた	年老いた:13 年|老いた:1	train=14
第72章	14	1	第|72|章	第|72|章:13 第72章:1	train=14
言うか	14	1	言う|か	言う|か:13 言うか:1	train=14
いろいろと	13	1	いろいろ|と	いろいろ|と:12 いろいろと:1	train=13
うんと	13	1	うんと	うんと:12 うん|と:1	train=13
お考え	13	1	お考え	お考え:12 お|考え:1	train=13
が出ました	13	1	が|出ました	が|出ました:12 が出ました:1	train=13
が無かった	13	1	が|無かった	が|無かった:12 が無かった:1	train=13
ご出身	13	1	ご出身	ご出身:12 ご|出身:1	train=13
したがる	13	1	したがる	したがる:12 した|がる:1	train=13
したわ	13	1	した|わ	した|わ:12 したわ:1	train=13
に合った	13	1	に|合った	に|合った:12 に合った:1	test=1,train=12
に着きます	13	1	に|着きます	に|着きます:12 に着きます:1	train=13
みなした	13	1	みなした	みなした:12 み|な|した:1	train=13
もうじき	13	1	もう|じき	もう|じき:12 もうじき:1	train=13
キャ～	13	1	キャ|～	キャ|～:12 キャ～:1	train=13
スピード違反	13	1	スピード|違反	スピード|違反:12 スピード違反:1	train=13
俺ら	13	1	俺ら	俺ら:12 俺|ら:1	train=13
全面的	13	1	全面的	全面的:12 全面|的:1	train=13
出ていけ	13	1	出て|いけ	出て|いけ:12 出ていけ:1	test=1,train=12
切らして	13	1	切らして	切らして:12 切ら|し|て:1	train=13
反する	13	1	反する	反する:12 反|する:1	train=13
取り組んで	13	1	取り組んで	取り組んで:12 取り|組んで:1	train=13
吹き飛ばされた	13	1	吹き飛ばされた	吹き飛ばされた:12 吹き|飛ばされた:1	train=12,val=1
引き継いだ	13	1	引き継いだ	引き継いだ:12 引き|継いだ:1	train=13
必要ない	13	1	必要|ない	必要|ない:12 必要ない:1	train=13
思い出させる	13	1	思い出させる	思い出させる:12 思い出|させる:1	train=13
手当たり次第	13	1	手当たり|次第	手当たり|次第:12 手当たり次第:1	train=13
抜け出した	13	1	抜け出した	抜け出した:12 抜け|出した:1	test=1,train=12
探偵小説	13	1	探偵|小説	探偵|小説:12 探偵小説:1	train=13
文法的	13	1	文法的	文法的:12 文法|的:1	train=13
男子生徒	13	1	男子|生徒	男子|生徒:12 男子生徒:1	train=13
笑い者	13	1	笑い者	笑い者:12 笑い|者:1	test=1,train=12
遅くなった	13	1	遅く|なった	遅く|なった:12 遅くなった:1	train=13
飲んでた	13	1	飲んでた	飲んでた:12 飲んで|た:1	test=1,train=12
あっている	12	1	あって|いる	あって|いる:11 あっている:1	train=12
いうと	12	1	いう|と	いう|と:11 いうと:1	train=12
お会いした	12	1	お会い|した	お会い|した:11 お会いした:1	train=11,val=1
お使い	12	1	お使い	お使い:11 お|使い:1	train=12
お入りください	12	1	お入りください	お入りください:11 お|入りください:1	train=12
お呼び	12	1	お呼び	お呼び:11 お|呼び:1	train=12
お帰り	12	1	お帰り	お帰り:11 お|帰り:1	train=12
お聞かせください	12	1	お聞かせください	お聞かせください:11 お|聞かせください:1	train=12
ていう	12	1	て|いう	て|いう:11 ていう:1	train=12
みること	12	1	みる|こと	みる|こと:11 みること:1	train=12
イスラム教徒	12	1	イスラム教徒	イスラム教徒:11 イスラム|教徒:1	train=12
人間関係	12	1	人間関係	人間関係:11 人間|関係:1	train=12
何分	12	1	何分	何分:11 何|分:1	test=1,train=10,val=1
同然で	12	1	同然|で	同然|で:11 同然で:1	train=12
安全だ	12	1	安全だ	安全だ:11 安全|だ:1	train=12
密かに	12	1	密か|に	密か|に:11 密かに:1	test=1,train=11
屋さん	12	1	屋さん	屋さん:11 屋|さん:1	train=12
年上だ	12	1	年上|だ	年上|だ:11 年上だ:1	train=12
弟さん	12	1	弟さん	弟さん:11 弟|さん:1	train=12
思い付いた	12	1	思い付いた	思い付いた:11 思い|付いた:1	train=12
数日間	12	1	数日間	数日間:11 数日|間:1	train=12
文字どおり	12	1	文字|どおり	文字|どおり:11 文字どおり:1	train=12
日ごと	12	1	日|ごと	日|ごと:11 日ごと:1	train=12
書き終えた	12	1	書き終えた	書き終えた:11 書き|終えた:1	train=11,val=1
模型飛行機	12	1	模型|飛行機	模型|飛行機:11 模型飛行機:1	train=12
申し分ない	12	1	申し分|ない	申し分|ない:11 申し分ない:1	train=12
第67章	12	1	第67章	第67章:11 第|67|章:1	train=12
考えてた	12	1	考えてた	考えてた:11 考えて|た:1	train=12
肉体的	12	1	肉体的	肉体的:11 肉体|的:1	train=12
表した	12	1	表した	表した:11 表|した:1	train=11,val=1
赤くなった	12	1	赤く|なった	赤く|なった:11 赤くなった:1	train=12
降り続いた	12	1	降り続いた	降り続いた:11 降り|続いた:1	train=12
いただいても	11	1	いただいて|も	いただいて|も:10 いただいても:1	train=10,val=1
お寿司	11	1	お寿司	お寿司:10 お|寿司:1	train=11
これからも	11	1	これ|から|も	これ|から|も:10 これからも:1	train=11
ご在宅	11	1	ご在宅	ご在宅:10 ご|在宅:1	train=11
はだめ	11	1	は|だめ	は|だめ:10 はだめ:1	train=11
をかけない	11	1	を|かけない	を|かけない:10 をかけない:1	train=11
カッコいい	11	1	カッコ|いい	カッコ|いい:10 カッコいい:1	train=11
ヨーロッパ人	11	1	ヨーロッパ人	ヨーロッパ人:10 ヨーロッパ|人:1	train=10,val=1
一曲	11	1	一曲	一曲:10 一|曲:1	train=11
仮に	11	1	仮に	仮に:10 仮|に:1	train=11
出てた	11	1	出てた	出てた:10 出て|た:1	train=11
取りかかった	11	1	取りかかった	取りかかった:10 取り|かかった:1	train=11
取り扱って	11	1	取り扱って	取り扱って:10 取り|扱って:1	train=11
外した	11	1	外した	外した:10 外|した:1	train=11
左足	11	1	左足	左足:10 左|足:1	train=11
持ち合わせて	11	1	持ち合わせて	持ち合わせて:10 持ち|合わせて:1	train=11
株式市場	11	1	株式市場	株式市場:10 株式|市場:1	train=11
消え去った	11	1	消え去った	消え去った:10 消え|去った:1	train=11
物覚え	11	1	物覚え	物覚え:10 物|覚え:1	train=11
禁煙席	11	1	禁煙席	禁煙席:10 禁煙|席:1	train=11
私ども	11	1	私|ども	私|ども:10 私ども:1	train=11
第44章	11	1	第44章	第44章:10 第|44|章:1	train=11
第45章	11	1	第45章	第45章:10 第|45|章:1	train=11
第53章	11	1	第53章	第53章:10 第|53|章:1	train=11
第57章	11	1	第57章	第57章:10 第|57|章:1	train=11
第62章	11	1	第62章	第62章:10 第|62|章:1	train=11
読み終えました	11	1	読み終えました	読み終えました:10 読み|終えました:1	train=11
間に合います	11	1	間に合います	間に合います:10 間に|合います:1	train=11
飲料水	11	1	飲料水	飲料水:10 飲料|水:1	train=11
ああ～	10	1	ああ|～	ああ|～:9 ああ～:1	train=10
あの世	10	1	あの世	あの世:9 あの|世:1	train=10
おやすみなさい	10	1	おやすみなさい	おやすみなさい:9 お|やすみ|なさい:1	train=10
お探し	10	1	お探し	お探し:9 お|探し:1	train=10
お知り合い	10	1	お知り合い	お知り合い:9 お|知り合い:1	test=1,train=9
お砂糖	10	1	お砂糖	お砂糖:9 お|砂糖:1	train=10
お言葉	10	1	お言葉	お言葉:9 お|言葉:1	train=9,val=1
かなった	10	1	かなった	かなった:9 か|なった:1	train=10
がちだ	10	1	がちだ	がちだ:9 が|ち|だ:1	train=10
が付く	10	1	が|付く	が|付く:9 が付く:1	train=10
つけてた	10	1	つけてた	つけてた:9 つけて|た:1	train=10
とります	10	1	とります	とります:9 と|ります:1	train=9,val=1
なければならない	10	1	なければ|ならない	なければ|ならない:9 なければならない:1	train=10
なりたがって	10	1	なりたがって	なりたがって:9 なり|たがって:1	train=10
にいれた	10	1	に|いれた	に|いれた:9 にいれた:1	train=10
につないで	10	1	に|つないで	に|つないで:9 につないで:1	train=10
はよせ	10	1	は|よせ	は|よせ:9 はよせ:1	train=10
ぴったりだ	10	1	ぴったりだ	ぴったりだ:9 ぴったり|だ:1	train=10
ウソつき	10	1	ウソつき	ウソつき:9 ウソ|つき:1	train=10
サッカー選手	10	1	サッカー|選手	サッカー|選手:9 サッカー選手:1	train=10
テニス部	10	1	テニス|部	テニス|部:9 テニス部:1	train=10
ブタ野郎	10	1	ブタ|野郎	ブタ|野郎:9 ブタ野郎:1	train=10
ホラー映画	10	1	ホラー|映画	ホラー|映画:9 ホラー映画:1	train=10
一緒だ	10	1	一緒|だ	一緒|だ:9 一緒だ:1	train=10
入ってた	10	1	入ってた	入ってた:9 入って|た:1	train=10
召し上がれ	10	1	召し上がれ	召し上がれ:9 召し|上がれ:1	train=10
売れ行き	10	1	売れ行き	売れ行き:9 売れ|行き:1	train=10
姫さま	10	1	姫さま	姫さま:9 姫|さま:1	test=1,train=9
幸福です	10	1	幸福です	幸福です:9 幸福|です:1	train=10
彼女ら	10	1	彼女ら	彼女ら:9 彼女|ら:1	train=10
欲しいなら	10	1	欲しいなら	欲しいなら:9 欲しい|なら:1	train=10
歩き続けた	10	1	歩き続けた	歩き続けた:9 歩き|続けた:1	train=10
水の泡	10	1	水|の|泡	水|の|泡:9 水の泡:1	train=10
瀕して	10	1	瀕して	瀕して:9 瀕|して:1	train=10
無駄で	10	1	無駄で	無駄で:9 無駄|で:1	train=10
留守だ	10	1	留守|だ	留守|だ:9 留守だ:1	train=10
第10章	10	1	第|10|章	第|10|章:9 第10章:1	train=10
第64章	10	1	第64章	第64章:9 第|64|章:1	train=10
第76章	10	1	第76章	第76章:9 第|76|章:1	train=10
置いたっけ	10	1	置いた|っけ	置いた|っけ:9 置いたっけ:1	train=10
表します	10	1	表します	表します:9 表|します:1	train=10
解決法	10	1	解決法	解決法:9 解決|法:1	train=10
読み方	10	1	読み方	読み方:9 読み|方:1	train=10
読み書き	10	1	読み書き	読み書き:9 読み|書き:1	train=10
貧乏で	10	1	貧乏で	貧乏で:9 貧乏|で:1	train=10
賭け事	10	1	賭け事	賭け事:9 賭け|事:1	train=10
遅すぎる	10	1	遅すぎる	遅すぎる:9 遅|すぎる:1	train=10
金持ちだった	10	1	金持ち|だった	金持ち|だった:9 金持ちだった:1	train=10
あッ	9	1	あッ	あッ:8 あ|ッ:1	train=9
いいかげんに	9	1	いいかげん|に	いいかげん|に:8 いいかげんに:1	train=9
いっせいに	9	1	いっせいに	いっせいに:8 いっせい|に:1	train=9
おまわりさん	9	1	おまわりさん	おまわりさん:8 おまわり|さん:1	train=8,val=1
お塩	9	1	お塩	お塩:8 お|塩:1	train=9
かいう	9	1	か|いう	か|いう:8 かいう:1	train=9
こうにか	9	1	こうにか	こうにか:8 こうに|か:1	train=9
ご滞在	9	1	ご滞在	ご滞在:8 ご|滞在:1	train=9
だもの	9	1	だ|もの	だ|もの:8 だもの:1	train=9
といいます	9	1	と|いいます	と|いいます:8 といいます:1	train=9
なすが	9	1	なす|が	なす|が:8 なすが:1	train=9
ひそかに	9	1	ひそか|に	ひそか|に:8 ひそかに:1	train=9
びしょ濡れ	9	1	びしょ濡れ	びしょ濡れ:8 びしょ|濡れ:1	train=9
もみなかった	9	1	も|みなかった	も|みなかった:8 もみなかった:1	train=9
よくなるでしょう	9	1	よく|なるでしょう	よく|なるでしょう:8 よくなるでしょう:1	train=9
何曜日	9	1	何曜日	何曜日:8 何|曜日:1	train=9
修理中	9	1	修理|中	修理|中:8 修理中:1	train=9
吸ってる	9	1	吸ってる	吸ってる:8 吸って|る:1	train=9
奪い取った	9	1	奪い取った	奪い取った:8 奪い|取った:1	test=1,train=8
女子供	9	1	女|子供	女|子供:8 女子供:1	train=9
始発列車	9	1	始発|列車	始発|列車:8 始発列車:1	train=9
家出	9	1	家出	家出:8 家|出:1	train=9
彼らしい	9	1	彼|らしい	彼|らしい:8 彼らしい:1	train=9
必ずや	9	1	必ず|や	必ず|や:8 必ずや:1	train=9
恐ろしさ	9	1	恐ろしさ	恐ろしさ:8 恐ろし|さ:1	train=9
無いの	9	1	無い|の	無い|の:8 無いの:1	train=9
燃え上がった	9	1	燃え上がった	燃え上がった:8 燃え|上がった:1	train=9
生きられないだろう	9	1	生きられないだろう	生きられないだろう:8 生き|られないだろう:1	train=9
疲れてた	9	1	疲れてた	疲れてた:8 疲れて|た:1	train=9
発展途上国	9	1	発展途上国	発展途上国:8 発展|途上国:1	train=9
第14章	9	1	第|14|章	第|14|章:8 第14章:1	train=9
第43章	9	1	第43章	第43章:8 第|43|章:1	train=9
第59章	9	1	第59章	第59章:8 第|59|章:1	train=9
絶え間ない	9	1	絶え間ない	絶え間ない:8 絶え間|ない:1	train=9
自由だ	9	1	自由だ	自由だ:8 自由|だ:1	train=9
血まみれ	9	1	血まみれ	血まみれ:8 血|まみれ:1	train=9
赤々と	9	1	赤々|と	赤々|と:8 赤々と:1	train=9
食べたく	9	1	食べたく	食べたく:8 食べた|く:1	train=9
首尾よく	9	1	首尾|よく	首尾|よく:8 首尾よく:1	train=9
いたなら	8	1	いたなら	いたなら:7 いた|なら:1	train=8
いなくなる	8	1	いなく|なる	いなく|なる:7 いなくなる:1	train=8
うまくいかない	8	1	うまく|いかない	うまく|いかない:7 うまくいかない:1	train=8
おおきな	8	1	おおきな	おおきな:7 おおき|な:1	train=8
お出で	8	1	お出で	お出で:7 お|出で:1	train=8
お化け屋敷	8	1	お化け屋敷	お化け屋敷:7 お化け|屋敷:1	train=8
お大事に	8	1	お大事|に	お大事|に:7 お大事に:1	train=7,val=1
お書きください	8	1	お書きください	お書きください:7 お|書きください:1	train=8
お決まり	8	1	お決まり	お決まり:7 お|決まり:1	train=8
かけ忘れた	8	1	かけ忘れた	かけ忘れた:7 かけ|忘れた:1	train=8
けが人	8	1	けが人	けが人:7 けが|人:1	train=8
ご心配	8	1	ご心配	ご心配:7 ご|心配:1	train=8
ご招待	8	1	ご招待	ご招待:7 ご|招待:1	train=8
ご紹介	8	1	ご紹介	ご紹介:7 ご|紹介:1	train=8
だったらしい	8	1	だったらしい	だったらしい:7 だった|らしい:1	train=8
ないようだ	8	1	ないようだ	ないようだ:7 ない|よう|だ:1	train=8
なんぞ	8	1	なんぞ	なんぞ:7 なん|ぞ:1	train=8
に至った	8	1	に|至った	に|至った:7 に至った:1	train=8
もや	8	1	もや	もや:7 も|や:1	train=8
わしら	8	1	わしら	わしら:7 わし|ら:1	train=8
バス通学	8	1	バス|通学	バス|通学:7 バス通学:1	train=8
不可能な	8	1	不可能|な	不可能|な:7 不可能な:1	train=8
不在だった	8	1	不在|だった	不在|だった:7 不在だった:1	train=8
予想通り	8	1	予想|通り	予想|通り:7 予想通り:1	train=8
仕上げる	8	1	仕上げる	仕上げる:7 仕上げ|る:1	train=8
休みな	8	1	休み|な	休み|な:7 休みな:1	train=8
使い果たして	8	1	使い果たして	使い果たして:7 使い|果たして:1	train=8
呼び出して	8	1	呼び出して	呼び出して:7 呼び|出して:1	train=8
地図上	8	1	地図|上	地図|上:7 地図上:1	train=8
宰相殿	8	1	宰相殿	宰相殿:7 宰相|殿:1	train=8
帰した	8	1	帰した	帰した:7 帰|した:1	train=8
帰宅途中	8	1	帰宅|途中	帰宅|途中:7 帰宅途中:1	train=8
幸福だ	8	1	幸福だ	幸福だ:7 幸福|だ:1	train=8
当てはまらない	8	1	当てはまらない	当てはまらない:7 当て|はまらない:1	train=8
思いどおり	8	1	思い|どおり	思い|どおり:7 思いどおり:1	train=8
恐れ入ります	8	1	恐れ入ります	恐れ入ります:7 恐れ|入ります:1	train=8
愛し合う	8	1	愛し合う	愛し合う:7 愛|し|合う:1	train=8
手の内	8	1	手|の|内	手|の|内:7 手の内:1	train=8
海外留学	8	1	海外|留学	海外|留学:7 海外留学:1	train=8
満開です	8	1	満開|です	満開|です:7 満開です:1	train=8
無駄です	8	1	無駄です	無駄です:7 無駄|です:1	train=7,val=1
環境問題	8	1	環境|問題	環境|問題:7 環境問題:1	train=8
瓜二つ	8	1	瓜二つ	瓜二つ:7 瓜|二つ:1	train=8
知ってると	8	1	知ってる|と	知ってる|と:7 知ってると:1	train=8
答えられなかった	8	1	答えられなかった	答えられなかった:7 答え|られなかった:1	train=8
結婚前	8	1	結婚|前	結婚|前:7 結婚前:1	train=8
美人で	8	1	美人|で	美人|で:7 美人で:1	train=8
調査中	8	1	調査|中	調査|中:7 調査中:1	train=8
道のり	8	1	道のり	道のり:7 道|の|り:1	train=8
あげられる	7	1	あげられる	あげられる:6 あげ|られる:1	test=1,train=6
いうまで	7	1	いう|まで	いう|まで:6 いうまで:1	train=7
いたいの	7	1	いたい|の	いたい|の:6 いたいの:1	train=7
いやしない	7	1	いや|しない	いや|しない:6 いやしない:1	test=1,train=6
お付き合い	7	1	お付き合い	お付き合い:6 お|付き合い:1	test=1,train=6
お飲み	7	1	お飲み	お飲み:6 お|飲み:1	train=7
がちで	7	1	がちで	がちで:6 がち|で:1	train=7
こうした	7	1	こう|した	こう|した:6 こうした:1	train=7
させていただきます	7	1	させていただきます	させていただきます:6 させて|いただきます:1	train=7
しがちだ	7	1	しがちだ	しがちだ:6 し|がちだ:1	train=7
するであろう	7	1	するで|あろう	するで|あろう:6 するであろう:1	train=7
だったっけ	7	1	だった|っけ	だった|っけ:6 だったっけ:1	train=6,val=1
ではありませんでした	7	1	で|は|ありませんでした	で|は|ありませんでした:6 ではありませんでした:1	train=7
ともかく	7	1	ともかく	ともかく:6 と|もかく:1	train=7
と向かった	7	1	と|向かった	と|向かった:6 と向かった:1	train=7
にいかない	7	1	に|いかない	に|いかない:6 にいかない:1	train=7
にさわった	7	1	に|さわった	に|さわった:6 にさわった:1	train=7
になれた	7	1	に|なれた	に|なれた:6 になれた:1	train=7
にもたれて	7	1	に|もたれて	に|もたれて:6 にもたれて:1	train=7
ねー	7	1	ねー	ねー:6 ね|ー:1	test=1,train=6
のけた	7	1	のけた	のけた:6 の|けた:1	train=7
のる	7	1	のる	のる:6 の|る:1	train=7
は及ばない	7	1	は|及ばない	は|及ばない:6 は及ばない:1	test=1,train=6
ほどよく	7	1	ほど|よく	ほど|よく:6 ほどよく:1	test=2,train=5
もうまく	7	1	も|うまく	も|うまく:6 もうまく:1	train=7
やめな	7	1	やめな	やめな:6 やめ|な:1	train=7
イタリア料理	7	1	イタリア料理	イタリア料理:6 イタリア|料理:1	train=7
エボシさま	7	1	エボシさま	エボシさま:6 エボシ|さま:1	train=7
コンピューターゲーム	7	1	コンピューターゲーム	コンピューターゲーム:6 コンピューター|ゲーム:1	train=7
ショッピングモール	7	1	ショッピングモール	ショッピングモール:6 ショッピング|モール:1	train=7
スポーツ選手	7	1	スポーツ|選手	スポーツ|選手:6 スポーツ選手:1	train=7
テニス選手	7	1	テニス|選手	テニス|選手:6 テニス選手:1	train=7
ボランティア活動	7	1	ボランティア活動	ボランティア活動:6 ボランティア|活動:1	train=7
一人きり	7	1	一人|きり	一人|きり:6 一人きり:1	train=7
一方で	7	1	一方|で	一方|で:6 一方で:1	train=7
不利だ	7	1	不利だ	不利だ:6 不利|だ:1	train=6,val=1
中華料理店	7	1	中華|料理店	中華|料理店:6 中華料理店:1	train=7
乗り越えた	7	1	乗り越えた	乗り越えた:6 乗り|越えた:1	train=7
半マイル	7	1	半|マイル	半|マイル:6 半マイル:1	train=7
半年前	7	1	半年|前	半年|前:6 半年前:1	train=7
向かってる	7	1	向かってる	向かってる:6 向かって|る:1	train=7
問いかける	7	1	問いかける	問いかける:6 問い|かける:1	train=7
国際空港	7	1	国際|空港	国際|空港:6 国際空港:1	test=1,train=6
大きくない	7	1	大きくない	大きくない:6 大きく|ない:1	train=7
女のコ	7	1	女のコ	女のコ:6 女|の|コ:1	train=7
子供じみた	7	1	子供|じみた	子供|じみた:6 子供じみた:1	train=7
安城三尉	7	1	安城|三尉	安城|三尉:6 安城三尉:1	train=7
寒いの	7	1	寒い|の	寒い|の:6 寒いの:1	train=7
属する	7	1	属する	属する:6 属|する:1	train=7
崩れ落ちた	7	1	崩れ落ちた	崩れ落ちた:6 崩れ|落ちた:1	train=7
年長の	7	1	年長|の	年長|の:6 年長の:1	train=7
庭いじり	7	1	庭いじり	庭いじり:6 庭|いじり:1	train=7
形見	7	1	形見	形見:6 形|見:1	train=7
役立つだろう	7	1	役立つだろう	役立つだろう:6 役|立つだろう:1	train=7
後ほど	7	1	後ほど	後ほど:6 後|ほど:1	train=7
恋して	7	1	恋|して	恋|して:6 恋して:1	train=7
持ち歩いて	7	1	持ち歩いて	持ち歩いて:6 持ち|歩いて:1	train=7
文字通り	7	1	文字|通り	文字|通り:6 文字通り:1	train=7
早起きです	7	1	早起き|です	早起き|です:6 早起きです:1	train=7
昼食後	7	1	昼食|後	昼食|後:6 昼食後:1	train=7
本屋さん	7	1	本屋さん	本屋さん:6 本屋|さん:1	train=7
流れ落ちた	7	1	流れ落ちた	流れ落ちた:6 流れ|落ちた:1	test=1,train=6
特別の	7	1	特別|の	特別|の:6 特別の:1	train=7
生きていけない	7	1	生きて|いけない	生きて|いけない:6 生きていけない:1	train=7
真っ黒クロスケ	7	1	真っ黒|クロスケ	真っ黒|クロスケ:6 真っ黒クロスケ:1	train=7
石頭	7	1	石頭	石頭:6 石|頭:1	train=7
突き落とした	7	1	突き落とした	突き落とした:6 突き|落とした:1	train=7
笑いもの	7	1	笑いもの	笑いもの:6 笑い|もの:1	train=7
第93章	7	1	第93章	第93章:6 第|93|章:1	train=7
美人だった	7	1	美人|だった	美人|だった:6 美人だった:1	train=7
船客	7	1	船客	船客:6 船|客:1	train=7
見つけ出す	7	1	見つけ出す	見つけ出す:6 見つけ|出す:1	train=7
評すれば	7	1	評すれば	評すれば:6 評|すれば:1	train=7
読み終えたら	7	1	読み終えたら	読み終えたら:6 読み|終えたら:1	train=7
起きてた	7	1	起きてた	起きてた:6 起きて|た:1	train=7
運転中	7	1	運転|中	運転|中:6 運転中:1	train=7
開けっぱなし	7	1	開けっぱなし	開けっぱなし:6 開け|っぱなし:1	test=1,train=6
間に合うだろう	7	1	間に合うだろう	間に合うだろう:6 間に|合うだろう:1	train=7
食べ過ぎて	7	1	食べ過ぎて	食べ過ぎて:6 食べ|過ぎて:1	train=7
駆け出した	7	1	駆け出した	駆け出した:6 駆け|出した:1	train=7
あったよう	6	1	あった|よう	あった|よう:5 あったよう:1	train=6
あんの	6	1	あん|の	あん|の:5 あんの:1	train=6
いただけ	6	1	いた|だけ	いた|だけ:5 いただけ:1	train=6
いとも	6	1	いとも	いとも:5 いと|も:1	train=6
いるみたい	6	1	いるみたい	いるみたい:5 いる|みたい:1	test=1,train=5
うめき声	6	1	うめき声	うめき声:5 うめき|声:1	train=6
え～	6	1	え～	え～:5 え|～:1	train=6
おっしゃった	6	1	おっしゃった	おっしゃった:5 お|っしゃった:1	train=6
ご存知の	6	1	ご存知|の	ご存知|の:5 ご存知の:1	train=6
ご気分	6	1	ご気分	ご気分:5 ご|気分:1	train=6
ご自身	6	1	ご自身	ご自身:5 ご|自身:1	train=6
しがちで	6	1	しがちで	しがちで:5 し|がちで:1	train=6
しすぎだ	6	1	しすぎだ	しすぎだ:5 しすぎ|だ:1	train=6
しすぎて	6	1	しすぎて	しすぎて:5 し|すぎて:1	train=6
しだした	6	1	しだした	しだした:5 し|だした:1	train=6
してなさい	6	1	して|なさい	して|なさい:5 してなさい:1	train=6
すいています	6	1	すいて|います	すいて|います:5 すいています:1	train=6
ただ今	6	1	ただ今	ただ今:5 ただ|今:1	train=6
たどり着く	6	1	たどり着く	たどり着く:5 たどり|着く:1	train=6
ってか	6	1	って|か	って|か:5 ってか:1	train=6
てめえら	6	1	てめえら	てめえら:5 てめえ|ら:1	test=1,train=4,val=1
で行ってる	6	1	で|行ってる	で|行ってる:5 で行ってる:1	train=6
なくても	6	1	なくても	なくても:5 なくて|も:1	train=6
なくなっちゃった	6	1	なくなっちゃった	なくなっちゃった:5 なく|なっちゃった:1	train=6
なりかけて	6	1	なりかけて	なりかけて:5 なり|かけて:1	train=6
なんな	6	1	なんな	なんな:5 なん|な:1	train=6
にくい	6	1	にくい	にくい:5 に|くい:1	train=6
のあたり	6	1	の|あたり	の|あたり:5 のあたり:1	train=6
はいりません	6	1	は|いりません	は|いりません:5 はいりません:1	train=6
はだめだ	6	1	は|だめだ	は|だめだ:5 はだめだ:1	train=6
もちろんです	6	1	もちろんです	もちろんです:5 もちろん|です:1	train=6
もとは	6	1	もとは	もとは:5 もと|は:1	train=6
を守ろう	6	1	を|守ろう	を|守ろう:5 を守ろう:1	train=6
テニスクラブ	6	1	テニス|クラブ	テニス|クラブ:5 テニスクラブ:1	train=6
トイレトレーニング	6	1	トイレ|トレーニング	トイレ|トレーニング:5 トイレトレーニング:1	train=6
ハンガリー語	6	1	ハンガリー|語	ハンガリー|語:5 ハンガリー語:1	train=6
ラーメン屋	6	1	ラーメン屋	ラーメン屋:5 ラーメン|屋:1	train=6
一段と	6	1	一段|と	一段|と:5 一段と:1	train=6
一番乗り	6	1	一番乗り	一番乗り:5 一番|乗り:1	train=6
一箱	6	1	一箱	一箱:5 一|箱:1	train=6
二ヶ月	6	1	二ヶ月	二ヶ月:5 二|ヶ月:1	train=6
交通違反	6	1	交通|違反	交通|違反:5 交通違反:1	train=6
付け加えた	6	1	付け加えた	付け加えた:5 付け|加えた:1	train=6
伯父さん	6	1	伯父さん	伯父さん:5 伯父|さん:1	train=5,val=1
何便	6	1	何便	何便:5 何|便:1	train=6
値しない	6	1	値|しない	値|しない:5 値しない:1	train=6
傷つけられた	6	1	傷つけられた	傷つけられた:5 傷|つけられた:1	train=6
入浴中	6	1	入浴|中	入浴|中:5 入浴中:1	train=6
全責任	6	1	全責任	全責任:5 全|責任:1	train=6
全部です	6	1	全部|です	全部|です:5 全部です:1	train=6
写真撮影	6	1	写真|撮影	写真|撮影:5 写真撮影:1	train=6
出しな	6	1	出しな	出しな:5 出し|な:1	train=6
出てって	6	1	出てって	出てって:5 出て|って:1	train=6
出で	6	1	出|で	出|で:5 出で:1	train=6
出迎えた	6	1	出迎えた	出迎えた:5 出迎え|た:1	train=5,val=1
制する	6	1	制する	制する:5 制|する:1	train=6
南アメリカ	6	1	南アメリカ	南アメリカ:5 南|アメリカ:1	train=6
取り上げる	6	1	取り上げる	取り上げる:5 取り|上げる:1	train=6
吹き込んだ	6	1	吹き込んだ	吹き込んだ:5 吹き|込んだ:1	train=6
困難であった	6	1	困難であった	困難であった:5 困難で|あった:1	train=6
国際語	6	1	国際語	国際語:5 国際|語:1	train=6
地域社会	6	1	地域|社会	地域|社会:5 地域社会:1	train=6
奥の手	6	1	奥|の|手	奥|の|手:5 奥の手:1	train=6
好意的	6	1	好意的	好意的:5 好意|的:1	train=6
学級委員長	6	1	学級|委員長	学級|委員長:5 学級委員長:1	train=6
安全運転	6	1	安全|運転	安全|運転:5 安全運転:1	train=6
引っ越しの	6	1	引っ越し|の	引っ越し|の:5 引っ越しの:1	train=6
愛してた	6	1	愛してた	愛してた:5 愛|して|た:1	train=6
戦時中	6	1	戦時中	戦時中:5 戦時|中:1	train=6
捨てなさい	6	1	捨てなさい	捨てなさい:5 捨て|なさい:1	train=6
新聞記者	6	1	新聞|記者	新聞|記者:5 新聞記者:1	train=6
映画監督	6	1	映画|監督	映画|監督:5 映画監督:1	train=6
時代遅れで	6	1	時代遅れ|で	時代遅れ|で:5 時代遅れで:1	train=6
朝飯前	6	1	朝飯前	朝飯前:5 朝飯|前:1	train=5,val=1
東北地方	6	1	東北|地方	東北|地方:5 東北地方:1	train=6
格好いい	6	1	格好|いい	格好|いい:5 格好いい:1	train=6
極まりない	6	1	極まりない	極まりない:5 極まり|ない:1	train=6
楽しみです	6	1	楽しみ|です	楽しみ|です:5 楽しみです:1	train=6
殺さないで	6	1	殺さないで	殺さないで:5 殺さない|で:1	train=6
水泳部	6	1	水泳|部	水泳|部:5 水泳部:1	train=6
決めかねて	6	1	決めかねて	決めかねて:5 決め|かねて:1	train=6
泣きだした	6	1	泣きだした	泣きだした:5 泣き|だした:1	train=6
無くなる	6	1	無くなる	無くなる:5 無く|なる:1	train=6
環境汚染	6	1	環境|汚染	環境|汚染:5 環境汚染:1	test=1,train=5
発行部数	6	1	発行|部数	発行|部数:5 発行部数:1	train=6
窓越し	6	1	窓越し	窓越し:5 窓|越し:1	train=6
第99章	6	1	第99章	第99章:5 第|99|章:1	train=6
精いっぱいだった	6	1	精いっぱい|だった	精いっぱい|だった:5 精いっぱいだった:1	train=6
終わらせたい	6	1	終わらせたい	終わらせたい:5 終わら|せたい:1	train=6
絶対だ	6	1	絶対だ	絶対だ:5 絶対|だ:1	train=6
考えです	6	1	考え|です	考え|です:5 考えです:1	train=6
菜食主義者	6	1	菜食主義者	菜食主義者:5 菜食|主義者:1	train=6
行きたがる	6	1	行きたがる	行きたがる:5 行き|たがる:1	train=6
見つけられる	6	1	見つけられる	見つけられる:5 見|つけられる:1	train=6
親愛なる	6	1	親愛|なる	親愛|なる:5 親愛なる:1	train=6
話せると	6	1	話せる|と	話せる|と:5 話せると:1	train=6
読みにくい	6	1	読みにくい	読みにくい:5 読み|にくい:1	train=6
速やかに	6	1	速やか|に	速やか|に:5 速やかに:1	train=6
間にあった	6	1	間|に|あった	間|に|あった:5 間にあった:1	train=6
限りに	6	1	限り|に	限り|に:5 限りに:1	train=6
青年時代	6	1	青年|時代	青年|時代:5 青年時代:1	train=6
韓国料理	6	1	韓国料理	韓国料理:5 韓国|料理:1	train=6
飛んできた	6	1	飛んで|きた	飛んで|きた:5 飛んできた:1	train=6
食べ過ぎる	6	1	食べ過ぎる	食べ過ぎる:5 食べ|過ぎる:1	train=6
駆けつけた	6	1	駆けつけた	駆けつけた:5 駆け|つけた:1	train=6
あげな	5	1	あげな	あげな:4 あげ|な:1	train=5
あったっけ	5	1	あった|っけ	あった|っけ:4 あったっけ:1	test=1,train=4
いうまでもなく	5	1	いう|まで|も|なく	いう|まで|も|なく:4 いうまでもなく:1	train=5
いくらかかる	5	1	いくら|かかる	いくら|かかる:4 いくらかかる:1	train=5
いじってる	5	1	いじってる	いじってる:4 いじって|る:1	train=5
いたって	5	1	いた|って	いた|って:4 いたって:1	train=5
いたらしい	5	1	いたらしい	いたらしい:4 いた|らしい:1	train=5
いつしか	5	1	いつしか	いつしか:4 いつ|しか:1	train=5
うたた寝	5	1	うたた寝	うたた寝:4 う|たた|寝:1	train=5
お一人	5	1	お一人	お一人:4 お|一人:1	train=5
お使い下さい	5	1	お使い下さい	お使い下さい:4 お|使い下さい:1	train=5
お手数	5	1	お手数	お手数:4 お|手数:1	train=5
お掛けください	5	1	お掛けください	お掛けください:4 お|掛けください:1	train=5
お読み	5	1	お読み	お読み:4 お|読み:1	train=5
お金持ちだ	5	1	お金持ち|だ	お金持ち|だ:4 お金持ちだ:1	train=5
があいて	5	1	が|あいて	が|あいて:4 があいて:1	train=5
がいっそう	5	1	が|いっそう	が|いっそう:4 がいっそう:1	train=5
がつきもの	5	1	が|つきもの	が|つきもの:4 がつきもの:1	train=5
きな	5	1	きな	きな:4 き|な:1	train=5
これくらい	5	1	これ|くらい	これ|くらい:4 これくらい:1	train=5
ごくろうさま	5	1	ごくろうさま	ごくろうさま:4 ごくろう|さま:1	train=5
ご提供	5	1	ご提供	ご提供:4 ご|提供:1	train=5
ご提案	5	1	ご提案	ご提案:4 ご|提案:1	train=5
ご注目	5	1	ご注目	ご注目:4 ご|注目:1	train=5
してただろ	5	1	してただろ	してただろ:4 して|ただろ:1	train=5
すすり泣き	5	1	すすり泣き	すすり泣き:4 すすり|泣き:1	train=5
そらした	5	1	そらした	そらした:4 そら|した:1	train=5
たかが	5	1	たか|が	たか|が:4 たかが:1	train=5
だったそうです	5	1	だったそうです	だったそうです:4 だった|そうです:1	train=5
だねぇ	5	1	だ|ねぇ	だ|ねぇ:4 だねぇ:1	train=5
ついていけない	5	1	ついて|いけない	ついて|いけない:4 ついていけない:1	train=5
とうに	5	1	とうに	とうに:4 とう|に:1	train=5
となく	5	1	と|なく	と|なく:4 となく:1	train=5
に慣れます	5	1	に|慣れます	に|慣れます:4 に慣れます:1	train=5
ねだって	5	1	ねだって	ねだって:4 ね|だって:1	train=5
のん	5	1	のん	のん:4 の|ん:1	train=5
はいります	5	1	は|いります	は|いります:4 はいります:1	train=5
ははるか	5	1	は|はるか	は|はるか:4 ははるか:1	test=1,train=4
はやっていけない	5	1	は|やって|いけない	は|やって|いけない:4 はやっていけない:1	train=5
は限りません	5	1	は|限りません	は|限りません:4 は限りません:1	train=5
ばか者	5	1	ばか者	ばか者:4 ばか|者:1	train=5
ぴったりです	5	1	ぴったりです	ぴったりです:4 ぴったり|です:1	train=5
ぴんと	5	1	ぴん|と	ぴん|と:4 ぴんと:1	train=5
ほんとだ	5	1	ほんと|だ	ほんと|だ:4 ほんとだ:1	train=5
ぼうっと	5	1	ぼうっと	ぼうっと:4 ぼうっ|と:1	train=5
もってこいだ	5	1	もってこいだ	もってこいだ:4 もってこい|だ:1	test=1,train=4
もて	5	1	もて	もて:4 も|て:1	train=5
もらいな	5	1	もらい|な	もらい|な:4 もらいな:1	train=5
もらってた	5	1	もらってた	もらってた:4 もらって|た:1	train=5
わい	5	1	わい	わい:4 わ|い:1	train=5
を出ます	5	1	を|出ます	を|出ます:4 を出ます:1	train=5
んー	5	1	んー	んー:4 ん|ー:1	train=5
インド料理	5	1	インド|料理	インド|料理:4 インド料理:1	train=5
クリスマスツリー	5	1	クリスマスツリー	クリスマスツリー:4 クリスマス|ツリー:1	train=5
クロスワードパズル	5	1	クロスワード|パズル	クロスワード|パズル:4 クロスワードパズル:1	train=5
スウェーデン語	5	1	スウェーデン語	スウェーデン語:4 スウェーデン|語:1	train=5
セーヌ川	5	1	セーヌ川	セーヌ川:4 セーヌ|川:1	train=5
トム・ジャクソン	5	1	トム・ジャクソン	トム・ジャクソン:4 トム|・|ジャクソン:1	train=5
ニューヨーク市	5	1	ニューヨーク|市	ニューヨーク|市:4 ニューヨーク市:1	train=5
バカ者	5	1	バカ者	バカ者:4 バカ|者:1	train=5
パン屋さん	5	1	パン屋さん	パン屋さん:4 パン屋|さん:1	train=5
フ～	5	1	フ～	フ～:4 フ|～:1	train=5
レンズ豆	5	1	レンズ|豆	レンズ|豆:4 レンズ豆:1	train=5
一年前	5	1	一年|前	一年|前:4 一年前:1	train=5
一般大衆	5	1	一般|大衆	一般|大衆:4 一般大衆:1	train=5
二つ目	5	1	二つ|目	二つ|目:4 二つ目:1	train=5
交換手	5	1	交換手	交換手:4 交換|手:1	train=5
何ヶ月	5	1	何ヶ月	何ヶ月:4 何|ヶ月:1	train=5
何処か	5	1	何処か	何処か:4 何処|か:1	train=5
作り出した	5	1	作り出した	作り出した:4 作り|出した:1	train=5
全国民	5	1	全国民	全国民:4 全|国民:1	train=5
出せよ	5	1	出せよ	出せよ:4 出せ|よ:1	train=5
分かりやすく	5	1	分かりやすく	分かりやすく:4 分かり|やすく:1	train=5
動かし始めた	5	1	動かし始めた	動かし始めた:4 動かし|始めた:1	train=5
反対だった	5	1	反対|だった	反対|だった:4 反対だった:1	train=5
呼び出された	5	1	呼び出された	呼び出された:4 呼び|出された:1	train=5
命がけ	5	1	命がけ	命がけ:4 命|がけ:1	train=5
喋ってる	5	1	喋ってる	喋ってる:4 喋って|る:1	train=5
四六時中	5	1	四六時中	四六時中:4 四六時|中:1	train=5
外国人学生	5	1	外国人|学生	外国人|学生:4 外国人学生:1	train=5
大丈夫なん	5	1	大丈夫|な|ん	大丈夫|な|ん:4 大丈夫なん:1	train=5
実行不可能	5	1	実行|不可能	実行|不可能:4 実行不可能:1	train=5
屈する	5	1	屈する	屈する:4 屈|する:1	train=5
幸いだった	5	1	幸いだった	幸いだった:4 幸い|だった:1	train=5
幸せ者	5	1	幸せ|者	幸せ|者:4 幸せ者:1	train=5
待ちきれなかった	5	1	待ちきれなかった	待ちきれなかった:4 待ち|きれなかった:1	train=5
心より	5	1	心|より	心|より:4 心より:1	train=5
必要なかった	5	1	必要|なかった	必要|なかった:4 必要なかった:1	train=5
忙しくありません	5	1	忙しくありません	忙しくありません:4 忙しく|ありません:1	train=5
応急処置	5	1	応急|処置	応急|処置:4 応急処置:1	train=5
急成長	5	1	急|成長	急|成長:4 急成長:1	train=5
急行列車	5	1	急行|列車	急行|列車:4 急行列車:1	train=5
意味して	5	1	意味|して	意味|して:4 意味して:1	train=5
手いっぱい	5	1	手いっぱい	手いっぱい:4 手|いっぱい:1	train=5
数秒	5	1	数秒	数秒:4 数|秒:1	train=5
旅行代理店	5	1	旅行|代理店	旅行|代理店:4 旅行代理店:1	train=5
日本政府	5	1	日本|政府	日本|政府:4 日本政府:1	train=5
日本文化	5	1	日本|文化	日本|文化:4 日本文化:1	train=5
書き終えました	5	1	書き終えました	書き終えました:4 書き|終えました:1	train=5
望み通り	5	1	望み|通り	望み|通り:4 望み通り:1	train=5
望むなら	5	1	望むなら	望むなら:4 望む|なら:1	train=5
死んでも	5	1	死んで|も	死んで|も:4 死んでも:1	train=5
現代美術	5	1	現代|美術	現代|美術:4 現代美術:1	train=5
理性的	5	1	理性的	理性的:4 理性|的:1	train=5
生まれ育ちました	5	1	生まれ|育ちました	生まれ|育ちました:4 生まれ育ちました:1	train=5
申し分なかった	5	1	申し分なかった	申し分なかった:4 申し分|なかった:1	train=5
異常に	5	1	異常|に	異常|に:4 異常に:1	train=5
病気らしい	5	1	病気|らしい	病気|らしい:4 病気らしい:1	train=5
痛くなってきた	5	1	痛く|なって|きた	痛く|なって|きた:4 痛くなってきた:1	train=5
白くなった	5	1	白く|なった	白く|なった:4 白くなった:1	train=5
相手チーム	5	1	相手|チーム	相手|チーム:4 相手チーム:1	train=5
礼儀作法	5	1	礼儀|作法	礼儀|作法:4 礼儀作法:1	train=5
私ら	5	1	私ら	私ら:4 私|ら:1	train=5
紙一重	5	1	紙|一重	紙|一重:4 紙一重:1	train=5
緑だ	5	1	緑|だ	緑|だ:4 緑だ:1	train=5
考えてんだ	5	1	考えてんだ	考えてんだ:4 考えて|ん|だ:1	train=5
考え出した	5	1	考え出した	考え出した:4 考え|出した:1	train=5
聞き上手	5	1	聞き上手	聞き上手:4 聞き|上手:1	train=5
聞き入って	5	1	聞き入って	聞き入って:4 聞き|入って:1	train=5
聞き逃した	5	1	聞き逃した	聞き逃した:4 聞き|逃した:1	train=5
脱した	5	1	脱した	脱した:4 脱|した:1	train=5
行ってます	5	1	行ってます	行ってます:4 行って|ます:1	train=5
見出した	5	1	見出した	見出した:4 見|出した:1	train=5
規則違反	5	1	規則|違反	規則|違反:4 規則違反:1	train=5
親父さん	5	1	親父さん	親父さん:4 親父|さん:1	train=5
試合中	5	1	試合中	試合中:4 試合|中:1	train=5
試験中	5	1	試験|中	試験|中:4 試験中:1	train=5
買うよう	5	1	買う|よう	買う|よう:4 買うよう:1	train=5
通行禁止	5	1	通行|禁止	通行|禁止:4 通行禁止:1	train=5
運よく	5	1	運|よく	運|よく:4 運よく:1	test=1,train=4
運転免許証	5	1	運転免許証	運転免許証:4 運転|免許証:1	train=5
達する	5	1	達する	達する:4 達|する:1	train=5
選出した	5	1	選出|した	選出|した:4 選出した:1	train=5
金持ちです	5	1	金持ち|です	金持ち|です:4 金持ちです:1	train=5
金目当て	5	1	金目当て	金目当て:4 金目|当て:1	train=5
閉まってた	5	1	閉まってた	閉まってた:4 閉まって|た:1	train=5
電話ボックス	5	1	電話ボックス	電話ボックス:4 電話|ボックス:1	train=5
食べすぎ	5	1	食べすぎ	食べすぎ:4 食べ|すぎ:1	train=5
あざだらけ	4	1	あざ|だらけ	あざ|だらけ:3 あざだらけ:1	train=4
あるんでしょう	4	1	ある|ん|でしょう	ある|ん|でしょう:3 あるんでしょう:1	train=4
いたようだった	4	1	いたようだった	いたようだった:3 いた|よう|だった:1	train=4
いつのまにか	4	1	いつのまにか	いつのまにか:3 いつ|の|まに|か:1	train=4
いなかの	4	1	いなか|の	いなか|の:3 いなかの:1	train=4
いやに	4	1	いや|に	いや|に:3 いやに:1	train=4
おとりください	4	1	おとりください	おとりください:3 お|とりください:1	train=3,val=1
お互いさま	4	1	お互い|さま	お互い|さま:3 お互いさま:1	train=3,val=1
お人形さん	4	1	お人形さん	お人形さん:3 お人形|さん:1	train=4
お召し上がり下さい	4	1	お召し上がり下さい	お召し上がり下さい:3 お召し上がり|下さい:1	train=4
お困り	4	1	お困り	お困り:3 お|困り:1	train=4
お姉ちゃ～ん	4	1	お姉ちゃ～ん	お姉ちゃ～ん:3 お姉ちゃ|～|ん:1	train=4
お暇	4	1	お暇	お暇:3 お|暇:1	train=4
お見通し	4	1	お見通し	お見通し:3 お|見通し:1	train=4
お金持ちだった	4	1	お金持ち|だった	お金持ち|だった:3 お金持ちだった:1	train=4
お飲物	4	1	お飲物	お飲物:3 お|飲物:1	train=4
がいります	4	1	が|いります	が|いります:3 がいります:1	train=4
きれい好き	4	1	きれい|好き	きれい|好き:3 きれい好き:1	train=4
ごった返して	4	1	ごった|返して	ごった|返して:3 ごった返して:1	train=4
ご存知でしょう	4	1	ご存知|でしょう	ご存知|でしょう:3 ご存知でしょう:1	train=4
ご満足	4	1	ご満足	ご満足:3 ご|満足:1	train=4
ご自愛	4	1	ご自愛	ご自愛:3 ご|自愛:1	train=4
さもなければ	4	1	さも|なければ	さも|なければ:3 さもなければ:1	train=4
してるようだ	4	1	してるようだ	してるようだ:3 してる|よう|だ:1	train=4
しみが	4	1	しみ|が	しみ|が:3 しみが:1	train=4
すらない	4	1	すら|ない	すら|ない:3 すらない:1	train=4
すんでいた	4	1	すんで|いた	すんで|いた:3 すんでいた:1	train=4
ずる賢い	4	1	ずる賢い	ずる賢い:3 ずる|賢い:1	train=4
たんです	4	1	た|ん|です	た|ん|です:3 たんです:1	train=4
だいなし	4	1	だいなし	だいなし:3 だい|なし:1	train=4
つけだ	4	1	つけ|だ	つけ|だ:3 つけだ:1	train=4
ても	4	1	て|も	て|も:3 ても:1	train=4
でかける	4	1	で|かける	で|かける:3 でかける:1	train=4
といて	4	1	といて	といて:3 と|いて:1	train=4
とかした	4	1	とかした	とかした:3 と|か|した:1	train=4
とって代わった	4	1	とって|代わった	とって|代わった:3 とって代わった:1	train=4
とぼく	4	1	と|ぼく	と|ぼく:3 とぼく:1	train=4
と言わない	4	1	と|言わない	と|言わない:3 と言わない:1	train=4
ないみたい	4	1	ないみたい	ないみたい:3 ない|みたい:1	train=4
なかろう	4	1	なかろう	なかろう:3 な|かろう:1	train=4
ねじ回し	4	1	ねじ回し	ねじ回し:3 ねじ|回し:1	train=4
のいた	4	1	の|いた	の|いた:3 のいた:1	train=4
のむ	4	1	のむ	のむ:3 の|む:1	train=4
の本分	4	1	の|本分	の|本分:3 の本分:1	test=1,train=3
はあきれて	4	1	は|あきれて	は|あきれて:3 はあきれて:1	train=4
はいけなかった	4	1	は|いけなかった	は|いけなかった:3 はいけなかった:1	train=4
は思わない	4	1	は|思わない	は|思わない:3 は思わない:1	train=4
ばかだった	4	1	ばか|だった	ばか|だった:3 ばかだった:1	train=4
ひとは	4	1	ひとは	ひとは:3 ひと|は:1	train=4
ぽんと	4	1	ぽん|と	ぽん|と:3 ぽんと:1	train=4
まじで	4	1	まじ|で	まじ|で:3 まじで:1	test=1,train=3
まっぴらだ	4	1	まっぴらだ	まっぴらだ:3 まっぴら|だ:1	train=4
まに	4	1	まに	まに:3 ま|に:1	train=4
みないと	4	1	みない|と	みない|と:3 みないと:1	train=4
もがいた	4	1	もがいた	もがいた:3 も|がいた:1	train=4
もぎ取った	4	1	もぎ取った	もぎ取った:3 もぎ|取った:1	train=4
もてなして	4	1	もてなして	もてなして:3 もて|なして:1	train=4
もどれ	4	1	も|どれ	も|どれ:3 もどれ:1	train=4
やってみない	4	1	やって|みない	やって|みない:3 やってみない:1	train=4
やな	4	1	やな	やな:3 や|な:1	train=4
やるなら	4	1	やるなら	やるなら:3 やる|なら:1	train=4
よくて	4	1	よくて	よくて:3 よく|て:1	train=4
を取られた	4	1	を|取られた	を|取られた:3 を取られた:1	train=4
んな	4	1	んな	んな:3 ん|な:1	train=4
アイロンがけ	4	1	アイロンがけ	アイロンがけ:3 アイロン|がけ:1	train=4
アドルフ・ヒトラー	4	1	アドルフ・ヒトラー	アドルフ・ヒトラー:3 アドルフ|・|ヒトラー:1	train=4
アメリカ大使館	4	1	アメリカ|大使館	アメリカ|大使館:3 アメリカ大使館:1	train=4
アメリカ文学	4	1	アメリカ|文学	アメリカ|文学:3 アメリカ文学:1	train=4
アメリカ映画	4	1	アメリカ|映画	アメリカ|映画:3 アメリカ映画:1	test=1,train=3
アンドロメダ銀河	4	1	アンドロメダ銀河	アンドロメダ銀河:3 アンドロメダ|銀河:1	train=4
イギリス英語	4	1	イギリス|英語	イギリス|英語:3 イギリス英語:1	train=4
オーストラリア人	4	1	オーストラリア人	オーストラリア人:3 オーストラリア|人:1	train=4
カウンター席	4	1	カウンター|席	カウンター|席:3 カウンター席:1	train=4
クラブ活動	4	1	クラブ|活動	クラブ|活動:3 クラブ活動:1	train=4
コルシカ人	4	1	コルシカ人	コルシカ人:3 コルシカ|人:1	train=4
コーヒーカップ	4	1	コーヒーカップ	コーヒーカップ:3 コーヒー|カップ:1	train=4
スミス家	4	1	スミス|家	スミス|家:3 スミス家:1	train=4
テニスプレイヤー	4	1	テニスプレイヤー	テニスプレイヤー:3 テニス|プレイヤー:1	train=4
テレビドラマ	4	1	テレビドラマ	テレビドラマ:3 テレビ|ドラマ:1	train=4
デイブ・ボイル	4	1	デイブ・ボイル	デイブ・ボイル:3 デイブ|・|ボイル:1	train=4
ヒンズー教徒	4	1	ヒンズー|教徒	ヒンズー|教徒:3 ヒンズー教徒:1	train=3,val=1
フルーツジュース	4	1	フルーツ|ジュース	フルーツ|ジュース:3 フルーツジュース:1	train=4
プラスチック製	4	1	プラスチック|製	プラスチック|製:3 プラスチック製:1	train=4
ペテン師	4	1	ペテン師	ペテン師:3 ペテン|師:1	train=4
ホントの	4	1	ホント|の	ホント|の:3 ホントの:1	train=4
ユパさま	4	1	ユパ|さま	ユパ|さま:3 ユパさま:1	train=4
リック・ダルトン	4	1	リック・ダルトン	リック・ダルトン:3 リック|・|ダルトン:1	test=1,train=3
リムジンバス	4	1	リムジン|バス	リムジン|バス:3 リムジンバス:1	test=1,train=3
一瓶	4	1	一瓶	一瓶:3 一|瓶:1	train=4
一目散	4	1	一目散	一目散:3 一目|散:1	train=3,val=1
一石二鳥	4	1	一石|二鳥	一石|二鳥:3 一石二鳥:1	train=4
一網打尽	4	1	一網打尽	一網打尽:3 一網|打尽:1	train=4
一言一句	4	1	一言|一句	一言|一句:3 一言一句:1	train=3,val=1
世界経済	4	1	世界|経済	世界|経済:3 世界経済:1	train=4
乗せてって	4	1	乗せてって	乗せてって:3 乗せて|って:1	train=4
乗り継ぎ便	4	1	乗り継ぎ|便	乗り継ぎ|便:3 乗り継ぎ便:1	train=4
二千冊	4	1	二千冊	二千冊:3 二千|冊:1	train=4
五十歩百歩	4	1	五十歩|百歩	五十歩|百歩:3 五十歩百歩:1	train=4
人相書き	4	1	人相書き	人相書き:3 人相|書き:1	train=4
介して	4	1	介して	介して:3 介|して:1	train=4
会いしたい	4	1	会いしたい	会いしたい:3 会い|したい:1	train=4
伺いして	4	1	伺いして	伺いして:3 伺い|して:1	train=4
何ページ	4	1	何|ページ	何|ページ:3 何ページ:1	train=4
何年生	4	1	何年|生	何年|生:3 何年生:1	train=4
何番線	4	1	何番線	何番線:3 何|番線:1	train=4
使ってます	4	1	使ってます	使ってます:3 使って|ます:1	train=4
催される	4	1	催される	催される:3 催さ|れる:1	train=4
傷ついて	4	1	傷ついて	傷ついて:3 傷|ついて:1	train=4
元カレ	4	1	元カレ	元カレ:3 元|カレ:1	train=4
先見の明	4	1	先見|の|明	先見|の|明:3 先見の明:1	train=4
入国目的	4	1	入国|目的	入国|目的:3 入国目的:1	train=4
公立学校	4	1	公立|学校	公立|学校:3 公立学校:1	train=4
切り落とした	4	1	切り落とした	切り落とした:3 切り|落とした:1	train=3,val=1
切り開いた	4	1	切り開いた	切り開いた:3 切り|開いた:1	train=4
切手収集	4	1	切手|収集	切手|収集:3 切手収集:1	train=4
別料金	4	1	別料金	別料金:3 別|料金:1	train=4
力持ちだ	4	1	力持ち|だ	力持ち|だ:3 力持ちだ:1	train=4
化学物質	4	1	化学|物質	化学|物質:3 化学物質:1	train=4
卒業証書	4	1	卒業証書	卒業証書:3 卒業|証書:1	train=4
取り壊した	4	1	取り壊した	取り壊した:3 取り|壊した:1	train=4
受け入れられた	4	1	受け入れられた	受け入れられた:3 受け|入れられた:1	train=4
受け入れられない	4	1	受け入れられない	受け入れられない:3 受け|入れ|られない:1	train=4
同姓同名	4	1	同姓|同名	同姓|同名:3 同姓同名:1	train=4
吠え出した	4	1	吠え出した	吠え出した:3 吠え|出した:1	train=4
変わり始めた	4	1	変わり始めた	変わり始めた:3 変わり|始めた:1	train=4
大学卒業	4	1	大学|卒業	大学|卒業:3 大学卒業:1	test=1,train=3
大学構内	4	1	大学|構内	大学|構内:3 大学構内:1	train=4
大発見	4	1	大発見	大発見:3 大|発見:1	train=4
大金持ちだったら	4	1	大金持ち|だったら	大金持ち|だったら:3 大金持ちだったら:1	train=4
大音響	4	1	大音響	大音響:3 大|音響:1	train=3,val=1
太平洋横断	4	1	太平洋|横断	太平洋|横断:3 太平洋横断:1	train=4
妙に	4	1	妙|に	妙|に:3 妙に:1	train=4
学び始めた	4	1	学び始めた	学び始めた:3 学び|始めた:1	train=4
寝入って	4	1	寝入って	寝入って:3 寝|入って:1	train=4
対等の	4	1	対等|の	対等|の:3 対等の:1	train=4
就職面接	4	1	就職|面接	就職|面接:3 就職面接:1	train=4
差し伸べた	4	1	差し伸べた	差し伸べた:3 差し|伸べた:1	train=4
幹線道路	4	1	幹線|道路	幹線|道路:3 幹線道路:1	train=4
庭仕事	4	1	庭仕事	庭仕事:3 庭|仕事:1	test=1,train=3
引き上げた	4	1	引き上げた	引き上げた:3 引き|上げた:1	train=4
待ちこがれて	4	1	待ちこがれて	待ちこがれて:3 待ち|こがれて:1	train=4
待ってなさい	4	1	待ってなさい	待ってなさい:3 待って|なさい:1	train=4
心配ごと	4	1	心配|ごと	心配|ごと:3 心配ごと:1	train=4
忠実であった	4	1	忠実であった	忠実であった:3 忠実で|あった:1	train=4
怒鳴りつけた	4	1	怒鳴りつけた	怒鳴りつけた:3 怒鳴り|つけた:1	train=4
思慮深い	4	1	思慮深い	思慮深い:3 思慮|深い:1	train=4
情けは	4	1	情け|は	情け|は:3 情けは:1	train=4
戦後日本	4	1	戦後|日本	戦後|日本:3 戦後日本:1	train=4
扶養家族	4	1	扶養家族	扶養家族:3 扶養|家族:1	train=4
投げ捨てた	4	1	投げ捨てた	投げ捨てた:3 投げ|捨てた:1	train=4
押し付けた	4	1	押し付けた	押し付けた:3 押し|付けた:1	train=4
持ち上げて	4	1	持ち上げて	持ち上げて:3 持ち|上げて:1	train=4
持ち運べる	4	1	持ち運べる	持ち運べる:3 持ち|運べる:1	train=4
挙げ句	4	1	挙げ句	挙げ句:3 挙げ|句:1	train=4
握り締めた	4	1	握り締めた	握り締めた:3 握り|締めた:1	train=4
政治活動	4	1	政治活動	政治活動:3 政治|活動:1	train=4
方位磁石	4	1	方位磁石	方位磁石:3 方位|磁石:1	train=4
旅行会社	4	1	旅行|会社	旅行|会社:3 旅行会社:1	train=4
日の入り	4	1	日の入り	日の入り:3 日|の|入り:1	train=4
映画俳優	4	1	映画|俳優	映画|俳優:3 映画俳優:1	train=4
昼食代	4	1	昼食代	昼食代:3 昼食|代:1	train=4
書き直した	4	1	書き直した	書き直した:3 書き|直した:1	train=4
枯れかけて	4	1	枯れかけて	枯れかけて:3 枯れ|かけて:1	train=4
欲しがった	4	1	欲しがった	欲しがった:3 欲し|がった:1	train=4
欲求不満	4	1	欲求|不満	欲求|不満:3 欲求不満:1	train=4
殺せって	4	1	殺せ|って	殺せ|って:3 殺せって:1	train=4
毎食後	4	1	毎食|後	毎食|後:3 毎食後:1	train=4
気づいてた	4	1	気づいてた	気づいてた:3 気づいて|た:1	train=3,val=1
気の毒だ	4	1	気の毒だ	気の毒だ:3 気|の毒|だ:1	train=4
江戸時代	4	1	江戸時代	江戸時代:3 江戸|時代:1	train=4
沈みかけて	4	1	沈みかけて	沈みかけて:3 沈み|かけて:1	train=4
注意不足	4	1	注意|不足	注意|不足:3 注意不足:1	train=4
浮かんできた	4	1	浮かんで|きた	浮かんで|きた:3 浮かんできた:1	train=4
消え失せろ	4	1	消え失せろ	消え失せろ:3 消え|失せろ:1	train=4
満員電車	4	1	満員|電車	満員|電車:3 満員電車:1	train=4
滑り降りた	4	1	滑り降りた	滑り降りた:3 滑り|降りた:1	train=4
滞在期間	4	1	滞在|期間	滞在|期間:3 滞在期間:1	train=4
焼けるよう	4	1	焼ける|よう	焼ける|よう:3 焼けるよう:1	train=4
物々交換	4	1	物々|交換	物々|交換:3 物々交換:1	train=4
犯行現場	4	1	犯行|現場	犯行|現場:3 犯行現場:1	train=4
猫アレルギー	4	1	猫|アレルギー	猫|アレルギー:3 猫アレルギー:1	train=4
申し上げよう	4	1	申し上げよう	申し上げよう:3 申し上げ|よう:1	train=4
男らしい	4	1	男|らしい	男|らしい:3 男らしい:1	train=4
相対性理論	4	1	相対性理論	相対性理論:3 相対性|理論:1	train=4
相手取って	4	1	相手取って	相手取って:3 相手|取って:1	train=4
眠ったら	4	1	眠ったら	眠ったら:3 眠った|ら:1	train=4
睾丸ガン	4	1	睾丸|ガン	睾丸|ガン:3 睾丸ガン:1	train=4
知らないようだ	4	1	知らないようだ	知らないようだ:3 知らない|よう|だ:1	train=4
礼儀正しくない	4	1	礼儀|正しくない	礼儀|正しくない:3 礼儀正しくない:1	train=4
秘密警察	4	1	秘密警察	秘密警察:3 秘密|警察:1	train=4
程よい	4	1	程|よい	程|よい:3 程よい:1	train=4
程遠い	4	1	程遠い	程遠い:3 程|遠い:1	train=4
空港バス	4	1	空港|バス	空港|バス:3 空港バス:1	train=4
立ち上がろう	4	1	立ち上がろう	立ち上がろう:3 立ち|上がろう:1	train=4
立てられた	4	1	立てられた	立てられた:3 立て|られた:1	train=4
竜の巣	4	1	竜|の|巣	竜|の|巣:3 竜の巣:1	train=4
笑いかけた	4	1	笑いかけた	笑いかけた:3 笑い|かけた:1	train=4
第77章	4	1	第77章	第77章:3 第|77|章:1	train=4
簡単さ	4	1	簡単|さ	簡単|さ:3 簡単さ:1	train=4
精神状態	4	1	精神|状態	精神|状態:3 精神状態:1	train=4
罰する	4	1	罰する	罰する:3 罰|する:1	train=4
肯定的	4	1	肯定的	肯定的:3 肯定|的:1	train=4
自由です	4	1	自由|です	自由|です:3 自由です:1	train=4
航海中	4	1	航海|中	航海|中:3 航海中:1	train=4
若死に	4	1	若死|に	若死|に:3 若死に:1	test=1,train=3
落ちたん	4	1	落ちた|ん	落ちた|ん:3 落ちたん:1	train=4
行き当たりばったり	4	1	行き当たりばったり	行き当たりばったり:3 行き当たり|ばったり:1	train=4
衰え始めた	4	1	衰え始めた	衰え始めた:3 衰え|始めた:1	train=4
襲いかかった	4	1	襲いかかった	襲いかかった:3 襲い|かかった:1	train=4
要は	4	1	要は	要は:3 要|は:1	train=4
見てん	4	1	見てん	見てん:3 見て|ん:1	train=4
見出し語	4	1	見出し語	見出し語:3 見出し|語:1	train=4
覚えてろ	4	1	覚えてろ	覚えてろ:3 覚えて|ろ:1	train=4
言い聞かせて	4	1	言い聞かせて	言い聞かせて:3 言い|聞かせて:1	train=4
訳しました	4	1	訳しました	訳しました:3 訳|しました:1	train=4
話し掛けた	4	1	話し掛けた	話し掛けた:3 話し|掛けた:1	train=4
調べると	4	1	調べると	調べると:3 調べる|と:1	train=4
赤いの	4	1	赤い|の	赤い|の:3 赤いの:1	train=4
赤だった	4	1	赤だった	赤だった:3 赤|だった:1	train=4
走り続けた	4	1	走り続けた	走り続けた:3 走り|続けた:1	train=4
起き上がって	4	1	起き上がって	起き上がって:3 起き|上がって:1	train=4
転地療養	4	1	転地|療養	転地|療養:3 転地療養:1	train=4
迷惑だ	4	1	迷惑だ	迷惑だ:3 迷惑|だ:1	train=4
退職後	4	1	退職|後	退職|後:3 退職後:1	train=4
送り出して	4	1	送り出して	送り出して:3 送り|出して:1	train=4
長生きだ	4	1	長生きだ	長生きだ:3 長生き|だ:1	train=4
隠してた	4	1	隠してた	隠してた:3 隠して|た:1	train=4
隠れてた	4	1	隠れてた	隠れてた:3 隠れて|た:1	train=4
青だ	4	1	青|だ	青|だ:3 青だ:1	train=4
面白くなった	4	1	面白く|なった	面白く|なった:3 面白くなった:1	train=4
願えませんか	4	1	願えません|か	願えません|か:3 願えませんか:1	train=4
飛びついた	4	1	飛びついた	飛びついた:3 飛び|ついた:1	train=4
飛び去る	4	1	飛び去る	飛び去る:3 飛び|去る:1	test=1,train=3
食べな	4	1	食べな	食べな:3 食べ|な:1	train=4
飲みすぎない	4	1	飲みすぎない	飲みすぎない:3 飲み|すぎない:1	train=4
首尾一貫	4	1	首尾|一貫	首尾|一貫:3 首尾一貫:1	train=4
駐車違反	4	1	駐車|違反	駐車|違反:3 駐車違反:1	train=4
黒メガネ	4	1	黒メガネ	黒メガネ:3 黒|メガネ:1	train=4
あうん	3	1	あうん	あうん:2 あう|ん:1	train=3
あかあかと	3	1	あかあか|と	あかあか|と:2 あかあかと:1	train=3
あっちは	3	1	あっちは	あっちは:2 あっち|は:1	test=1,train=2
あ～～っ	3	1	あ|～|～|っ	あ|～|～|っ:2 あ～～っ:1	train=3
いかんな	3	1	いかん|な	いかん|な:2 いかんな:1	train=3
いかんに	3	1	いかんに	いかんに:2 いかん|に:1	train=3
いさえ	3	1	いさえ	いさえ:2 い|さえ:1	train=3
いたし	3	1	いたし	いたし:2 いた|し:1	train=3
いただけますよう	3	1	いただけますよう	いただけますよう:2 いただけます|よう:1	train=3
いないようだった	3	1	いない|よう|だった	いない|よう|だった:2 いないようだった:1	train=3
いないようです	3	1	いないようです	いないようです:2 いない|よう|です:1	train=3
いろいろの	3	1	いろいろ|の	いろいろ|の:2 いろいろの:1	train=3
いろって	3	1	いろ|って	いろ|って:2 いろって:1	train=3
うっかりだった	3	1	うっかりだった	うっかりだった:2 うっかり|だった:1	train=3
うつした	3	1	うつした	うつした:2 うつ|した:1	train=3
うなぎのぼり	3	1	うなぎのぼり	うなぎのぼり:2 うなぎ|の|ぼり:1	train=3
うなり声	3	1	うなり|声	うなり|声:2 うなり声:1	train=3
うまくいっただろう	3	1	うまく|いっただろう	うまく|いっただろう:2 うまくいっただろう:1	train=3
う～む	3	1	う|～|む	う|～|む:2 う～む:1	train=3
おいは	3	1	おいは	おいは:2 おい|は:1	test=1,train=2
おえない	3	1	お|えない	お|えない:2 おえない:1	train=3
おくつろぎください	3	1	おくつろぎください	おくつろぎください:2 おくつろぎ|ください:1	train=2,val=1
おくつろぎ下さい	3	1	おくつろぎ下さい	おくつろぎ下さい:2 おくつろぎ|下さい:1	train=3
おので	3	1	おの|で	おの|で:2 おので:1	train=3
お喜び	3	1	お喜び	お喜び:2 お|喜び:1	train=3
お寄りください	3	1	お寄りください	お寄りください:2 お|寄りください:1	train=3
お尋ね者	3	1	お尋ね者	お尋ね者:2 お|尋ね者:1	train=3
お忘れで	3	1	お忘れ|で	お忘れ|で:2 お忘れで:1	train=3
お忘れなく	3	1	お忘れなく	お忘れなく:2 お忘れ|なく:1	train=3
お探しで	3	1	お探し|で	お探し|で:2 お探しで:1	train=3
お泊まり会	3	1	お泊まり|会	お泊まり|会:2 お泊まり会:1	train=3
お父さ～ん	3	1	お父さ～ん	お父さ～ん:2 お父|さ～ん:1	train=3
お祭り騒ぎ	3	1	お祭り騒ぎ	お祭り騒ぎ:2 お祭り|騒ぎ:1	test=1,train=2
お見え	3	1	お見え	お見え:2 お|見え:1	train=3
お話し下さい	3	1	お話し|下さい	お話し|下さい:2 お話し下さい:1	train=3
お送りしました	3	1	お送り|しました	お送り|しました:2 お送りしました:1	train=3
お預け	3	1	お預け	お預け:2 お|預け:1	train=3
お食べ下さい	3	1	お食べ|下さい	お食べ|下さい:2 お食べ下さい:1	train=3
かあ	3	1	かあ	かあ:2 か|あ:1	train=3
かいな	3	1	かいな	かいな:2 かい|な:1	train=3
かしこも	3	1	かしこも	かしこも:2 かしこ|も:1	train=3
かそう	3	1	か|そう	か|そう:2 かそう:1	train=3
かたわれ時	3	1	かたわれ|時	かたわれ|時:2 かたわれ時:1	train=3
が入ってた	3	1	が|入ってた	が|入ってた:2 が入ってた:1	train=3
が高まった	3	1	が|高まった	が|高まった:2 が高まった:1	train=3
くそおっ	3	1	くそ|おっ	くそ|おっ:2 くそおっ:1	train=3
くたびれもうけ	3	1	くたびれもうけ	くたびれもうけ:2 くたびれ|もうけ:1	train=3
くれるなら	3	1	くれる|なら	くれる|なら:2 くれるなら:1	test=1,train=2
こうこう	3	1	こうこう	こうこう:2 こう|こう:1	train=3
こすり落とした	3	1	こすり落とした	こすり落とした:2 こすり|落とした:1	train=3
こよっと	3	1	こよっ|と	こよっ|と:2 こよっと:1	train=3
これぐらい	3	1	これ|ぐらい	これ|ぐらい:2 これぐらい:1	test=1,train=2
ご存知でした	3	1	ご存知でした	ご存知でした:2 ご存知|でした:1	train=3
ご提示	3	1	ご提示	ご提示:2 ご|提示:1	train=3
ご無事です	3	1	ご無事です	ご無事です:2 ご|無事です:1	train=3
ご署名	3	1	ご署名	ご署名:2 ご|署名:1	train=3
さきほど	3	1	さきほど	さきほど:2 さき|ほど:1	train=3
ささやき声	3	1	ささやき声	ささやき声:2 ささやき|声:1	train=3
しかめっ面	3	1	しかめっ面	しかめっ面:2 し|かめっ面:1	train=3
してるようだった	3	1	してるようだった	してるようだった:2 してる|よう|だった:1	train=3
しましたが	3	1	しましたが	しましたが:2 しました|が:1	train=3
しゃべり続けた	3	1	しゃべり|続けた	しゃべり|続けた:2 しゃべり続けた:1	train=3
し合った	3	1	し合った	し合った:2 し|合った:1	train=3
し始める	3	1	し始める	し始める:2 し|始める:1	train=3
じきじきに	3	1	じきじきに	じきじきに:2 じきじき|に:1	train=3
じゃあるまい	3	1	じゃ|あるまい	じゃ|あるまい:2 じゃあるまい:1	train=3
じゃなかったら	3	1	じゃなかったら	じゃなかったら:2 じゃ|なかったら:1	train=3
じゃねー	3	1	じゃ|ねー	じゃ|ねー:2 じゃねー:1	train=3
すごいわ	3	1	すごい|わ	すごい|わ:2 すごいわ:1	train=3
せんと	3	1	せん|と	せん|と:2 せんと:1	train=3
そちら様	3	1	そちら|様	そちら|様:2 そちら様:1	train=3
そんなん	3	1	そんな|ん	そんな|ん:2 そんなん:1	train=3
ぞー	3	1	ぞー	ぞー:2 ぞ|ー:1	train=3
たたき上げ	3	1	たたき上げ	たたき上げ:2 たたき|上げ:1	train=3
だあっ	3	1	だ|あっ	だ|あっ:2 だあっ:1	train=3
だったろ	3	1	だったろ	だったろ:2 だった|ろ:1	train=3
だー	3	1	だー	だー:2 だ|ー:1	train=3
ちょいと	3	1	ちょいと	ちょいと:2 ちょい|と:1	train=3
つけねばならない	3	1	つけねば|ならない	つけねば|ならない:2 つけねばならない:1	train=3
つねに	3	1	つねに	つねに:2 つね|に:1	train=3
ていうか	3	1	て|いう|か	て|いう|か:2 ていうか:1	train=3
であったら	3	1	であったら	であったら:2 で|あったら:1	train=3
であったらしい	3	1	で|あったらしい	で|あったらしい:2 であったらしい:1	train=3
できてます	3	1	できて|ます	できて|ます:2 できてます:1	train=3
できるんだったら	3	1	できる|ん|だったら	できる|ん|だったら:2 できるんだったら:1	train=3
でしょお	3	1	でしょお	でしょお:2 でしょ|お:1	train=3
でなきゃ	3	1	でなきゃ	でなきゃ:2 で|なきゃ:1	train=3
といけなかった	3	1	と|いけなかった	と|いけなかった:2 といけなかった:1	train=3
とてつもない	3	1	とてつもない	とてつもない:2 とてつ|も|ない:1	train=3
となりの	3	1	となり|の	となり|の:2 となりの:1	train=3
どいつもこいつも	3	1	どいつ|も|こいつ|も	どいつ|も|こいつ|も:2 どいつもこいつも:1	train=3
どうと	3	1	どう|と	どう|と:2 どうと:1	train=3
どことなく	3	1	どことなく	どことなく:2 どこ|と|なく:1	train=3
どすんと	3	1	どすんと	どすんと:2 どすん|と:1	train=3
どちらさま	3	1	どちら|さま	どちら|さま:2 どちらさま:1	train=3
なおいっそう	3	1	なお|いっそう	なお|いっそう:2 なおいっそう:1	train=3
なくなってる	3	1	なくなってる	なくなってる:2 なく|なってる:1	train=3
なくらい	3	1	なくらい	なくらい:2 な|くらい:1	train=3
なされる	3	1	なされる	なされる:2 な|される:1	train=3
なした	3	1	なした	なした:2 な|した:1	train=3
なぞめいた	3	1	なぞめいた	なぞめいた:2 なぞ|めいた:1	train=3
なみだ	3	1	なみだ	なみだ:2 なみ|だ:1	train=3
なるであろう	3	1	なるであろう	なるであろう:2 なるで|あろう:1	test=1,train=2
なー	3	1	なー	なー:2 な|ー:1	train=3
にいられなかった	3	1	に|いられなかった	に|いられなかった:2 にいられなかった:1	train=3
にこり	3	1	にこり	にこり:2 に|こり:1	train=3
にらみつけた	3	1	にらみつけた	にらみつけた:2 にらみ|つけた:1	train=3
にわかに	3	1	にわかに	にわかに:2 にわか|に:1	train=3
に落ちない	3	1	に|落ちない	に|落ちない:2 に落ちない:1	train=3
のどかな	3	1	の|どかな	の|どかな:2 のどかな:1	train=3
のらくらして	3	1	のらくら|して	のらくら|して:2 のらくらして:1	train=3
の名作	3	1	の|名作	の|名作:2 の名作:1	train=3
はいかん	3	1	は|いかん	は|いかん:2 はいかん:1	train=3
はがまん	3	1	はがまん	はがまん:2 は|がまん:1	train=3
はこない	3	1	は|こない	は|こない:2 はこない:1	train=3
はち	3	1	は|ち	は|ち:2 はち:1	train=3
はびくびく	3	1	は|びくびく	は|びくびく:2 はびくびく:1	train=3
はやらない	3	1	は|やらない	は|やらない:2 はやらない:1	train=3
は届かない	3	1	は|届かない	は|届かない:2 は届かない:1	train=3
は応じられない	3	1	は|応じられない	は|応じられない:2 は応じられない:1	train=3
は飽き飽き	3	1	は|飽き飽き	は|飽き飽き:2 は飽き飽き:1	train=3
ぴったりで	3	1	ぴったりで	ぴったりで:2 ぴったり|で:1	train=3
ぴったりの	3	1	ぴったりの	ぴったりの:2 ぴったり|の:1	train=3
ぶち殺す	3	1	ぶち殺す	ぶち殺す:2 ぶち|殺す:1	train=3
ぶってんじゃねえ	3	1	ぶって|ん|じゃ|ねえ	ぶって|ん|じゃ|ねえ:2 ぶってんじゃねえ:1	train=3
ほかない	3	1	ほか|ない	ほか|ない:2 ほかない:1	train=3
ほこりだらけ	3	1	ほこり|だらけ	ほこり|だらけ:2 ほこりだらけ:1	train=3
まためぐって	3	1	また|めぐって	また|めぐって:2 まためぐって:1	train=3
またもや	3	1	またもや	またもや:2 また|もや:1	train=3
まだしも	3	1	まだしも	まだしも:2 まだ|しも:1	train=3
みっちゃん	3	1	みっ|ちゃん	みっ|ちゃん:2 みっちゃん:1	train=3
もつれて	3	1	もつれて	もつれて:2 も|つれて:1	train=3
もてなす	3	1	もてなす	もてなす:2 もて|なす:1	train=3
もろとも	3	1	もろとも	もろとも:2 もろと|も:1	train=3
やさ	3	1	やさ	やさ:2 や|さ:1	train=3
やり直した	3	1	やり直した	やり直した:2 やり|直した:1	train=3
やり終えた	3	1	やり|終えた	やり|終えた:2 やり終えた:1	train=3
らっしゃ～い	3	1	らっしゃ|～|い	らっしゃ|～|い:2 らっしゃ～い:1	train=3
りんさん	3	1	りん|さん	りん|さん:2 りんさん:1	train=2,val=1
わからなくなった	3	1	わからなく|なった	わからなく|なった:2 わからなくなった:1	train=3
わたしら	3	1	わたし|ら	わたし|ら:2 わたしら:1	train=3
わめき声	3	1	わめき声	わめき声:2 わめき|声:1	train=3
をつねった	3	1	を|つねった	を|つねった:2 をつねった:1	train=3
を発ちます	3	1	を発ちます	を発ちます:2 を|発ちます:1	train=3
を示さなかった	3	1	を|示さなかった	を|示さなかった:2 を示さなかった:1	train=3
を進めるだろう	3	1	を|進めるだろう	を|進めるだろう:2 を進めるだろう:1	train=3
んて	3	1	ん|て	ん|て:2 んて:1	train=3
ん中	3	1	ん中	ん中:2 ん|中:1	train=3
ん家	3	1	ん|家	ん|家:2 ん家:1	train=3
アイルランド系	3	1	アイルランド|系	アイルランド|系:2 アイルランド系:1	train=3
アパート暮らし	3	1	アパート|暮らし	アパート|暮らし:2 アパート暮らし:1	train=3
イエス様	3	1	イエス|様	イエス|様:2 イエス様:1	train=3
イギリス文学	3	1	イギリス|文学	イギリス|文学:2 イギリス文学:1	train=3
イチゴジャム	3	1	イチゴ|ジャム	イチゴ|ジャム:2 イチゴジャム:1	train=3
ウンザリだ	3	1	ウンザリ|だ	ウンザリ|だ:2 ウンザリだ:1	train=3
エネルギー源	3	1	エネルギー源	エネルギー源:2 エネルギー|源:1	train=3
エベレスト山	3	1	エベレスト山	エベレスト山:2 エベレスト|山:1	train=3
オレンジソーダ	3	1	オレンジ|ソーダ	オレンジ|ソーダ:2 オレンジソーダ:1	train=3
カダザン語	3	1	カダザン|語	カダザン|語:2 カダザン語:1	train=3
カビル語	3	1	カビル|語	カビル|語:2 カビル語:1	train=3
ガソリン価格	3	1	ガソリン|価格	ガソリン|価格:2 ガソリン価格:1	train=3
ギリシア人	3	1	ギリシア|人	ギリシア|人:2 ギリシア人:1	train=3
クリスマスイブ	3	1	クリスマスイブ	クリスマスイブ:2 クリスマス|イブ:1	train=3
ケネディ空港	3	1	ケネディ|空港	ケネディ|空港:2 ケネディ空港:1	train=3
コンピューター会社	3	1	コンピューター|会社	コンピューター|会社:2 コンピューター会社:1	train=3
コーヒー店	3	1	コーヒー|店	コーヒー|店:2 コーヒー店:1	train=3
サウンド･オブ･ミュージック	3	1	サウンド|･|オブ|･|ミュージック	サウンド|･|オブ|･|ミュージック:2 サウンド･オブ･ミュージック:1	train=3
サービス料	3	1	サービス料	サービス料:2 サービス|料:1	train=3
シ～	3	1	シ～	シ～:2 シ|～:1	train=3
ジョジョうさぎ	3	1	ジョジョ|うさぎ	ジョジョ|うさぎ:2 ジョジョうさぎ:1	train=3
スマートホーム	3	1	スマート|ホーム	スマート|ホーム:2 スマートホーム:1	train=3
ズル休み	3	1	ズル休み	ズル休み:2 ズル|休み:1	train=3
タトエバ・プロジェクト	3	1	タトエバ・プロジェクト	タトエバ・プロジェクト:2 タトエバ|・|プロジェクト:1	train=3
テスト飛行	3	1	テスト|飛行	テスト|飛行:2 テスト飛行:1	train=3
テニスラケット	3	1	テニスラケット	テニスラケット:2 テニス|ラケット:1	train=3
トマトスープ	3	1	トマトスープ	トマトスープ:2 トマト|スープ:1	train=3
トヨタ車	3	1	トヨタ|車	トヨタ|車:2 トヨタ車:1	train=3
トライデント作戦	3	1	トライデント作戦	トライデント作戦:2 トライデント|作戦:1	train=3
ドイツ製	3	1	ドイツ製	ドイツ製:2 ドイツ|製:1	train=3
ニトログリセリン	3	1	ニトログリセリン	ニトログリセリン:2 ニトロ|グリセリン:1	train=3
ニューイヤー	3	1	ニュー|イヤー	ニュー|イヤー:2 ニューイヤー:1	train=3
ニューモデル	3	1	ニューモデル	ニューモデル:2 ニュー|モデル:1	train=3
ノン･ストップ	3	1	ノン|･|ストップ	ノン|･|ストップ:2 ノン･ストップ:1	train=3
ハイジャック犯	3	1	ハイジャック|犯	ハイジャック|犯:2 ハイジャック犯:1	train=3
バッキンガム宮殿	3	1	バッキンガム|宮殿	バッキンガム|宮殿:2 バッキンガム宮殿:1	train=3
パッツ人	3	1	パッツ人	パッツ人:2 パッツ|人:1	train=3
パンくず	3	1	パン|くず	パン|くず:2 パンくず:1	train=3
パールの	3	1	パールの	パールの:2 パール|の:1	train=3
ヒイさま	3	1	ヒイさま	ヒイさま:2 ヒイ|さま:1	train=3
ヒルトン・ホテル	3	1	ヒルトン・ホテル	ヒルトン・ホテル:2 ヒルトン|・|ホテル:1	train=3
ファシオラ家	3	1	ファシオラ|家	ファシオラ|家:2 ファシオラ家:1	train=3
フランス文学	3	1	フランス|文学	フランス|文学:2 フランス文学:1	train=3
フランス革命	3	1	フランス|革命	フランス|革命:2 フランス革命:1	train=3
ベルベル人	3	1	ベルベル|人	ベルベル|人:2 ベルベル人:1	train=3
ペロペロキャンディ	3	1	ペロペロ|キャンディ	ペロペロ|キャンディ:2 ペロペロキャンディ:1	train=3
マンマユート団	3	1	マンマユート|団	マンマユート|団:2 マンマユート団:1	train=3
ミスタ・ブルー	3	1	ミスタ|・|ブルー	ミスタ|・|ブルー:2 ミスタ・ブルー:1	train=3
メイド・イン・ジャパン	3	1	メイド・イン・ジャパン	メイド・イン・ジャパン:2 メイド|・|イン|・|ジャパン:1	train=3
リトアニア語	3	1	リトアニア語	リトアニア語:2 リトアニア|語:1	train=3
ルター派	3	1	ルター|派	ルター|派:2 ルター派:1	train=3
レモンジュース	3	1	レモンジュース	レモンジュース:2 レモン|ジュース:1	train=3
ロックバンド	3	1	ロック|バンド	ロック|バンド:2 ロックバンド:1	train=3
ワッと	3	1	ワッと	ワッと:2 ワッ|と:1	train=3
ーっ	3	1	ー|っ	ー|っ:2 ーっ:1	train=3
一年生	3	1	一年生	一年生:2 一年|生:1	train=3
一心不乱	3	1	一心|不乱	一心|不乱:2 一心不乱:1	train=3
一文無し	3	1	一文無し	一文無し:2 一文|無し:1	train=3
一時解雇	3	1	一時|解雇	一時|解雇:2 一時解雇:1	train=3
一期一会	3	1	一期一会	一期一会:2 一期|一会:1	train=3
一語一語	3	1	一語|一語	一語|一語:2 一語一語:1	train=3
七十五日	3	1	七十五日	七十五日:2 七十五|日:1	train=3
上すぎる	3	1	上|すぎる	上|すぎる:2 上すぎる:1	train=3
上手くなりたい	3	1	上手く|なりたい	上手く|なりたい:2 上手くなりたい:1	train=3
不注意であった	3	1	不注意であった	不注意であった:2 不注意で|あった:1	train=3
不満で	3	1	不満|で	不満|で:2 不満で:1	train=3
世間一般	3	1	世間|一般	世間|一般:2 世間一般:1	train=3
両肘	3	1	両肘	両肘:2 両|肘:1	train=3
中間試験	3	1	中間試験	中間試験:2 中間|試験:1	train=3
事なかれ	3	1	事|なかれ	事|なかれ:2 事なかれ:1	train=3
事務弁護士	3	1	事務|弁護士	事務|弁護士:2 事務弁護士:1	train=3
事故って	3	1	事故|って	事故|って:2 事故って:1	train=3
二の舞	3	1	二の舞	二の舞:2 二|の|舞:1	train=3
二人っきり	3	1	二人|っきり	二人|っきり:2 二人っきり:1	train=3
二国間	3	1	二国間	二国間:2 二国|間:1	train=3
人ごと	3	1	人|ごと	人|ごと:2 人ごと:1	train=3
人口増加	3	1	人口|増加	人口|増加:2 人口増加:1	train=3
人間社会	3	1	人間|社会	人間|社会:2 人間社会:1	train=3
今ひとつ	3	1	今ひとつ	今ひとつ:2 今|ひとつ:1	train=3
今シーズン	3	1	今シーズン	今シーズン:2 今|シーズン:1	train=3
今金	3	1	今|金	今|金:2 今金:1	train=3
付き合いやすい	3	1	付き合い|やすい	付き合い|やすい:2 付き合いやすい:1	train=3
付した	3	1	付した	付した:2 付|した:1	train=3
仲よく	3	1	仲|よく	仲|よく:2 仲よく:1	train=3
住宅計画	3	1	住宅|計画	住宅|計画:2 住宅計画:1	train=3
何か国語	3	1	何|か|国語	何|か|国語:2 何か国語:1	train=3
何やら	3	1	何|やら	何|やら:2 何やら:1	train=3
何年目	3	1	何年目	何年目:2 何年|目:1	train=2,val=1
何時も	3	1	何時も	何時も:2 何時|も:1	train=3
何百万ドル	3	1	何百万|ドル	何百万|ドル:2 何百万ドル:1	train=3
何階建て	3	1	何階|建て	何階|建て:2 何階建て:1	train=3
作り出す	3	1	作り出す	作り出す:2 作り|出す:1	train=2,val=1
使用中	3	1	使用|中	使用|中:2 使用中:1	train=3
信じてた	3	1	信じてた	信じてた:2 信じて|た:1	train=3
俺様	3	1	俺様	俺様:2 俺|様:1	train=3
個人用	3	1	個人用	個人用:2 個人|用:1	train=3
偶然だ	3	1	偶然だ	偶然だ:2 偶然|だ:1	train=3
働きつづけた	3	1	働きつづけた	働きつづけた:2 働き|つづけた:1	train=3
働き始めて	3	1	働き始めて	働き始めて:2 働き|始めて:1	train=3
僕んち	3	1	僕んち	僕んち:2 僕|んち:1	train=3
光り輝いて	3	1	光り輝いて	光り輝いて:2 光り|輝いて:1	train=3
入国カード	3	1	入国カード	入国カード:2 入国|カード:1	test=1,train=2
全従業員	3	1	全|従業員	全|従業員:2 全従業員:1	train=3
公民権運動	3	1	公民権|運動	公民権|運動:2 公民権運動:1	train=3
六歳	3	1	六歳	六歳:2 六|歳:1	train=3
出なくなった	3	1	出なく|なった	出なく|なった:2 出なくなった:1	train=3
出火原因	3	1	出火|原因	出火|原因:2 出火原因:1	train=3
分割払い	3	1	分割|払い	分割|払い:2 分割払い:1	train=3
切に	3	1	切|に	切|に:2 切に:1	train=3
初来日	3	1	初来日	初来日:2 初|来日:1	train=3
前のめり	3	1	前のめり	前のめり:2 前|の|めり:1	train=3
労働条件	3	1	労働|条件	労働|条件:2 労働条件:1	train=3
動き始めた	3	1	動き|始めた	動き|始めた:2 動き始めた:1	train=3
動くんじゃ	3	1	動く|ん|じゃ	動く|ん|じゃ:2 動くんじゃ:1	train=3
勝ちー	3	1	勝ちー	勝ちー:2 勝ち|ー:1	train=3
勤勉でなければ	3	1	勤勉で|なければ	勤勉で|なければ:2 勤勉でなければ:1	train=3
勤務時間	3	1	勤務時間	勤務時間:2 勤務|時間:1	train=3
北極探検	3	1	北極|探検	北極|探検:2 北極探検:1	train=3
医療保険	3	1	医療保険	医療保険:2 医療|保険:1	train=3
十分でない	3	1	十分で|ない	十分で|ない:2 十分でない:1	train=3
千載一遇	3	1	千載一遇	千載一遇:2 千載|一遇:1	train=3
南フランス	3	1	南|フランス	南|フランス:2 南フランス:1	train=3
危険人物	3	1	危険人物	危険人物:2 危険|人物:1	train=3
反革命分子	3	1	反革命|分子	反革命|分子:2 反革命分子:1	train=3
台湾料理	3	1	台湾|料理	台湾|料理:2 台湾料理:1	train=3
右利き	3	1	右利き	右利き:2 右|利き:1	train=3
司法試験	3	1	司法試験	司法試験:2 司法|試験:1	train=3
同じなんです	3	1	同じ|な|ん|です	同じ|な|ん|です:2 同じなんです:1	train=3
同様で	3	1	同様|で	同様|で:2 同様で:1	train=3
名付けました	3	1	名付けました	名付けました:2 名|付けました:1	train=3
向こう見ず	3	1	向こう|見ず	向こう|見ず:2 向こう見ず:1	train=3
君ん	3	1	君|ん	君|ん:2 君ん:1	train=3
否定的	3	1	否定|的	否定|的:2 否定的:1	train=3
吹きつけた	3	1	吹きつけた	吹きつけた:2 吹き|つけた:1	train=2,val=1
吹奏楽団	3	1	吹奏|楽団	吹奏|楽団:2 吹奏楽団:1	train=3
呼び寄せた	3	1	呼び寄せた	呼び寄せた:2 呼び|寄せた:1	train=3
和らいできました	3	1	和らいできました	和らいできました:2 和らいで|きました:1	test=1,train=2
唯一無二	3	1	唯一|無二	唯一|無二:2 唯一無二:1	train=3
固定観念	3	1	固定|観念	固定|観念:2 固定観念:1	train=3
国際貿易	3	1	国際|貿易	国際|貿易:2 国際貿易:1	train=3
国際電話	3	1	国際|電話	国際|電話:2 国際電話:1	train=3
地獄行き	3	1	地獄|行き	地獄|行き:2 地獄行き:1	train=3
堂々たる	3	1	堂々たる	堂々たる:2 堂々|たる:1	train=3
変ね	3	1	変|ね	変|ね:2 変ね:1	train=3
夏中	3	1	夏中	夏中:2 夏|中:1	train=3
多くして	3	1	多く|して	多く|して:2 多くして:1	train=3
多角的に	3	1	多角的に	多角的に:2 多角的|に:1	train=3
大っ嫌いだった	3	1	大っ嫌いだった	大っ嫌いだった:2 大っ|嫌いだった:1	train=3
大人びて	3	1	大人びて	大人びて:2 大人|びて:1	train=3
大学教育	3	1	大学|教育	大学|教育:2 大学教育:1	train=3
大家さん	3	1	大家さん	大家さん:2 大家|さん:1	train=3
大正解	3	1	大正解	大正解:2 大|正解:1	test=1,train=2
大科学者	3	1	大|科学者	大|科学者:2 大科学者:1	train=3
奴等	3	1	奴等	奴等:2 奴|等:1	train=3
奴隷制度	3	1	奴隷|制度	奴隷|制度:2 奴隷制度:1	train=3
奴隷商人	3	1	奴隷|商人	奴隷|商人:2 奴隷商人:1	train=3
好きなようだ	3	1	好き|な|よう|だ	好き|な|よう|だ:2 好きなようだ:1	train=3
好き好き	3	1	好き|好き	好き|好き:2 好き好き:1	train=3
学校新聞	3	1	学校|新聞	学校|新聞:2 学校新聞:1	train=3
学生ビザ	3	1	学生|ビザ	学生|ビザ:2 学生ビザ:1	train=3
学生運動	3	1	学生運動	学生運動:2 学生|運動:1	train=3
学習法	3	1	学習|法	学習|法:2 学習法:1	train=3
孫の手	3	1	孫の手	孫の手:2 孫|の|手:1	train=3
実さん	3	1	実|さん	実|さん:2 実さん:1	train=3
実物そっくりだ	3	1	実物|そっくりだ	実物|そっくりだ:2 実物そっくりだ:1	train=3
実行可能	3	1	実行|可能	実行|可能:2 実行可能:1	train=3
家出した	3	1	家|出した	家|出した:2 家出した:1	train=3
家宅捜索	3	1	家宅|捜索	家宅|捜索:2 家宅捜索:1	train=3
家庭環境	3	1	家庭環境	家庭環境:2 家庭|環境:1	train=3
寄りかかった	3	1	寄りかかった	寄りかかった:2 寄り|かかった:1	train=3
対照的に	3	1	対照的に	対照的に:2 対照的|に:1	train=3
専業主婦	3	1	専業主婦	専業主婦:2 専業|主婦:1	test=1,train=2
専門外	3	1	専門|外	専門|外:2 専門外:1	train=3
導師様	3	1	導師様	導師様:2 導師|様:1	train=3
小人族	3	1	小人|族	小人|族:2 小人族:1	train=3
少しいいです	3	1	少し|いいです	少し|いいです:2 少しいいです:1	train=3
居眠り運転	3	1	居眠り|運転	居眠り|運転:2 居眠り運転:1	train=3
岡目八目	3	1	岡目八目	岡目八目:2 岡目|八目:1	train=3
年中無休	3	1	年中|無休	年中|無休:2 年中無休:1	train=3
幸いでした	3	1	幸い|でした	幸い|でした:2 幸いでした:1	train=3
幸福であった	3	1	幸福であった	幸福であった:2 幸福で|あった:1	train=3
幼年時代	3	1	幼年|時代	幼年|時代:2 幼年時代:1	train=3
店じまい	3	1	店じまい	店じまい:2 店|じまい:1	train=3
建て込んで	3	1	建て込んで	建て込んで:2 建て|込んで:1	train=3
引き受けました	3	1	引き受けました	引き受けました:2 引き|受けました:1	train=3
待ってって	3	1	待ってって	待ってって:2 待って|って:1	train=3
待ってます	3	1	待ってます	待ってます:2 待って|ます:1	train=3
徒歩圏内	3	1	徒歩圏内	徒歩圏内:2 徒歩|圏内:1	train=3
得意じゃ	3	1	得意じゃ	得意じゃ:2 得意|じゃ:1	train=3
微笑した	3	1	微笑した	微笑した:2 微笑|した:1	train=3
微笑みかける	3	1	微笑み|かける	微笑み|かける:2 微笑みかける:1	train=3
忍耐強い	3	1	忍耐|強い	忍耐|強い:2 忍耐強い:1	train=3
忍耐強く	3	1	忍耐強く	忍耐強く:2 忍耐|強く:1	train=3
忘れがちだ	3	1	忘れがちだ	忘れがちだ:2 忘れ|がちだ:1	train=3
忘れ去られて	3	1	忘れ去られて	忘れ去られて:2 忘れ|去られて:1	train=3
忠実でなければ	3	1	忠実でなければ	忠実でなければ:2 忠実で|なければ:1	train=3
怒りだした	3	1	怒りだした	怒りだした:2 怒り|だした:1	train=3
思いつかなかった	3	1	思いつかなかった	思いつかなかった:2 思い|つかなかった:1	train=3
思いとどまった	3	1	思いとどまった	思いとどまった:2 思い|とどまった:1	train=3
思い違い	3	1	思い違い	思い違い:2 思い|違い:1	test=1,train=2
思うなら	3	1	思うなら	思うなら:2 思う|なら:1	train=3
怠惰であった	3	1	怠惰で|あった	怠惰で|あった:2 怠惰であった:1	train=3
急ぎな	3	1	急ぎな	急ぎな:2 急ぎ|な:1	train=3
悪で	3	1	悪|で	悪|で:2 悪で:1	train=3
感慨深い	3	1	感慨深い	感慨深い:2 感慨|深い:1	train=3
憎み合って	3	1	憎み合って	憎み合って:2 憎み|合って:1	train=3
成し遂げることが	3	1	成し遂げる|こと|が	成し遂げる|こと|が:2 成し遂げることが:1	train=3
我が身	3	1	我が|身	我が|身:2 我が身:1	train=3
打ち負かされた	3	1	打ち負かされた	打ち負かされた:2 打ち|負かされた:1	train=3
払いだ	3	1	払い|だ	払い|だ:2 払いだ:1	train=3
投げ出された	3	1	投げ出された	投げ出された:2 投げ|出された:1	train=3
折れは	3	1	折れ|は	折れ|は:2 折れは:1	train=3
持たれつだ	3	1	持たれつだ	持たれつだ:2 持たれ|つ|だ:1	train=3
指名手配	3	1	指名手配	指名手配:2 指名|手配:1	train=3
挙動不審	3	1	挙動|不審	挙動|不審:2 挙動不審:1	train=3
放っておく	3	1	放って|おく	放って|おく:2 放っておく:1	train=3
放っておけ	3	1	放って|おけ	放って|おけ:2 放っておけ:1	train=3
教授陣	3	1	教授|陣	教授|陣:2 教授陣:1	train=3
数マイル	3	1	数マイル	数マイル:2 数|マイル:1	train=3
数週間前	3	1	数週間|前	数週間|前:2 数週間前:1	train=3
新事業	3	1	新事業	新事業:2 新|事業:1	train=3
新校舎	3	1	新校舎	新校舎:2 新|校舎:1	train=3
旅ガイド	3	1	旅|ガイド	旅|ガイド:2 旅ガイド:1	train=3
旅行保険	3	1	旅行|保険	旅行|保険:2 旅行保険:1	train=3
日本一	3	1	日本一	日本一:2 日本|一:1	train=3
日本男児	3	1	日本|男児	日本|男児:2 日本男児:1	train=3
昆虫採集	3	1	昆虫|採集	昆虫|採集:2 昆虫採集:1	train=3
映画牧場	3	1	映画|牧場	映画|牧場:2 映画牧場:1	train=3
時刻通り	3	1	時刻|通り	時刻|通り:2 時刻通り:1	train=3
時間ぎめ	3	1	時間|ぎめ	時間|ぎめ:2 時間ぎめ:1	train=3
時間単位	3	1	時間単位	時間単位:2 時間|単位:1	train=3
暗に	3	1	暗に	暗に:2 暗|に:1	train=3
書いてます	3	1	書いて|ます	書いて|ます:2 書いてます:1	train=3
書き留める	3	1	書き留める	書き留める:2 書き|留める:1	train=3
書き終える	3	1	書き|終える	書き|終える:2 書き終える:1	train=3
最新型	3	1	最新型	最新型:2 最新|型:1	train=3
最高点	3	1	最高|点	最高|点:2 最高点:1	train=3
月火	3	1	月|火	月|火:2 月火:1	train=3
朝シャワー	3	1	朝|シャワー	朝|シャワー:2 朝シャワー:1	train=3
朝起き	3	1	朝起き	朝起き:2 朝|起き:1	train=3
未決定で	3	1	未決定|で	未決定|で:2 未決定で:1	test=1,train=2
未熟者	3	1	未熟|者	未熟|者:2 未熟者:1	train=3
東南アジア	3	1	東南|アジア	東南|アジア:2 東南アジア:1	train=3
横断飛行	3	1	横断|飛行	横断|飛行:2 横断飛行:1	train=3
正しくありません	3	1	正しく|ありません	正しく|ありません:2 正しくありません:1	train=3
正規表現	3	1	正規|表現	正規|表現:2 正規表現:1	train=3
歩きな	3	1	歩きな	歩きな:2 歩き|な:1	train=3
死活問題	3	1	死活問題	死活問題:2 死活|問題:1	train=3
殺し方	3	1	殺し|方	殺し|方:2 殺し方:1	train=3
気に入りません	3	1	気|に|入りません	気|に|入りません:2 気に入りません:1	train=3
気持ち悪い	3	1	気持ち|悪い	気持ち|悪い:2 気持ち悪い:1	train=3
求めさえ	3	1	求め|さえ	求め|さえ:2 求めさえ:1	train=3
法律事務所	3	1	法律事務所	法律事務所:2 法律|事務所:1	train=3
泣きはじめた	3	1	泣き|はじめた	泣き|はじめた:2 泣きはじめた:1	train=3
泣きわめいた	3	1	泣きわめいた	泣きわめいた:2 泣き|わめいた:1	train=3
泥だらけだった	3	1	泥だらけ|だった	泥だらけ|だった:2 泥だらけだった:1	train=3
泳いでた	3	1	泳いでた	泳いでた:2 泳いで|た:1	train=3
洋服ダンス	3	1	洋服|ダンス	洋服|ダンス:2 洋服ダンス:1	train=3
涙した	3	1	涙した	涙した:2 涙|した:1	train=3
満々だ	3	1	満々|だ	満々|だ:2 満々だ:1	train=3
満員です	3	1	満員です	満員です:2 満員|です:1	train=3
満開で	3	1	満開|で	満開|で:2 満開で:1	train=3
漏らさないよう	3	1	漏らさないよう	漏らさないよう:2 漏らさない|よう:1	train=3
漏れたらしい	3	1	漏れたらしい	漏れたらしい:2 漏れた|らしい:1	train=3
無敵の	3	1	無敵|の	無敵|の:2 無敵の:1	train=3
無理ない	3	1	無理|ない	無理|ない:2 無理ない:1	train=3
無礼者	3	1	無礼|者	無礼|者:2 無礼者:1	train=3
無謀運転	3	1	無謀|運転	無謀|運転:2 無謀運転:1	train=3
焦るな	3	1	焦るな	焦るな:2 焦る|な:1	train=3
爪先立ち	3	1	爪先立ち	爪先立ち:2 爪先|立ち:1	train=3
犯しがちで	3	1	犯し|がちで	犯し|がちで:2 犯しがちで:1	train=2,val=1
狭いわ	3	1	狭い|わ	狭い|わ:2 狭いわ:1	train=3
猛スピード	3	1	猛スピード	猛スピード:2 猛|スピード:1	test=1,train=2
献身的	3	1	献身的	献身的:2 献身|的:1	train=3
現われる	3	1	現われる	現われる:2 現|われる:1	train=3
生まれ変わった	3	1	生まれ変わった	生まれ変わった:2 生まれ|変わった:1	train=3
産児制限	3	1	産児|制限	産児|制限:2 産児制限:1	train=3
田園生活	3	1	田園|生活	田園|生活:2 田園生活:1	train=3
留守でした	3	1	留守|でした	留守|でした:2 留守でした:1	train=3
留守番電話	3	1	留守番電話	留守番電話:2 留守番|電話:1	train=3
異母兄弟	3	1	異母|兄弟	異母|兄弟:2 異母兄弟:1	train=3
痛くなった	3	1	痛くなった	痛くなった:2 痛く|なった:1	train=3
白だ	3	1	白|だ	白|だ:2 白だ:1	train=3
的はずれだ	3	1	的はずれ|だ	的はずれ|だ:2 的はずれだ:1	train=3
相思相愛	3	1	相思相愛	相思相愛:2 相思|相愛:1	train=3
眠くなっちゃう	3	1	眠くなっちゃう	眠くなっちゃう:2 眠く|なっちゃう:1	train=3
睡眠時間	3	1	睡眠|時間	睡眠|時間:2 睡眠時間:1	train=3
知らなければならない	3	1	知らなければ|ならない	知らなければ|ならない:2 知らなければならない:1	train=3
短気で	3	1	短気で	短気で:2 短気|で:1	train=3
社会不安	3	1	社会|不安	社会|不安:2 社会不安:1	train=3
税制改革	3	1	税制改革	税制改革:2 税制|改革:1	train=3
税込み	3	1	税込み	税込み:2 税|込み:1	train=3
種なし	3	1	種なし	種なし:2 種|なし:1	train=3
穴だらけ	3	1	穴だらけ	穴だらけ:2 穴|だらけ:1	train=3
空き部屋	3	1	空き|部屋	空き|部屋:2 空き部屋:1	train=3
空っぽの	3	1	空っぽ|の	空っぽ|の:2 空っぽの:1	train=3
空即是色	3	1	空|即|是|色	空|即|是|色:2 空即是色:1	train=3
空飛ぶ	3	1	空|飛ぶ	空|飛ぶ:2 空飛ぶ:1	train=3
立入禁止	3	1	立入|禁止	立入|禁止:2 立入禁止:1	train=3
笑いかけて	3	1	笑いかけて	笑いかけて:2 笑い|かけて:1	train=3
笑い出す	3	1	笑い出す	笑い出す:2 笑い|出す:1	train=3
第一段階	3	1	第一|段階	第一|段階:2 第一段階:1	train=3
納め時	3	1	納め|時	納め|時:2 納め時:1	train=3
結婚指輪	3	1	結婚指輪	結婚指輪:2 結婚|指輪:1	train=3
緑の党	3	1	緑の党	緑の党:2 緑|の|党:1	train=3
罰した	3	1	罰した	罰した:2 罰|した:1	train=3
習い性	3	1	習い|性	習い|性:2 習い性:1	train=3
考えがちで	3	1	考えがちで	考えがちで:2 考え|がちで:1	train=3
考え過ぎだ	3	1	考え過ぎ|だ	考え過ぎ|だ:2 考え過ぎだ:1	train=3
聞いたろ	3	1	聞いた|ろ	聞いた|ろ:2 聞いたろ:1	train=3
聞き入れて	3	1	聞き入れて	聞き入れて:2 聞き|入れて:1	train=3
聞こえなくなった	3	1	聞こえなくなった	聞こえなくなった:2 聞こえなく|なった:1	train=3
能なし	3	1	能|なし	能|なし:2 能なし:1	train=3
自信過剰だ	3	1	自信|過剰だ	自信|過剰だ:2 自信過剰だ:1	train=3
自動ドア	3	1	自動ドア	自動ドア:2 自動|ドア:1	train=3
自己表現	3	1	自己表現	自己表現:2 自己|表現:1	train=3
自然科学	3	1	自然|科学	自然|科学:2 自然科学:1	train=3
自転車通勤	3	1	自転車通勤	自転車通勤:2 自転車|通勤:1	train=3
良くなりました	3	1	良くなりました	良くなりました:2 良く|なりました:1	train=3
色即是空	3	1	色|即|是|空	色|即|是|空:2 色即是空:1	train=3
花嫁さん	3	1	花嫁|さん	花嫁|さん:2 花嫁さん:1	train=3
英字新聞	3	1	英字|新聞	英字|新聞:2 英字新聞:1	train=3
英語部	3	1	英語|部	英語|部:2 英語部:1	train=3
菊干代	3	1	菊|干代	菊|干代:2 菊干代:1	train=3
行きたがらない	3	1	行き|たがらない	行き|たがらない:2 行きたがらない:1	train=3
行こっか	3	1	行こっ|か	行こっ|か:2 行こっか:1	train=3
表する	3	1	表する	表する:2 表|する:1	train=3
被害額	3	1	被害|額	被害|額:2 被害額:1	train=3
裸だ	3	1	裸だ	裸だ:2 裸|だ:1	train=3
複雑骨折	3	1	複雑|骨折	複雑|骨折:2 複雑骨折:1	train=3
襲撃者	3	1	襲撃|者	襲撃|者:2 襲撃者:1	train=3
見えやしない	3	1	見え|や|しない	見え|や|しない:2 見えやしない:1	train=3
見つけ出した	3	1	見つけ出した	見つけ出した:2 見つけ|出した:1	train=3
見てやがる	3	1	見てやがる	見てやがる:2 見て|やがる:1	train=3
見てんだ	3	1	見てんだ	見てんだ:2 見て|ん|だ:1	train=3
親離れ	3	1	親離れ	親離れ:2 親|離れ:1	train=3
観光スポット	3	1	観光|スポット	観光|スポット:2 観光スポット:1	train=3
解決方法	3	1	解決|方法	解決|方法:2 解決方法:1	train=3
言い出した	3	1	言い出した	言い出した:2 言い|出した:1	train=3
試験前	3	1	試験|前	試験|前:2 試験前:1	train=3
話さないで	3	1	話さないで	話さないで:2 話さない|で:1	train=3
話しして	3	1	話し|して	話し|して:2 話しして:1	train=3
誘導尋問	3	1	誘導|尋問	誘導|尋問:2 誘導尋問:1	train=3
読まないと	3	1	読まない|と	読まない|と:2 読まないと:1	train=3
読み切れない	3	1	読み切れない	読み切れない:2 読み|切れない:1	train=3
読み終わりました	3	1	読み|終わりました	読み|終わりました:2 読み終わりました:1	train=3
読んでん	3	1	読んで|ん	読んで|ん:2 読んでん:1	train=3
課長さん	3	1	課長|さん	課長|さん:2 課長さん:1	train=3
調べ始めた	3	1	調べ|始めた	調べ|始めた:2 調べ始めた:1	train=3
財政状態	3	1	財政|状態	財政|状態:2 財政状態:1	train=3
貿易会社	3	1	貿易会社	貿易会社:2 貿易|会社:1	train=3
賛成でしょ	3	1	賛成|でしょ	賛成|でしょ:2 賛成でしょ:1	train=3
賛成投票	3	1	賛成|投票	賛成|投票:2 賛成投票:1	train=3
賢明でない	3	1	賢明で|ない	賢明で|ない:2 賢明でない:1	train=3
質問攻め	3	1	質問攻め	質問攻め:2 質問|攻め:1	train=3
赤だ	3	1	赤だ	赤だ:2 赤|だ:1	train=3
赤です	3	1	赤|です	赤|です:2 赤です:1	train=3
走り始めた	3	1	走り始めた	走り始めた:2 走り|始めた:1	train=3
走り抜けた	3	1	走り抜けた	走り抜けた:2 走り|抜けた:1	train=3
起こしかた	3	1	起こし|かた	起こし|かた:2 起こしかた:1	train=3
踊り方	3	1	踊り|方	踊り|方:2 踊り方:1	train=3
軍曹殿	3	1	軍曹殿	軍曹殿:2 軍曹|殿:1	train=3
農家さん	3	1	農家さん	農家さん:2 農家|さん:1	train=3
近隣諸国	3	1	近隣|諸国	近隣|諸国:2 近隣諸国:1	train=3
追い込まれた	3	1	追い込まれた	追い込まれた:2 追い|込まれた:1	train=3
送り返して	3	1	送り返して	送り返して:2 送り|返して:1	train=3
通しだった	3	1	通し|だった	通し|だった:2 通しだった:1	train=3
通じさせる	3	1	通じさせる	通じさせる:2 通じさせ|る:1	train=3
通行人Ｃ	3	1	通行人|Ｃ	通行人|Ｃ:2 通行人Ｃ:1	train=3
連れてった	3	1	連れて|った	連れて|った:2 連れてった:1	train=3
遅くなりました	3	1	遅く|なりました	遅く|なりました:2 遅くなりました:1	train=3
遊び友達	3	1	遊び|友達	遊び|友達:2 遊び友達:1	train=3
遊泳禁止	3	1	遊泳|禁止	遊泳|禁止:2 遊泳禁止:1	train=3
運転方法	3	1	運転|方法	運転|方法:2 運転方法:1	train=3
達う	3	1	達|う	達|う:2 達う:1	train=3
違法行為	3	1	違法|行為	違法|行為:2 違法行為:1	train=3
遠路はるばる	3	1	遠路はるばる	遠路はるばる:2 遠路|はるばる:1	train=3
部長さん	3	1	部長さん	部長さん:2 部長|さん:1	train=3
郵便料金	3	1	郵便料金	郵便料金:2 郵便|料金:1	train=3
重くなった	3	1	重くなった	重くなった:2 重く|なった:1	train=3
重傷だった	3	1	重傷|だった	重傷|だった:2 重傷だった:1	train=2,val=1
重病だ	3	1	重病|だ	重病|だ:2 重病だ:1	train=3
重要人物	3	1	重要|人物	重要|人物:2 重要人物:1	train=3
野菜スープ	3	1	野菜|スープ	野菜|スープ:2 野菜スープ:1	train=3
銀行マン	3	1	銀行マン	銀行マン:2 銀行|マン:1	train=3
閉所恐怖症	3	1	閉所恐怖症	閉所恐怖症:2 閉所|恐怖症:1	train=3
降りはじめた	3	1	降りはじめた	降りはじめた:2 降り|はじめた:1	train=3
陳列台	3	1	陳列|台	陳列|台:2 陳列台:1	train=3
陽気さ	3	1	陽気|さ	陽気|さ:2 陽気さ:1	train=3
隔てられて	3	1	隔てられて	隔てられて:2 隔て|られて:1	train=3
隠れみの	3	1	隠れみの	隠れみの:2 隠れみ|の:1	train=3
電気料金	3	1	電気料金	電気料金:2 電気|料金:1	train=3
静まりかえって	3	1	静まりかえって	静まりかえって:2 静まり|かえって:1	train=3
非売品	3	1	非|売品	非|売品:2 非売品:1	test=1,train=2
音楽鑑賞	3	1	音楽鑑賞	音楽鑑賞:2 音楽|鑑賞:1	train=3
頼んできた	3	1	頼んで|きた	頼んで|きた:2 頼んできた:1	train=3
顧問弁護士	3	1	顧問弁護士	顧問弁護士:2 顧問|弁護士:1	train=3
飛びぬけて	3	1	飛びぬけて	飛びぬけて:2 飛び|ぬけて:1	train=3
飛び起きた	3	1	飛び|起きた	飛び|起きた:2 飛び起きた:1	train=3
飢え死にする	3	1	飢え死に|する	飢え死に|する:2 飢え死にする:1	train=3
飲みすぎだ	3	1	飲みすぎ|だ	飲みすぎ|だ:2 飲みすぎだ:1	test=1,train=2
飲み方	3	1	飲み|方	飲み|方:2 飲み方:1	train=3
飲み終える	3	1	飲み終える	飲み終える:2 飲み|終える:1	train=3
飲み過ぎた	3	1	飲み過ぎた	飲み過ぎた:2 飲み|過ぎた:1	train=3
養子縁組	3	1	養子縁組	養子縁組:2 養子|縁組:1	train=3
馬鹿げている	3	1	馬鹿げて|いる	馬鹿げて|いる:2 馬鹿げている:1	train=3
駆け上った	3	1	駆け上った	駆け上った:2 駆け|上った:1	train=3
高くありません	3	1	高くありません	高くありません:2 高く|ありません:1	train=3
高額の	3	1	高額|の	高額|の:2 高額の:1	train=3
麦先生	3	1	麦|先生	麦|先生:2 麦先生:1	train=3
黄色だった	3	1	黄色|だった	黄色|だった:2 黄色だった:1	train=3
黄色で	3	1	黄色|で	黄色|で:2 黄色で:1	train=3
ＣＤプレーヤー	3	1	ＣＤプレーヤー	ＣＤプレーヤー:2 ＣＤ|プレーヤー:1	train=3
あったようだ	2	1	あったようだ	あったようだ:1 あった|よう|だ:1	train=2
あほんだら	2	1	あほんだら	あほんだら:1 あほ|ん|だら:1	train=2
ありがた迷惑だ	2	1	ありがた迷惑だ	ありがた迷惑だ:1 ありがた|迷惑|だ:1	train=2
ありゃしない	2	1	ありゃしない	ありゃしない:1 ありゃ|しない:1	train=2
いいねえ	2	1	いいねえ	いいねえ:1 いい|ねえ:1	train=2
いきな	2	1	いきな	いきな:1 いき|な:1	train=2
いくさ	2	1	いく|さ	いく|さ:1 いくさ:1	train=2
いただけだった	2	1	いた|だけ|だった	いた|だけ|だった:1 いただけだった:1	train=2
いたっけ	2	1	いたっけ	いたっけ:1 いた|っけ:1	train=2
いたんでいた	2	1	いたんで|いた	いたんで|いた:1 いたんでいた:1	train=2
いっぱいいっぱいです	2	1	いっぱいいっぱいです	いっぱいいっぱいです:1 いっぱいいっぱい|です:1	train=2
いなくなったら	2	1	いなく|なったら	いなく|なったら:1 いなくなったら:1	train=2
いなくなって	2	1	いなく|なって	いなく|なって:1 いなくなって:1	train=2
いやや	2	1	いやや	いやや:1 いや|や:1	train=2
いわんと	2	1	いわんと	いわんと:1 いわん|と:1	test=1,train=1
うおのめ	2	1	うお|の|め	うお|の|め:1 うおのめ:1	train=2
うまくいかなければ	2	1	うまく|いかなければ	うまく|いかなければ:1 うまくいかなければ:1	train=2
うれし涙	2	1	うれし涙	うれし涙:1 うれし|涙:1	train=2
う～っ	2	1	う|～|っ	う|～|っ:1 う～っ:1	train=2
おかえりなさい	2	1	おかえり|なさい	おかえり|なさい:1 おかえりなさい:1	train=2
おたがいに	2	1	おたがいに	おたがいに:1 おたがい|に:1	train=2
おばあ様	2	1	おばあ様	おばあ様:1 おばあ|様:1	train=2
おぼれかけた	2	1	おぼれ|かけた	おぼれ|かけた:1 おぼれかけた:1	train=2
おろかな	2	1	おろか|な	おろか|な:1 おろかな:1	train=2
お乗りください	2	1	お乗りください	お乗りください:1 お乗り|ください:1	train=2
お伝えいただけます	2	1	お|伝えいただけます	お|伝えいただけます:1 お伝えいただけます:1	train=2
お住まいの	2	1	お|住まい|の	お|住まい|の:1 お住まいの:1	train=2
お使いです	2	1	お使いです	お使いです:1 お使い|です:1	train=2
お出迎え	2	1	お出迎え	お出迎え:1 お|出迎え:1	train=2
お切りください	2	1	お|切りください	お|切りください:1 お切りください:1	train=2
お前ん家	2	1	お前|ん家	お前|ん家:1 お前ん家:1	train=2
お力添え	2	1	お|力添え	お|力添え:1 お力添え:1	train=2
お受け取りください	2	1	お受け取りください	お受け取りください:1 お|受け取りください:1	train=2
お召し上がれ	2	1	お|召し上がれ	お|召し上がれ:1 お召し上がれ:1	train=2
お困りです	2	1	お困りです	お困りです:1 お困り|です:1	train=2
お姑さん	2	1	お姑さん	お姑さん:1 お姑|さん:1	train=2
お安い	2	1	お安い	お安い:1 お|安い:1	train=2
お悔やみ	2	1	お悔やみ	お悔やみ:1 お|悔やみ:1	train=2
お書き	2	1	お書き	お書き:1 お|書き:1	train=2
お祖母さん	2	1	お祖母|さん	お祖母|さん:1 お祖母さん:1	train=2
お立ち	2	1	お立ち	お立ち:1 お|立ち:1	train=2
お聞きください	2	1	お|聞きください	お|聞きください:1 お聞きください:1	train=2
お聞き下さい	2	1	お|聞き下さい	お|聞き下さい:1 お聞き下さい:1	train=2
お見せしましょう	2	1	お見せ|しましょう	お見せ|しましょう:1 お見せしましょう:1	train=2
お連れさん	2	1	お連れ|さん	お連れ|さん:1 お連れさん:1	train=2
お過ごしください	2	1	お過ごしください	お過ごしください:1 お|過ごしください:1	train=2
お隣同士	2	1	お隣同士	お隣同士:1 お隣|同士:1	train=2
お飲みください	2	1	お飲みください	お飲みください:1 お飲み|ください:1	train=2
お～	2	1	お～	お～:1 お|～:1	train=2
かき始めた	2	1	かき|始めた	かき|始めた:1 かき始めた:1	train=2
かくれた	2	1	か|くれた	か|くれた:1 かくれた:1	train=2
かしの	2	1	かしの	かしの:1 かし|の:1	train=2
かて	2	1	か|て	か|て:1 かて:1	train=2
かねている	2	1	かねている	かねている:1 かねて|いる:1	train=2
かねない	2	1	か|ねない	か|ねない:1 かねない:1	train=2
かばんだ	2	1	かばんだ	かばんだ:1 か|ばんだ:1	train=2
かび臭い	2	1	かび|臭い	かび|臭い:1 かび臭い:1	train=2
がち	2	1	が|ち	が|ち:1 がち:1	train=2
がてら	2	1	が|て|ら	が|て|ら:1 がてら:1	train=2
がります	2	1	がります	がります:1 が|ります:1	train=2
きさえ	2	1	きさえ	きさえ:1 き|さえ:1	train=2
きたようです	2	1	きたようです	きたようです:1 きた|よう|です:1	train=2
きてもらえません	2	1	きてもらえません	きてもらえません:1 きて|もらえません:1	train=2
きま～す	2	1	きま～す	きま～す:1 きま|～|す:1	train=2
くるなら	2	1	くる|なら	くる|なら:1 くるなら:1	train=2
こうたいごうたい	2	1	こうたいごうたい	こうたいごうたい:1 こう|たいごう|たい:1	train=2
こそ泥	2	1	こそ|泥	こそ|泥:1 こそ泥:1	train=2
こたえ始めた	2	1	こたえ始めた	こたえ始めた:1 こたえ|始めた:1	train=2
ご健在です	2	1	ご健在です	ご健在です:1 ご|健在です:1	train=2
ご参考	2	1	ご|参考	ご|参考:1 ご参考:1	train=2
ご存じでしょう	2	1	ご存じでしょう	ご存じでしょう:1 ご存じ|でしょう:1	train=2
ご苦労さん	2	1	ご苦労|さん	ご苦労|さん:1 ご苦労さん:1	train=2
ご説明	2	1	ご|説明	ご|説明:1 ご説明:1	train=2
ご返送	2	1	ご|返送	ご|返送:1 ご返送:1	train=2
させてもらえます	2	1	させてもらえます	させてもらえます:1 させて|もらえます:1	train=2
さんさんと	2	1	さんさん|と	さんさん|と:1 さんさんと:1	train=2
ざぶんと	2	1	ざぶんと	ざぶんと:1 ざぶん|と:1	train=2
ざまだ	2	1	ざま|だ	ざま|だ:1 ざまだ:1	train=2
しっている	2	1	しっている	しっている:1 しって|いる:1	train=2
してたかい	2	1	してたかい	してたかい:1 してた|かい:1	train=2
しまいに	2	1	しまいに	しまいに:1 しまい|に:1	train=2
しまったようです	2	1	しまった|よう|です	しまった|よう|です:1 しまったようです:1	train=2
しま～す	2	1	しま|～|す	しま|～|す:1 しま～す:1	train=2
しゃんと	2	1	しゃん|と	しゃん|と:1 しゃんと:1	train=2
しよ	2	1	しよ	しよ:1 し|よ:1	train=2
すぎている	2	1	すぎて|いる	すぎて|いる:1 すぎている:1	train=2
すすり泣いて	2	1	すすり|泣いて	すすり|泣いて:1 すすり泣いて:1	train=2
せねばならぬ	2	1	せねばならぬ	せねばならぬ:1 せねば|ならぬ:1	train=2
そうだっけ	2	1	そうだっけ	そうだっけ:1 そう|だっけ:1	train=2
その内	2	1	その|内	その|内:1 その内:1	train=2
そ～お	2	1	そ～|お	そ～|お:1 そ～お:1	train=2
たいごうたいで	2	1	たいごうたいで	たいごうたいで:1 たいごう|たい|で:1	train=2
たかっている	2	1	たかっている	たかっている:1 たかって|いる:1	train=2
たとえよう	2	1	たとえよう	たとえよう:1 たとえ|よう:1	train=2
たどりつく	2	1	たどりつく	たどりつく:1 たどりつ|く:1	train=2
たわんでいた	2	1	たわんで|いた	たわんで|いた:1 たわんでいた:1	train=2
たんじゃ	2	1	た|ん|じゃ	た|ん|じゃ:1 たんじゃ:1	train=2
だしな	2	1	だしな	だしな:1 だ|し|な:1	train=2
だまっていた	2	1	だまっていた	だまっていた:1 だまって|いた:1	train=2
だめだめ	2	1	だめだめ	だめだめ:1 だめ|だめ:1	train=2
だらしがない	2	1	だらし|が|ない	だらし|が|ない:1 だらしがない:1	train=2
ちょっとぉ	2	1	ちょっと|ぉ	ちょっと|ぉ:1 ちょっとぉ:1	train=2
っていうか	2	1	っていうか	っていうか:1 って|いう|か:1	train=2
つきましては	2	1	つきまして|は	つきまして|は:1 つきましては:1	train=2
つづり字	2	1	つづり|字	つづり|字:1 つづり字:1	train=2
つまっています	2	1	つまって|います	つまって|います:1 つまっています:1	train=2
でかけました	2	1	で|かけました	で|かけました:1 でかけました:1	train=2
できあがります	2	1	できあがります	できあがります:1 でき|あがります:1	train=2
ですます	2	1	ですます	ですます:1 で|すます:1	train=2
でなさい	2	1	で|なさい	で|なさい:1 でなさい:1	train=2
でぶっちょさん	2	1	でぶっちょさん	でぶっちょさん:1 で|ぶっちょさん:1	train=2
とかわいい	2	1	とかわいい	とかわいい:1 と|かわいい:1	train=2
ときまって	2	1	ときまって	ときまって:1 とき|まって:1	train=2
どう猛	2	1	どう|猛	どう|猛:1 どう猛:1	train=2
どが	2	1	ど|が	ど|が:1 どが:1	train=2
どれどれ	2	1	どれどれ	どれどれ:1 どれ|どれ:1	train=2
なが	2	1	なが	なが:1 な|が:1	train=2
なぎ倒された	2	1	なぎ|倒された	なぎ|倒された:1 なぎ倒された:1	train=2
なくなります	2	1	なく|なります	なく|なります:1 なくなります:1	train=2
なにっ	2	1	なに|っ	なに|っ:1 なにっ:1	train=2
なにー	2	1	なに|ー	なに|ー:1 なにー:1	train=2
ならず者	2	1	ならず者	ならず者:1 ならず|者:1	train=2
なるようだ	2	1	なる|よう|だ	なる|よう|だ:1 なるようだ:1	train=2
なーん	2	1	なー|ん	なー|ん:1 なーん:1	train=2
にいらない	2	1	にいらない	にいらない:1 に|いらない:1	train=2
におちいった	2	1	におちいった	におちいった:1 に|おちいった:1	train=2
にている	2	1	にて|いる	にて|いる:1 にている:1	train=2
ののしり始めた	2	1	ののしり始めた	ののしり始めた:1 ののしり|始めた:1	train=2
のらりくらり	2	1	のらりくらり	のらりくらり:1 の|らりくらり:1	train=2
はあてはまらない	2	1	はあてはまらない	はあてはまらない:1 は|あてはまらない:1	train=2
はくれない	2	1	は|くれない	は|くれない:1 はくれない:1	train=2
はねかして	2	1	はね|かして	はね|かして:1 はねかして:1	train=2
はほしい	2	1	は|ほしい	は|ほしい:1 はほしい:1	train=2
はまっている	2	1	はまっている	はまっている:1 はまって|いる:1	train=1,val=1
はみた	2	1	は|みた	は|みた:1 はみた:1	train=2
はやり	2	1	は|やり	は|やり:1 はやり:1	train=2
は伝えられない	2	1	は伝えられない	は伝えられない:1 は|伝えられない:1	train=2
は～	2	1	は～	は～:1 は|～:1	train=2
ひきおこした	2	1	ひき|おこした	ひき|おこした:1 ひきおこした:1	train=2
ひとも	2	1	ひとも	ひとも:1 ひ|と|も:1	train=2
ひな鳥	2	1	ひな鳥	ひな鳥:1 ひな|鳥:1	train=2
ひびき渡った	2	1	ひびき|渡った	ひびき|渡った:1 ひびき渡った:1	train=2
ひよこ豆	2	1	ひよこ|豆	ひよこ|豆:1 ひよこ豆:1	train=2
ひんして	2	1	ひん|して	ひん|して:1 ひんして:1	train=2
びしょ濡れだった	2	1	びしょ濡れだった	びしょ濡れだった:1 びしょ|濡れ|だった:1	train=2
びらかした	2	1	びらかした	びらかした:1 びらか|した:1	train=2
ふさぎ込む	2	1	ふさぎ込む	ふさぎ込む:1 ふさぎ|込む:1	train=2
ふとした	2	1	ふとした	ふとした:1 ふと|した:1	train=2
ほっておいて	2	1	ほって|おいて	ほって|おいて:1 ほっておいて:1	train=2
ぼうや	2	1	ぼう|や	ぼう|や:1 ぼうや:1	train=2
ぼーっと	2	1	ぼーっと	ぼーっと:1 ぼーっ|と:1	train=2
まきあげた	2	1	まき|あげた	まき|あげた:1 まきあげた:1	train=2
まじない師	2	1	まじない|師	まじない|師:1 まじない師:1	test=1,train=1
みせることが	2	1	みせることが	みせることが:1 みせる|こと|が:1	train=2
みどり色	2	1	みどり色	みどり色:1 みどり|色:1	train=2
もっ	2	1	もっ	もっ:1 も|っ:1	train=2
もつかなかった	2	1	も|つかなかった	も|つかなかった:1 もつかなかった:1	train=2
もてあそばれて	2	1	もて|あそばれて	もて|あそばれて:1 もてあそばれて:1	train=2
ものねだり	2	1	もの|ねだり	もの|ねだり:1 ものねだり:1	train=2
やきもち焼き	2	1	やきもち|焼き	やきもち|焼き:1 やきもち焼き:1	test=1,train=1
やけ食い	2	1	やけ食い	やけ食い:1 やけ|食い:1	train=2
やりすぎて	2	1	やり|すぎて	やり|すぎて:1 やりすぎて:1	train=1,val=1
やり通せ	2	1	やり|通せ	やり|通せ:1 やり通せ:1	train=2
よいようです	2	1	よい|よう|です	よい|よう|です:1 よいようです:1	train=2
よおっ	2	1	よ|おっ	よ|おっ:1 よおっ:1	train=2
よけいに	2	1	よけいに	よけいに:1 よけい|に:1	train=2
ろうあ者	2	1	ろうあ|者	ろうあ|者:1 ろうあ者:1	train=2
わかり始めた	2	1	わかり始めた	わかり始めた:1 わかり|始めた:1	train=2
をついだ	2	1	を|ついだ	を|ついだ:1 をついだ:1	train=2
をとらなかった	2	1	をとらなかった	をとらなかった:1 を|とらなかった:1	train=2
を使わなかった	2	1	を|使わなかった	を|使わなかった:1 を使わなかった:1	train=2
を手掛けて	2	1	を|手掛けて	を|手掛けて:1 を手掛けて:1	train=2
を探しました	2	1	を探しました	を探しました:1 を|探しました:1	train=2
アイスランド語	2	1	アイスランド語	アイスランド語:1 アイスランド|語:1	train=2
アジアゾウ	2	1	アジアゾウ	アジアゾウ:1 アジア|ゾウ:1	train=2
アフリカゾウ	2	1	アフリカゾウ	アフリカゾウ:1 アフリカ|ゾウ:1	train=2
アフリカ人	2	1	アフリカ人	アフリカ人:1 アフリカ|人:1	train=2
アラブ諸国	2	1	アラブ|諸国	アラブ|諸国:1 アラブ諸国:1	train=2
アレルギー体質	2	1	アレルギー|体質	アレルギー|体質:1 アレルギー体質:1	train=2
アンシュ・ナハリア	2	1	アンシュ・ナハリア	アンシュ・ナハリア:1 アンシュ|・|ナハリア:1	train=2
イエス・キリスト	2	1	イエス|・|キリスト	イエス|・|キリスト:1 イエス・キリスト:1	train=2
インカ帝国	2	1	インカ帝国	インカ帝国:1 インカ|帝国:1	train=2
イースト菌	2	1	イースト菌	イースト菌:1 イースト|菌:1	train=2
エル・シガリロ	2	1	エル・シガリロ	エル・シガリロ:1 エル|・|シガリロ:1	train=2
オスマン語	2	1	オスマン語	オスマン語:1 オスマン|語:1	train=2
オペラ歌手	2	1	オペラ歌手	オペラ歌手:1 オペラ|歌手:1	train=2
カール・コー	2	1	カール・コー	カール・コー:1 カール|・|コー:1	train=2
ガガ様	2	1	ガガ|様	ガガ|様:1 ガガ様:1	train=2
ギリシャ神話	2	1	ギリシャ神話	ギリシャ神話:1 ギリシャ|神話:1	train=2
クリスマスケーキ	2	1	クリスマス|ケーキ	クリスマス|ケーキ:1 クリスマスケーキ:1	train=2
クリスマス前	2	1	クリスマス前	クリスマス前:1 クリスマス|前:1	train=2
グッドタイミング	2	1	グッド|タイミング	グッド|タイミング:1 グッドタイミング:1	train=2
グリンダ・ザ・グッド	2	1	グリンダ|・|ザ|・|グッド	グリンダ|・|ザ|・|グッド:1 グリンダ・ザ・グッド:1	train=2
コーヒー牛乳	2	1	コーヒー牛乳	コーヒー牛乳:1 コーヒー|牛乳:1	train=2
ゴミ収集車	2	1	ゴミ収集車	ゴミ収集車:1 ゴミ|収集車:1	train=2
ジミー・マルカム	2	1	ジミー・マルカム	ジミー・マルカム:1 ジミー|・|マルカム:1	train=2
ジャガって	2	1	ジャガ|って	ジャガ|って:1 ジャガって:1	train=2
スパーク音	2	1	スパーク|音	スパーク|音:1 スパーク音:1	train=2
セール中	2	1	セール|中	セール|中:1 セール中:1	train=2
ダメダメ	2	1	ダメダメ	ダメダメ:1 ダメ|ダメ:1	train=2
チケット代	2	1	チケット代	チケット代:1 チケット|代:1	train=2
チョコレートアイスクリーム	2	1	チョコレート|アイスクリーム	チョコレート|アイスクリーム:1 チョコレートアイスクリーム:1	train=2
チョナンアサン駅	2	1	チョナンアサン|駅	チョナンアサン|駅:1 チョナンアサン駅:1	train=2
テスト文	2	1	テスト文	テスト文:1 テスト|文:1	train=2
テニスプレーヤー	2	1	テニス|プレーヤー	テニス|プレーヤー:1 テニスプレーヤー:1	train=2
ネイルサロン	2	1	ネイル|サロン	ネイル|サロン:1 ネイルサロン:1	train=2
ノーコメント	2	1	ノーコメント	ノーコメント:1 ノー|コメント:1	train=2
ノーベル物理学賞	2	1	ノーベル物理学賞	ノーベル物理学賞:1 ノーベル|物理学賞:1	train=2
パナマ運河	2	1	パナマ運河	パナマ運河:1 パナマ|運河:1	train=2
ヒジ先	2	1	ヒジ|先	ヒジ|先:1 ヒジ先:1	train=2
ビジネスメール	2	1	ビジネスメール	ビジネスメール:1 ビジネス|メール:1	train=2
ビデオ店	2	1	ビデオ|店	ビデオ|店:1 ビデオ店:1	train=2
ビニール袋	2	1	ビニール|袋	ビニール|袋:1 ビニール袋:1	train=2
ビール代	2	1	ビール|代	ビール|代:1 ビール代:1	train=2
ピアノリサイタル	2	1	ピアノリサイタル	ピアノリサイタル:1 ピアノ|リサイタル:1	train=2
ピッタリだ	2	1	ピッタリだ	ピッタリだ:1 ピッタリ|だ:1	train=2
ピンときた	2	1	ピン|と|きた	ピン|と|きた:1 ピンときた:1	train=2
フィンランド人	2	1	フィンランド人	フィンランド人:1 フィンランド|人:1	train=2
フィンランド語	2	1	フィンランド|語	フィンランド|語:1 フィンランド語:1	train=2
フル稼働	2	1	フル|稼働	フル|稼働:1 フル稼働:1	train=2
ブラジルポルトガル語	2	1	ブラジル|ポルトガル語	ブラジル|ポルトガル語:1 ブラジルポルトガル語:1	train=2
ブルーベリータルト	2	1	ブルーベリータルト	ブルーベリータルト:1 ブルーベリー|タルト:1	train=2
ヘボ軍隊	2	1	ヘボ|軍隊	ヘボ|軍隊:1 ヘボ軍隊:1	train=2
ベトナム戦争	2	1	ベトナム戦争	ベトナム戦争:1 ベトナム|戦争:1	train=2
ペルシャ猫	2	1	ペルシャ|猫	ペルシャ|猫:1 ペルシャ猫:1	train=2
ペンキ塗り	2	1	ペンキ塗り	ペンキ塗り:1 ペンキ|塗り:1	train=2
ページ数	2	1	ページ数	ページ数:1 ページ|数:1	train=2
ボム・ジャズス	2	1	ボム・ジャズス	ボム・ジャズス:1 ボム|・|ジャズス:1	train=2
ボール遊び	2	1	ボール遊び	ボール遊び:1 ボール|遊び:1	train=2
マックス・トゥーニー	2	1	マックス|・|トゥーニー	マックス|・|トゥーニー:1 マックス・トゥーニー:1	train=2
メキシコ人	2	1	メキシコ人	メキシコ人:1 メキシコ|人:1	train=2
ヤな	2	1	ヤな	ヤな:1 ヤ|な:1	train=1,val=1
リッチ・パーネル	2	1	リッチ|・|パーネル	リッチ|・|パーネル:1 リッチ・パーネル:1	train=2
レスキュー隊	2	1	レスキュー|隊	レスキュー|隊:1 レスキュー隊:1	train=2
ーリビー	2	1	ー|リビー	ー|リビー:1 ーリビー:1	train=2
一人ぼっちだった	2	1	一人ぼっち|だった	一人ぼっち|だった:1 一人ぼっちだった:1	train=2
一括払い	2	1	一括払い	一括払い:1 一括|払い:1	train=2
一般常識	2	1	一般常識	一般常識:1 一般|常識:1	train=2
一週間分	2	1	一週間|分	一週間|分:1 一週間分:1	train=2
三ヶ月前	2	1	三ヶ月前	三ヶ月前:1 三ヶ月|前:1	train=2
三個	2	1	三個	三個:1 三|個:1	train=2
上がってた	2	1	上がって|た	上がって|た:1 上がってた:1	train=2
上半身裸だった	2	1	上半身裸だった	上半身裸だった:1 上半身|裸だった:1	train=2
上天気	2	1	上天気	上天気:1 上|天気:1	train=2
上手さ	2	1	上手|さ	上手|さ:1 上手さ:1	train=2
上等の	2	1	上等|の	上等|の:1 上等の:1	train=2
不在中	2	1	不在中	不在中:1 不在|中:1	train=2
不思議でない	2	1	不思議でない	不思議でない:1 不思議で|ない:1	train=2
不自由ない	2	1	不自由|ない	不自由|ない:1 不自由ない:1	train=2
世慣れて	2	1	世|慣れて	世|慣れて:1 世慣れて:1	train=2
世界政府	2	1	世界政府	世界政府:1 世界|政府:1	train=2
主演女優	2	1	主演女優	主演女優:1 主演|女優:1	train=2
久しぶりです	2	1	久しぶり|です	久しぶり|です:1 久しぶりです:1	train=2
乗りな	2	1	乗りな	乗りな:1 乗り|な:1	train=2
乱射事件	2	1	乱射|事件	乱射|事件:1 乱射事件:1	train=2
事故原因	2	1	事故|原因	事故|原因:1 事故原因:1	train=2
事欠かない	2	1	事欠かない	事欠かない:1 事|欠かない:1	train=2
二メートル	2	1	二|メートル	二|メートル:1 二メートル:1	train=2
二奥様	2	1	二|奥様	二|奥様:1 二奥様:1	train=2
交換留学	2	1	交換|留学	交換|留学:1 交換留学:1	train=2
交換留学生	2	1	交換|留学生	交換|留学生:1 交換留学生:1	train=2
交渉事	2	1	交渉事	交渉事:1 交渉|事:1	train=2
人気歌手	2	1	人気|歌手	人気|歌手:1 人気歌手:1	train=2
今年末	2	1	今年末	今年末:1 今年|末:1	train=2
今時分	2	1	今時|分	今時|分:1 今時分:1	train=2
仕事上	2	1	仕事|上	仕事|上:1 仕事上:1	train=2
仕事中毒者	2	1	仕事中毒者	仕事中毒者:1 仕事|中毒者:1	train=2
仕事終わり	2	1	仕事終わり	仕事終わり:1 仕事|終わり:1	train=2
仕方なかった	2	1	仕方なかった	仕方なかった:1 仕方|なかった:1	train=2
付き人	2	1	付き人	付き人:1 付き|人:1	train=2
仲良くなりたい	2	1	仲良くなりたい	仲良くなりたい:1 仲良く|なりたい:1	train=2
住めると	2	1	住めると	住めると:1 住める|と:1	train=2
住宅事情	2	1	住宅|事情	住宅|事情:1 住宅事情:1	train=2
何やかや	2	1	何やかや	何やかや:1 何|や|かや:1	train=2
何ドル	2	1	何ドル	何ドル:1 何|ドル:1	train=2
何号棟	2	1	何号|棟	何号|棟:1 何号棟:1	train=2
何月何日	2	1	何月|何日	何月|何日:1 何月何日:1	train=2
何段	2	1	何|段	何|段:1 何段:1	train=2
作りごと	2	1	作りごと	作りごと:1 作り|ごと:1	train=2
使いしない	2	1	使いしない	使いしない:1 使い|しない:1	train=2
使いな	2	1	使い|な	使い|な:1 使いな:1	train=2
供給過剰	2	1	供給過剰	供給過剰:1 供給|過剰:1	train=2
保護回路	2	1	保護回路	保護回路:1 保護|回路:1	train=2
倒すんだ	2	1	倒すんだ	倒すんだ:1 倒す|ん|だ:1	train=2
健康でない	2	1	健康でない	健康でない:1 健康で|ない:1	train=2
傷ついてる	2	1	傷ついてる	傷ついてる:1 傷|ついてる:1	train=2
働きすぎだ	2	1	働きすぎだ	働きすぎだ:1 働きすぎ|だ:1	train=2
働き続けられなかった	2	1	働き|続け|られなかった	働き|続け|られなかった:1 働き続けられなかった:1	train=2
僕等	2	1	僕|等	僕|等:1 僕等:1	train=2
元通り	2	1	元|通り	元|通り:1 元通り:1	train=2
入ったみたいだ	2	1	入ったみたいだ	入ったみたいだ:1 入った|みたいだ:1	train=2
入れられない	2	1	入れられない	入れられない:1 入れ|られない:1	train=2
全市民	2	1	全|市民	全|市民:1 全市民:1	train=2
全領土	2	1	全|領土	全|領土:1 全領土:1	train=2
八方美人	2	1	八方|美人	八方|美人:1 八方美人:1	train=2
公共交通機関	2	1	公共|交通|機関	公共|交通|機関:1 公共交通機関:1	train=2
公害問題	2	1	公害|問題	公害|問題:1 公害問題:1	train=2
内政問題	2	1	内政|問題	内政|問題:1 内政問題:1	train=2
内臓抜き	2	1	内臓|抜き	内臓|抜き:1 内臓抜き:1	train=2
再生利用	2	1	再生|利用	再生|利用:1 再生利用:1	train=2
冷凍食品	2	1	冷凍食品	冷凍食品:1 冷凍|食品:1	train=2
凍るよう	2	1	凍るよう	凍るよう:1 凍る|よう:1	train=2
凍死寸前	2	1	凍死|寸前	凍死|寸前:1 凍死寸前:1	train=2
凡退	2	1	凡|退	凡|退:1 凡退:1	train=2
出し過ぎて	2	1	出し過ぎて	出し過ぎて:1 出し|過ぎて:1	train=2
切りやがった	2	1	切り|やがった	切り|やがった:1 切りやがった:1	train=2
切り詰めた	2	1	切り詰めた	切り詰めた:1 切り|詰めた:1	train=1,val=1
劇場内	2	1	劇場|内	劇場|内:1 劇場内:1	train=2
助け合わねばならない	2	1	助け合わねば|ならない	助け合わねば|ならない:1 助け合わねばならない:1	train=2
労働者階級	2	1	労働者階級	労働者階級:1 労働者|階級:1	train=2
勢力範囲	2	1	勢力|範囲	勢力|範囲:1 勢力範囲:1	train=2
危篤だ	2	1	危篤だ	危篤だ:1 危篤|だ:1	train=2
収入内	2	1	収入内	収入内:1 収入|内:1	train=2
取り出しました	2	1	取り出しました	取り出しました:1 取り|出しました:1	train=2
取り計らいます	2	1	取り|計らいます	取り|計らいます:1 取り計らいます:1	train=2
取引関係	2	1	取引関係	取引関係:1 取引|関係:1	train=2
受け付け係	2	1	受け付け|係	受け付け|係:1 受け付け係:1	train=2
受け入れ	2	1	受け入れ	受け入れ:1 受け|入れ:1	train=2
受け持って	2	1	受け|持って	受け|持って:1 受け持って:1	train=2
古今無双	2	1	古今|無双	古今|無双:1 古今無双:1	train=2
古時計	2	1	古時計	古時計:1 古|時計:1	train=2
可愛いの	2	1	可愛い|の	可愛い|の:1 可愛いの:1	train=2
合弁会社	2	1	合弁会社	合弁会社:1 合弁|会社:1	train=2
吸収合併	2	1	吸収合併	吸収合併:1 吸収|合併:1	train=2
和平交渉	2	1	和平|交渉	和平|交渉:1 和平交渉:1	train=2
品行方正	2	1	品行方正	品行方正:1 品行|方正:1	train=2
商売経験	2	1	商売経験	商売経験:1 商売|経験:1	train=2
喋りすぎだ	2	1	喋りすぎ|だ	喋りすぎ|だ:1 喋りすぎだ:1	train=2
四つ足	2	1	四つ足	四つ足:1 四つ|足:1	train=2
国家財政	2	1	国家財政	国家財政:1 国家|財政:1	train=2
国立公園	2	1	国立|公園	国立|公園:1 国立公園:1	train=2
国際情勢	2	1	国際|情勢	国際|情勢:1 国際情勢:1	train=2
圭ちゃん	2	1	圭ちゃん	圭ちゃん:1 圭|ちゃん:1	train=2
地方自治体	2	1	地方自治体	地方自治体:1 地方|自治体:1	train=2
埃まみれ	2	1	埃|まみれ	埃|まみれ:1 埃まみれ:1	train=2
壊しやがって	2	1	壊し|やがって	壊し|やがって:1 壊しやがって:1	train=2
士官候補生	2	1	士官|候補生	士官|候補生:1 士官候補生:1	train=1,val=1
壮観だった	2	1	壮観だった	壮観だった:1 壮観|だった:1	train=2
売りたがって	2	1	売りたがって	売りたがって:1 売り|たがって:1	train=2
夕暮れ時	2	1	夕暮れ時	夕暮れ時:1 夕暮れ|時:1	train=2
外したら	2	1	外したら	外したら:1 外|したら:1	train=2
外国なまり	2	1	外国|なまり	外国|なまり:1 外国なまり:1	train=2
外国人留学生	2	1	外国人|留学生	外国人|留学生:1 外国人留学生:1	train=2
大ニュース	2	1	大|ニュース	大|ニュース:1 大ニュース:1	train=2
大バカ	2	1	大バカ	大バカ:1 大|バカ:1	train=2
大ババ	2	1	大ババ	大ババ:1 大|ババ:1	train=2
大損失	2	1	大損失	大損失:1 大|損失:1	train=2
大統領夫人	2	1	大統領夫人	大統領夫人:1 大統領|夫人:1	train=2
天皇陛下	2	1	天皇|陛下	天皇|陛下:1 天皇陛下:1	train=2
太陽エネルギー	2	1	太陽エネルギー	太陽エネルギー:1 太陽|エネルギー:1	train=2
夫婦喧嘩	2	1	夫婦|喧嘩	夫婦|喧嘩:1 夫婦喧嘩:1	train=2
失業者数	2	1	失業者|数	失業者|数:1 失業者数:1	train=2
女らしい	2	1	女|らしい	女|らしい:1 女らしい:1	train=2
女刑事	2	1	女刑事	女刑事:1 女|刑事:1	train=2
好き同士	2	1	好き同士	好き同士:1 好き|同士:1	train=2
妨げている	2	1	妨げて|いる	妨げて|いる:1 妨げている:1	train=2
始めよければ	2	1	始めよければ	始めよければ:1 始め|よければ:1	train=2
学校給食	2	1	学校給食	学校給食:1 学校|給食:1	train=2
宗教上	2	1	宗教上	宗教上:1 宗教|上:1	train=2
客Ａ	2	1	客|Ａ	客|Ａ:1 客Ａ:1	train=2
宣伝活動	2	1	宣伝|活動	宣伝|活動:1 宣伝活動:1	train=2
寝込んでた	2	1	寝込んでた	寝込んでた:1 寝込んで|た:1	train=2
寿退職	2	1	寿退職	寿退職:1 寿|退職:1	train=2
専業主夫	2	1	専業|主夫	専業|主夫:1 専業主夫:1	train=2
専門学校	2	1	専門学校	専門学校:1 専門|学校:1	train=2
専門知識	2	1	専門知識	専門知識:1 専門|知識:1	train=2
尽くさねばならない	2	1	尽くさねば|ならない	尽くさねば|ならない:1 尽くさねばならない:1	train=2
州政府	2	1	州政府	州政府:1 州|政府:1	train=2
巡査部長	2	1	巡査部長	巡査部長:1 巡査|部長:1	train=2
工業都市	2	1	工業都市	工業都市:1 工業|都市:1	train=2
差し伸べて	2	1	差し|伸べて	差し|伸べて:1 差し伸べて:1	train=2
市場価格	2	1	市場|価格	市場|価格:1 市場価格:1	train=2
市長選	2	1	市長|選	市長|選:1 市長選:1	test=1,train=1
年下だ	2	1	年下|だ	年下|だ:1 年下だ:1	train=2
幸福でない	2	1	幸福でない	幸福でない:1 幸福で|ない:1	train=2
幸運で	2	1	幸運で	幸運で:1 幸運|で:1	train=2
広告代理店	2	1	広告代理店	広告代理店:1 広告|代理店:1	train=2
建造中	2	1	建造中	建造中:1 建造|中:1	train=2
張本人	2	1	張本|人	張本|人:1 張本人:1	train=2
弾き始めた	2	1	弾き始めた	弾き始めた:1 弾き|始めた:1	train=2
当たり前じゃ	2	1	当たり前|じゃ	当たり前|じゃ:1 当たり前じゃ:1	train=2
形作った	2	1	形作った	形作った:1 形|作った:1	train=2
役立つでしょう	2	1	役立つでしょう	役立つでしょう:1 役|立つでしょう:1	train=2
待たせ	2	1	待たせ	待たせ:1 待た|せ:1	train=2
待たせしました	2	1	待たせしました	待たせしました:1 待た|せしました:1	train=2
待たんね	2	1	待たん|ね	待たん|ね:1 待たんね:1	train=1,val=1
従妹同士	2	1	従妹|同士	従妹|同士:1 従妹同士:1	train=2
御満足	2	1	御満足	御満足:1 御|満足:1	train=2
心地良い	2	1	心地良い	心地良い:1 心地|良い:1	train=2
忘れがたい	2	1	忘れ|が|たい	忘れ|が|たい:1 忘れがたい:1	train=2
忘れ去られる	2	1	忘れ|去られる	忘れ|去られる:1 忘れ去られる:1	train=2
怒鳴りつけて	2	1	怒鳴りつけて	怒鳴りつけて:1 怒鳴り|つけて:1	train=2
思い込んでる	2	1	思い込んでる	思い込んでる:1 思い込んで|る:1	train=2
思ってると	2	1	思ってる|と	思ってる|と:1 思ってると:1	train=2
急いては	2	1	急いて|は	急いて|は:1 急いては:1	train=2
急ぎで	2	1	急ぎで	急ぎで:1 急ぎ|で:1	train=2
恋した	2	1	恋|した	恋|した:1 恋した:1	train=2
恋する	2	1	恋する	恋する:1 恋|する:1	train=2
恐れおののいた	2	1	恐れ|おののいた	恐れ|おののいた:1 恐れおののいた:1	train=2
悪くなってる	2	1	悪くなってる	悪くなってる:1 悪く|なってる:1	train=2
感じてる	2	1	感じてる	感じてる:1 感じて|る:1	train=2
慈善施設	2	1	慈善|施設	慈善|施設:1 慈善施設:1	train=2
慎重でなければ	2	1	慎重で|なければ	慎重で|なければ:1 慎重でなければ:1	train=2
戦いつづけた	2	1	戦い|つづけた	戦い|つづけた:1 戦いつづけた:1	train=2
手遅れです	2	1	手遅れ|です	手遅れ|です:1 手遅れです:1	train=2
打ちのめされた	2	1	打ちのめされた	打ちのめされた:1 打ち|のめされた:1	train=2
払い過ぎだ	2	1	払い過ぎ|だ	払い過ぎ|だ:1 払い過ぎだ:1	train=2
押しのけて	2	1	押しのけて	押しのけて:1 押し|のけて:1	train=2
持ちです	2	1	持ちです	持ちです:1 持ち|です:1	train=2
持ってく	2	1	持ってく	持ってく:1 持って|く:1	train=2
探してん	2	1	探して|ん	探して|ん:1 探してん:1	train=2
探しまわった	2	1	探しまわった	探しまわった:1 探し|まわった:1	train=2
探し求めて	2	1	探し|求めて	探し|求めて:1 探し求めて:1	train=2
損だ	2	1	損|だ	損|だ:1 損だ:1	train=2
撮影開始	2	1	撮影開始	撮影開始:1 撮影|開始:1	train=2
支払い済み	2	1	支払い|済み	支払い|済み:1 支払い済み:1	train=2
支持政党	2	1	支持|政党	支持|政党:1 支持政党:1	train=2
救出した	2	1	救出した	救出した:1 救出|した:1	train=2
数え切れない	2	1	数え|切れない	数え|切れない:1 数え切れない:1	train=2
数十年	2	1	数十|年	数十|年:1 数十年:1	train=2
文学作品	2	1	文学|作品	文学|作品:1 文学作品:1	train=2
斜めの	2	1	斜めの	斜めの:1 斜め|の:1	train=2
新チーム	2	1	新|チーム	新|チーム:1 新チーム:1	train=2
新事実	2	1	新|事実	新|事実:1 新事実:1	train=2
新型自動車	2	1	新型|自動車	新型|自動車:1 新型自動車:1	train=2
新婚さん	2	1	新婚さん	新婚さん:1 新婚|さん:1	train=2
新工場	2	1	新工場	新工場:1 新|工場:1	train=2
新東京国際空港	2	1	新東京|国際|空港	新東京|国際|空港:1 新東京国際空港:1	train=2
方向感覚	2	1	方向|感覚	方向|感覚:1 方向感覚:1	train=2
日本人女性	2	1	日本人女性	日本人女性:1 日本人|女性:1	train=2
日本人観光客	2	1	日本人観光客	日本人観光客:1 日本人|観光客:1	train=2
日本国憲法	2	1	日本国|憲法	日本国|憲法:1 日本国憲法:1	train=2
日本庭園	2	1	日本庭園	日本庭園:1 日本|庭園:1	train=2
日本標準時	2	1	日本標準時	日本標準時:1 日本|標準時:1	train=2
日本語版	2	1	日本語|版	日本語|版:1 日本語版:1	train=2
日没後	2	1	日没|後	日没|後:1 日没後:1	train=2
晴天続き	2	1	晴天続き	晴天続き:1 晴天|続き:1	train=2
書き終わったら	2	1	書き|終わったら	書き|終わったら:1 書き終わったら:1	train=2
書き続けた	2	1	書き|続けた	書き|続けた:1 書き続けた:1	train=2
書類整理	2	1	書類|整理	書類|整理:1 書類整理:1	train=2
最低の	2	1	最低の	最低の:1 最低|の:1	train=2
最高で	2	1	最高|で	最高|で:1 最高で:1	train=2
有刺鉄線	2	1	有刺鉄線	有刺鉄線:1 有刺|鉄線:1	train=2
朝型人間	2	1	朝型|人間	朝型|人間:1 朝型人間:1	train=2
本当でした	2	1	本当|でした	本当|でした:1 本当でした:1	train=2
東南アジア諸国連合	2	1	東南アジア|諸国連合	東南アジア|諸国連合:1 東南アジア諸国連合:1	train=2
果たさなければならない	2	1	果たさなければならない	果たさなければならない:1 果たさなければ|ならない:1	train=2
柑橘系	2	1	柑橘|系	柑橘|系:1 柑橘系:1	train=2
栄養不足	2	1	栄養不足	栄養不足:1 栄養|不足:1	train=2
格段に	2	1	格段|に	格段|に:1 格段に:1	train=2
植木屋さん	2	1	植木屋さん	植木屋さん:1 植木屋|さん:1	train=2
標準英語	2	1	標準英語	標準英語:1 標準|英語:1	train=2
横断歩道	2	1	横断|歩道	横断|歩道:1 横断歩道:1	train=2
機内持ち込み	2	1	機内持ち込み	機内持ち込み:1 機内|持ち込み:1	train=2
正直でなければ	2	1	正直でなければ	正直でなければ:1 正直で|なければ:1	train=2
歩き去りました	2	1	歩き去りました	歩き去りました:1 歩き|去りました:1	train=2
死にかけた	2	1	死に|かけた	死に|かけた:1 死にかけた:1	train=2
毒キノコ	2	1	毒|キノコ	毒|キノコ:1 毒キノコ:1	train=2
民間伝承	2	1	民間|伝承	民間|伝承:1 民間伝承:1	train=2
気がかりです	2	1	気がかり|です	気がかり|です:1 気がかりです:1	train=2
気持ちよかった	2	1	気持ち|よかった	気持ち|よかった:1 気持ちよかった:1	test=1,train=1
気色悪い	2	1	気色悪い	気色悪い:1 気色|悪い:1	train=2
水平線上	2	1	水平線上	水平線上:1 水平線|上:1	train=2
水玉模様	2	1	水玉|模様	水玉|模様:1 水玉模様:1	train=2
沸き立った	2	1	沸き|立った	沸き|立った:1 沸き立った:1	train=2
泳ぎ渡った	2	1	泳ぎ|渡った	泳ぎ|渡った:1 泳ぎ渡った:1	train=2
洋々たる	2	1	洋々|たる	洋々|たる:1 洋々たる:1	train=2
派遣社員	2	1	派遣社員	派遣社員:1 派遣|社員:1	train=2
清爽で	2	1	清爽|で	清爽|で:1 清爽で:1	train=2
渋谷駅	2	1	渋谷|駅	渋谷|駅:1 渋谷駅:1	train=2
渡すよう	2	1	渡す|よう	渡す|よう:1 渡すよう:1	train=2
温め直して	2	1	温め|直して	温め|直して:1 温め直して:1	train=2
火災報知器	2	1	火災|報知器	火災|報知器:1 火災報知器:1	train=2
無税で	2	1	無税で	無税で:1 無税|で:1	train=2
無罪放免	2	1	無罪放免	無罪放免:1 無罪|放免:1	train=2
無邪気でなく	2	1	無邪気でなく	無邪気でなく:1 無邪気で|なく:1	train=2
熟したりんご	2	1	熟した|りんご	熟した|りんご:1 熟したりんご:1	train=2
爆破予告	2	1	爆破予告	爆破予告:1 爆破|予告:1	train=2
牧師さん	2	1	牧師|さん	牧師|さん:1 牧師さん:1	train=2
猫派	2	1	猫|派	猫|派:1 猫派:1	train=2
王位継承者	2	1	王位|継承者	王位|継承者:1 王位継承者:1	train=2
現代音楽	2	1	現代音楽	現代音楽:1 現代|音楽:1	train=2
生きな	2	1	生き|な	生き|な:1 生きな:1	train=2
生中継	2	1	生中継	生中継:1 生|中継:1	train=2
用心深さ	2	1	用心深さ	用心深さ:1 用心|深さ:1	train=2
申し分なく	2	1	申し分なく	申し分なく:1 申し分|なく:1	train=2
男子生徒Ａ	2	1	男子|生徒|Ａ	男子|生徒|Ａ:1 男子生徒Ａ:1	train=2
男生徒	2	1	男生徒	男生徒:1 男|生徒:1	train=2
異父兄弟	2	1	異父|兄弟	異父|兄弟:1 異父兄弟:1	train=2
疲れてそう	2	1	疲れて|そう	疲れて|そう:1 疲れてそう:1	train=2
疲れ過ぎて	2	1	疲れ|過ぎて	疲れ|過ぎて:1 疲れ過ぎて:1	train=2
発売中	2	1	発売中	発売中:1 発売|中:1	train=2
登り下り	2	1	登り下り	登り下り:1 登り|下り:1	train=2
百フィート	2	1	百フィート	百フィート:1 百|フィート:1	train=2
百万人	2	1	百万人	百万人:1 百万|人:1	train=2
的はずれだった	2	1	的はずれだった	的はずれだった:1 的はずれ|だった:1	train=2
皮一重	2	1	皮一重	皮一重:1 皮|一重:1	train=2
直ちゃん	2	1	直|ちゃん	直|ちゃん:1 直ちゃん:1	train=2
相対速度	2	1	相対速度	相対速度:1 相対|速度:1	train=2
看護師さん	2	1	看護師|さん	看護師|さん:1 看護師さん:1	train=2
眠気覚まし	2	1	眠気|覚まし	眠気|覚まし:1 眠気覚まし:1	train=2
着きしだい	2	1	着きしだい	着きしだい:1 着き|しだい:1	train=2
着信音	2	1	着信音	着信音:1 着信|音:1	train=2
知らんふり	2	1	知らんふり	知らんふり:1 知らん|ふり:1	train=2
知れ渡るだろう	2	1	知れ渡るだろう	知れ渡るだろう:1 知れ|渡るだろう:1	train=2
石達	2	1	石達	石達:1 石|達:1	train=2
砂糖抜き	2	1	砂糖抜き	砂糖抜き:1 砂糖|抜き:1	train=2
社会言語学	2	1	社会|言語学	社会|言語学:1 社会言語学:1	train=2
社長さん	2	1	社長さん	社長さん:1 社長|さん:1	train=2
私っ	2	1	私っ	私っ:1 私|っ:1	train=2
私服警官	2	1	私服|警官	私服|警官:1 私服警官:1	train=2
秋めいて	2	1	秋めいて	秋めいて:1 秋|めいて:1	train=2
秘密会議	2	1	秘密|会議	秘密|会議:1 秘密会議:1	train=2
積み込んで	2	1	積み|込んで	積み|込んで:1 積み込んで:1	train=2
空涙	2	1	空涙	空涙:1 空|涙:1	train=2
空腹だ	2	1	空腹だ	空腹だ:1 空腹|だ:1	train=2
立ちふさがって	2	1	立ちふさがって	立ちふさがって:1 立ち|ふさがって:1	train=1,val=1
笑いごと	2	1	笑い|ごと	笑い|ごと:1 笑いごと:1	train=2
笑ってん	2	1	笑って|ん	笑って|ん:1 笑ってん:1	train=2
精一杯だ	2	1	精一杯だ	精一杯だ:1 精一杯|だ:1	train=2
終わり頃	2	1	終わり頃	終わり頃:1 終わり|頃:1	train=2
結び付けて	2	1	結び|付けて	結び|付けて:1 結び付けて:1	train=2
結婚祝い	2	1	結婚|祝い	結婚|祝い:1 結婚祝い:1	train=2
結婚資金	2	1	結婚|資金	結婚|資金:1 結婚資金:1	train=2
絶好調だ	2	1	絶好調だ	絶好調だ:1 絶好調|だ:1	train=2
続けられなかった	2	1	続けられなかった	続けられなかった:1 続け|られなかった:1	train=2
綿製品	2	1	綿製品	綿製品:1 綿|製品:1	train=2
緑です	2	1	緑|です	緑|です:1 緑です:1	train=2
美容整形	2	1	美容|整形	美容|整形:1 美容整形:1	train=2
老医師	2	1	老|医師	老|医師:1 老医師:1	train=2
老技師	2	1	老|技師	老|技師:1 老技師:1	train=2
考えだした	2	1	考えだした	考えだした:1 考え|だした:1	train=2
考えてん	2	1	考えてん	考えてん:1 考えて|ん:1	train=2
考えもつかなかった	2	1	考えもつかなかった	考えもつかなかった:1 考え|もつかなかった:1	train=2
考え出そう	2	1	考え出そう	考え出そう:1 考え|出そう:1	train=2
者勝ち	2	1	者|勝ち	者|勝ち:1 者勝ち:1	train=2
聞かなくても	2	1	聞かなくて|も	聞かなくて|も:1 聞かなくても:1	train=2
聞こえたよう	2	1	聞こえた|よう	聞こえた|よう:1 聞こえたよう:1	train=2
職業柄	2	1	職業|柄	職業|柄:1 職業柄:1	train=2
肉食動物	2	1	肉食動物	肉食動物:1 肉食|動物:1	train=2
脱獄囚	2	1	脱獄囚	脱獄囚:1 脱獄|囚:1	train=2
自信過剰	2	1	自信|過剰	自信|過剰:1 自信過剰:1	train=2
自然環境	2	1	自然|環境	自然|環境:1 自然環境:1	train=2
良くありません	2	1	良くありません	良くありません:1 良く|ありません:1	train=2
英和辞典	2	1	英和辞典	英和辞典:1 英和|辞典:1	train=2
英語教師	2	1	英語教師	英語教師:1 英語|教師:1	train=2
英語教育	2	1	英語|教育	英語|教育:1 英語教育:1	train=2
落ちてた	2	1	落ちてた	落ちてた:1 落ちて|た:1	train=2
蔡将軍	2	1	蔡将軍	蔡将軍:1 蔡|将軍:1	train=2
蚤の市	2	1	蚤の市	蚤の市:1 蚤|の|市:1	train=2
行きさえ	2	1	行きさえ	行きさえ:1 行き|さえ:1	train=2
行ってろ	2	1	行って|ろ	行って|ろ:1 行ってろ:1	train=2
表わした	2	1	表|わ|した	表|わ|した:1 表わした:1	train=2
褐色の	2	1	褐色|の	褐色|の:1 褐色の:1	train=2
見せかけた	2	1	見せかけた	見せかけた:1 見せ|かけた:1	train=2
見てません	2	1	見て|ません	見て|ません:1 見てません:1	train=2
見も	2	1	見も	見も:1 見|も:1	train=2
規則通り	2	1	規則通り	規則通り:1 規則|通り:1	train=2
観光名所	2	1	観光名所	観光名所:1 観光|名所:1	train=2
解き明かした	2	1	解き明かした	解き明かした:1 解き|明かした:1	train=2
言い当てた	2	1	言い当てた	言い当てた:1 言い|当てた:1	train=2
言い渡した	2	1	言い|渡した	言い|渡した:1 言い渡した:1	train=2
言ってません	2	1	言って|ません	言って|ません:1 言ってません:1	train=2
言ってんだろ	2	1	言って|ん|だろ	言って|ん|だろ:1 言ってんだろ:1	train=2
言われたって	2	1	言われたって	言われたって:1 言われた|って:1	train=2
言語学習	2	1	言語|学習	言語|学習:1 言語学習:1	train=2
記憶喪失	2	1	記憶喪失	記憶喪失:1 記憶|喪失:1	train=2
語り始めた	2	1	語り|始めた	語り|始めた:1 語り始めた:1	train=2
語学学校	2	1	語学学校	語学学校:1 語学|学校:1	train=2
誤字脱字	2	1	誤字|脱字	誤字|脱字:1 誤字脱字:1	train=2
説明責任	2	1	説明|責任	説明|責任:1 説明責任:1	train=2
読みふけって	2	1	読みふけって	読みふけって:1 読み|ふけって:1	train=2
読みやすく	2	1	読みやすく	読みやすく:1 読み|やすく:1	train=2
読み切る	2	1	読み切る	読み切る:1 読み|切る:1	train=2
読み続けて	2	1	読み続けて	読み続けて:1 読み|続けて:1	train=2
読み返しなさい	2	1	読み|返しなさい	読み|返しなさい:1 読み返しなさい:1	train=2
読書クラブ	2	1	読書クラブ	読書クラブ:1 読書|クラブ:1	train=2
調子よく	2	1	調子|よく	調子|よく:1 調子よく:1	train=2
調査委員会	2	1	調査委員会	調査委員会:1 調査|委員会:1	train=2
警防団員	2	1	警防団員	警防団員:1 警防|団員:1	train=2
象形文字	2	1	象形文字	象形文字:1 象形|文字:1	train=2
負けず劣らず	2	1	負けず|劣らず	負けず|劣らず:1 負けず劣らず:1	train=2
貨物列車	2	1	貨物|列車	貨物|列車:1 貨物列車:1	train=2
貰いに	2	1	貰いに	貰いに:1 貰い|に:1	train=2
貸し部屋	2	1	貸し部屋	貸し部屋:1 貸し|部屋:1	train=2
資本参加	2	1	資本|参加	資本|参加:1 資本参加:1	train=2
贅沢三昧	2	1	贅沢|三昧	贅沢|三昧:1 贅沢三昧:1	train=1,val=1
走り続けて	2	1	走り|続けて	走り|続けて:1 走り続けて:1	train=2
起きても	2	1	起きても	起きても:1 起きて|も:1	train=2
起きな	2	1	起き|な	起き|な:1 起きな:1	train=2
超自然的	2	1	超自然|的	超自然|的:1 超自然的:1	train=2
超高層ビル	2	1	超高層|ビル	超高層|ビル:1 超高層ビル:1	train=2
跳ね上がった	2	1	跳ね上がった	跳ね上がった:1 跳ね|上がった:1	train=2
蹴り入れた	2	1	蹴り入れた	蹴り入れた:1 蹴り|入れた:1	train=2
身分相応	2	1	身分相応	身分相応:1 身分|相応:1	train=2
輸出品	2	1	輸出|品	輸出|品:1 輸出品:1	train=2
辺ぴな	2	1	辺ぴ|な	辺ぴ|な:1 辺ぴな:1	train=2
込み上げて	2	1	込み|上げて	込み|上げて:1 込み上げて:1	train=2
近くだ	2	1	近くだ	近くだ:1 近く|だ:1	train=2
迷惑メールフォルダ	2	1	迷惑メール|フォルダ	迷惑メール|フォルダ:1 迷惑メールフォルダ:1	train=2
退屈であった	2	1	退屈で|あった	退屈で|あった:1 退屈であった:1	train=2
送り出した	2	1	送り出した	送り出した:1 送り|出した:1	train=2
逃げろー	2	1	逃げろー	逃げろー:1 逃げろ|ー:1	train=2
逃げろーっ	2	1	逃げろ|ー|っ	逃げろ|ー|っ:1 逃げろーっ:1	train=2
逆だ	2	1	逆|だ	逆|だ:1 逆だ:1	train=2
通じさせることが	2	1	通じさせ|る|こと|が	通じさせ|る|こと|が:1 通じさせることが:1	train=2
通り沿い	2	1	通り沿い	通り沿い:1 通り|沿い:1	train=2
週一	2	1	週|一	週|一:1 週一:1	train=2
週一回	2	1	週|一|回	週|一|回:1 週一回:1	train=2
遅すぎること	2	1	遅すぎること	遅すぎること:1 遅すぎる|こと:1	train=2
運び出した	2	1	運び|出した	運び|出した:1 運び出した:1	train=2
道路工事	2	1	道路|工事	道路|工事:1 道路工事:1	train=2
遺失物取扱所	2	1	遺失物取扱所	遺失物取扱所:1 遺失物|取扱所:1	train=2
避難場所	2	1	避難場所	避難場所:1 避難|場所:1	train=2
郵便列車	2	1	郵便|列車	郵便|列車:1 郵便列車:1	train=2
郵便配達人	2	1	郵便|配達人	郵便|配達人:1 郵便配達人:1	train=2
都会人	2	1	都会人	都会人:1 都会|人:1	train=2
鉄道事故	2	1	鉄道|事故	鉄道|事故:1 鉄道事故:1	train=2
銀行預金	2	1	銀行預金	銀行預金:1 銀行|預金:1	train=1,val=1
開始時間	2	1	開始|時間	開始|時間:1 開始時間:1	train=2
間違っていたら	2	1	間違って|いたら	間違って|いたら:1 間違っていたら:1	train=2
間髪	2	1	間髪	間髪:1 間|髪:1	train=2
闘わねばならなかった	2	1	闘わねばならなかった	闘わねばならなかった:1 闘わねば|ならなかった:1	train=2
防止対策	2	1	防止|対策	防止|対策:1 防止対策:1	train=2
防疫態勢	2	1	防疫態勢	防疫態勢:1 防疫|態勢:1	train=2
防衛計画	2	1	防衛計画	防衛計画:1 防衛|計画:1	train=2
降伏条件	2	1	降伏|条件	降伏|条件:1 降伏条件:1	train=2
陸軍大将	2	1	陸軍大将	陸軍大将:1 陸軍|大将:1	train=2
電気スタンド	2	1	電気スタンド	電気スタンド:1 電気|スタンド:1	train=2
電気技師	2	1	電気技師	電気技師:1 電気|技師:1	train=2
面会時間	2	1	面会|時間	面会|時間:1 面会時間:1	train=2
音楽クラブ	2	1	音楽クラブ	音楽クラブ:1 音楽|クラブ:1	train=2
頼み込んだ	2	1	頼み込んだ	頼み込んだ:1 頼み|込んだ:1	train=2
顔面蒼白	2	1	顔面|蒼白	顔面|蒼白:1 顔面蒼白:1	train=2
風邪気味だ	2	1	風邪気味だ	風邪気味だ:1 風邪|気味|だ:1	test=1,train=1
飛行機旅行	2	1	飛行機|旅行	飛行機|旅行:1 飛行機旅行:1	train=2
食いに	2	1	食いに	食いに:1 食い|に:1	train=2
食料生産	2	1	食料生産	食料生産:1 食料|生産:1	train=2
飲みたくなる	2	1	飲みたくなる	飲みたくなる:1 飲みたく|なる:1	train=2
飲み過ぎたようだ	2	1	飲み過ぎたようだ	飲み過ぎたようだ:1 飲み|過ぎた|よう|だ:1	train=2
飲酒癖	2	1	飲酒癖	飲酒癖:1 飲酒|癖:1	train=2
飼い慣らされて	2	1	飼い慣らされて	飼い慣らされて:1 飼い|慣らされて:1	train=2
首脳会議	2	1	首脳|会議	首脳|会議:1 首脳会議:1	train=2
馬上	2	1	馬|上	馬|上:1 馬上:1	train=2
駆けって	2	1	駆け|って	駆け|って:1 駆けって:1	train=2
高木･司	2	1	高木･司	高木･司:1 高木|･|司:1	train=2
高給取り	2	1	高給|取り	高給|取り:1 高給取り:1	train=2
高齢で	2	1	高齢で	高齢で:1 高齢|で:1	train=2
髭剃った	2	1	髭剃った	髭剃った:1 髭|剃った:1	train=2
鳥達	2	1	鳥|達	鳥|達:1 鳥達:1	train=2
黒で	2	1	黒|で	黒|で:1 黒で:1	train=1,val=1
ＣＤプレイヤー	2	1	ＣＤ|プレイヤー	ＣＤ|プレイヤー:1 ＣＤプレイヤー:1	train=2
ＬＳＤ漬け	2	1	ＬＳＤ|漬け	ＬＳＤ|漬け:1 ＬＳＤ漬け:1	train=2
